unit_id,tag,polarization,rotation,condition,radial_speed_m_s,bandwidth_fraction,effective_bandwidth_hz,scr_db,method,n_test,any_hits,local_hits,first_local_hits,first_is_local_hits,first_acquisition_look_sum,first_local_look_sum,first_local_delay_sum,first_local_before_crossing,first_local_at_crossing,first_local_after_crossing
1113_58_rot2,1113_58,HH,2,speed-15|band0.5|scr0,-15.0,0.5,22500000.0,0.0,IN-G0,152,1,0,0,0,418,0,0,0,0,0
1113_58_rot2,1113_58,HH,2,speed-15|band0.5|scr10,-15.0,0.5,22500000.0,10.0,IN-G0,152,1,0,0,0,418,0,0,0,0,0
1113_58_rot2,1113_58,HH,2,speed-15|band0.5|scr20,-15.0,0.5,22500000.0,20.0,IN-G0,152,1,0,0,0,418,0,0,0,0,0
1113_58_rot2,1113_58,HH,2,speed-15|band1|scr0,-15.0,1.0,45000000.0,0.0,IN-G0,152,1,0,0,0,418,0,0,0,0,0
1113_58_rot2,1113_58,HH,2,speed-15|band1|scr10,-15.0,1.0,45000000.0,10.0,IN-G0,152,1,0,0,0,418,0,0,0,0,0
1113_58_rot2,1113_58,HH,2,speed-15|band1|scr20,-15.0,1.0,45000000.0,20.0,IN-G0,152,1,0,0,0,418,0,0,0,0,0
1113_58_rot2,1113_58,HH,2,speed-5|band0.5|scr0,-5.0,0.5,22500000.0,0.0,IN-G0,152,1,0,0,0,418,0,0,0,0,0
1113_58_rot2,1113_58,HH,2,speed-5|band0.5|scr10,-5.0,0.5,22500000.0,10.0,IN-G0,152,1,0,0,0,418,0,0,0,0,0
1113_58_rot2,1113_58,HH,2,speed-5|band0.5|scr20,-5.0,0.5,22500000.0,20.0,IN-G0,152,1,0,0,0,418,0,0,0,0,0
1113_58_rot2,1113_58,HH,2,speed-5|band1|scr0,-5.0,1.0,45000000.0,0.0,IN-G0,152,1,0,0,0,418,0,0,0,0,0
1113_58_rot2,1113_58,HH,2,speed-5|band1|scr10,-5.0,1.0,45000000.0,10.0,IN-G0,152,1,0,0,0,418,0,0,0,0,0
1113_58_rot2,1113_58,HH,2,speed-5|band1|scr20,-5.0,1.0,45000000.0,20.0,IN-G0,152,1,0,0,0,418,0,0,0,0,0
1113_58_rot2,1113_58,HH,2,speed5|band0.5|scr0,5.0,0.5,22500000.0,0.0,IN-G0,152,1,1,1,1,418,418,67,0,0,1
1113_58_rot2,1113_58,HH,2,speed5|band0.5|scr10,5.0,0.5,22500000.0,10.0,IN-G0,152,1,1,1,1,418,418,67,0,0,1
1113_58_rot2,1113_58,HH,2,speed5|band0.5|scr20,5.0,0.5,22500000.0,20.0,IN-G0,152,0,0,0,0,0,0,0,0,0,0
1113_58_rot2,1113_58,HH,2,speed5|band1|scr0,5.0,1.0,45000000.0,0.0,IN-G0,152,1,1,1,1,418,418,67,0,0,1
1113_58_rot2,1113_58,HH,2,speed5|band1|scr10,5.0,1.0,45000000.0,10.0,IN-G0,152,1,1,1,1,418,418,67,0,0,1
1113_58_rot2,1113_58,HH,2,speed5|band1|scr20,5.0,1.0,45000000.0,20.0,IN-G0,152,0,0,0,0,0,0,0,0,0,0
1113_58_rot2,1113_58,HH,2,speed15|band0.5|scr0,15.0,0.5,22500000.0,0.0,IN-G0,152,0,0,0,0,0,0,0,0,0,0
1113_58_rot2,1113_58,HH,2,speed15|band0.5|scr10,15.0,0.5,22500000.0,10.0,IN-G0,152,0,0,0,0,0,0,0,0,0,0
1113_58_rot2,1113_58,HH,2,speed15|band0.5|scr20,15.0,0.5,22500000.0,20.0,IN-G0,152,0,0,0,0,0,0,0,0,0,0
1113_58_rot2,1113_58,HH,2,speed15|band1|scr0,15.0,1.0,45000000.0,0.0,IN-G0,152,1,1,1,1,418,418,67,0,0,1
1113_58_rot2,1113_58,HH,2,speed15|band1|scr10,15.0,1.0,45000000.0,10.0,IN-G0,152,0,0,0,0,0,0,0,0,0,0
1113_58_rot2,1113_58,HH,2,speed15|band1|scr20,15.0,1.0,45000000.0,20.0,IN-G0,152,0,0,0,0,0,0,0,0,0,0
1113_58_rot2,1113_58,HH,2,speed-15|band0.5|scr0,-15.0,0.5,22500000.0,0.0,CA-G0,152,0,0,0,0,0,0,0,0,0,0
1113_58_rot2,1113_58,HH,2,speed-15|band0.5|scr10,-15.0,0.5,22500000.0,10.0,CA-G0,152,0,0,0,0,0,0,0,0,0,0
1113_58_rot2,1113_58,HH,2,speed-15|band0.5|scr20,-15.0,0.5,22500000.0,20.0,CA-G0,152,0,0,0,0,0,0,0,0,0,0
1113_58_rot2,1113_58,HH,2,speed-15|band1|scr0,-15.0,1.0,45000000.0,0.0,CA-G0,152,0,0,0,0,0,0,0,0,0,0
1113_58_rot2,1113_58,HH,2,speed-15|band1|scr10,-15.0,1.0,45000000.0,10.0,CA-G0,152,0,0,0,0,0,0,0,0,0,0
1113_58_rot2,1113_58,HH,2,speed-15|band1|scr20,-15.0,1.0,45000000.0,20.0,CA-G0,152,0,0,0,0,0,0,0,0,0,0
1113_58_rot2,1113_58,HH,2,speed-5|band0.5|scr0,-5.0,0.5,22500000.0,0.0,CA-G0,152,0,0,0,0,0,0,0,0,0,0
1113_58_rot2,1113_58,HH,2,speed-5|band0.5|scr10,-5.0,0.5,22500000.0,10.0,CA-G0,152,0,0,0,0,0,0,0,0,0,0
1113_58_rot2,1113_58,HH,2,speed-5|band0.5|scr20,-5.0,0.5,22500000.0,20.0,CA-G0,152,0,0,0,0,0,0,0,0,0,0
1113_58_rot2,1113_58,HH,2,speed-5|band1|scr0,-5.0,1.0,45000000.0,0.0,CA-G0,152,0,0,0,0,0,0,0,0,0,0
1113_58_rot2,1113_58,HH,2,speed-5|band1|scr10,-5.0,1.0,45000000.0,10.0,CA-G0,152,0,0,0,0,0,0,0,0,0,0
1113_58_rot2,1113_58,HH,2,speed-5|band1|scr20,-5.0,1.0,45000000.0,20.0,CA-G0,152,0,0,0,0,0,0,0,0,0,0
1113_58_rot2,1113_58,HH,2,speed5|band0.5|scr0,5.0,0.5,22500000.0,0.0,CA-G0,152,0,0,0,0,0,0,0,0,0,0
1113_58_rot2,1113_58,HH,2,speed5|band0.5|scr10,5.0,0.5,22500000.0,10.0,CA-G0,152,0,0,0,0,0,0,0,0,0,0
1113_58_rot2,1113_58,HH,2,speed5|band0.5|scr20,5.0,0.5,22500000.0,20.0,CA-G0,152,0,0,0,0,0,0,0,0,0,0
1113_58_rot2,1113_58,HH,2,speed5|band1|scr0,5.0,1.0,45000000.0,0.0,CA-G0,152,0,0,0,0,0,0,0,0,0,0
1113_58_rot2,1113_58,HH,2,speed5|band1|scr10,5.0,1.0,45000000.0,10.0,CA-G0,152,0,0,0,0,0,0,0,0,0,0
1113_58_rot2,1113_58,HH,2,speed5|band1|scr20,5.0,1.0,45000000.0,20.0,CA-G0,152,0,0,0,0,0,0,0,0,0,0
1113_58_rot2,1113_58,HH,2,speed15|band0.5|scr0,15.0,0.5,22500000.0,0.0,CA-G0,152,0,0,0,0,0,0,0,0,0,0
1113_58_rot2,1113_58,HH,2,speed15|band0.5|scr10,15.0,0.5,22500000.0,10.0,CA-G0,152,0,0,0,0,0,0,0,0,0,0
1113_58_rot2,1113_58,HH,2,speed15|band0.5|scr20,15.0,0.5,22500000.0,20.0,CA-G0,152,0,0,0,0,0,0,0,0,0,0
1113_58_rot2,1113_58,HH,2,speed15|band1|scr0,15.0,1.0,45000000.0,0.0,CA-G0,152,0,0,0,0,0,0,0,0,0,0
1113_58_rot2,1113_58,HH,2,speed15|band1|scr10,15.0,1.0,45000000.0,10.0,CA-G0,152,0,0,0,0,0,0,0,0,0,0
1113_58_rot2,1113_58,HH,2,speed15|band1|scr20,15.0,1.0,45000000.0,20.0,CA-G0,152,0,0,0,0,0,0,0,0,0,0
1113_58_rot2,1113_58,HH,2,speed-15|band0.5|scr0,-15.0,0.5,22500000.0,0.0,OS8-G0,152,1,0,0,0,549,0,0,0,0,0
1113_58_rot2,1113_58,HH,2,speed-15|band0.5|scr10,-15.0,0.5,22500000.0,10.0,OS8-G0,152,1,0,0,0,549,0,0,0,0,0
1113_58_rot2,1113_58,HH,2,speed-15|band0.5|scr20,-15.0,0.5,22500000.0,20.0,OS8-G0,152,1,0,0,0,549,0,0,0,0,0
1113_58_rot2,1113_58,HH,2,speed-15|band1|scr0,-15.0,1.0,45000000.0,0.0,OS8-G0,152,0,0,0,0,0,0,0,0,0,0
1113_58_rot2,1113_58,HH,2,speed-15|band1|scr10,-15.0,1.0,45000000.0,10.0,OS8-G0,152,0,0,0,0,0,0,0,0,0,0
1113_58_rot2,1113_58,HH,2,speed-15|band1|scr20,-15.0,1.0,45000000.0,20.0,OS8-G0,152,0,0,0,0,0,0,0,0,0,0
1113_58_rot2,1113_58,HH,2,speed-5|band0.5|scr0,-5.0,0.5,22500000.0,0.0,OS8-G0,152,2,0,0,0,1815,0,0,0,0,0
1113_58_rot2,1113_58,HH,2,speed-5|band0.5|scr10,-5.0,0.5,22500000.0,10.0,OS8-G0,152,0,0,0,0,0,0,0,0,0,0
1113_58_rot2,1113_58,HH,2,speed-5|band0.5|scr20,-5.0,0.5,22500000.0,20.0,OS8-G0,152,0,0,0,0,0,0,0,0,0,0
1113_58_rot2,1113_58,HH,2,speed-5|band1|scr0,-5.0,1.0,45000000.0,0.0,OS8-G0,152,0,0,0,0,0,0,0,0,0,0
1113_58_rot2,1113_58,HH,2,speed-5|band1|scr10,-5.0,1.0,45000000.0,10.0,OS8-G0,152,4,1,1,1,2872,720,340,0,0,1
1113_58_rot2,1113_58,HH,2,speed-5|band1|scr20,-5.0,1.0,45000000.0,20.0,OS8-G0,152,2,1,1,1,882,707,515,0,0,1
1113_58_rot2,1113_58,HH,2,speed5|band0.5|scr0,5.0,0.5,22500000.0,0.0,OS8-G0,152,1,0,0,0,268,0,0,0,0,0
1113_58_rot2,1113_58,HH,2,speed5|band0.5|scr10,5.0,0.5,22500000.0,10.0,OS8-G0,152,1,0,0,0,268,0,0,0,0,0
1113_58_rot2,1113_58,HH,2,speed5|band0.5|scr20,5.0,0.5,22500000.0,20.0,OS8-G0,152,0,0,0,0,0,0,0,0,0,0
1113_58_rot2,1113_58,HH,2,speed5|band1|scr0,5.0,1.0,45000000.0,0.0,OS8-G0,152,2,1,1,1,817,549,65,0,0,1
1113_58_rot2,1113_58,HH,2,speed5|band1|scr10,5.0,1.0,45000000.0,10.0,OS8-G0,152,1,0,0,0,269,0,0,0,0,0
1113_58_rot2,1113_58,HH,2,speed5|band1|scr20,5.0,1.0,45000000.0,20.0,OS8-G0,152,0,0,0,0,0,0,0,0,0,0
1113_58_rot2,1113_58,HH,2,speed15|band0.5|scr0,15.0,0.5,22500000.0,0.0,OS8-G0,152,0,0,0,0,0,0,0,0,0,0
1113_58_rot2,1113_58,HH,2,speed15|band0.5|scr10,15.0,0.5,22500000.0,10.0,OS8-G0,152,0,0,0,0,0,0,0,0,0,0
1113_58_rot2,1113_58,HH,2,speed15|band0.5|scr20,15.0,0.5,22500000.0,20.0,OS8-G0,152,0,0,0,0,0,0,0,0,0,0
1113_58_rot2,1113_58,HH,2,speed15|band1|scr0,15.0,1.0,45000000.0,0.0,OS8-G0,152,1,0,0,0,270,0,0,0,0,0
1113_58_rot2,1113_58,HH,2,speed15|band1|scr10,15.0,1.0,45000000.0,10.0,OS8-G0,152,0,0,0,0,0,0,0,0,0,0
1113_58_rot2,1113_58,HH,2,speed15|band1|scr20,15.0,1.0,45000000.0,20.0,OS8-G0,152,0,0,0,0,0,0,0,0,0,0
1113_58_rot2,1113_58,HH,2,speed-15|band0.5|scr0,-15.0,0.5,22500000.0,0.0,IN-G8,152,0,0,0,0,0,0,0,0,0,0
1113_58_rot2,1113_58,HH,2,speed-15|band0.5|scr10,-15.0,0.5,22500000.0,10.0,IN-G8,152,1,0,0,0,419,0,0,0,0,0
1113_58_rot2,1113_58,HH,2,speed-15|band0.5|scr20,-15.0,0.5,22500000.0,20.0,IN-G8,152,1,0,0,0,419,0,0,0,0,0
1113_58_rot2,1113_58,HH,2,speed-15|band1|scr0,-15.0,1.0,45000000.0,0.0,IN-G8,152,0,0,0,0,0,0,0,0,0,0
1113_58_rot2,1113_58,HH,2,speed-15|band1|scr10,-15.0,1.0,45000000.0,10.0,IN-G8,152,0,0,0,0,0,0,0,0,0,0
1113_58_rot2,1113_58,HH,2,speed-15|band1|scr20,-15.0,1.0,45000000.0,20.0,IN-G8,152,0,0,0,0,0,0,0,0,0,0
1113_58_rot2,1113_58,HH,2,speed-5|band0.5|scr0,-5.0,0.5,22500000.0,0.0,IN-G8,152,0,0,0,0,0,0,0,0,0,0
1113_58_rot2,1113_58,HH,2,speed-5|band0.5|scr10,-5.0,0.5,22500000.0,10.0,IN-G8,152,0,0,0,0,0,0,0,0,0,0
1113_58_rot2,1113_58,HH,2,speed-5|band0.5|scr20,-5.0,0.5,22500000.0,20.0,IN-G8,152,1,0,0,0,418,0,0,0,0,0
1113_58_rot2,1113_58,HH,2,speed-5|band1|scr0,-5.0,1.0,45000000.0,0.0,IN-G8,152,0,0,0,0,0,0,0,0,0,0
1113_58_rot2,1113_58,HH,2,speed-5|band1|scr10,-5.0,1.0,45000000.0,10.0,IN-G8,152,0,0,0,0,0,0,0,0,0,0
1113_58_rot2,1113_58,HH,2,speed-5|band1|scr20,-5.0,1.0,45000000.0,20.0,IN-G8,152,0,0,0,0,0,0,0,0,0,0
1113_58_rot2,1113_58,HH,2,speed5|band0.5|scr0,5.0,0.5,22500000.0,0.0,IN-G8,152,0,0,0,0,0,0,0,0,0,0
1113_58_rot2,1113_58,HH,2,speed5|band0.5|scr10,5.0,0.5,22500000.0,10.0,IN-G8,152,0,0,0,0,0,0,0,0,0,0
1113_58_rot2,1113_58,HH,2,speed5|band0.5|scr20,5.0,0.5,22500000.0,20.0,IN-G8,152,0,0,0,0,0,0,0,0,0,0
1113_58_rot2,1113_58,HH,2,speed5|band1|scr0,5.0,1.0,45000000.0,0.0,IN-G8,152,0,0,0,0,0,0,0,0,0,0
1113_58_rot2,1113_58,HH,2,speed5|band1|scr10,5.0,1.0,45000000.0,10.0,IN-G8,152,0,0,0,0,0,0,0,0,0,0
1113_58_rot2,1113_58,HH,2,speed5|band1|scr20,5.0,1.0,45000000.0,20.0,IN-G8,152,0,0,0,0,0,0,0,0,0,0
1113_58_rot2,1113_58,HH,2,speed15|band0.5|scr0,15.0,0.5,22500000.0,0.0,IN-G8,152,0,0,0,0,0,0,0,0,0,0
1113_58_rot2,1113_58,HH,2,speed15|band0.5|scr10,15.0,0.5,22500000.0,10.0,IN-G8,152,0,0,0,0,0,0,0,0,0,0
1113_58_rot2,1113_58,HH,2,speed15|band0.5|scr20,15.0,0.5,22500000.0,20.0,IN-G8,152,0,0,0,0,0,0,0,0,0,0
1113_58_rot2,1113_58,HH,2,speed15|band1|scr0,15.0,1.0,45000000.0,0.0,IN-G8,152,0,0,0,0,0,0,0,0,0,0
1113_58_rot2,1113_58,HH,2,speed15|band1|scr10,15.0,1.0,45000000.0,10.0,IN-G8,152,0,0,0,0,0,0,0,0,0,0
1113_58_rot2,1113_58,HH,2,speed15|band1|scr20,15.0,1.0,45000000.0,20.0,IN-G8,152,0,0,0,0,0,0,0,0,0,0
1113_58_rot2,1113_58,HH,2,speed-15|band0.5|scr0,-15.0,0.5,22500000.0,0.0,CA-G8,152,0,0,0,0,0,0,0,0,0,0
1113_58_rot2,1113_58,HH,2,speed-15|band0.5|scr10,-15.0,0.5,22500000.0,10.0,CA-G8,152,0,0,0,0,0,0,0,0,0,0
1113_58_rot2,1113_58,HH,2,speed-15|band0.5|scr20,-15.0,0.5,22500000.0,20.0,CA-G8,152,0,0,0,0,0,0,0,0,0,0
1113_58_rot2,1113_58,HH,2,speed-15|band1|scr0,-15.0,1.0,45000000.0,0.0,CA-G8,152,0,0,0,0,0,0,0,0,0,0
1113_58_rot2,1113_58,HH,2,speed-15|band1|scr10,-15.0,1.0,45000000.0,10.0,CA-G8,152,0,0,0,0,0,0,0,0,0,0
1113_58_rot2,1113_58,HH,2,speed-15|band1|scr20,-15.0,1.0,45000000.0,20.0,CA-G8,152,0,0,0,0,0,0,0,0,0,0
1113_58_rot2,1113_58,HH,2,speed-5|band0.5|scr0,-5.0,0.5,22500000.0,0.0,CA-G8,152,1,0,0,0,553,0,0,0,0,0
1113_58_rot2,1113_58,HH,2,speed-5|band0.5|scr10,-5.0,0.5,22500000.0,10.0,CA-G8,152,1,0,0,0,555,0,0,0,0,0
1113_58_rot2,1113_58,HH,2,speed-5|band0.5|scr20,-5.0,0.5,22500000.0,20.0,CA-G8,152,0,0,0,0,0,0,0,0,0,0
1113_58_rot2,1113_58,HH,2,speed-5|band1|scr0,-5.0,1.0,45000000.0,0.0,CA-G8,152,0,0,0,0,0,0,0,0,0,0
1113_58_rot2,1113_58,HH,2,speed-5|band1|scr10,-5.0,1.0,45000000.0,10.0,CA-G8,152,0,0,0,0,0,0,0,0,0,0
1113_58_rot2,1113_58,HH,2,speed-5|band1|scr20,-5.0,1.0,45000000.0,20.0,CA-G8,152,0,0,0,0,0,0,0,0,0,0
1113_58_rot2,1113_58,HH,2,speed5|band0.5|scr0,5.0,0.5,22500000.0,0.0,CA-G8,152,0,0,0,0,0,0,0,0,0,0
1113_58_rot2,1113_58,HH,2,speed5|band0.5|scr10,5.0,0.5,22500000.0,10.0,CA-G8,152,0,0,0,0,0,0,0,0,0,0
1113_58_rot2,1113_58,HH,2,speed5|band0.5|scr20,5.0,0.5,22500000.0,20.0,CA-G8,152,0,0,0,0,0,0,0,0,0,0
1113_58_rot2,1113_58,HH,2,speed5|band1|scr0,5.0,1.0,45000000.0,0.0,CA-G8,152,0,0,0,0,0,0,0,0,0,0
1113_58_rot2,1113_58,HH,2,speed5|band1|scr10,5.0,1.0,45000000.0,10.0,CA-G8,152,0,0,0,0,0,0,0,0,0,0
1113_58_rot2,1113_58,HH,2,speed5|band1|scr20,5.0,1.0,45000000.0,20.0,CA-G8,152,0,0,0,0,0,0,0,0,0,0
1113_58_rot2,1113_58,HH,2,speed15|band0.5|scr0,15.0,0.5,22500000.0,0.0,CA-G8,152,0,0,0,0,0,0,0,0,0,0
1113_58_rot2,1113_58,HH,2,speed15|band0.5|scr10,15.0,0.5,22500000.0,10.0,CA-G8,152,0,0,0,0,0,0,0,0,0,0
1113_58_rot2,1113_58,HH,2,speed15|band0.5|scr20,15.0,0.5,22500000.0,20.0,CA-G8,152,0,0,0,0,0,0,0,0,0,0
1113_58_rot2,1113_58,HH,2,speed15|band1|scr0,15.0,1.0,45000000.0,0.0,CA-G8,152,0,0,0,0,0,0,0,0,0,0
1113_58_rot2,1113_58,HH,2,speed15|band1|scr10,15.0,1.0,45000000.0,10.0,CA-G8,152,0,0,0,0,0,0,0,0,0,0
1113_58_rot2,1113_58,HH,2,speed15|band1|scr20,15.0,1.0,45000000.0,20.0,CA-G8,152,0,0,0,0,0,0,0,0,0,0
1113_58_rot2,1113_58,HH,2,speed-15|band0.5|scr0,-15.0,0.5,22500000.0,0.0,OS8-G8,152,0,0,0,0,0,0,0,0,0,0
1113_58_rot2,1113_58,HH,2,speed-15|band0.5|scr10,-15.0,0.5,22500000.0,10.0,OS8-G8,152,0,0,0,0,0,0,0,0,0,0
1113_58_rot2,1113_58,HH,2,speed-15|band0.5|scr20,-15.0,0.5,22500000.0,20.0,OS8-G8,152,0,0,0,0,0,0,0,0,0,0
1113_58_rot2,1113_58,HH,2,speed-15|band1|scr0,-15.0,1.0,45000000.0,0.0,OS8-G8,152,0,0,0,0,0,0,0,0,0,0
1113_58_rot2,1113_58,HH,2,speed-15|band1|scr10,-15.0,1.0,45000000.0,10.0,OS8-G8,152,0,0,0,0,0,0,0,0,0,0
1113_58_rot2,1113_58,HH,2,speed-15|band1|scr20,-15.0,1.0,45000000.0,20.0,OS8-G8,152,0,0,0,0,0,0,0,0,0,0
1113_58_rot2,1113_58,HH,2,speed-5|band0.5|scr0,-5.0,0.5,22500000.0,0.0,OS8-G8,152,0,0,0,0,0,0,0,0,0,0
1113_58_rot2,1113_58,HH,2,speed-5|band0.5|scr10,-5.0,0.5,22500000.0,10.0,OS8-G8,152,0,0,0,0,0,0,0,0,0,0
1113_58_rot2,1113_58,HH,2,speed-5|band0.5|scr20,-5.0,0.5,22500000.0,20.0,OS8-G8,152,0,0,0,0,0,0,0,0,0,0
1113_58_rot2,1113_58,HH,2,speed-5|band1|scr0,-5.0,1.0,45000000.0,0.0,OS8-G8,152,0,0,0,0,0,0,0,0,0,0
1113_58_rot2,1113_58,HH,2,speed-5|band1|scr10,-5.0,1.0,45000000.0,10.0,OS8-G8,152,0,0,0,0,0,0,0,0,0,0
1113_58_rot2,1113_58,HH,2,speed-5|band1|scr20,-5.0,1.0,45000000.0,20.0,OS8-G8,152,0,0,0,0,0,0,0,0,0,0
1113_58_rot2,1113_58,HH,2,speed5|band0.5|scr0,5.0,0.5,22500000.0,0.0,OS8-G8,152,0,0,0,0,0,0,0,0,0,0
1113_58_rot2,1113_58,HH,2,speed5|band0.5|scr10,5.0,0.5,22500000.0,10.0,OS8-G8,152,0,0,0,0,0,0,0,0,0,0
1113_58_rot2,1113_58,HH,2,speed5|band0.5|scr20,5.0,0.5,22500000.0,20.0,OS8-G8,152,0,0,0,0,0,0,0,0,0,0
1113_58_rot2,1113_58,HH,2,speed5|band1|scr0,5.0,1.0,45000000.0,0.0,OS8-G8,152,0,0,0,0,0,0,0,0,0,0
1113_58_rot2,1113_58,HH,2,speed5|band1|scr10,5.0,1.0,45000000.0,10.0,OS8-G8,152,0,0,0,0,0,0,0,0,0,0
1113_58_rot2,1113_58,HH,2,speed5|band1|scr20,5.0,1.0,45000000.0,20.0,OS8-G8,152,0,0,0,0,0,0,0,0,0,0
1113_58_rot2,1113_58,HH,2,speed15|band0.5|scr0,15.0,0.5,22500000.0,0.0,OS8-G8,152,0,0,0,0,0,0,0,0,0,0
1113_58_rot2,1113_58,HH,2,speed15|band0.5|scr10,15.0,0.5,22500000.0,10.0,OS8-G8,152,0,0,0,0,0,0,0,0,0,0
1113_58_rot2,1113_58,HH,2,speed15|band0.5|scr20,15.0,0.5,22500000.0,20.0,OS8-G8,152,0,0,0,0,0,0,0,0,0,0
1113_58_rot2,1113_58,HH,2,speed15|band1|scr0,15.0,1.0,45000000.0,0.0,OS8-G8,152,0,0,0,0,0,0,0,0,0,0
1113_58_rot2,1113_58,HH,2,speed15|band1|scr10,15.0,1.0,45000000.0,10.0,OS8-G8,152,0,0,0,0,0,0,0,0,0,0
1113_58_rot2,1113_58,HH,2,speed15|band1|scr20,15.0,1.0,45000000.0,20.0,OS8-G8,152,0,0,0,0,0,0,0,0,0,0
1113_58_rot2,1113_58,HH,2,speed-15|band0.5|scr0,-15.0,0.5,22500000.0,0.0,PAMF-H1-K8-G8,152,2,0,0,0,1028,0,0,0,0,0
1113_58_rot2,1113_58,HH,2,speed-15|band0.5|scr10,-15.0,0.5,22500000.0,10.0,PAMF-H1-K8-G8,152,7,0,0,0,1255,0,0,0,0,0
1113_58_rot2,1113_58,HH,2,speed-15|band0.5|scr20,-15.0,0.5,22500000.0,20.0,PAMF-H1-K8-G8,152,30,0,0,0,6259,0,0,0,0,0
1113_58_rot2,1113_58,HH,2,speed-15|band1|scr0,-15.0,1.0,45000000.0,0.0,PAMF-H1-K8-G8,152,9,8,8,8,2745,2319,-732,6,0,2
1113_58_rot2,1113_58,HH,2,speed-15|band1|scr10,-15.0,1.0,45000000.0,10.0,PAMF-H1-K8-G8,152,21,20,20,14,4780,5396,-3441,16,0,4
1113_58_rot2,1113_58,HH,2,speed-15|band1|scr20,-15.0,1.0,45000000.0,20.0,PAMF-H1-K8-G8,152,79,79,79,64,17579,19681,-20192,67,0,12
1113_58_rot2,1113_58,HH,2,speed-5|band0.5|scr0,-5.0,0.5,22500000.0,0.0,PAMF-H1-K8-G8,152,6,5,5,4,2295,1486,-378,3,0,2
1113_58_rot2,1113_58,HH,2,speed-5|band0.5|scr10,-5.0,0.5,22500000.0,10.0,PAMF-H1-K8-G8,152,6,4,4,4,2063,1558,462,2,0,2
1113_58_rot2,1113_58,HH,2,speed-5|band0.5|scr20,-5.0,0.5,22500000.0,20.0,PAMF-H1-K8-G8,152,4,2,2,1,1595,487,79,1,0,1
1113_58_rot2,1113_58,HH,2,speed-5|band1|scr0,-5.0,1.0,45000000.0,0.0,PAMF-H1-K8-G8,152,5,5,5,5,1645,1645,-219,3,0,2
1113_58_rot2,1113_58,HH,2,speed-5|band1|scr10,-5.0,1.0,45000000.0,10.0,PAMF-H1-K8-G8,152,4,4,4,3,875,876,-765,4,0,0
1113_58_rot2,1113_58,HH,2,speed-5|band1|scr20,-5.0,1.0,45000000.0,20.0,PAMF-H1-K8-G8,152,5,4,4,3,2209,2445,945,1,0,3
1113_58_rot2,1113_58,HH,2,speed5|band0.5|scr0,5.0,0.5,22500000.0,0.0,PAMF-H1-K8-G8,152,4,1,1,1,1157,426,49,0,0,1
1113_58_rot2,1113_58,HH,2,speed5|band0.5|scr10,5.0,0.5,22500000.0,10.0,PAMF-H1-K8-G8,152,5,1,1,1,1852,426,49,0,0,1
1113_58_rot2,1113_58,HH,2,speed5|band0.5|scr20,5.0,0.5,22500000.0,20.0,PAMF-H1-K8-G8,152,3,0,0,0,1037,0,0,0,0,0
1113_58_rot2,1113_58,HH,2,speed5|band1|scr0,5.0,1.0,45000000.0,0.0,PAMF-H1-K8-G8,152,4,1,1,1,1156,426,49,0,0,1
1113_58_rot2,1113_58,HH,2,speed5|band1|scr10,5.0,1.0,45000000.0,10.0,PAMF-H1-K8-G8,152,6,3,3,3,1791,1061,-21,1,0,2
1113_58_rot2,1113_58,HH,2,speed5|band1|scr20,5.0,1.0,45000000.0,20.0,PAMF-H1-K8-G8,152,9,7,7,6,4262,4129,1388,2,0,5
1113_58_rot2,1113_58,HH,2,speed15|band0.5|scr0,15.0,0.5,22500000.0,0.0,PAMF-H1-K8-G8,152,4,1,1,1,658,426,49,0,0,1
1113_58_rot2,1113_58,HH,2,speed15|band0.5|scr10,15.0,0.5,22500000.0,10.0,PAMF-H1-K8-G8,152,7,0,0,0,1181,0,0,0,0,0
1113_58_rot2,1113_58,HH,2,speed15|band0.5|scr20,15.0,0.5,22500000.0,20.0,PAMF-H1-K8-G8,152,47,0,0,0,12506,0,0,0,0,0
1113_58_rot2,1113_58,HH,2,speed15|band1|scr0,15.0,1.0,45000000.0,0.0,PAMF-H1-K8-G8,152,9,9,9,8,1777,1996,-1497,8,0,1
1113_58_rot2,1113_58,HH,2,speed15|band1|scr10,15.0,1.0,45000000.0,10.0,PAMF-H1-K8-G8,152,34,34,34,29,8163,9174,-5464,26,0,8
1113_58_rot2,1113_58,HH,2,speed15|band1|scr20,15.0,1.0,45000000.0,20.0,PAMF-H1-K8-G8,152,93,93,93,71,17961,21611,-25026,82,0,11
1113_58_rot2,1113_58,HH,2,speed-15|band0.5|scr0,-15.0,0.5,22500000.0,0.0,P-ANMF1-N16,152,56,55,55,55,11272,10888,-15447,50,0,5
1113_58_rot2,1113_58,HH,2,speed-15|band0.5|scr10,-15.0,0.5,22500000.0,10.0,P-ANMF1-N16,152,122,122,122,122,11767,11767,-50185,118,0,4
1113_58_rot2,1113_58,HH,2,speed-15|band0.5|scr20,-15.0,0.5,22500000.0,20.0,P-ANMF1-N16,152,150,150,150,143,5880,5974,-70899,150,0,0
1113_58_rot2,1113_58,HH,2,speed-15|band1|scr0,-15.0,1.0,45000000.0,0.0,P-ANMF1-N16,152,52,52,52,52,13622,13622,-10673,43,0,9
1113_58_rot2,1113_58,HH,2,speed-15|band1|scr10,-15.0,1.0,45000000.0,10.0,P-ANMF1-N16,152,118,118,118,117,17316,17316,-42017,113,0,5
1113_58_rot2,1113_58,HH,2,speed-15|band1|scr20,-15.0,1.0,45000000.0,20.0,P-ANMF1-N16,152,149,149,149,135,11169,11464,-64530,149,0,0
1113_58_rot2,1113_58,HH,2,speed-5|band0.5|scr0,-5.0,0.5,22500000.0,0.0,P-ANMF1-N16,152,15,13,13,13,2471,2188,-3438,11,0,2
1113_58_rot2,1113_58,HH,2,speed-5|band0.5|scr10,-5.0,0.5,22500000.0,10.0,P-ANMF1-N16,152,43,43,43,43,5208,5208,-15220,41,0,2
1113_58_rot2,1113_58,HH,2,speed-5|band0.5|scr20,-5.0,0.5,22500000.0,20.0,P-ANMF1-N16,152,107,107,107,107,6351,6351,-47907,104,0,3
1113_58_rot2,1113_58,HH,2,speed-5|band1|scr0,-5.0,1.0,45000000.0,0.0,P-ANMF1-N16,152,13,11,11,11,2626,2346,-2656,10,0,1
1113_58_rot2,1113_58,HH,2,speed-5|band1|scr10,-5.0,1.0,45000000.0,10.0,P-ANMF1-N16,152,41,41,41,40,9028,9181,-9597,40,0,1
1113_58_rot2,1113_58,HH,2,speed-5|band1|scr20,-5.0,1.0,45000000.0,20.0,P-ANMF1-N16,152,106,106,106,106,18408,18408,-35405,102,0,4
1113_58_rot2,1113_58,HH,2,speed5|band0.5|scr0,5.0,0.5,22500000.0,0.0,P-ANMF1-N16,152,45,44,44,43,7985,7463,-13491,41,0,3
1113_58_rot2,1113_58,HH,2,speed5|band0.5|scr10,5.0,0.5,22500000.0,10.0,P-ANMF1-N16,152,109,109,109,109,6098,6098,-49246,108,0,1
1113_58_rot2,1113_58,HH,2,speed5|band0.5|scr20,5.0,0.5,22500000.0,20.0,P-ANMF1-N16,152,148,148,148,148,2347,2347,-73004,147,0,1
1113_58_rot2,1113_58,HH,2,speed5|band1|scr0,5.0,1.0,45000000.0,0.0,P-ANMF1-N16,152,41,41,41,39,9299,10195,-8826,38,0,3
1113_58_rot2,1113_58,HH,2,speed5|band1|scr10,5.0,1.0,45000000.0,10.0,P-ANMF1-N16,152,107,107,107,106,19842,19930,-34328,104,0,3
1113_58_rot2,1113_58,HH,2,speed5|band1|scr20,5.0,1.0,45000000.0,20.0,P-ANMF1-N16,152,148,148,148,146,9359,9359,-65992,147,0,1
1113_58_rot2,1113_58,HH,2,speed15|band0.5|scr0,15.0,0.5,22500000.0,0.0,P-ANMF1-N16,152,78,78,78,77,9554,9585,-29165,75,1,2
1113_58_rot2,1113_58,HH,2,speed15|band0.5|scr10,15.0,0.5,22500000.0,10.0,P-ANMF1-N16,152,136,136,136,135,10565,10581,-57744,131,0,5
1113_58_rot2,1113_58,HH,2,speed15|band0.5|scr20,15.0,0.5,22500000.0,20.0,P-ANMF1-N16,152,152,152,152,135,4671,4865,-72822,151,0,1
1113_58_rot2,1113_58,HH,2,speed15|band1|scr0,15.0,1.0,45000000.0,0.0,P-ANMF1-N16,152,70,70,70,67,12042,12424,-22102,66,1,3
1113_58_rot2,1113_58,HH,2,speed15|band1|scr10,15.0,1.0,45000000.0,10.0,P-ANMF1-N16,152,133,133,133,131,17293,17293,-49805,128,0,5
1113_58_rot2,1113_58,HH,2,speed15|band1|scr20,15.0,1.0,45000000.0,20.0,P-ANMF1-N16,152,151,151,151,131,8965,9385,-68060,150,0,1
1113_58_rot3,1113_58,HH,3,speed-15|band0.5|scr0,-15.0,0.5,22500000.0,0.0,IN-G0,152,1,1,1,1,439,439,1,0,0,1
1113_58_rot3,1113_58,HH,3,speed-15|band0.5|scr10,-15.0,0.5,22500000.0,10.0,IN-G0,152,1,1,1,1,439,439,1,0,0,1
1113_58_rot3,1113_58,HH,3,speed-15|band0.5|scr20,-15.0,0.5,22500000.0,20.0,IN-G0,152,1,1,1,1,439,439,1,0,0,1
1113_58_rot3,1113_58,HH,3,speed-15|band1|scr0,-15.0,1.0,45000000.0,0.0,IN-G0,152,1,1,1,1,439,439,1,0,0,1
1113_58_rot3,1113_58,HH,3,speed-15|band1|scr10,-15.0,1.0,45000000.0,10.0,IN-G0,152,1,1,1,1,439,439,1,0,0,1
1113_58_rot3,1113_58,HH,3,speed-15|band1|scr20,-15.0,1.0,45000000.0,20.0,IN-G0,152,0,0,0,0,0,0,0,0,0,0
1113_58_rot3,1113_58,HH,3,speed-5|band0.5|scr0,-5.0,0.5,22500000.0,0.0,IN-G0,152,1,1,1,1,439,439,1,0,0,1
1113_58_rot3,1113_58,HH,3,speed-5|band0.5|scr10,-5.0,0.5,22500000.0,10.0,IN-G0,152,1,1,1,1,439,439,1,0,0,1
1113_58_rot3,1113_58,HH,3,speed-5|band0.5|scr20,-5.0,0.5,22500000.0,20.0,IN-G0,152,1,1,1,1,439,439,1,0,0,1
1113_58_rot3,1113_58,HH,3,speed-5|band1|scr0,-5.0,1.0,45000000.0,0.0,IN-G0,152,1,1,1,1,439,439,1,0,0,1
1113_58_rot3,1113_58,HH,3,speed-5|band1|scr10,-5.0,1.0,45000000.0,10.0,IN-G0,152,1,1,1,1,439,439,1,0,0,1
1113_58_rot3,1113_58,HH,3,speed-5|band1|scr20,-5.0,1.0,45000000.0,20.0,IN-G0,152,1,1,1,1,439,439,1,0,0,1
1113_58_rot3,1113_58,HH,3,speed5|band0.5|scr0,5.0,0.5,22500000.0,0.0,IN-G0,152,1,0,0,0,439,0,0,0,0,0
1113_58_rot3,1113_58,HH,3,speed5|band0.5|scr10,5.0,0.5,22500000.0,10.0,IN-G0,152,1,0,0,0,439,0,0,0,0,0
1113_58_rot3,1113_58,HH,3,speed5|band0.5|scr20,5.0,0.5,22500000.0,20.0,IN-G0,152,1,0,0,0,439,0,0,0,0,0
1113_58_rot3,1113_58,HH,3,speed5|band1|scr0,5.0,1.0,45000000.0,0.0,IN-G0,152,1,0,0,0,439,0,0,0,0,0
1113_58_rot3,1113_58,HH,3,speed5|band1|scr10,5.0,1.0,45000000.0,10.0,IN-G0,152,1,0,0,0,439,0,0,0,0,0
1113_58_rot3,1113_58,HH,3,speed5|band1|scr20,5.0,1.0,45000000.0,20.0,IN-G0,152,0,0,0,0,0,0,0,0,0,0
1113_58_rot3,1113_58,HH,3,speed15|band0.5|scr0,15.0,0.5,22500000.0,0.0,IN-G0,152,1,0,0,0,439,0,0,0,0,0
1113_58_rot3,1113_58,HH,3,speed15|band0.5|scr10,15.0,0.5,22500000.0,10.0,IN-G0,152,1,0,0,0,439,0,0,0,0,0
1113_58_rot3,1113_58,HH,3,speed15|band0.5|scr20,15.0,0.5,22500000.0,20.0,IN-G0,152,0,0,0,0,0,0,0,0,0,0
1113_58_rot3,1113_58,HH,3,speed15|band1|scr0,15.0,1.0,45000000.0,0.0,IN-G0,152,1,0,0,0,439,0,0,0,0,0
1113_58_rot3,1113_58,HH,3,speed15|band1|scr10,15.0,1.0,45000000.0,10.0,IN-G0,152,1,0,0,0,439,0,0,0,0,0
1113_58_rot3,1113_58,HH,3,speed15|band1|scr20,15.0,1.0,45000000.0,20.0,IN-G0,152,0,0,0,0,0,0,0,0,0,0
1113_58_rot3,1113_58,HH,3,speed-15|band0.5|scr0,-15.0,0.5,22500000.0,0.0,CA-G0,152,2,1,1,1,1077,357,-315,1,0,0
1113_58_rot3,1113_58,HH,3,speed-15|band0.5|scr10,-15.0,0.5,22500000.0,10.0,CA-G0,152,1,0,0,0,720,0,0,0,0,0
1113_58_rot3,1113_58,HH,3,speed-15|band0.5|scr20,-15.0,0.5,22500000.0,20.0,CA-G0,152,0,0,0,0,0,0,0,0,0,0
1113_58_rot3,1113_58,HH,3,speed-15|band1|scr0,-15.0,1.0,45000000.0,0.0,CA-G0,152,1,0,0,0,720,0,0,0,0,0
1113_58_rot3,1113_58,HH,3,speed-15|band1|scr10,-15.0,1.0,45000000.0,10.0,CA-G0,152,1,0,0,0,720,0,0,0,0,0
1113_58_rot3,1113_58,HH,3,speed-15|band1|scr20,-15.0,1.0,45000000.0,20.0,CA-G0,152,1,0,0,0,720,0,0,0,0,0
1113_58_rot3,1113_58,HH,3,speed-5|band0.5|scr0,-5.0,0.5,22500000.0,0.0,CA-G0,152,1,0,0,0,720,0,0,0,0,0
1113_58_rot3,1113_58,HH,3,speed-5|band0.5|scr10,-5.0,0.5,22500000.0,10.0,CA-G0,152,1,0,0,0,720,0,0,0,0,0
1113_58_rot3,1113_58,HH,3,speed-5|band0.5|scr20,-5.0,0.5,22500000.0,20.0,CA-G0,152,1,0,0,0,720,0,0,0,0,0
1113_58_rot3,1113_58,HH,3,speed-5|band1|scr0,-5.0,1.0,45000000.0,0.0,CA-G0,152,4,3,3,3,1756,1036,62,2,0,1
1113_58_rot3,1113_58,HH,3,speed-5|band1|scr10,-5.0,1.0,45000000.0,10.0,CA-G0,152,2,1,1,1,1356,636,488,0,0,1
1113_58_rot3,1113_58,HH,3,speed-5|band1|scr20,-5.0,1.0,45000000.0,20.0,CA-G0,152,2,1,1,1,1160,440,-143,1,0,0
1113_58_rot3,1113_58,HH,3,speed5|band0.5|scr0,5.0,0.5,22500000.0,0.0,CA-G0,152,3,1,1,1,1808,720,109,0,0,1
1113_58_rot3,1113_58,HH,3,speed5|band0.5|scr10,5.0,0.5,22500000.0,10.0,CA-G0,152,1,1,1,1,720,720,109,0,0,1
1113_58_rot3,1113_58,HH,3,speed5|band0.5|scr20,5.0,0.5,22500000.0,20.0,CA-G0,152,1,0,0,0,177,0,0,0,0,0
1113_58_rot3,1113_58,HH,3,speed5|band1|scr0,5.0,1.0,45000000.0,0.0,CA-G0,152,2,1,1,1,917,720,109,0,0,1
1113_58_rot3,1113_58,HH,3,speed5|band1|scr10,5.0,1.0,45000000.0,10.0,CA-G0,152,2,1,1,1,1552,720,109,0,0,1
1113_58_rot3,1113_58,HH,3,speed5|band1|scr20,5.0,1.0,45000000.0,20.0,CA-G0,152,0,0,0,0,0,0,0,0,0,0
1113_58_rot3,1113_58,HH,3,speed15|band0.5|scr0,15.0,0.5,22500000.0,0.0,CA-G0,152,3,2,2,2,1597,1145,-269,1,0,1
1113_58_rot3,1113_58,HH,3,speed15|band0.5|scr10,15.0,0.5,22500000.0,10.0,CA-G0,152,2,1,1,1,1172,720,109,0,0,1
1113_58_rot3,1113_58,HH,3,speed15|band0.5|scr20,15.0,0.5,22500000.0,20.0,CA-G0,152,0,0,0,0,0,0,0,0,0,0
1113_58_rot3,1113_58,HH,3,speed15|band1|scr0,15.0,1.0,45000000.0,0.0,CA-G0,152,3,2,2,2,1567,1115,-57,1,0,1
1113_58_rot3,1113_58,HH,3,speed15|band1|scr10,15.0,1.0,45000000.0,10.0,CA-G0,152,3,2,2,2,1495,1043,-12,1,0,1
1113_58_rot3,1113_58,HH,3,speed15|band1|scr20,15.0,1.0,45000000.0,20.0,CA-G0,152,0,0,0,0,0,0,0,0,0,0
1113_58_rot3,1113_58,HH,3,speed-15|band0.5|scr0,-15.0,0.5,22500000.0,0.0,OS8-G0,152,0,0,0,0,0,0,0,0,0,0
1113_58_rot3,1113_58,HH,3,speed-15|band0.5|scr10,-15.0,0.5,22500000.0,10.0,OS8-G0,152,0,0,0,0,0,0,0,0,0,0
1113_58_rot3,1113_58,HH,3,speed-15|band0.5|scr20,-15.0,0.5,22500000.0,20.0,OS8-G0,152,0,0,0,0,0,0,0,0,0,0
1113_58_rot3,1113_58,HH,3,speed-15|band1|scr0,-15.0,1.0,45000000.0,0.0,OS8-G0,152,0,0,0,0,0,0,0,0,0,0
1113_58_rot3,1113_58,HH,3,speed-15|band1|scr10,-15.0,1.0,45000000.0,10.0,OS8-G0,152,0,0,0,0,0,0,0,0,0,0
1113_58_rot3,1113_58,HH,3,speed-15|band1|scr20,-15.0,1.0,45000000.0,20.0,OS8-G0,152,0,0,0,0,0,0,0,0,0,0
1113_58_rot3,1113_58,HH,3,speed-5|band0.5|scr0,-5.0,0.5,22500000.0,0.0,OS8-G0,152,1,1,1,1,443,443,25,0,0,1
1113_58_rot3,1113_58,HH,3,speed-5|band0.5|scr10,-5.0,0.5,22500000.0,10.0,OS8-G0,152,0,0,0,0,0,0,0,0,0,0
1113_58_rot3,1113_58,HH,3,speed-5|band0.5|scr20,-5.0,0.5,22500000.0,20.0,OS8-G0,152,0,0,0,0,0,0,0,0,0,0
1113_58_rot3,1113_58,HH,3,speed-5|band1|scr0,-5.0,1.0,45000000.0,0.0,OS8-G0,152,0,0,0,0,0,0,0,0,0,0
1113_58_rot3,1113_58,HH,3,speed-5|band1|scr10,-5.0,1.0,45000000.0,10.0,OS8-G0,152,0,0,0,0,0,0,0,0,0,0
1113_58_rot3,1113_58,HH,3,speed-5|band1|scr20,-5.0,1.0,45000000.0,20.0,OS8-G0,152,0,0,0,0,0,0,0,0,0,0
1113_58_rot3,1113_58,HH,3,speed5|band0.5|scr0,5.0,0.5,22500000.0,0.0,OS8-G0,152,0,0,0,0,0,0,0,0,0,0
1113_58_rot3,1113_58,HH,3,speed5|band0.5|scr10,5.0,0.5,22500000.0,10.0,OS8-G0,152,0,0,0,0,0,0,0,0,0,0
1113_58_rot3,1113_58,HH,3,speed5|band0.5|scr20,5.0,0.5,22500000.0,20.0,OS8-G0,152,0,0,0,0,0,0,0,0,0,0
1113_58_rot3,1113_58,HH,3,speed5|band1|scr0,5.0,1.0,45000000.0,0.0,OS8-G0,152,0,0,0,0,0,0,0,0,0,0
1113_58_rot3,1113_58,HH,3,speed5|band1|scr10,5.0,1.0,45000000.0,10.0,OS8-G0,152,0,0,0,0,0,0,0,0,0,0
1113_58_rot3,1113_58,HH,3,speed5|band1|scr20,5.0,1.0,45000000.0,20.0,OS8-G0,152,0,0,0,0,0,0,0,0,0,0
1113_58_rot3,1113_58,HH,3,speed15|band0.5|scr0,15.0,0.5,22500000.0,0.0,OS8-G0,152,0,0,0,0,0,0,0,0,0,0
1113_58_rot3,1113_58,HH,3,speed15|band0.5|scr10,15.0,0.5,22500000.0,10.0,OS8-G0,152,0,0,0,0,0,0,0,0,0,0
1113_58_rot3,1113_58,HH,3,speed15|band0.5|scr20,15.0,0.5,22500000.0,20.0,OS8-G0,152,0,0,0,0,0,0,0,0,0,0
1113_58_rot3,1113_58,HH,3,speed15|band1|scr0,15.0,1.0,45000000.0,0.0,OS8-G0,152,0,0,0,0,0,0,0,0,0,0
1113_58_rot3,1113_58,HH,3,speed15|band1|scr10,15.0,1.0,45000000.0,10.0,OS8-G0,152,0,0,0,0,0,0,0,0,0,0
1113_58_rot3,1113_58,HH,3,speed15|band1|scr20,15.0,1.0,45000000.0,20.0,OS8-G0,152,0,0,0,0,0,0,0,0,0,0
1113_58_rot3,1113_58,HH,3,speed-15|band0.5|scr0,-15.0,0.5,22500000.0,0.0,IN-G8,152,1,1,1,1,439,439,1,0,0,1
1113_58_rot3,1113_58,HH,3,speed-15|band0.5|scr10,-15.0,0.5,22500000.0,10.0,IN-G8,152,1,1,1,1,439,439,1,0,0,1
1113_58_rot3,1113_58,HH,3,speed-15|band0.5|scr20,-15.0,0.5,22500000.0,20.0,IN-G8,152,1,1,1,1,439,439,1,0,0,1
1113_58_rot3,1113_58,HH,3,speed-15|band1|scr0,-15.0,1.0,45000000.0,0.0,IN-G8,152,1,1,1,1,439,439,1,0,0,1
1113_58_rot3,1113_58,HH,3,speed-15|band1|scr10,-15.0,1.0,45000000.0,10.0,IN-G8,152,1,1,1,1,439,439,1,0,0,1
1113_58_rot3,1113_58,HH,3,speed-15|band1|scr20,-15.0,1.0,45000000.0,20.0,IN-G8,152,1,1,1,1,439,439,1,0,0,1
1113_58_rot3,1113_58,HH,3,speed-5|band0.5|scr0,-5.0,0.5,22500000.0,0.0,IN-G8,152,1,1,1,1,439,439,1,0,0,1
1113_58_rot3,1113_58,HH,3,speed-5|band0.5|scr10,-5.0,0.5,22500000.0,10.0,IN-G8,152,1,1,1,1,439,439,1,0,0,1
1113_58_rot3,1113_58,HH,3,speed-5|band0.5|scr20,-5.0,0.5,22500000.0,20.0,IN-G8,152,1,1,1,1,439,439,1,0,0,1
1113_58_rot3,1113_58,HH,3,speed-5|band1|scr0,-5.0,1.0,45000000.0,0.0,IN-G8,152,1,1,1,1,439,439,1,0,0,1
1113_58_rot3,1113_58,HH,3,speed-5|band1|scr10,-5.0,1.0,45000000.0,10.0,IN-G8,152,1,1,1,1,439,439,1,0,0,1
1113_58_rot3,1113_58,HH,3,speed-5|band1|scr20,-5.0,1.0,45000000.0,20.0,IN-G8,152,1,1,1,1,439,439,1,0,0,1
1113_58_rot3,1113_58,HH,3,speed5|band0.5|scr0,5.0,0.5,22500000.0,0.0,IN-G8,152,1,0,0,0,439,0,0,0,0,0
1113_58_rot3,1113_58,HH,3,speed5|band0.5|scr10,5.0,0.5,22500000.0,10.0,IN-G8,152,1,0,0,0,439,0,0,0,0,0
1113_58_rot3,1113_58,HH,3,speed5|band0.5|scr20,5.0,0.5,22500000.0,20.0,IN-G8,152,1,0,0,0,439,0,0,0,0,0
1113_58_rot3,1113_58,HH,3,speed5|band1|scr0,5.0,1.0,45000000.0,0.0,IN-G8,152,1,0,0,0,439,0,0,0,0,0
1113_58_rot3,1113_58,HH,3,speed5|band1|scr10,5.0,1.0,45000000.0,10.0,IN-G8,152,1,0,0,0,439,0,0,0,0,0
1113_58_rot3,1113_58,HH,3,speed5|band1|scr20,5.0,1.0,45000000.0,20.0,IN-G8,152,1,0,0,0,439,0,0,0,0,0
1113_58_rot3,1113_58,HH,3,speed15|band0.5|scr0,15.0,0.5,22500000.0,0.0,IN-G8,152,1,0,0,0,439,0,0,0,0,0
1113_58_rot3,1113_58,HH,3,speed15|band0.5|scr10,15.0,0.5,22500000.0,10.0,IN-G8,152,1,0,0,0,439,0,0,0,0,0
1113_58_rot3,1113_58,HH,3,speed15|band0.5|scr20,15.0,0.5,22500000.0,20.0,IN-G8,152,0,0,0,0,0,0,0,0,0,0
1113_58_rot3,1113_58,HH,3,speed15|band1|scr0,15.0,1.0,45000000.0,0.0,IN-G8,152,1,0,0,0,439,0,0,0,0,0
1113_58_rot3,1113_58,HH,3,speed15|band1|scr10,15.0,1.0,45000000.0,10.0,IN-G8,152,1,0,0,0,439,0,0,0,0,0
1113_58_rot3,1113_58,HH,3,speed15|band1|scr20,15.0,1.0,45000000.0,20.0,IN-G8,152,0,0,0,0,0,0,0,0,0,0
1113_58_rot3,1113_58,HH,3,speed-15|band0.5|scr0,-15.0,0.5,22500000.0,0.0,CA-G8,152,0,0,0,0,0,0,0,0,0,0
1113_58_rot3,1113_58,HH,3,speed-15|band0.5|scr10,-15.0,0.5,22500000.0,10.0,CA-G8,152,0,0,0,0,0,0,0,0,0,0
1113_58_rot3,1113_58,HH,3,speed-15|band0.5|scr20,-15.0,0.5,22500000.0,20.0,CA-G8,152,0,0,0,0,0,0,0,0,0,0
1113_58_rot3,1113_58,HH,3,speed-15|band1|scr0,-15.0,1.0,45000000.0,0.0,CA-G8,152,0,0,0,0,0,0,0,0,0,0
1113_58_rot3,1113_58,HH,3,speed-15|band1|scr10,-15.0,1.0,45000000.0,10.0,CA-G8,152,0,0,0,0,0,0,0,0,0,0
1113_58_rot3,1113_58,HH,3,speed-15|band1|scr20,-15.0,1.0,45000000.0,20.0,CA-G8,152,0,0,0,0,0,0,0,0,0,0
1113_58_rot3,1113_58,HH,3,speed-5|band0.5|scr0,-5.0,0.5,22500000.0,0.0,CA-G8,152,1,1,1,1,448,448,30,0,0,1
1113_58_rot3,1113_58,HH,3,speed-5|band0.5|scr10,-5.0,0.5,22500000.0,10.0,CA-G8,152,4,2,2,2,1053,814,-295,1,0,1
1113_58_rot3,1113_58,HH,3,speed-5|band0.5|scr20,-5.0,0.5,22500000.0,20.0,CA-G8,152,0,0,0,0,0,0,0,0,0,0
1113_58_rot3,1113_58,HH,3,speed-5|band1|scr0,-5.0,1.0,45000000.0,0.0,CA-G8,152,0,0,0,0,0,0,0,0,0,0
1113_58_rot3,1113_58,HH,3,speed-5|band1|scr10,-5.0,1.0,45000000.0,10.0,CA-G8,152,0,0,0,0,0,0,0,0,0,0
1113_58_rot3,1113_58,HH,3,speed-5|band1|scr20,-5.0,1.0,45000000.0,20.0,CA-G8,152,0,0,0,0,0,0,0,0,0,0
1113_58_rot3,1113_58,HH,3,speed5|band0.5|scr0,5.0,0.5,22500000.0,0.0,CA-G8,152,0,0,0,0,0,0,0,0,0,0
1113_58_rot3,1113_58,HH,3,speed5|band0.5|scr10,5.0,0.5,22500000.0,10.0,CA-G8,152,0,0,0,0,0,0,0,0,0,0
1113_58_rot3,1113_58,HH,3,speed5|band0.5|scr20,5.0,0.5,22500000.0,20.0,CA-G8,152,0,0,0,0,0,0,0,0,0,0
1113_58_rot3,1113_58,HH,3,speed5|band1|scr0,5.0,1.0,45000000.0,0.0,CA-G8,152,0,0,0,0,0,0,0,0,0,0
1113_58_rot3,1113_58,HH,3,speed5|band1|scr10,5.0,1.0,45000000.0,10.0,CA-G8,152,0,0,0,0,0,0,0,0,0,0
1113_58_rot3,1113_58,HH,3,speed5|band1|scr20,5.0,1.0,45000000.0,20.0,CA-G8,152,0,0,0,0,0,0,0,0,0,0
1113_58_rot3,1113_58,HH,3,speed15|band0.5|scr0,15.0,0.5,22500000.0,0.0,CA-G8,152,0,0,0,0,0,0,0,0,0,0
1113_58_rot3,1113_58,HH,3,speed15|band0.5|scr10,15.0,0.5,22500000.0,10.0,CA-G8,152,0,0,0,0,0,0,0,0,0,0
1113_58_rot3,1113_58,HH,3,speed15|band0.5|scr20,15.0,0.5,22500000.0,20.0,CA-G8,152,0,0,0,0,0,0,0,0,0,0
1113_58_rot3,1113_58,HH,3,speed15|band1|scr0,15.0,1.0,45000000.0,0.0,CA-G8,152,0,0,0,0,0,0,0,0,0,0
1113_58_rot3,1113_58,HH,3,speed15|band1|scr10,15.0,1.0,45000000.0,10.0,CA-G8,152,0,0,0,0,0,0,0,0,0,0
1113_58_rot3,1113_58,HH,3,speed15|band1|scr20,15.0,1.0,45000000.0,20.0,CA-G8,152,0,0,0,0,0,0,0,0,0,0
1113_58_rot3,1113_58,HH,3,speed-15|band0.5|scr0,-15.0,0.5,22500000.0,0.0,OS8-G8,152,0,0,0,0,0,0,0,0,0,0
1113_58_rot3,1113_58,HH,3,speed-15|band0.5|scr10,-15.0,0.5,22500000.0,10.0,OS8-G8,152,0,0,0,0,0,0,0,0,0,0
1113_58_rot3,1113_58,HH,3,speed-15|band0.5|scr20,-15.0,0.5,22500000.0,20.0,OS8-G8,152,0,0,0,0,0,0,0,0,0,0
1113_58_rot3,1113_58,HH,3,speed-15|band1|scr0,-15.0,1.0,45000000.0,0.0,OS8-G8,152,0,0,0,0,0,0,0,0,0,0
1113_58_rot3,1113_58,HH,3,speed-15|band1|scr10,-15.0,1.0,45000000.0,10.0,OS8-G8,152,0,0,0,0,0,0,0,0,0,0
1113_58_rot3,1113_58,HH,3,speed-15|band1|scr20,-15.0,1.0,45000000.0,20.0,OS8-G8,152,0,0,0,0,0,0,0,0,0,0
1113_58_rot3,1113_58,HH,3,speed-5|band0.5|scr0,-5.0,0.5,22500000.0,0.0,OS8-G8,152,1,1,1,1,446,446,28,0,0,1
1113_58_rot3,1113_58,HH,3,speed-5|band0.5|scr10,-5.0,0.5,22500000.0,10.0,OS8-G8,152,4,1,1,1,1237,368,-323,1,0,0
1113_58_rot3,1113_58,HH,3,speed-5|band0.5|scr20,-5.0,0.5,22500000.0,20.0,OS8-G8,152,0,0,0,0,0,0,0,0,0,0
1113_58_rot3,1113_58,HH,3,speed-5|band1|scr0,-5.0,1.0,45000000.0,0.0,OS8-G8,152,0,0,0,0,0,0,0,0,0,0
1113_58_rot3,1113_58,HH,3,speed-5|band1|scr10,-5.0,1.0,45000000.0,10.0,OS8-G8,152,0,0,0,0,0,0,0,0,0,0
1113_58_rot3,1113_58,HH,3,speed-5|band1|scr20,-5.0,1.0,45000000.0,20.0,OS8-G8,152,0,0,0,0,0,0,0,0,0,0
1113_58_rot3,1113_58,HH,3,speed5|band0.5|scr0,5.0,0.5,22500000.0,0.0,OS8-G8,152,0,0,0,0,0,0,0,0,0,0
1113_58_rot3,1113_58,HH,3,speed5|band0.5|scr10,5.0,0.5,22500000.0,10.0,OS8-G8,152,0,0,0,0,0,0,0,0,0,0
1113_58_rot3,1113_58,HH,3,speed5|band0.5|scr20,5.0,0.5,22500000.0,20.0,OS8-G8,152,0,0,0,0,0,0,0,0,0,0
1113_58_rot3,1113_58,HH,3,speed5|band1|scr0,5.0,1.0,45000000.0,0.0,OS8-G8,152,0,0,0,0,0,0,0,0,0,0
1113_58_rot3,1113_58,HH,3,speed5|band1|scr10,5.0,1.0,45000000.0,10.0,OS8-G8,152,0,0,0,0,0,0,0,0,0,0
1113_58_rot3,1113_58,HH,3,speed5|band1|scr20,5.0,1.0,45000000.0,20.0,OS8-G8,152,0,0,0,0,0,0,0,0,0,0
1113_58_rot3,1113_58,HH,3,speed15|band0.5|scr0,15.0,0.5,22500000.0,0.0,OS8-G8,152,0,0,0,0,0,0,0,0,0,0
1113_58_rot3,1113_58,HH,3,speed15|band0.5|scr10,15.0,0.5,22500000.0,10.0,OS8-G8,152,0,0,0,0,0,0,0,0,0,0
1113_58_rot3,1113_58,HH,3,speed15|band0.5|scr20,15.0,0.5,22500000.0,20.0,OS8-G8,152,0,0,0,0,0,0,0,0,0,0
1113_58_rot3,1113_58,HH,3,speed15|band1|scr0,15.0,1.0,45000000.0,0.0,OS8-G8,152,0,0,0,0,0,0,0,0,0,0
1113_58_rot3,1113_58,HH,3,speed15|band1|scr10,15.0,1.0,45000000.0,10.0,OS8-G8,152,0,0,0,0,0,0,0,0,0,0
1113_58_rot3,1113_58,HH,3,speed15|band1|scr20,15.0,1.0,45000000.0,20.0,OS8-G8,152,0,0,0,0,0,0,0,0,0,0
1113_58_rot3,1113_58,HH,3,speed-15|band0.5|scr0,-15.0,0.5,22500000.0,0.0,PAMF-H1-K8-G8,152,0,0,0,0,0,0,0,0,0,0
1113_58_rot3,1113_58,HH,3,speed-15|band0.5|scr10,-15.0,0.5,22500000.0,10.0,PAMF-H1-K8-G8,152,0,0,0,0,0,0,0,0,0,0
1113_58_rot3,1113_58,HH,3,speed-15|band0.5|scr20,-15.0,0.5,22500000.0,20.0,PAMF-H1-K8-G8,152,0,0,0,0,0,0,0,0,0,0
1113_58_rot3,1113_58,HH,3,speed-15|band1|scr0,-15.0,1.0,45000000.0,0.0,PAMF-H1-K8-G8,152,0,0,0,0,0,0,0,0,0,0
1113_58_rot3,1113_58,HH,3,speed-15|band1|scr10,-15.0,1.0,45000000.0,10.0,PAMF-H1-K8-G8,152,0,0,0,0,0,0,0,0,0,0
1113_58_rot3,1113_58,HH,3,speed-15|band1|scr20,-15.0,1.0,45000000.0,20.0,PAMF-H1-K8-G8,152,0,0,0,0,0,0,0,0,0,0
1113_58_rot3,1113_58,HH,3,speed-5|band0.5|scr0,-5.0,0.5,22500000.0,0.0,PAMF-H1-K8-G8,152,0,0,0,0,0,0,0,0,0,0
1113_58_rot3,1113_58,HH,3,speed-5|band0.5|scr10,-5.0,0.5,22500000.0,10.0,PAMF-H1-K8-G8,152,0,0,0,0,0,0,0,0,0,0
1113_58_rot3,1113_58,HH,3,speed-5|band0.5|scr20,-5.0,0.5,22500000.0,20.0,PAMF-H1-K8-G8,152,0,0,0,0,0,0,0,0,0,0
1113_58_rot3,1113_58,HH,3,speed-5|band1|scr0,-5.0,1.0,45000000.0,0.0,PAMF-H1-K8-G8,152,0,0,0,0,0,0,0,0,0,0
1113_58_rot3,1113_58,HH,3,speed-5|band1|scr10,-5.0,1.0,45000000.0,10.0,PAMF-H1-K8-G8,152,0,0,0,0,0,0,0,0,0,0
1113_58_rot3,1113_58,HH,3,speed-5|band1|scr20,-5.0,1.0,45000000.0,20.0,PAMF-H1-K8-G8,152,0,0,0,0,0,0,0,0,0,0
1113_58_rot3,1113_58,HH,3,speed5|band0.5|scr0,5.0,0.5,22500000.0,0.0,PAMF-H1-K8-G8,152,0,0,0,0,0,0,0,0,0,0
1113_58_rot3,1113_58,HH,3,speed5|band0.5|scr10,5.0,0.5,22500000.0,10.0,PAMF-H1-K8-G8,152,0,0,0,0,0,0,0,0,0,0
1113_58_rot3,1113_58,HH,3,speed5|band0.5|scr20,5.0,0.5,22500000.0,20.0,PAMF-H1-K8-G8,152,0,0,0,0,0,0,0,0,0,0
1113_58_rot3,1113_58,HH,3,speed5|band1|scr0,5.0,1.0,45000000.0,0.0,PAMF-H1-K8-G8,152,0,0,0,0,0,0,0,0,0,0
1113_58_rot3,1113_58,HH,3,speed5|band1|scr10,5.0,1.0,45000000.0,10.0,PAMF-H1-K8-G8,152,0,0,0,0,0,0,0,0,0,0
1113_58_rot3,1113_58,HH,3,speed5|band1|scr20,5.0,1.0,45000000.0,20.0,PAMF-H1-K8-G8,152,0,0,0,0,0,0,0,0,0,0
1113_58_rot3,1113_58,HH,3,speed15|band0.5|scr0,15.0,0.5,22500000.0,0.0,PAMF-H1-K8-G8,152,0,0,0,0,0,0,0,0,0,0
1113_58_rot3,1113_58,HH,3,speed15|band0.5|scr10,15.0,0.5,22500000.0,10.0,PAMF-H1-K8-G8,152,0,0,0,0,0,0,0,0,0,0
1113_58_rot3,1113_58,HH,3,speed15|band0.5|scr20,15.0,0.5,22500000.0,20.0,PAMF-H1-K8-G8,152,1,0,0,0,844,0,0,0,0,0
1113_58_rot3,1113_58,HH,3,speed15|band1|scr0,15.0,1.0,45000000.0,0.0,PAMF-H1-K8-G8,152,0,0,0,0,0,0,0,0,0,0
1113_58_rot3,1113_58,HH,3,speed15|band1|scr10,15.0,1.0,45000000.0,10.0,PAMF-H1-K8-G8,152,1,1,1,1,848,848,200,0,0,1
1113_58_rot3,1113_58,HH,3,speed15|band1|scr20,15.0,1.0,45000000.0,20.0,PAMF-H1-K8-G8,152,0,0,0,0,0,0,0,0,0,0
1113_58_rot3,1113_58,HH,3,speed-15|band0.5|scr0,-15.0,0.5,22500000.0,0.0,P-ANMF1-N16,152,0,0,0,0,0,0,0,0,0,0
1113_58_rot3,1113_58,HH,3,speed-15|band0.5|scr10,-15.0,0.5,22500000.0,10.0,P-ANMF1-N16,152,0,0,0,0,0,0,0,0,0,0
1113_58_rot3,1113_58,HH,3,speed-15|band0.5|scr20,-15.0,0.5,22500000.0,20.0,P-ANMF1-N16,152,0,0,0,0,0,0,0,0,0,0
1113_58_rot3,1113_58,HH,3,speed-15|band1|scr0,-15.0,1.0,45000000.0,0.0,P-ANMF1-N16,152,0,0,0,0,0,0,0,0,0,0
1113_58_rot3,1113_58,HH,3,speed-15|band1|scr10,-15.0,1.0,45000000.0,10.0,P-ANMF1-N16,152,0,0,0,0,0,0,0,0,0,0
1113_58_rot3,1113_58,HH,3,speed-15|band1|scr20,-15.0,1.0,45000000.0,20.0,P-ANMF1-N16,152,0,0,0,0,0,0,0,0,0,0
1113_58_rot3,1113_58,HH,3,speed-5|band0.5|scr0,-5.0,0.5,22500000.0,0.0,P-ANMF1-N16,152,1,1,1,1,212,212,-89,1,0,0
1113_58_rot3,1113_58,HH,3,speed-5|band0.5|scr10,-5.0,0.5,22500000.0,10.0,P-ANMF1-N16,152,11,11,11,11,2721,2721,-3351,10,0,1
1113_58_rot3,1113_58,HH,3,speed-5|band0.5|scr20,-5.0,0.5,22500000.0,20.0,P-ANMF1-N16,152,60,60,60,60,5281,5281,-23956,56,0,4
1113_58_rot3,1113_58,HH,3,speed-5|band1|scr0,-5.0,1.0,45000000.0,0.0,P-ANMF1-N16,152,1,1,1,1,212,212,-89,1,0,0
1113_58_rot3,1113_58,HH,3,speed-5|band1|scr10,-5.0,1.0,45000000.0,10.0,P-ANMF1-N16,152,10,10,10,10,4120,4120,-1229,8,0,2
1113_58_rot3,1113_58,HH,3,speed-5|band1|scr20,-5.0,1.0,45000000.0,20.0,P-ANMF1-N16,152,59,59,59,59,13376,13376,-15533,54,0,5
1113_58_rot3,1113_58,HH,3,speed5|band0.5|scr0,5.0,0.5,22500000.0,0.0,P-ANMF1-N16,152,8,8,8,8,1572,1572,-2494,7,0,1
1113_58_rot3,1113_58,HH,3,speed5|band0.5|scr10,5.0,0.5,22500000.0,10.0,P-ANMF1-N16,152,56,56,56,56,4905,4905,-22763,56,0,0
1113_58_rot3,1113_58,HH,3,speed5|band0.5|scr20,5.0,0.5,22500000.0,20.0,P-ANMF1-N16,152,115,115,115,115,6692,6692,-52105,110,0,5
1113_58_rot3,1113_58,HH,3,speed5|band1|scr0,5.0,1.0,45000000.0,0.0,P-ANMF1-N16,152,7,7,7,7,2308,2308,-1035,6,0,1
1113_58_rot3,1113_58,HH,3,speed5|band1|scr10,5.0,1.0,45000000.0,10.0,P-ANMF1-N16,152,55,55,55,55,12148,12148,-14920,54,0,1
1113_58_rot3,1113_58,HH,3,speed5|band1|scr20,5.0,1.0,45000000.0,20.0,P-ANMF1-N16,152,113,113,113,112,15959,15959,-42166,109,0,4
1113_58_rot3,1113_58,HH,3,speed15|band0.5|scr0,15.0,0.5,22500000.0,0.0,P-ANMF1-N16,152,0,0,0,0,0,0,0,0,0,0
1113_58_rot3,1113_58,HH,3,speed15|band0.5|scr10,15.0,0.5,22500000.0,10.0,P-ANMF1-N16,152,0,0,0,0,0,0,0,0,0,0
1113_58_rot3,1113_58,HH,3,speed15|band0.5|scr20,15.0,0.5,22500000.0,20.0,P-ANMF1-N16,152,0,0,0,0,0,0,0,0,0,0
1113_58_rot3,1113_58,HH,3,speed15|band1|scr0,15.0,1.0,45000000.0,0.0,P-ANMF1-N16,152,0,0,0,0,0,0,0,0,0,0
1113_58_rot3,1113_58,HH,3,speed15|band1|scr10,15.0,1.0,45000000.0,10.0,P-ANMF1-N16,152,0,0,0,0,0,0,0,0,0,0
1113_58_rot3,1113_58,HH,3,speed15|band1|scr20,15.0,1.0,45000000.0,20.0,P-ANMF1-N16,152,0,0,0,0,0,0,0,0,0,0
1118_34_rot2,1118_34,HH,2,speed-15|band0.5|scr0,-15.0,0.5,22500000.0,0.0,IN-G0,152,1,0,0,0,17,0,0,0,0,0
1118_34_rot2,1118_34,HH,2,speed-15|band0.5|scr10,-15.0,0.5,22500000.0,10.0,IN-G0,152,0,0,0,0,0,0,0,0,0,0
1118_34_rot2,1118_34,HH,2,speed-15|band0.5|scr20,-15.0,0.5,22500000.0,20.0,IN-G0,152,0,0,0,0,0,0,0,0,0,0
1118_34_rot2,1118_34,HH,2,speed-15|band1|scr0,-15.0,1.0,45000000.0,0.0,IN-G0,152,1,1,1,0,17,17,-656,1,0,0
1118_34_rot2,1118_34,HH,2,speed-15|band1|scr10,-15.0,1.0,45000000.0,10.0,IN-G0,152,1,0,0,0,17,0,0,0,0,0
1118_34_rot2,1118_34,HH,2,speed-15|band1|scr20,-15.0,1.0,45000000.0,20.0,IN-G0,152,1,0,0,0,17,0,0,0,0,0
1118_34_rot2,1118_34,HH,2,speed-5|band0.5|scr0,-5.0,0.5,22500000.0,0.0,IN-G0,152,2,2,2,2,178,178,-997,2,0,0
1118_34_rot2,1118_34,HH,2,speed-5|band0.5|scr10,-5.0,0.5,22500000.0,10.0,IN-G0,152,0,0,0,0,0,0,0,0,0,0
1118_34_rot2,1118_34,HH,2,speed-5|band0.5|scr20,-5.0,0.5,22500000.0,20.0,IN-G0,152,0,0,0,0,0,0,0,0,0,0
1118_34_rot2,1118_34,HH,2,speed-5|band1|scr0,-5.0,1.0,45000000.0,0.0,IN-G0,152,2,2,2,2,178,178,-997,2,0,0
1118_34_rot2,1118_34,HH,2,speed-5|band1|scr10,-5.0,1.0,45000000.0,10.0,IN-G0,152,2,2,2,2,178,178,-997,2,0,0
1118_34_rot2,1118_34,HH,2,speed-5|band1|scr20,-5.0,1.0,45000000.0,20.0,IN-G0,152,2,2,2,2,178,178,-997,2,0,0
1118_34_rot2,1118_34,HH,2,speed5|band0.5|scr0,5.0,0.5,22500000.0,0.0,IN-G0,152,2,0,0,0,178,0,0,0,0,0
1118_34_rot2,1118_34,HH,2,speed5|band0.5|scr10,5.0,0.5,22500000.0,10.0,IN-G0,152,0,0,0,0,0,0,0,0,0,0
1118_34_rot2,1118_34,HH,2,speed5|band0.5|scr20,5.0,0.5,22500000.0,20.0,IN-G0,152,0,0,0,0,0,0,0,0,0,0
1118_34_rot2,1118_34,HH,2,speed5|band1|scr0,5.0,1.0,45000000.0,0.0,IN-G0,152,2,1,1,1,178,17,-656,1,0,0
1118_34_rot2,1118_34,HH,2,speed5|band1|scr10,5.0,1.0,45000000.0,10.0,IN-G0,152,1,1,1,1,17,17,-656,1,0,0
1118_34_rot2,1118_34,HH,2,speed5|band1|scr20,5.0,1.0,45000000.0,20.0,IN-G0,152,1,1,1,1,17,17,-656,1,0,0
1118_34_rot2,1118_34,HH,2,speed15|band0.5|scr0,15.0,0.5,22500000.0,0.0,IN-G0,152,1,0,0,0,17,0,0,0,0,0
1118_34_rot2,1118_34,HH,2,speed15|band0.5|scr10,15.0,0.5,22500000.0,10.0,IN-G0,152,0,0,0,0,0,0,0,0,0,0
1118_34_rot2,1118_34,HH,2,speed15|band0.5|scr20,15.0,0.5,22500000.0,20.0,IN-G0,152,0,0,0,0,0,0,0,0,0,0
1118_34_rot2,1118_34,HH,2,speed15|band1|scr0,15.0,1.0,45000000.0,0.0,IN-G0,152,2,0,0,0,178,0,0,0,0,0
1118_34_rot2,1118_34,HH,2,speed15|band1|scr10,15.0,1.0,45000000.0,10.0,IN-G0,152,1,0,0,0,17,0,0,0,0,0
1118_34_rot2,1118_34,HH,2,speed15|band1|scr20,15.0,1.0,45000000.0,20.0,IN-G0,152,1,0,0,0,17,0,0,0,0,0
1118_34_rot2,1118_34,HH,2,speed-15|band0.5|scr0,-15.0,0.5,22500000.0,0.0,CA-G0,152,0,0,0,0,0,0,0,0,0,0
1118_34_rot2,1118_34,HH,2,speed-15|band0.5|scr10,-15.0,0.5,22500000.0,10.0,CA-G0,152,0,0,0,0,0,0,0,0,0,0
1118_34_rot2,1118_34,HH,2,speed-15|band0.5|scr20,-15.0,0.5,22500000.0,20.0,CA-G0,152,0,0,0,0,0,0,0,0,0,0
1118_34_rot2,1118_34,HH,2,speed-15|band1|scr0,-15.0,1.0,45000000.0,0.0,CA-G0,152,0,0,0,0,0,0,0,0,0,0
1118_34_rot2,1118_34,HH,2,speed-15|band1|scr10,-15.0,1.0,45000000.0,10.0,CA-G0,152,1,1,1,1,587,587,232,0,0,1
1118_34_rot2,1118_34,HH,2,speed-15|band1|scr20,-15.0,1.0,45000000.0,20.0,CA-G0,152,0,0,0,0,0,0,0,0,0,0
1118_34_rot2,1118_34,HH,2,speed-5|band0.5|scr0,-5.0,0.5,22500000.0,0.0,CA-G0,152,1,1,1,1,459,459,-202,1,0,0
1118_34_rot2,1118_34,HH,2,speed-5|band0.5|scr10,-5.0,0.5,22500000.0,10.0,CA-G0,152,0,0,0,0,0,0,0,0,0,0
1118_34_rot2,1118_34,HH,2,speed-5|band0.5|scr20,-5.0,0.5,22500000.0,20.0,CA-G0,152,0,0,0,0,0,0,0,0,0,0
1118_34_rot2,1118_34,HH,2,speed-5|band1|scr0,-5.0,1.0,45000000.0,0.0,CA-G0,152,1,1,1,1,456,456,-121,1,0,0
1118_34_rot2,1118_34,HH,2,speed-5|band1|scr10,-5.0,1.0,45000000.0,10.0,CA-G0,152,0,0,0,0,0,0,0,0,0,0
1118_34_rot2,1118_34,HH,2,speed-5|band1|scr20,-5.0,1.0,45000000.0,20.0,CA-G0,152,0,0,0,0,0,0,0,0,0,0
1118_34_rot2,1118_34,HH,2,speed5|band0.5|scr0,5.0,0.5,22500000.0,0.0,CA-G0,152,0,0,0,0,0,0,0,0,0,0
1118_34_rot2,1118_34,HH,2,speed5|band0.5|scr10,5.0,0.5,22500000.0,10.0,CA-G0,152,0,0,0,0,0,0,0,0,0,0
1118_34_rot2,1118_34,HH,2,speed5|band0.5|scr20,5.0,0.5,22500000.0,20.0,CA-G0,152,1,0,0,0,519,0,0,0,0,0
1118_34_rot2,1118_34,HH,2,speed5|band1|scr0,5.0,1.0,45000000.0,0.0,CA-G0,152,0,0,0,0,0,0,0,0,0,0
1118_34_rot2,1118_34,HH,2,speed5|band1|scr10,5.0,1.0,45000000.0,10.0,CA-G0,152,0,0,0,0,0,0,0,0,0,0
1118_34_rot2,1118_34,HH,2,speed5|band1|scr20,5.0,1.0,45000000.0,20.0,CA-G0,152,0,0,0,0,0,0,0,0,0,0
1118_34_rot2,1118_34,HH,2,speed15|band0.5|scr0,15.0,0.5,22500000.0,0.0,CA-G0,152,0,0,0,0,0,0,0,0,0,0
1118_34_rot2,1118_34,HH,2,speed15|band0.5|scr10,15.0,0.5,22500000.0,10.0,CA-G0,152,0,0,0,0,0,0,0,0,0,0
1118_34_rot2,1118_34,HH,2,speed15|band0.5|scr20,15.0,0.5,22500000.0,20.0,CA-G0,152,0,0,0,0,0,0,0,0,0,0
1118_34_rot2,1118_34,HH,2,speed15|band1|scr0,15.0,1.0,45000000.0,0.0,CA-G0,152,0,0,0,0,0,0,0,0,0,0
1118_34_rot2,1118_34,HH,2,speed15|band1|scr10,15.0,1.0,45000000.0,10.0,CA-G0,152,0,0,0,0,0,0,0,0,0,0
1118_34_rot2,1118_34,HH,2,speed15|band1|scr20,15.0,1.0,45000000.0,20.0,CA-G0,152,0,0,0,0,0,0,0,0,0,0
1118_34_rot2,1118_34,HH,2,speed-15|band0.5|scr0,-15.0,0.5,22500000.0,0.0,OS8-G0,152,0,0,0,0,0,0,0,0,0,0
1118_34_rot2,1118_34,HH,2,speed-15|band0.5|scr10,-15.0,0.5,22500000.0,10.0,OS8-G0,152,0,0,0,0,0,0,0,0,0,0
1118_34_rot2,1118_34,HH,2,speed-15|band0.5|scr20,-15.0,0.5,22500000.0,20.0,OS8-G0,152,0,0,0,0,0,0,0,0,0,0
1118_34_rot2,1118_34,HH,2,speed-15|band1|scr0,-15.0,1.0,45000000.0,0.0,OS8-G0,152,0,0,0,0,0,0,0,0,0,0
1118_34_rot2,1118_34,HH,2,speed-15|band1|scr10,-15.0,1.0,45000000.0,10.0,OS8-G0,152,0,0,0,0,0,0,0,0,0,0
1118_34_rot2,1118_34,HH,2,speed-15|band1|scr20,-15.0,1.0,45000000.0,20.0,OS8-G0,152,0,0,0,0,0,0,0,0,0,0
1118_34_rot2,1118_34,HH,2,speed-5|band0.5|scr0,-5.0,0.5,22500000.0,0.0,OS8-G0,152,2,1,1,1,1037,826,496,0,0,1
1118_34_rot2,1118_34,HH,2,speed-5|band0.5|scr10,-5.0,0.5,22500000.0,10.0,OS8-G0,152,0,0,0,0,0,0,0,0,0,0
1118_34_rot2,1118_34,HH,2,speed-5|band0.5|scr20,-5.0,0.5,22500000.0,20.0,OS8-G0,152,0,0,0,0,0,0,0,0,0,0
1118_34_rot2,1118_34,HH,2,speed-5|band1|scr0,-5.0,1.0,45000000.0,0.0,OS8-G0,152,0,0,0,0,0,0,0,0,0,0
1118_34_rot2,1118_34,HH,2,speed-5|band1|scr10,-5.0,1.0,45000000.0,10.0,OS8-G0,152,0,0,0,0,0,0,0,0,0,0
1118_34_rot2,1118_34,HH,2,speed-5|band1|scr20,-5.0,1.0,45000000.0,20.0,OS8-G0,152,0,0,0,0,0,0,0,0,0,0
1118_34_rot2,1118_34,HH,2,speed5|band0.5|scr0,5.0,0.5,22500000.0,0.0,OS8-G0,152,0,0,0,0,0,0,0,0,0,0
1118_34_rot2,1118_34,HH,2,speed5|band0.5|scr10,5.0,0.5,22500000.0,10.0,OS8-G0,152,0,0,0,0,0,0,0,0,0,0
1118_34_rot2,1118_34,HH,2,speed5|band0.5|scr20,5.0,0.5,22500000.0,20.0,OS8-G0,152,0,0,0,0,0,0,0,0,0,0
1118_34_rot2,1118_34,HH,2,speed5|band1|scr0,5.0,1.0,45000000.0,0.0,OS8-G0,152,0,0,0,0,0,0,0,0,0,0
1118_34_rot2,1118_34,HH,2,speed5|band1|scr10,5.0,1.0,45000000.0,10.0,OS8-G0,152,0,0,0,0,0,0,0,0,0,0
1118_34_rot2,1118_34,HH,2,speed5|band1|scr20,5.0,1.0,45000000.0,20.0,OS8-G0,152,0,0,0,0,0,0,0,0,0,0
1118_34_rot2,1118_34,HH,2,speed15|band0.5|scr0,15.0,0.5,22500000.0,0.0,OS8-G0,152,0,0,0,0,0,0,0,0,0,0
1118_34_rot2,1118_34,HH,2,speed15|band0.5|scr10,15.0,0.5,22500000.0,10.0,OS8-G0,152,0,0,0,0,0,0,0,0,0,0
1118_34_rot2,1118_34,HH,2,speed15|band0.5|scr20,15.0,0.5,22500000.0,20.0,OS8-G0,152,0,0,0,0,0,0,0,0,0,0
1118_34_rot2,1118_34,HH,2,speed15|band1|scr0,15.0,1.0,45000000.0,0.0,OS8-G0,152,0,0,0,0,0,0,0,0,0,0
1118_34_rot2,1118_34,HH,2,speed15|band1|scr10,15.0,1.0,45000000.0,10.0,OS8-G0,152,0,0,0,0,0,0,0,0,0,0
1118_34_rot2,1118_34,HH,2,speed15|band1|scr20,15.0,1.0,45000000.0,20.0,OS8-G0,152,0,0,0,0,0,0,0,0,0,0
1118_34_rot2,1118_34,HH,2,speed-15|band0.5|scr0,-15.0,0.5,22500000.0,0.0,IN-G8,152,1,1,1,0,17,17,-656,1,0,0
1118_34_rot2,1118_34,HH,2,speed-15|band0.5|scr10,-15.0,0.5,22500000.0,10.0,IN-G8,152,0,0,0,0,0,0,0,0,0,0
1118_34_rot2,1118_34,HH,2,speed-15|band0.5|scr20,-15.0,0.5,22500000.0,20.0,IN-G8,152,0,0,0,0,0,0,0,0,0,0
1118_34_rot2,1118_34,HH,2,speed-15|band1|scr0,-15.0,1.0,45000000.0,0.0,IN-G8,152,1,1,1,0,17,17,-656,1,0,0
1118_34_rot2,1118_34,HH,2,speed-15|band1|scr10,-15.0,1.0,45000000.0,10.0,IN-G8,152,1,1,1,0,17,17,-656,1,0,0
1118_34_rot2,1118_34,HH,2,speed-15|band1|scr20,-15.0,1.0,45000000.0,20.0,IN-G8,152,1,0,0,0,17,0,0,0,0,0
1118_34_rot2,1118_34,HH,2,speed-5|band0.5|scr0,-5.0,0.5,22500000.0,0.0,IN-G8,152,2,2,2,2,178,178,-997,2,0,0
1118_34_rot2,1118_34,HH,2,speed-5|band0.5|scr10,-5.0,0.5,22500000.0,10.0,IN-G8,152,2,2,2,2,178,178,-997,2,0,0
1118_34_rot2,1118_34,HH,2,speed-5|band0.5|scr20,-5.0,0.5,22500000.0,20.0,IN-G8,152,0,0,0,0,0,0,0,0,0,0
1118_34_rot2,1118_34,HH,2,speed-5|band1|scr0,-5.0,1.0,45000000.0,0.0,IN-G8,152,2,2,2,2,178,178,-997,2,0,0
1118_34_rot2,1118_34,HH,2,speed-5|band1|scr10,-5.0,1.0,45000000.0,10.0,IN-G8,152,2,2,2,2,178,178,-997,2,0,0
1118_34_rot2,1118_34,HH,2,speed-5|band1|scr20,-5.0,1.0,45000000.0,20.0,IN-G8,152,1,1,1,1,17,17,-656,1,0,0
1118_34_rot2,1118_34,HH,2,speed5|band0.5|scr0,5.0,0.5,22500000.0,0.0,IN-G8,152,2,0,0,0,178,0,0,0,0,0
1118_34_rot2,1118_34,HH,2,speed5|band0.5|scr10,5.0,0.5,22500000.0,10.0,IN-G8,152,2,0,0,0,178,0,0,0,0,0
1118_34_rot2,1118_34,HH,2,speed5|band0.5|scr20,5.0,0.5,22500000.0,20.0,IN-G8,152,0,0,0,0,0,0,0,0,0,0
1118_34_rot2,1118_34,HH,2,speed5|band1|scr0,5.0,1.0,45000000.0,0.0,IN-G8,152,2,1,1,1,178,17,-656,1,0,0
1118_34_rot2,1118_34,HH,2,speed5|band1|scr10,5.0,1.0,45000000.0,10.0,IN-G8,152,2,1,1,1,178,17,-656,1,0,0
1118_34_rot2,1118_34,HH,2,speed5|band1|scr20,5.0,1.0,45000000.0,20.0,IN-G8,152,1,1,1,1,17,17,-656,1,0,0
1118_34_rot2,1118_34,HH,2,speed15|band0.5|scr0,15.0,0.5,22500000.0,0.0,IN-G8,152,2,0,0,0,178,0,0,0,0,0
1118_34_rot2,1118_34,HH,2,speed15|band0.5|scr10,15.0,0.5,22500000.0,10.0,IN-G8,152,1,0,0,0,17,0,0,0,0,0
1118_34_rot2,1118_34,HH,2,speed15|band0.5|scr20,15.0,0.5,22500000.0,20.0,IN-G8,152,0,0,0,0,0,0,0,0,0,0
1118_34_rot2,1118_34,HH,2,speed15|band1|scr0,15.0,1.0,45000000.0,0.0,IN-G8,152,2,0,0,0,178,0,0,0,0,0
1118_34_rot2,1118_34,HH,2,speed15|band1|scr10,15.0,1.0,45000000.0,10.0,IN-G8,152,1,0,0,0,17,0,0,0,0,0
1118_34_rot2,1118_34,HH,2,speed15|band1|scr20,15.0,1.0,45000000.0,20.0,IN-G8,152,1,0,0,0,17,0,0,0,0,0
1118_34_rot2,1118_34,HH,2,speed-15|band0.5|scr0,-15.0,0.5,22500000.0,0.0,CA-G8,152,1,0,0,0,212,0,0,0,0,0
1118_34_rot2,1118_34,HH,2,speed-15|band0.5|scr10,-15.0,0.5,22500000.0,10.0,CA-G8,152,0,0,0,0,0,0,0,0,0,0
1118_34_rot2,1118_34,HH,2,speed-15|band0.5|scr20,-15.0,0.5,22500000.0,20.0,CA-G8,152,0,0,0,0,0,0,0,0,0,0
1118_34_rot2,1118_34,HH,2,speed-15|band1|scr0,-15.0,1.0,45000000.0,0.0,CA-G8,152,0,0,0,0,0,0,0,0,0,0
1118_34_rot2,1118_34,HH,2,speed-15|band1|scr10,-15.0,1.0,45000000.0,10.0,CA-G8,152,0,0,0,0,0,0,0,0,0,0
1118_34_rot2,1118_34,HH,2,speed-15|band1|scr20,-15.0,1.0,45000000.0,20.0,CA-G8,152,0,0,0,0,0,0,0,0,0,0
1118_34_rot2,1118_34,HH,2,speed-5|band0.5|scr0,-5.0,0.5,22500000.0,0.0,CA-G8,152,1,0,0,0,214,0,0,0,0,0
1118_34_rot2,1118_34,HH,2,speed-5|band0.5|scr10,-5.0,0.5,22500000.0,10.0,CA-G8,152,0,0,0,0,0,0,0,0,0,0
1118_34_rot2,1118_34,HH,2,speed-5|band0.5|scr20,-5.0,0.5,22500000.0,20.0,CA-G8,152,0,0,0,0,0,0,0,0,0,0
1118_34_rot2,1118_34,HH,2,speed-5|band1|scr0,-5.0,1.0,45000000.0,0.0,CA-G8,152,0,0,0,0,0,0,0,0,0,0
1118_34_rot2,1118_34,HH,2,speed-5|band1|scr10,-5.0,1.0,45000000.0,10.0,CA-G8,152,0,0,0,0,0,0,0,0,0,0
1118_34_rot2,1118_34,HH,2,speed-5|band1|scr20,-5.0,1.0,45000000.0,20.0,CA-G8,152,0,0,0,0,0,0,0,0,0,0
1118_34_rot2,1118_34,HH,2,speed5|band0.5|scr0,5.0,0.5,22500000.0,0.0,CA-G8,152,0,0,0,0,0,0,0,0,0,0
1118_34_rot2,1118_34,HH,2,speed5|band0.5|scr10,5.0,0.5,22500000.0,10.0,CA-G8,152,0,0,0,0,0,0,0,0,0,0
1118_34_rot2,1118_34,HH,2,speed5|band0.5|scr20,5.0,0.5,22500000.0,20.0,CA-G8,152,0,0,0,0,0,0,0,0,0,0
1118_34_rot2,1118_34,HH,2,speed5|band1|scr0,5.0,1.0,45000000.0,0.0,CA-G8,152,0,0,0,0,0,0,0,0,0,0
1118_34_rot2,1118_34,HH,2,speed5|band1|scr10,5.0,1.0,45000000.0,10.0,CA-G8,152,0,0,0,0,0,0,0,0,0,0
1118_34_rot2,1118_34,HH,2,speed5|band1|scr20,5.0,1.0,45000000.0,20.0,CA-G8,152,0,0,0,0,0,0,0,0,0,0
1118_34_rot2,1118_34,HH,2,speed15|band0.5|scr0,15.0,0.5,22500000.0,0.0,CA-G8,152,0,0,0,0,0,0,0,0,0,0
1118_34_rot2,1118_34,HH,2,speed15|band0.5|scr10,15.0,0.5,22500000.0,10.0,CA-G8,152,0,0,0,0,0,0,0,0,0,0
1118_34_rot2,1118_34,HH,2,speed15|band0.5|scr20,15.0,0.5,22500000.0,20.0,CA-G8,152,0,0,0,0,0,0,0,0,0,0
1118_34_rot2,1118_34,HH,2,speed15|band1|scr0,15.0,1.0,45000000.0,0.0,CA-G8,152,0,0,0,0,0,0,0,0,0,0
1118_34_rot2,1118_34,HH,2,speed15|band1|scr10,15.0,1.0,45000000.0,10.0,CA-G8,152,0,0,0,0,0,0,0,0,0,0
1118_34_rot2,1118_34,HH,2,speed15|band1|scr20,15.0,1.0,45000000.0,20.0,CA-G8,152,0,0,0,0,0,0,0,0,0,0
1118_34_rot2,1118_34,HH,2,speed-15|band0.5|scr0,-15.0,0.5,22500000.0,0.0,OS8-G8,152,1,0,0,0,216,0,0,0,0,0
1118_34_rot2,1118_34,HH,2,speed-15|band0.5|scr10,-15.0,0.5,22500000.0,10.0,OS8-G8,152,0,0,0,0,0,0,0,0,0,0
1118_34_rot2,1118_34,HH,2,speed-15|band0.5|scr20,-15.0,0.5,22500000.0,20.0,OS8-G8,152,0,0,0,0,0,0,0,0,0,0
1118_34_rot2,1118_34,HH,2,speed-15|band1|scr0,-15.0,1.0,45000000.0,0.0,OS8-G8,152,0,0,0,0,0,0,0,0,0,0
1118_34_rot2,1118_34,HH,2,speed-15|band1|scr10,-15.0,1.0,45000000.0,10.0,OS8-G8,152,0,0,0,0,0,0,0,0,0,0
1118_34_rot2,1118_34,HH,2,speed-15|band1|scr20,-15.0,1.0,45000000.0,20.0,OS8-G8,152,0,0,0,0,0,0,0,0,0,0
1118_34_rot2,1118_34,HH,2,speed-5|band0.5|scr0,-5.0,0.5,22500000.0,0.0,OS8-G8,152,3,2,2,2,1660,1445,778,0,0,2
1118_34_rot2,1118_34,HH,2,speed-5|band0.5|scr10,-5.0,0.5,22500000.0,10.0,OS8-G8,152,1,1,1,1,192,192,-481,1,0,0
1118_34_rot2,1118_34,HH,2,speed-5|band0.5|scr20,-5.0,0.5,22500000.0,20.0,OS8-G8,152,0,0,0,0,0,0,0,0,0,0
1118_34_rot2,1118_34,HH,2,speed-5|band1|scr0,-5.0,1.0,45000000.0,0.0,OS8-G8,152,0,0,0,0,0,0,0,0,0,0
1118_34_rot2,1118_34,HH,2,speed-5|band1|scr10,-5.0,1.0,45000000.0,10.0,OS8-G8,152,0,0,0,0,0,0,0,0,0,0
1118_34_rot2,1118_34,HH,2,speed-5|band1|scr20,-5.0,1.0,45000000.0,20.0,OS8-G8,152,0,0,0,0,0,0,0,0,0,0
1118_34_rot2,1118_34,HH,2,speed5|band0.5|scr0,5.0,0.5,22500000.0,0.0,OS8-G8,152,0,0,0,0,0,0,0,0,0,0
1118_34_rot2,1118_34,HH,2,speed5|band0.5|scr10,5.0,0.5,22500000.0,10.0,OS8-G8,152,0,0,0,0,0,0,0,0,0,0
1118_34_rot2,1118_34,HH,2,speed5|band0.5|scr20,5.0,0.5,22500000.0,20.0,OS8-G8,152,0,0,0,0,0,0,0,0,0,0
1118_34_rot2,1118_34,HH,2,speed5|band1|scr0,5.0,1.0,45000000.0,0.0,OS8-G8,152,0,0,0,0,0,0,0,0,0,0
1118_34_rot2,1118_34,HH,2,speed5|band1|scr10,5.0,1.0,45000000.0,10.0,OS8-G8,152,0,0,0,0,0,0,0,0,0,0
1118_34_rot2,1118_34,HH,2,speed5|band1|scr20,5.0,1.0,45000000.0,20.0,OS8-G8,152,0,0,0,0,0,0,0,0,0,0
1118_34_rot2,1118_34,HH,2,speed15|band0.5|scr0,15.0,0.5,22500000.0,0.0,OS8-G8,152,0,0,0,0,0,0,0,0,0,0
1118_34_rot2,1118_34,HH,2,speed15|band0.5|scr10,15.0,0.5,22500000.0,10.0,OS8-G8,152,0,0,0,0,0,0,0,0,0,0
1118_34_rot2,1118_34,HH,2,speed15|band0.5|scr20,15.0,0.5,22500000.0,20.0,OS8-G8,152,0,0,0,0,0,0,0,0,0,0
1118_34_rot2,1118_34,HH,2,speed15|band1|scr0,15.0,1.0,45000000.0,0.0,OS8-G8,152,0,0,0,0,0,0,0,0,0,0
1118_34_rot2,1118_34,HH,2,speed15|band1|scr10,15.0,1.0,45000000.0,10.0,OS8-G8,152,0,0,0,0,0,0,0,0,0,0
1118_34_rot2,1118_34,HH,2,speed15|band1|scr20,15.0,1.0,45000000.0,20.0,OS8-G8,152,0,0,0,0,0,0,0,0,0,0
1118_34_rot2,1118_34,HH,2,speed-15|band0.5|scr0,-15.0,0.5,22500000.0,0.0,PAMF-H1-K8-G8,152,1,1,1,0,18,18,-655,1,0,0
1118_34_rot2,1118_34,HH,2,speed-15|band0.5|scr10,-15.0,0.5,22500000.0,10.0,PAMF-H1-K8-G8,152,0,0,0,0,0,0,0,0,0,0
1118_34_rot2,1118_34,HH,2,speed-15|band0.5|scr20,-15.0,0.5,22500000.0,20.0,PAMF-H1-K8-G8,152,0,0,0,0,0,0,0,0,0,0
1118_34_rot2,1118_34,HH,2,speed-15|band1|scr0,-15.0,1.0,45000000.0,0.0,PAMF-H1-K8-G8,152,1,1,1,0,17,17,-656,1,0,0
1118_34_rot2,1118_34,HH,2,speed-15|band1|scr10,-15.0,1.0,45000000.0,10.0,PAMF-H1-K8-G8,152,1,0,0,0,17,0,0,0,0,0
1118_34_rot2,1118_34,HH,2,speed-15|band1|scr20,-15.0,1.0,45000000.0,20.0,PAMF-H1-K8-G8,152,1,0,0,0,18,0,0,0,0,0
1118_34_rot2,1118_34,HH,2,speed-5|band0.5|scr0,-5.0,0.5,22500000.0,0.0,PAMF-H1-K8-G8,152,2,2,2,2,179,179,-996,2,0,0
1118_34_rot2,1118_34,HH,2,speed-5|band0.5|scr10,-5.0,0.5,22500000.0,10.0,PAMF-H1-K8-G8,152,1,1,1,1,162,162,-340,1,0,0
1118_34_rot2,1118_34,HH,2,speed-5|band0.5|scr20,-5.0,0.5,22500000.0,20.0,PAMF-H1-K8-G8,152,0,0,0,0,0,0,0,0,0,0
1118_34_rot2,1118_34,HH,2,speed-5|band1|scr0,-5.0,1.0,45000000.0,0.0,PAMF-H1-K8-G8,152,2,2,2,2,179,179,-996,2,0,0
1118_34_rot2,1118_34,HH,2,speed-5|band1|scr10,-5.0,1.0,45000000.0,10.0,PAMF-H1-K8-G8,152,2,2,2,2,179,179,-996,2,0,0
1118_34_rot2,1118_34,HH,2,speed-5|band1|scr20,-5.0,1.0,45000000.0,20.0,PAMF-H1-K8-G8,152,1,1,1,1,17,17,-656,1,0,0
1118_34_rot2,1118_34,HH,2,speed5|band0.5|scr0,5.0,0.5,22500000.0,0.0,PAMF-H1-K8-G8,152,2,0,0,0,180,0,0,0,0,0
1118_34_rot2,1118_34,HH,2,speed5|band0.5|scr10,5.0,0.5,22500000.0,10.0,PAMF-H1-K8-G8,152,2,0,0,0,180,0,0,0,0,0
1118_34_rot2,1118_34,HH,2,speed5|band0.5|scr20,5.0,0.5,22500000.0,20.0,PAMF-H1-K8-G8,152,0,0,0,0,0,0,0,0,0,0
1118_34_rot2,1118_34,HH,2,speed5|band1|scr0,5.0,1.0,45000000.0,0.0,PAMF-H1-K8-G8,152,2,1,1,1,179,17,-656,1,0,0
1118_34_rot2,1118_34,HH,2,speed5|band1|scr10,5.0,1.0,45000000.0,10.0,PAMF-H1-K8-G8,152,2,1,1,1,179,17,-656,1,0,0
1118_34_rot2,1118_34,HH,2,speed5|band1|scr20,5.0,1.0,45000000.0,20.0,PAMF-H1-K8-G8,152,1,1,1,1,18,18,-655,1,0,0
1118_34_rot2,1118_34,HH,2,speed15|band0.5|scr0,15.0,0.5,22500000.0,0.0,PAMF-H1-K8-G8,152,2,0,0,0,179,0,0,0,0,0
1118_34_rot2,1118_34,HH,2,speed15|band0.5|scr10,15.0,0.5,22500000.0,10.0,PAMF-H1-K8-G8,152,1,0,0,0,377,0,0,0,0,0
1118_34_rot2,1118_34,HH,2,speed15|band0.5|scr20,15.0,0.5,22500000.0,20.0,PAMF-H1-K8-G8,152,1,0,0,0,320,0,0,0,0,0
1118_34_rot2,1118_34,HH,2,speed15|band1|scr0,15.0,1.0,45000000.0,0.0,PAMF-H1-K8-G8,152,2,0,0,0,179,0,0,0,0,0
1118_34_rot2,1118_34,HH,2,speed15|band1|scr10,15.0,1.0,45000000.0,10.0,PAMF-H1-K8-G8,152,3,2,2,2,952,935,3,1,0,1
1118_34_rot2,1118_34,HH,2,speed15|band1|scr20,15.0,1.0,45000000.0,20.0,PAMF-H1-K8-G8,152,14,13,13,13,6847,6829,-568,7,0,6
1118_34_rot2,1118_34,HH,2,speed-15|band0.5|scr0,-15.0,0.5,22500000.0,0.0,P-ANMF1-N16,152,0,0,0,0,0,0,0,0,0,0
1118_34_rot2,1118_34,HH,2,speed-15|band0.5|scr10,-15.0,0.5,22500000.0,10.0,P-ANMF1-N16,152,0,0,0,0,0,0,0,0,0,0
1118_34_rot2,1118_34,HH,2,speed-15|band0.5|scr20,-15.0,0.5,22500000.0,20.0,P-ANMF1-N16,152,0,0,0,0,0,0,0,0,0,0
1118_34_rot2,1118_34,HH,2,speed-15|band1|scr0,-15.0,1.0,45000000.0,0.0,P-ANMF1-N16,152,0,0,0,0,0,0,0,0,0,0
1118_34_rot2,1118_34,HH,2,speed-15|band1|scr10,-15.0,1.0,45000000.0,10.0,P-ANMF1-N16,152,0,0,0,0,0,0,0,0,0,0
1118_34_rot2,1118_34,HH,2,speed-15|band1|scr20,-15.0,1.0,45000000.0,20.0,P-ANMF1-N16,152,0,0,0,0,0,0,0,0,0,0
1118_34_rot2,1118_34,HH,2,speed-5|band0.5|scr0,-5.0,0.5,22500000.0,0.0,P-ANMF1-N16,152,2,2,2,2,717,717,-361,2,0,0
1118_34_rot2,1118_34,HH,2,speed-5|band0.5|scr10,-5.0,0.5,22500000.0,10.0,P-ANMF1-N16,152,31,31,31,31,4753,4753,-10386,30,0,1
1118_34_rot2,1118_34,HH,2,speed-5|band0.5|scr20,-5.0,0.5,22500000.0,20.0,P-ANMF1-N16,152,99,99,99,99,7532,7532,-44211,94,0,5
1118_34_rot2,1118_34,HH,2,speed-5|band1|scr0,-5.0,1.0,45000000.0,0.0,P-ANMF1-N16,152,1,1,1,1,168,168,-115,1,0,0
1118_34_rot2,1118_34,HH,2,speed-5|band1|scr10,-5.0,1.0,45000000.0,10.0,P-ANMF1-N16,152,29,29,29,29,7364,7364,-6594,29,0,0
1118_34_rot2,1118_34,HH,2,speed-5|band1|scr20,-5.0,1.0,45000000.0,20.0,P-ANMF1-N16,152,95,95,95,95,21711,21711,-28264,89,0,6
1118_34_rot2,1118_34,HH,2,speed5|band0.5|scr0,5.0,0.5,22500000.0,0.0,P-ANMF1-N16,152,39,39,39,39,4747,4747,-13600,36,0,3
1118_34_rot2,1118_34,HH,2,speed5|band0.5|scr10,5.0,0.5,22500000.0,10.0,P-ANMF1-N16,152,111,111,111,111,7340,7340,-50081,109,0,2
1118_34_rot2,1118_34,HH,2,speed5|band0.5|scr20,5.0,0.5,22500000.0,20.0,P-ANMF1-N16,152,145,145,145,145,1191,1191,-72192,144,0,1
1118_34_rot2,1118_34,HH,2,speed5|band1|scr0,5.0,1.0,45000000.0,0.0,P-ANMF1-N16,152,37,37,37,37,9124,9124,-8661,34,0,3
1118_34_rot2,1118_34,HH,2,speed5|band1|scr10,5.0,1.0,45000000.0,10.0,P-ANMF1-N16,152,109,109,109,109,20904,20904,-35790,106,0,3
1118_34_rot2,1118_34,HH,2,speed5|band1|scr20,5.0,1.0,45000000.0,20.0,P-ANMF1-N16,152,145,145,145,142,6736,6758,-66625,144,0,1
1118_34_rot2,1118_34,HH,2,speed15|band0.5|scr0,15.0,0.5,22500000.0,0.0,P-ANMF1-N16,152,0,0,0,0,0,0,0,0,0,0
1118_34_rot2,1118_34,HH,2,speed15|band0.5|scr10,15.0,0.5,22500000.0,10.0,P-ANMF1-N16,152,0,0,0,0,0,0,0,0,0,0
1118_34_rot2,1118_34,HH,2,speed15|band0.5|scr20,15.0,0.5,22500000.0,20.0,P-ANMF1-N16,152,0,0,0,0,0,0,0,0,0,0
1118_34_rot2,1118_34,HH,2,speed15|band1|scr0,15.0,1.0,45000000.0,0.0,P-ANMF1-N16,152,0,0,0,0,0,0,0,0,0,0
1118_34_rot2,1118_34,HH,2,speed15|band1|scr10,15.0,1.0,45000000.0,10.0,P-ANMF1-N16,152,0,0,0,0,0,0,0,0,0,0
1118_34_rot2,1118_34,HH,2,speed15|band1|scr20,15.0,1.0,45000000.0,20.0,P-ANMF1-N16,152,0,0,0,0,0,0,0,0,0,0
1118_34_rot3,1118_34,HH,3,speed-15|band0.5|scr0,-15.0,0.5,22500000.0,0.0,IN-G0,152,0,0,0,0,0,0,0,0,0,0
1118_34_rot3,1118_34,HH,3,speed-15|band0.5|scr10,-15.0,0.5,22500000.0,10.0,IN-G0,152,0,0,0,0,0,0,0,0,0,0
1118_34_rot3,1118_34,HH,3,speed-15|band0.5|scr20,-15.0,0.5,22500000.0,20.0,IN-G0,152,0,0,0,0,0,0,0,0,0,0
1118_34_rot3,1118_34,HH,3,speed-15|band1|scr0,-15.0,1.0,45000000.0,0.0,IN-G0,152,0,0,0,0,0,0,0,0,0,0
1118_34_rot3,1118_34,HH,3,speed-15|band1|scr10,-15.0,1.0,45000000.0,10.0,IN-G0,152,0,0,0,0,0,0,0,0,0,0
1118_34_rot3,1118_34,HH,3,speed-15|band1|scr20,-15.0,1.0,45000000.0,20.0,IN-G0,152,0,0,0,0,0,0,0,0,0,0
1118_34_rot3,1118_34,HH,3,speed-5|band0.5|scr0,-5.0,0.5,22500000.0,0.0,IN-G0,152,0,0,0,0,0,0,0,0,0,0
1118_34_rot3,1118_34,HH,3,speed-5|band0.5|scr10,-5.0,0.5,22500000.0,10.0,IN-G0,152,0,0,0,0,0,0,0,0,0,0
1118_34_rot3,1118_34,HH,3,speed-5|band0.5|scr20,-5.0,0.5,22500000.0,20.0,IN-G0,152,0,0,0,0,0,0,0,0,0,0
1118_34_rot3,1118_34,HH,3,speed-5|band1|scr0,-5.0,1.0,45000000.0,0.0,IN-G0,152,0,0,0,0,0,0,0,0,0,0
1118_34_rot3,1118_34,HH,3,speed-5|band1|scr10,-5.0,1.0,45000000.0,10.0,IN-G0,152,0,0,0,0,0,0,0,0,0,0
1118_34_rot3,1118_34,HH,3,speed-5|band1|scr20,-5.0,1.0,45000000.0,20.0,IN-G0,152,0,0,0,0,0,0,0,0,0,0
1118_34_rot3,1118_34,HH,3,speed5|band0.5|scr0,5.0,0.5,22500000.0,0.0,IN-G0,152,0,0,0,0,0,0,0,0,0,0
1118_34_rot3,1118_34,HH,3,speed5|band0.5|scr10,5.0,0.5,22500000.0,10.0,IN-G0,152,0,0,0,0,0,0,0,0,0,0
1118_34_rot3,1118_34,HH,3,speed5|band0.5|scr20,5.0,0.5,22500000.0,20.0,IN-G0,152,0,0,0,0,0,0,0,0,0,0
1118_34_rot3,1118_34,HH,3,speed5|band1|scr0,5.0,1.0,45000000.0,0.0,IN-G0,152,0,0,0,0,0,0,0,0,0,0
1118_34_rot3,1118_34,HH,3,speed5|band1|scr10,5.0,1.0,45000000.0,10.0,IN-G0,152,0,0,0,0,0,0,0,0,0,0
1118_34_rot3,1118_34,HH,3,speed5|band1|scr20,5.0,1.0,45000000.0,20.0,IN-G0,152,0,0,0,0,0,0,0,0,0,0
1118_34_rot3,1118_34,HH,3,speed15|band0.5|scr0,15.0,0.5,22500000.0,0.0,IN-G0,152,0,0,0,0,0,0,0,0,0,0
1118_34_rot3,1118_34,HH,3,speed15|band0.5|scr10,15.0,0.5,22500000.0,10.0,IN-G0,152,0,0,0,0,0,0,0,0,0,0
1118_34_rot3,1118_34,HH,3,speed15|band0.5|scr20,15.0,0.5,22500000.0,20.0,IN-G0,152,0,0,0,0,0,0,0,0,0,0
1118_34_rot3,1118_34,HH,3,speed15|band1|scr0,15.0,1.0,45000000.0,0.0,IN-G0,152,0,0,0,0,0,0,0,0,0,0
1118_34_rot3,1118_34,HH,3,speed15|band1|scr10,15.0,1.0,45000000.0,10.0,IN-G0,152,0,0,0,0,0,0,0,0,0,0
1118_34_rot3,1118_34,HH,3,speed15|band1|scr20,15.0,1.0,45000000.0,20.0,IN-G0,152,0,0,0,0,0,0,0,0,0,0
1118_34_rot3,1118_34,HH,3,speed-15|band0.5|scr0,-15.0,0.5,22500000.0,0.0,CA-G0,152,1,0,0,0,30,0,0,0,0,0
1118_34_rot3,1118_34,HH,3,speed-15|band0.5|scr10,-15.0,0.5,22500000.0,10.0,CA-G0,152,0,0,0,0,0,0,0,0,0,0
1118_34_rot3,1118_34,HH,3,speed-15|band0.5|scr20,-15.0,0.5,22500000.0,20.0,CA-G0,152,0,0,0,0,0,0,0,0,0,0
1118_34_rot3,1118_34,HH,3,speed-15|band1|scr0,-15.0,1.0,45000000.0,0.0,CA-G0,152,2,0,0,0,494,0,0,0,0,0
1118_34_rot3,1118_34,HH,3,speed-15|band1|scr10,-15.0,1.0,45000000.0,10.0,CA-G0,152,2,0,0,0,898,0,0,0,0,0
1118_34_rot3,1118_34,HH,3,speed-15|band1|scr20,-15.0,1.0,45000000.0,20.0,CA-G0,152,0,0,0,0,0,0,0,0,0,0
1118_34_rot3,1118_34,HH,3,speed-5|band0.5|scr0,-5.0,0.5,22500000.0,0.0,CA-G0,152,4,0,0,0,1032,0,0,0,0,0
1118_34_rot3,1118_34,HH,3,speed-5|band0.5|scr10,-5.0,0.5,22500000.0,10.0,CA-G0,152,2,1,1,1,1097,901,222,0,0,1
1118_34_rot3,1118_34,HH,3,speed-5|band0.5|scr20,-5.0,0.5,22500000.0,20.0,CA-G0,152,0,0,0,0,0,0,0,0,0,0
1118_34_rot3,1118_34,HH,3,speed-5|band1|scr0,-5.0,1.0,45000000.0,0.0,CA-G0,152,2,1,1,1,1301,837,-11,1,0,0
1118_34_rot3,1118_34,HH,3,speed-5|band1|scr10,-5.0,1.0,45000000.0,10.0,CA-G0,152,2,0,0,0,824,0,0,0,0,0
1118_34_rot3,1118_34,HH,3,speed-5|band1|scr20,-5.0,1.0,45000000.0,20.0,CA-G0,152,1,0,0,0,464,0,0,0,0,0
1118_34_rot3,1118_34,HH,3,speed5|band0.5|scr0,5.0,0.5,22500000.0,0.0,CA-G0,152,4,2,2,2,3036,1306,452,1,0,1
1118_34_rot3,1118_34,HH,3,speed5|band0.5|scr10,5.0,0.5,22500000.0,10.0,CA-G0,152,0,0,0,0,0,0,0,0,0,0
1118_34_rot3,1118_34,HH,3,speed5|band0.5|scr20,5.0,0.5,22500000.0,20.0,CA-G0,152,0,0,0,0,0,0,0,0,0,0
1118_34_rot3,1118_34,HH,3,speed5|band1|scr0,5.0,1.0,45000000.0,0.0,CA-G0,152,4,3,3,3,1854,1492,394,1,0,2
1118_34_rot3,1118_34,HH,3,speed5|band1|scr10,5.0,1.0,45000000.0,10.0,CA-G0,152,2,2,2,2,1701,1701,1381,0,0,2
1118_34_rot3,1118_34,HH,3,speed5|band1|scr20,5.0,1.0,45000000.0,20.0,CA-G0,152,0,0,0,0,0,0,0,0,0,0
1118_34_rot3,1118_34,HH,3,speed15|band0.5|scr0,15.0,0.5,22500000.0,0.0,CA-G0,152,2,0,0,0,1730,0,0,0,0,0
1118_34_rot3,1118_34,HH,3,speed15|band0.5|scr10,15.0,0.5,22500000.0,10.0,CA-G0,152,2,0,0,0,1730,0,0,0,0,0
1118_34_rot3,1118_34,HH,3,speed15|band0.5|scr20,15.0,0.5,22500000.0,20.0,CA-G0,152,2,0,0,0,1277,0,0,0,0,0
1118_34_rot3,1118_34,HH,3,speed15|band1|scr0,15.0,1.0,45000000.0,0.0,CA-G0,152,3,2,2,2,1887,994,-33,1,0,1
1118_34_rot3,1118_34,HH,3,speed15|band1|scr10,15.0,1.0,45000000.0,10.0,CA-G0,152,2,1,1,1,1423,530,188,0,0,1
1118_34_rot3,1118_34,HH,3,speed15|band1|scr20,15.0,1.0,45000000.0,20.0,CA-G0,152,2,0,0,0,1277,0,0,0,0,0
1118_34_rot3,1118_34,HH,3,speed-15|band0.5|scr0,-15.0,0.5,22500000.0,0.0,OS8-G0,152,0,0,0,0,0,0,0,0,0,0
1118_34_rot3,1118_34,HH,3,speed-15|band0.5|scr10,-15.0,0.5,22500000.0,10.0,OS8-G0,152,0,0,0,0,0,0,0,0,0,0
1118_34_rot3,1118_34,HH,3,speed-15|band0.5|scr20,-15.0,0.5,22500000.0,20.0,OS8-G0,152,0,0,0,0,0,0,0,0,0,0
1118_34_rot3,1118_34,HH,3,speed-15|band1|scr0,-15.0,1.0,45000000.0,0.0,OS8-G0,152,0,0,0,0,0,0,0,0,0,0
1118_34_rot3,1118_34,HH,3,speed-15|band1|scr10,-15.0,1.0,45000000.0,10.0,OS8-G0,152,0,0,0,0,0,0,0,0,0,0
1118_34_rot3,1118_34,HH,3,speed-15|band1|scr20,-15.0,1.0,45000000.0,20.0,OS8-G0,152,1,1,1,1,912,912,232,0,0,1
1118_34_rot3,1118_34,HH,3,speed-5|band0.5|scr0,-5.0,0.5,22500000.0,0.0,OS8-G0,152,2,2,2,2,1586,1586,137,1,0,1
1118_34_rot3,1118_34,HH,3,speed-5|band0.5|scr10,-5.0,0.5,22500000.0,10.0,OS8-G0,152,1,0,0,0,201,0,0,0,0,0
1118_34_rot3,1118_34,HH,3,speed-5|band0.5|scr20,-5.0,0.5,22500000.0,20.0,OS8-G0,152,1,1,1,1,806,806,36,0,0,1
1118_34_rot3,1118_34,HH,3,speed-5|band1|scr0,-5.0,1.0,45000000.0,0.0,OS8-G0,152,7,6,6,6,3800,2823,-736,4,0,2
1118_34_rot3,1118_34,HH,3,speed-5|band1|scr10,-5.0,1.0,45000000.0,10.0,OS8-G0,152,4,1,1,1,1792,128,-435,1,0,0
1118_34_rot3,1118_34,HH,3,speed-5|band1|scr20,-5.0,1.0,45000000.0,20.0,OS8-G0,152,0,0,0,0,0,0,0,0,0,0
1118_34_rot3,1118_34,HH,3,speed5|band0.5|scr0,5.0,0.5,22500000.0,0.0,OS8-G0,152,1,0,0,0,839,0,0,0,0,0
1118_34_rot3,1118_34,HH,3,speed5|band0.5|scr10,5.0,0.5,22500000.0,10.0,OS8-G0,152,0,0,0,0,0,0,0,0,0,0
1118_34_rot3,1118_34,HH,3,speed5|band0.5|scr20,5.0,0.5,22500000.0,20.0,OS8-G0,152,0,0,0,0,0,0,0,0,0,0
1118_34_rot3,1118_34,HH,3,speed5|band1|scr0,5.0,1.0,45000000.0,0.0,OS8-G0,152,0,0,0,0,0,0,0,0,0,0
1118_34_rot3,1118_34,HH,3,speed5|band1|scr10,5.0,1.0,45000000.0,10.0,OS8-G0,152,0,0,0,0,0,0,0,0,0,0
1118_34_rot3,1118_34,HH,3,speed5|band1|scr20,5.0,1.0,45000000.0,20.0,OS8-G0,152,0,0,0,0,0,0,0,0,0,0
1118_34_rot3,1118_34,HH,3,speed15|band0.5|scr0,15.0,0.5,22500000.0,0.0,OS8-G0,152,0,0,0,0,0,0,0,0,0,0
1118_34_rot3,1118_34,HH,3,speed15|band0.5|scr10,15.0,0.5,22500000.0,10.0,OS8-G0,152,0,0,0,0,0,0,0,0,0,0
1118_34_rot3,1118_34,HH,3,speed15|band0.5|scr20,15.0,0.5,22500000.0,20.0,OS8-G0,152,0,0,0,0,0,0,0,0,0,0
1118_34_rot3,1118_34,HH,3,speed15|band1|scr0,15.0,1.0,45000000.0,0.0,OS8-G0,152,1,1,1,1,530,530,188,0,0,1
1118_34_rot3,1118_34,HH,3,speed15|band1|scr10,15.0,1.0,45000000.0,10.0,OS8-G0,152,1,1,1,1,530,530,188,0,0,1
1118_34_rot3,1118_34,HH,3,speed15|band1|scr20,15.0,1.0,45000000.0,20.0,OS8-G0,152,0,0,0,0,0,0,0,0,0,0
1118_34_rot3,1118_34,HH,3,speed-15|band0.5|scr0,-15.0,0.5,22500000.0,0.0,IN-G8,152,0,0,0,0,0,0,0,0,0,0
1118_34_rot3,1118_34,HH,3,speed-15|band0.5|scr10,-15.0,0.5,22500000.0,10.0,IN-G8,152,0,0,0,0,0,0,0,0,0,0
1118_34_rot3,1118_34,HH,3,speed-15|band0.5|scr20,-15.0,0.5,22500000.0,20.0,IN-G8,152,0,0,0,0,0,0,0,0,0,0
1118_34_rot3,1118_34,HH,3,speed-15|band1|scr0,-15.0,1.0,45000000.0,0.0,IN-G8,152,0,0,0,0,0,0,0,0,0,0
1118_34_rot3,1118_34,HH,3,speed-15|band1|scr10,-15.0,1.0,45000000.0,10.0,IN-G8,152,0,0,0,0,0,0,0,0,0,0
1118_34_rot3,1118_34,HH,3,speed-15|band1|scr20,-15.0,1.0,45000000.0,20.0,IN-G8,152,0,0,0,0,0,0,0,0,0,0
1118_34_rot3,1118_34,HH,3,speed-5|band0.5|scr0,-5.0,0.5,22500000.0,0.0,IN-G8,152,0,0,0,0,0,0,0,0,0,0
1118_34_rot3,1118_34,HH,3,speed-5|band0.5|scr10,-5.0,0.5,22500000.0,10.0,IN-G8,152,0,0,0,0,0,0,0,0,0,0
1118_34_rot3,1118_34,HH,3,speed-5|band0.5|scr20,-5.0,0.5,22500000.0,20.0,IN-G8,152,0,0,0,0,0,0,0,0,0,0
1118_34_rot3,1118_34,HH,3,speed-5|band1|scr0,-5.0,1.0,45000000.0,0.0,IN-G8,152,0,0,0,0,0,0,0,0,0,0
1118_34_rot3,1118_34,HH,3,speed-5|band1|scr10,-5.0,1.0,45000000.0,10.0,IN-G8,152,0,0,0,0,0,0,0,0,0,0
1118_34_rot3,1118_34,HH,3,speed-5|band1|scr20,-5.0,1.0,45000000.0,20.0,IN-G8,152,0,0,0,0,0,0,0,0,0,0
1118_34_rot3,1118_34,HH,3,speed5|band0.5|scr0,5.0,0.5,22500000.0,0.0,IN-G8,152,0,0,0,0,0,0,0,0,0,0
1118_34_rot3,1118_34,HH,3,speed5|band0.5|scr10,5.0,0.5,22500000.0,10.0,IN-G8,152,0,0,0,0,0,0,0,0,0,0
1118_34_rot3,1118_34,HH,3,speed5|band0.5|scr20,5.0,0.5,22500000.0,20.0,IN-G8,152,0,0,0,0,0,0,0,0,0,0
1118_34_rot3,1118_34,HH,3,speed5|band1|scr0,5.0,1.0,45000000.0,0.0,IN-G8,152,0,0,0,0,0,0,0,0,0,0
1118_34_rot3,1118_34,HH,3,speed5|band1|scr10,5.0,1.0,45000000.0,10.0,IN-G8,152,0,0,0,0,0,0,0,0,0,0
1118_34_rot3,1118_34,HH,3,speed5|band1|scr20,5.0,1.0,45000000.0,20.0,IN-G8,152,0,0,0,0,0,0,0,0,0,0
1118_34_rot3,1118_34,HH,3,speed15|band0.5|scr0,15.0,0.5,22500000.0,0.0,IN-G8,152,0,0,0,0,0,0,0,0,0,0
1118_34_rot3,1118_34,HH,3,speed15|band0.5|scr10,15.0,0.5,22500000.0,10.0,IN-G8,152,0,0,0,0,0,0,0,0,0,0
1118_34_rot3,1118_34,HH,3,speed15|band0.5|scr20,15.0,0.5,22500000.0,20.0,IN-G8,152,0,0,0,0,0,0,0,0,0,0
1118_34_rot3,1118_34,HH,3,speed15|band1|scr0,15.0,1.0,45000000.0,0.0,IN-G8,152,0,0,0,0,0,0,0,0,0,0
1118_34_rot3,1118_34,HH,3,speed15|band1|scr10,15.0,1.0,45000000.0,10.0,IN-G8,152,0,0,0,0,0,0,0,0,0,0
1118_34_rot3,1118_34,HH,3,speed15|band1|scr20,15.0,1.0,45000000.0,20.0,IN-G8,152,0,0,0,0,0,0,0,0,0,0
1118_34_rot3,1118_34,HH,3,speed-15|band0.5|scr0,-15.0,0.5,22500000.0,0.0,CA-G8,152,0,0,0,0,0,0,0,0,0,0
1118_34_rot3,1118_34,HH,3,speed-15|band0.5|scr10,-15.0,0.5,22500000.0,10.0,CA-G8,152,0,0,0,0,0,0,0,0,0,0
1118_34_rot3,1118_34,HH,3,speed-15|band0.5|scr20,-15.0,0.5,22500000.0,20.0,CA-G8,152,0,0,0,0,0,0,0,0,0,0
1118_34_rot3,1118_34,HH,3,speed-15|band1|scr0,-15.0,1.0,45000000.0,0.0,CA-G8,152,0,0,0,0,0,0,0,0,0,0
1118_34_rot3,1118_34,HH,3,speed-15|band1|scr10,-15.0,1.0,45000000.0,10.0,CA-G8,152,0,0,0,0,0,0,0,0,0,0
1118_34_rot3,1118_34,HH,3,speed-15|band1|scr20,-15.0,1.0,45000000.0,20.0,CA-G8,152,0,0,0,0,0,0,0,0,0,0
1118_34_rot3,1118_34,HH,3,speed-5|band0.5|scr0,-5.0,0.5,22500000.0,0.0,CA-G8,152,0,0,0,0,0,0,0,0,0,0
1118_34_rot3,1118_34,HH,3,speed-5|band0.5|scr10,-5.0,0.5,22500000.0,10.0,CA-G8,152,0,0,0,0,0,0,0,0,0,0
1118_34_rot3,1118_34,HH,3,speed-5|band0.5|scr20,-5.0,0.5,22500000.0,20.0,CA-G8,152,0,0,0,0,0,0,0,0,0,0
1118_34_rot3,1118_34,HH,3,speed-5|band1|scr0,-5.0,1.0,45000000.0,0.0,CA-G8,152,0,0,0,0,0,0,0,0,0,0
1118_34_rot3,1118_34,HH,3,speed-5|band1|scr10,-5.0,1.0,45000000.0,10.0,CA-G8,152,0,0,0,0,0,0,0,0,0,0
1118_34_rot3,1118_34,HH,3,speed-5|band1|scr20,-5.0,1.0,45000000.0,20.0,CA-G8,152,0,0,0,0,0,0,0,0,0,0
1118_34_rot3,1118_34,HH,3,speed5|band0.5|scr0,5.0,0.5,22500000.0,0.0,CA-G8,152,0,0,0,0,0,0,0,0,0,0
1118_34_rot3,1118_34,HH,3,speed5|band0.5|scr10,5.0,0.5,22500000.0,10.0,CA-G8,152,0,0,0,0,0,0,0,0,0,0
1118_34_rot3,1118_34,HH,3,speed5|band0.5|scr20,5.0,0.5,22500000.0,20.0,CA-G8,152,0,0,0,0,0,0,0,0,0,0
1118_34_rot3,1118_34,HH,3,speed5|band1|scr0,5.0,1.0,45000000.0,0.0,CA-G8,152,0,0,0,0,0,0,0,0,0,0
1118_34_rot3,1118_34,HH,3,speed5|band1|scr10,5.0,1.0,45000000.0,10.0,CA-G8,152,0,0,0,0,0,0,0,0,0,0
1118_34_rot3,1118_34,HH,3,speed5|band1|scr20,5.0,1.0,45000000.0,20.0,CA-G8,152,0,0,0,0,0,0,0,0,0,0
1118_34_rot3,1118_34,HH,3,speed15|band0.5|scr0,15.0,0.5,22500000.0,0.0,CA-G8,152,0,0,0,0,0,0,0,0,0,0
1118_34_rot3,1118_34,HH,3,speed15|band0.5|scr10,15.0,0.5,22500000.0,10.0,CA-G8,152,0,0,0,0,0,0,0,0,0,0
1118_34_rot3,1118_34,HH,3,speed15|band0.5|scr20,15.0,0.5,22500000.0,20.0,CA-G8,152,0,0,0,0,0,0,0,0,0,0
1118_34_rot3,1118_34,HH,3,speed15|band1|scr0,15.0,1.0,45000000.0,0.0,CA-G8,152,0,0,0,0,0,0,0,0,0,0
1118_34_rot3,1118_34,HH,3,speed15|band1|scr10,15.0,1.0,45000000.0,10.0,CA-G8,152,0,0,0,0,0,0,0,0,0,0
1118_34_rot3,1118_34,HH,3,speed15|band1|scr20,15.0,1.0,45000000.0,20.0,CA-G8,152,0,0,0,0,0,0,0,0,0,0
1118_34_rot3,1118_34,HH,3,speed-15|band0.5|scr0,-15.0,0.5,22500000.0,0.0,OS8-G8,152,0,0,0,0,0,0,0,0,0,0
1118_34_rot3,1118_34,HH,3,speed-15|band0.5|scr10,-15.0,0.5,22500000.0,10.0,OS8-G8,152,0,0,0,0,0,0,0,0,0,0
1118_34_rot3,1118_34,HH,3,speed-15|band0.5|scr20,-15.0,0.5,22500000.0,20.0,OS8-G8,152,0,0,0,0,0,0,0,0,0,0
1118_34_rot3,1118_34,HH,3,speed-15|band1|scr0,-15.0,1.0,45000000.0,0.0,OS8-G8,152,0,0,0,0,0,0,0,0,0,0
1118_34_rot3,1118_34,HH,3,speed-15|band1|scr10,-15.0,1.0,45000000.0,10.0,OS8-G8,152,0,0,0,0,0,0,0,0,0,0
1118_34_rot3,1118_34,HH,3,speed-15|band1|scr20,-15.0,1.0,45000000.0,20.0,OS8-G8,152,0,0,0,0,0,0,0,0,0,0
1118_34_rot3,1118_34,HH,3,speed-5|band0.5|scr0,-5.0,0.5,22500000.0,0.0,OS8-G8,152,1,1,1,1,979,979,172,0,0,1
1118_34_rot3,1118_34,HH,3,speed-5|band0.5|scr10,-5.0,0.5,22500000.0,10.0,OS8-G8,152,0,0,0,0,0,0,0,0,0,0
1118_34_rot3,1118_34,HH,3,speed-5|band0.5|scr20,-5.0,0.5,22500000.0,20.0,OS8-G8,152,0,0,0,0,0,0,0,0,0,0
1118_34_rot3,1118_34,HH,3,speed-5|band1|scr0,-5.0,1.0,45000000.0,0.0,OS8-G8,152,1,1,1,1,976,976,169,0,0,1
1118_34_rot3,1118_34,HH,3,speed-5|band1|scr10,-5.0,1.0,45000000.0,10.0,OS8-G8,152,1,1,1,1,136,136,-427,1,0,0
1118_34_rot3,1118_34,HH,3,speed-5|band1|scr20,-5.0,1.0,45000000.0,20.0,OS8-G8,152,0,0,0,0,0,0,0,0,0,0
1118_34_rot3,1118_34,HH,3,speed5|band0.5|scr0,5.0,0.5,22500000.0,0.0,OS8-G8,152,0,0,0,0,0,0,0,0,0,0
1118_34_rot3,1118_34,HH,3,speed5|band0.5|scr10,5.0,0.5,22500000.0,10.0,OS8-G8,152,0,0,0,0,0,0,0,0,0,0
1118_34_rot3,1118_34,HH,3,speed5|band0.5|scr20,5.0,0.5,22500000.0,20.0,OS8-G8,152,0,0,0,0,0,0,0,0,0,0
1118_34_rot3,1118_34,HH,3,speed5|band1|scr0,5.0,1.0,45000000.0,0.0,OS8-G8,152,0,0,0,0,0,0,0,0,0,0
1118_34_rot3,1118_34,HH,3,speed5|band1|scr10,5.0,1.0,45000000.0,10.0,OS8-G8,152,0,0,0,0,0,0,0,0,0,0
1118_34_rot3,1118_34,HH,3,speed5|band1|scr20,5.0,1.0,45000000.0,20.0,OS8-G8,152,0,0,0,0,0,0,0,0,0,0
1118_34_rot3,1118_34,HH,3,speed15|band0.5|scr0,15.0,0.5,22500000.0,0.0,OS8-G8,152,0,0,0,0,0,0,0,0,0,0
1118_34_rot3,1118_34,HH,3,speed15|band0.5|scr10,15.0,0.5,22500000.0,10.0,OS8-G8,152,0,0,0,0,0,0,0,0,0,0
1118_34_rot3,1118_34,HH,3,speed15|band0.5|scr20,15.0,0.5,22500000.0,20.0,OS8-G8,152,0,0,0,0,0,0,0,0,0,0
1118_34_rot3,1118_34,HH,3,speed15|band1|scr0,15.0,1.0,45000000.0,0.0,OS8-G8,152,1,1,1,1,541,541,199,0,0,1
1118_34_rot3,1118_34,HH,3,speed15|band1|scr10,15.0,1.0,45000000.0,10.0,OS8-G8,152,0,0,0,0,0,0,0,0,0,0
1118_34_rot3,1118_34,HH,3,speed15|band1|scr20,15.0,1.0,45000000.0,20.0,OS8-G8,152,0,0,0,0,0,0,0,0,0,0
1118_34_rot3,1118_34,HH,3,speed-15|band0.5|scr0,-15.0,0.5,22500000.0,0.0,PAMF-H1-K8-G8,152,0,0,0,0,0,0,0,0,0,0
1118_34_rot3,1118_34,HH,3,speed-15|band0.5|scr10,-15.0,0.5,22500000.0,10.0,PAMF-H1-K8-G8,152,0,0,0,0,0,0,0,0,0,0
1118_34_rot3,1118_34,HH,3,speed-15|band0.5|scr20,-15.0,0.5,22500000.0,20.0,PAMF-H1-K8-G8,152,0,0,0,0,0,0,0,0,0,0
1118_34_rot3,1118_34,HH,3,speed-15|band1|scr0,-15.0,1.0,45000000.0,0.0,PAMF-H1-K8-G8,152,0,0,0,0,0,0,0,0,0,0
1118_34_rot3,1118_34,HH,3,speed-15|band1|scr10,-15.0,1.0,45000000.0,10.0,PAMF-H1-K8-G8,152,0,0,0,0,0,0,0,0,0,0
1118_34_rot3,1118_34,HH,3,speed-15|band1|scr20,-15.0,1.0,45000000.0,20.0,PAMF-H1-K8-G8,152,0,0,0,0,0,0,0,0,0,0
1118_34_rot3,1118_34,HH,3,speed-5|band0.5|scr0,-5.0,0.5,22500000.0,0.0,PAMF-H1-K8-G8,152,0,0,0,0,0,0,0,0,0,0
1118_34_rot3,1118_34,HH,3,speed-5|band0.5|scr10,-5.0,0.5,22500000.0,10.0,PAMF-H1-K8-G8,152,0,0,0,0,0,0,0,0,0,0
1118_34_rot3,1118_34,HH,3,speed-5|band0.5|scr20,-5.0,0.5,22500000.0,20.0,PAMF-H1-K8-G8,152,0,0,0,0,0,0,0,0,0,0
1118_34_rot3,1118_34,HH,3,speed-5|band1|scr0,-5.0,1.0,45000000.0,0.0,PAMF-H1-K8-G8,152,0,0,0,0,0,0,0,0,0,0
1118_34_rot3,1118_34,HH,3,speed-5|band1|scr10,-5.0,1.0,45000000.0,10.0,PAMF-H1-K8-G8,152,0,0,0,0,0,0,0,0,0,0
1118_34_rot3,1118_34,HH,3,speed-5|band1|scr20,-5.0,1.0,45000000.0,20.0,PAMF-H1-K8-G8,152,0,0,0,0,0,0,0,0,0,0
1118_34_rot3,1118_34,HH,3,speed5|band0.5|scr0,5.0,0.5,22500000.0,0.0,PAMF-H1-K8-G8,152,0,0,0,0,0,0,0,0,0,0
1118_34_rot3,1118_34,HH,3,speed5|band0.5|scr10,5.0,0.5,22500000.0,10.0,PAMF-H1-K8-G8,152,0,0,0,0,0,0,0,0,0,0
1118_34_rot3,1118_34,HH,3,speed5|band0.5|scr20,5.0,0.5,22500000.0,20.0,PAMF-H1-K8-G8,152,0,0,0,0,0,0,0,0,0,0
1118_34_rot3,1118_34,HH,3,speed5|band1|scr0,5.0,1.0,45000000.0,0.0,PAMF-H1-K8-G8,152,0,0,0,0,0,0,0,0,0,0
1118_34_rot3,1118_34,HH,3,speed5|band1|scr10,5.0,1.0,45000000.0,10.0,PAMF-H1-K8-G8,152,0,0,0,0,0,0,0,0,0,0
1118_34_rot3,1118_34,HH,3,speed5|band1|scr20,5.0,1.0,45000000.0,20.0,PAMF-H1-K8-G8,152,0,0,0,0,0,0,0,0,0,0
1118_34_rot3,1118_34,HH,3,speed15|band0.5|scr0,15.0,0.5,22500000.0,0.0,PAMF-H1-K8-G8,152,0,0,0,0,0,0,0,0,0,0
1118_34_rot3,1118_34,HH,3,speed15|band0.5|scr10,15.0,0.5,22500000.0,10.0,PAMF-H1-K8-G8,152,0,0,0,0,0,0,0,0,0,0
1118_34_rot3,1118_34,HH,3,speed15|band0.5|scr20,15.0,0.5,22500000.0,20.0,PAMF-H1-K8-G8,152,0,0,0,0,0,0,0,0,0,0
1118_34_rot3,1118_34,HH,3,speed15|band1|scr0,15.0,1.0,45000000.0,0.0,PAMF-H1-K8-G8,152,0,0,0,0,0,0,0,0,0,0
1118_34_rot3,1118_34,HH,3,speed15|band1|scr10,15.0,1.0,45000000.0,10.0,PAMF-H1-K8-G8,152,0,0,0,0,0,0,0,0,0,0
1118_34_rot3,1118_34,HH,3,speed15|band1|scr20,15.0,1.0,45000000.0,20.0,PAMF-H1-K8-G8,152,0,0,0,0,0,0,0,0,0,0
1118_34_rot3,1118_34,HH,3,speed-15|band0.5|scr0,-15.0,0.5,22500000.0,0.0,P-ANMF1-N16,152,0,0,0,0,0,0,0,0,0,0
1118_34_rot3,1118_34,HH,3,speed-15|band0.5|scr10,-15.0,0.5,22500000.0,10.0,P-ANMF1-N16,152,0,0,0,0,0,0,0,0,0,0
1118_34_rot3,1118_34,HH,3,speed-15|band0.5|scr20,-15.0,0.5,22500000.0,20.0,P-ANMF1-N16,152,0,0,0,0,0,0,0,0,0,0
1118_34_rot3,1118_34,HH,3,speed-15|band1|scr0,-15.0,1.0,45000000.0,0.0,P-ANMF1-N16,152,0,0,0,0,0,0,0,0,0,0
1118_34_rot3,1118_34,HH,3,speed-15|band1|scr10,-15.0,1.0,45000000.0,10.0,P-ANMF1-N16,152,0,0,0,0,0,0,0,0,0,0
1118_34_rot3,1118_34,HH,3,speed-15|band1|scr20,-15.0,1.0,45000000.0,20.0,P-ANMF1-N16,152,0,0,0,0,0,0,0,0,0,0
1118_34_rot3,1118_34,HH,3,speed-5|band0.5|scr0,-5.0,0.5,22500000.0,0.0,P-ANMF1-N16,152,8,7,7,7,2402,2140,-2125,5,0,2
1118_34_rot3,1118_34,HH,3,speed-5|band0.5|scr10,-5.0,0.5,22500000.0,10.0,P-ANMF1-N16,152,47,47,47,47,9798,9798,-14695,43,0,4
1118_34_rot3,1118_34,HH,3,speed-5|band0.5|scr20,-5.0,0.5,22500000.0,20.0,P-ANMF1-N16,152,111,111,111,111,6558,6558,-52214,106,0,5
1118_34_rot3,1118_34,HH,3,speed-5|band1|scr0,-5.0,1.0,45000000.0,0.0,P-ANMF1-N16,152,5,5,5,5,1921,1921,-1678,4,0,1
1118_34_rot3,1118_34,HH,3,speed-5|band1|scr10,-5.0,1.0,45000000.0,10.0,P-ANMF1-N16,152,41,41,41,41,11204,11204,-9692,37,0,4
1118_34_rot3,1118_34,HH,3,speed-5|band1|scr20,-5.0,1.0,45000000.0,20.0,P-ANMF1-N16,152,109,109,109,109,18743,18743,-39213,104,0,5
1118_34_rot3,1118_34,HH,3,speed5|band0.5|scr0,5.0,0.5,22500000.0,0.0,P-ANMF1-N16,152,54,54,54,53,7611,7632,-20025,49,0,5
1118_34_rot3,1118_34,HH,3,speed5|band0.5|scr10,5.0,0.5,22500000.0,10.0,P-ANMF1-N16,152,120,120,120,119,7566,7566,-55756,117,0,3
1118_34_rot3,1118_34,HH,3,speed5|band0.5|scr20,5.0,0.5,22500000.0,20.0,P-ANMF1-N16,152,150,150,150,148,756,756,-77698,150,0,0
1118_34_rot3,1118_34,HH,3,speed5|band1|scr0,5.0,1.0,45000000.0,0.0,P-ANMF1-N16,152,50,50,50,50,13298,13298,-11990,44,0,6
1118_34_rot3,1118_34,HH,3,speed5|band1|scr10,5.0,1.0,45000000.0,10.0,P-ANMF1-N16,152,117,117,117,117,17570,17570,-44041,113,0,4
1118_34_rot3,1118_34,HH,3,speed5|band1|scr20,5.0,1.0,45000000.0,20.0,P-ANMF1-N16,152,150,150,150,146,8113,8156,-70298,149,0,1
1118_34_rot3,1118_34,HH,3,speed15|band0.5|scr0,15.0,0.5,22500000.0,0.0,P-ANMF1-N16,152,1,1,1,1,199,199,-192,1,0,0
1118_34_rot3,1118_34,HH,3,speed15|band0.5|scr10,15.0,0.5,22500000.0,10.0,P-ANMF1-N16,152,5,5,5,5,3211,3211,951,1,0,4
1118_34_rot3,1118_34,HH,3,speed15|band0.5|scr20,15.0,0.5,22500000.0,20.0,P-ANMF1-N16,152,3,2,2,2,1032,935,-207,1,0,1
1118_34_rot3,1118_34,HH,3,speed15|band1|scr0,15.0,1.0,45000000.0,0.0,P-ANMF1-N16,152,0,0,0,0,0,0,0,0,0,0
1118_34_rot3,1118_34,HH,3,speed15|band1|scr10,15.0,1.0,45000000.0,10.0,P-ANMF1-N16,152,4,3,3,3,2787,2044,780,0,0,3
1118_34_rot3,1118_34,HH,3,speed15|band1|scr20,15.0,1.0,45000000.0,20.0,P-ANMF1-N16,152,1,0,0,0,679,0,0,0,0,0
1123_49_rot2,1123_49,HH,2,speed-15|band0.5|scr0,-15.0,0.5,22500000.0,0.0,IN-G0,152,7,3,3,1,3207,1932,-260,2,0,1
1123_49_rot2,1123_49,HH,2,speed-15|band0.5|scr10,-15.0,0.5,22500000.0,10.0,IN-G0,152,6,1,1,0,2548,440,-201,1,0,0
1123_49_rot2,1123_49,HH,2,speed-15|band0.5|scr20,-15.0,0.5,22500000.0,20.0,IN-G0,152,3,0,0,0,792,0,0,0,0,0
1123_49_rot2,1123_49,HH,2,speed-15|band1|scr0,-15.0,1.0,45000000.0,0.0,IN-G0,152,11,5,5,3,5363,3090,-167,3,0,2
1123_49_rot2,1123_49,HH,2,speed-15|band1|scr10,-15.0,1.0,45000000.0,10.0,IN-G0,152,9,2,2,1,3954,880,-382,2,0,0
1123_49_rot2,1123_49,HH,2,speed-15|band1|scr20,-15.0,1.0,45000000.0,20.0,IN-G0,152,4,1,1,0,1511,440,-201,1,0,0
1123_49_rot2,1123_49,HH,2,speed-5|band0.5|scr0,-5.0,0.5,22500000.0,0.0,IN-G0,152,12,9,9,4,5320,3488,-1682,7,0,2
1123_49_rot2,1123_49,HH,2,speed-5|band0.5|scr10,-5.0,0.5,22500000.0,10.0,IN-G0,152,9,5,5,4,5186,2564,-327,3,0,2
1123_49_rot2,1123_49,HH,2,speed-5|band0.5|scr20,-5.0,0.5,22500000.0,20.0,IN-G0,152,4,1,1,1,2196,833,71,0,0,1
1123_49_rot2,1123_49,HH,2,speed-5|band1|scr0,-5.0,1.0,45000000.0,0.0,IN-G0,152,12,9,9,6,5204,3488,-1682,7,0,2
1123_49_rot2,1123_49,HH,2,speed-5|band1|scr10,-5.0,1.0,45000000.0,10.0,IN-G0,152,11,7,7,5,4837,2916,-1032,5,0,2
1123_49_rot2,1123_49,HH,2,speed-5|band1|scr20,-5.0,1.0,45000000.0,20.0,IN-G0,152,7,3,3,2,3212,1406,-610,2,0,1
1123_49_rot2,1123_49,HH,2,speed5|band0.5|scr0,5.0,0.5,22500000.0,0.0,IN-G0,152,9,4,4,3,3887,2196,-201,2,0,2
1123_49_rot2,1123_49,HH,2,speed5|band0.5|scr10,5.0,0.5,22500000.0,10.0,IN-G0,152,6,2,2,2,3329,1158,73,1,0,1
1123_49_rot2,1123_49,HH,2,speed5|band0.5|scr20,5.0,0.5,22500000.0,20.0,IN-G0,152,2,1,1,1,1273,440,-201,1,0,0
1123_49_rot2,1123_49,HH,2,speed5|band1|scr0,5.0,1.0,45000000.0,0.0,IN-G0,152,11,5,5,3,5212,2329,-681,3,0,2
1123_49_rot2,1123_49,HH,2,speed5|band1|scr10,5.0,1.0,45000000.0,10.0,IN-G0,152,7,3,3,3,2902,1363,-272,2,0,1
1123_49_rot2,1123_49,HH,2,speed5|band1|scr20,5.0,1.0,45000000.0,20.0,IN-G0,152,2,1,1,1,1273,440,-201,1,0,0
1123_49_rot2,1123_49,HH,2,speed15|band0.5|scr0,15.0,0.5,22500000.0,0.0,IN-G0,152,5,1,1,1,1758,440,-201,1,0,0
1123_49_rot2,1123_49,HH,2,speed15|band0.5|scr10,15.0,0.5,22500000.0,10.0,IN-G0,152,4,1,1,1,1625,440,-201,1,0,0
1123_49_rot2,1123_49,HH,2,speed15|band0.5|scr20,15.0,0.5,22500000.0,20.0,IN-G0,152,2,0,0,0,353,0,0,0,0,0
1123_49_rot2,1123_49,HH,2,speed15|band1|scr0,15.0,1.0,45000000.0,0.0,IN-G0,152,10,3,3,3,4597,1581,303,1,0,2
1123_49_rot2,1123_49,HH,2,speed15|band1|scr10,15.0,1.0,45000000.0,10.0,IN-G0,152,5,1,1,1,2516,440,-201,1,0,0
1123_49_rot2,1123_49,HH,2,speed15|band1|scr20,15.0,1.0,45000000.0,20.0,IN-G0,152,4,1,1,1,1625,440,-201,1,0,0
1123_49_rot2,1123_49,HH,2,speed-15|band0.5|scr0,-15.0,0.5,22500000.0,0.0,CA-G0,152,1,0,0,0,191,0,0,0,0,0
1123_49_rot2,1123_49,HH,2,speed-15|band0.5|scr10,-15.0,0.5,22500000.0,10.0,CA-G0,152,1,0,0,0,191,0,0,0,0,0
1123_49_rot2,1123_49,HH,2,speed-15|band0.5|scr20,-15.0,0.5,22500000.0,20.0,CA-G0,152,0,0,0,0,0,0,0,0,0,0
1123_49_rot2,1123_49,HH,2,speed-15|band1|scr0,-15.0,1.0,45000000.0,0.0,CA-G0,152,2,0,0,0,550,0,0,0,0,0
1123_49_rot2,1123_49,HH,2,speed-15|band1|scr10,-15.0,1.0,45000000.0,10.0,CA-G0,152,2,0,0,0,550,0,0,0,0,0
1123_49_rot2,1123_49,HH,2,speed-15|band1|scr20,-15.0,1.0,45000000.0,20.0,CA-G0,152,1,0,0,0,359,0,0,0,0,0
1123_49_rot2,1123_49,HH,2,speed-5|band0.5|scr0,-5.0,0.5,22500000.0,0.0,CA-G0,152,3,2,2,2,1341,982,29,1,0,1
1123_49_rot2,1123_49,HH,2,speed-5|band0.5|scr10,-5.0,0.5,22500000.0,10.0,CA-G0,152,0,0,0,0,0,0,0,0,0,0
1123_49_rot2,1123_49,HH,2,speed-5|band0.5|scr20,-5.0,0.5,22500000.0,20.0,CA-G0,152,0,0,0,0,0,0,0,0,0,0
1123_49_rot2,1123_49,HH,2,speed-5|band1|scr0,-5.0,1.0,45000000.0,0.0,CA-G0,152,1,0,0,0,359,0,0,0,0,0
1123_49_rot2,1123_49,HH,2,speed-5|band1|scr10,-5.0,1.0,45000000.0,10.0,CA-G0,152,0,0,0,0,0,0,0,0,0,0
1123_49_rot2,1123_49,HH,2,speed-5|band1|scr20,-5.0,1.0,45000000.0,20.0,CA-G0,152,0,0,0,0,0,0,0,0,0,0
1123_49_rot2,1123_49,HH,2,speed5|band0.5|scr0,5.0,0.5,22500000.0,0.0,CA-G0,152,0,0,0,0,0,0,0,0,0,0
1123_49_rot2,1123_49,HH,2,speed5|band0.5|scr10,5.0,0.5,22500000.0,10.0,CA-G0,152,0,0,0,0,0,0,0,0,0,0
1123_49_rot2,1123_49,HH,2,speed5|band0.5|scr20,5.0,0.5,22500000.0,20.0,CA-G0,152,0,0,0,0,0,0,0,0,0,0
1123_49_rot2,1123_49,HH,2,speed5|band1|scr0,5.0,1.0,45000000.0,0.0,CA-G0,152,1,1,1,1,191,191,-483,1,0,0
1123_49_rot2,1123_49,HH,2,speed5|band1|scr10,5.0,1.0,45000000.0,10.0,CA-G0,152,0,0,0,0,0,0,0,0,0,0
1123_49_rot2,1123_49,HH,2,speed5|band1|scr20,5.0,1.0,45000000.0,20.0,CA-G0,152,0,0,0,0,0,0,0,0,0,0
1123_49_rot2,1123_49,HH,2,speed15|band0.5|scr0,15.0,0.5,22500000.0,0.0,CA-G0,152,0,0,0,0,0,0,0,0,0,0
1123_49_rot2,1123_49,HH,2,speed15|band0.5|scr10,15.0,0.5,22500000.0,10.0,CA-G0,152,0,0,0,0,0,0,0,0,0,0
1123_49_rot2,1123_49,HH,2,speed15|band0.5|scr20,15.0,0.5,22500000.0,20.0,CA-G0,152,0,0,0,0,0,0,0,0,0,0
1123_49_rot2,1123_49,HH,2,speed15|band1|scr0,15.0,1.0,45000000.0,0.0,CA-G0,152,0,0,0,0,0,0,0,0,0,0
1123_49_rot2,1123_49,HH,2,speed15|band1|scr10,15.0,1.0,45000000.0,10.0,CA-G0,152,0,0,0,0,0,0,0,0,0,0
1123_49_rot2,1123_49,HH,2,speed15|band1|scr20,15.0,1.0,45000000.0,20.0,CA-G0,152,1,1,1,1,806,806,232,0,0,1
1123_49_rot2,1123_49,HH,2,speed-15|band0.5|scr0,-15.0,0.5,22500000.0,0.0,OS8-G0,152,0,0,0,0,0,0,0,0,0,0
1123_49_rot2,1123_49,HH,2,speed-15|band0.5|scr10,-15.0,0.5,22500000.0,10.0,OS8-G0,152,0,0,0,0,0,0,0,0,0,0
1123_49_rot2,1123_49,HH,2,speed-15|band0.5|scr20,-15.0,0.5,22500000.0,20.0,OS8-G0,152,0,0,0,0,0,0,0,0,0,0
1123_49_rot2,1123_49,HH,2,speed-15|band1|scr0,-15.0,1.0,45000000.0,0.0,OS8-G0,152,0,0,0,0,0,0,0,0,0,0
1123_49_rot2,1123_49,HH,2,speed-15|band1|scr10,-15.0,1.0,45000000.0,10.0,OS8-G0,152,0,0,0,0,0,0,0,0,0,0
1123_49_rot2,1123_49,HH,2,speed-15|band1|scr20,-15.0,1.0,45000000.0,20.0,OS8-G0,152,0,0,0,0,0,0,0,0,0,0
1123_49_rot2,1123_49,HH,2,speed-5|band0.5|scr0,-5.0,0.5,22500000.0,0.0,OS8-G0,152,1,0,0,0,552,0,0,0,0,0
1123_49_rot2,1123_49,HH,2,speed-5|band0.5|scr10,-5.0,0.5,22500000.0,10.0,OS8-G0,152,0,0,0,0,0,0,0,0,0,0
1123_49_rot2,1123_49,HH,2,speed-5|band0.5|scr20,-5.0,0.5,22500000.0,20.0,OS8-G0,152,0,0,0,0,0,0,0,0,0,0
1123_49_rot2,1123_49,HH,2,speed-5|band1|scr0,-5.0,1.0,45000000.0,0.0,OS8-G0,152,1,1,1,1,581,581,-146,1,0,0
1123_49_rot2,1123_49,HH,2,speed-5|band1|scr10,-5.0,1.0,45000000.0,10.0,OS8-G0,152,0,0,0,0,0,0,0,0,0,0
1123_49_rot2,1123_49,HH,2,speed-5|band1|scr20,-5.0,1.0,45000000.0,20.0,OS8-G0,152,0,0,0,0,0,0,0,0,0,0
1123_49_rot2,1123_49,HH,2,speed5|band0.5|scr0,5.0,0.5,22500000.0,0.0,OS8-G0,152,0,0,0,0,0,0,0,0,0,0
1123_49_rot2,1123_49,HH,2,speed5|band0.5|scr10,5.0,0.5,22500000.0,10.0,OS8-G0,152,0,0,0,0,0,0,0,0,0,0
1123_49_rot2,1123_49,HH,2,speed5|band0.5|scr20,5.0,0.5,22500000.0,20.0,OS8-G0,152,0,0,0,0,0,0,0,0,0,0
1123_49_rot2,1123_49,HH,2,speed5|band1|scr0,5.0,1.0,45000000.0,0.0,OS8-G0,152,0,0,0,0,0,0,0,0,0,0
1123_49_rot2,1123_49,HH,2,speed5|band1|scr10,5.0,1.0,45000000.0,10.0,OS8-G0,152,0,0,0,0,0,0,0,0,0,0
1123_49_rot2,1123_49,HH,2,speed5|band1|scr20,5.0,1.0,45000000.0,20.0,OS8-G0,152,0,0,0,0,0,0,0,0,0,0
1123_49_rot2,1123_49,HH,2,speed15|band0.5|scr0,15.0,0.5,22500000.0,0.0,OS8-G0,152,0,0,0,0,0,0,0,0,0,0
1123_49_rot2,1123_49,HH,2,speed15|band0.5|scr10,15.0,0.5,22500000.0,10.0,OS8-G0,152,0,0,0,0,0,0,0,0,0,0
1123_49_rot2,1123_49,HH,2,speed15|band0.5|scr20,15.0,0.5,22500000.0,20.0,OS8-G0,152,0,0,0,0,0,0,0,0,0,0
1123_49_rot2,1123_49,HH,2,speed15|band1|scr0,15.0,1.0,45000000.0,0.0,OS8-G0,152,0,0,0,0,0,0,0,0,0,0
1123_49_rot2,1123_49,HH,2,speed15|band1|scr10,15.0,1.0,45000000.0,10.0,OS8-G0,152,0,0,0,0,0,0,0,0,0,0
1123_49_rot2,1123_49,HH,2,speed15|band1|scr20,15.0,1.0,45000000.0,20.0,OS8-G0,152,0,0,0,0,0,0,0,0,0,0
1123_49_rot2,1123_49,HH,2,speed-15|band0.5|scr0,-15.0,0.5,22500000.0,0.0,IN-G8,152,8,2,2,0,2718,1273,-130,1,0,1
1123_49_rot2,1123_49,HH,2,speed-15|band0.5|scr10,-15.0,0.5,22500000.0,10.0,IN-G8,152,6,1,1,0,2548,440,-201,1,0,0
1123_49_rot2,1123_49,HH,2,speed-15|band0.5|scr20,-15.0,0.5,22500000.0,20.0,IN-G8,152,4,0,0,0,1284,0,0,0,0,0
1123_49_rot2,1123_49,HH,2,speed-15|band1|scr0,-15.0,1.0,45000000.0,0.0,IN-G8,152,10,6,6,2,4612,3295,-186,3,0,3
1123_49_rot2,1123_49,HH,2,speed-15|band1|scr10,-15.0,1.0,45000000.0,10.0,IN-G8,152,8,2,2,0,3514,1159,74,1,0,1
1123_49_rot2,1123_49,HH,2,speed-15|band1|scr20,-15.0,1.0,45000000.0,20.0,IN-G8,152,17,11,11,10,8410,5832,-553,7,0,4
1123_49_rot2,1123_49,HH,2,speed-5|band0.5|scr0,-5.0,0.5,22500000.0,0.0,IN-G8,152,12,9,9,7,4721,3550,-1587,7,0,2
1123_49_rot2,1123_49,HH,2,speed-5|band0.5|scr10,-5.0,0.5,22500000.0,10.0,IN-G8,152,11,6,6,5,5353,3329,2,3,0,3
1123_49_rot2,1123_49,HH,2,speed-5|band0.5|scr20,-5.0,0.5,22500000.0,20.0,IN-G8,152,4,2,2,1,2196,1273,-130,1,0,1
1123_49_rot2,1123_49,HH,2,speed-5|band1|scr0,-5.0,1.0,45000000.0,0.0,IN-G8,152,12,9,9,7,4720,3549,-1588,7,0,2
1123_49_rot2,1123_49,HH,2,speed-5|band1|scr10,-5.0,1.0,45000000.0,10.0,IN-G8,152,12,9,9,7,5219,4048,-1089,6,0,3
1123_49_rot2,1123_49,HH,2,speed-5|band1|scr20,-5.0,1.0,45000000.0,20.0,IN-G8,152,6,3,3,2,2462,1406,-610,2,0,1
1123_49_rot2,1123_49,HH,2,speed5|band0.5|scr0,5.0,0.5,22500000.0,0.0,IN-G8,152,10,4,4,3,4254,2196,-201,2,0,2
1123_49_rot2,1123_49,HH,2,speed5|band0.5|scr10,5.0,0.5,22500000.0,10.0,IN-G8,152,5,2,2,2,2564,1158,73,1,0,1
1123_49_rot2,1123_49,HH,2,speed5|band0.5|scr20,5.0,0.5,22500000.0,20.0,IN-G8,152,3,1,1,1,2053,440,-201,1,0,0
1123_49_rot2,1123_49,HH,2,speed5|band1|scr0,5.0,1.0,45000000.0,0.0,IN-G8,152,12,6,6,3,4955,2549,-1116,4,0,2
1123_49_rot2,1123_49,HH,2,speed5|band1|scr10,5.0,1.0,45000000.0,10.0,IN-G8,152,8,4,4,4,3668,1497,-751,3,0,1
1123_49_rot2,1123_49,HH,2,speed5|band1|scr20,5.0,1.0,45000000.0,20.0,IN-G8,152,3,1,1,1,1406,440,-201,1,0,0
1123_49_rot2,1123_49,HH,2,speed15|band0.5|scr0,15.0,0.5,22500000.0,0.0,IN-G8,152,6,1,1,1,2362,440,-201,1,0,0
1123_49_rot2,1123_49,HH,2,speed15|band0.5|scr10,15.0,0.5,22500000.0,10.0,IN-G8,152,6,1,1,1,3588,440,-201,1,0,0
1123_49_rot2,1123_49,HH,2,speed15|band0.5|scr20,15.0,0.5,22500000.0,20.0,IN-G8,152,14,0,0,0,6777,0,0,0,0,0
1123_49_rot2,1123_49,HH,2,speed15|band1|scr0,15.0,1.0,45000000.0,0.0,IN-G8,152,10,3,3,1,3565,1415,-133,2,0,1
1123_49_rot2,1123_49,HH,2,speed15|band1|scr10,15.0,1.0,45000000.0,10.0,IN-G8,152,10,8,8,6,3262,3146,-1541,7,0,1
1123_49_rot2,1123_49,HH,2,speed15|band1|scr20,15.0,1.0,45000000.0,20.0,IN-G8,152,39,31,31,29,14863,12498,-3414,20,0,11
1123_49_rot2,1123_49,HH,2,speed-15|band0.5|scr0,-15.0,0.5,22500000.0,0.0,CA-G8,152,0,0,0,0,0,0,0,0,0,0
1123_49_rot2,1123_49,HH,2,speed-15|band0.5|scr10,-15.0,0.5,22500000.0,10.0,CA-G8,152,0,0,0,0,0,0,0,0,0,0
1123_49_rot2,1123_49,HH,2,speed-15|band0.5|scr20,-15.0,0.5,22500000.0,20.0,CA-G8,152,0,0,0,0,0,0,0,0,0,0
1123_49_rot2,1123_49,HH,2,speed-15|band1|scr0,-15.0,1.0,45000000.0,0.0,CA-G8,152,0,0,0,0,0,0,0,0,0,0
1123_49_rot2,1123_49,HH,2,speed-15|band1|scr10,-15.0,1.0,45000000.0,10.0,CA-G8,152,0,0,0,0,0,0,0,0,0,0
1123_49_rot2,1123_49,HH,2,speed-15|band1|scr20,-15.0,1.0,45000000.0,20.0,CA-G8,152,0,0,0,0,0,0,0,0,0,0
1123_49_rot2,1123_49,HH,2,speed-5|band0.5|scr0,-5.0,0.5,22500000.0,0.0,CA-G8,152,0,0,0,0,0,0,0,0,0,0
1123_49_rot2,1123_49,HH,2,speed-5|band0.5|scr10,-5.0,0.5,22500000.0,10.0,CA-G8,152,0,0,0,0,0,0,0,0,0,0
1123_49_rot2,1123_49,HH,2,speed-5|band0.5|scr20,-5.0,0.5,22500000.0,20.0,CA-G8,152,0,0,0,0,0,0,0,0,0,0
1123_49_rot2,1123_49,HH,2,speed-5|band1|scr0,-5.0,1.0,45000000.0,0.0,CA-G8,152,0,0,0,0,0,0,0,0,0,0
1123_49_rot2,1123_49,HH,2,speed-5|band1|scr10,-5.0,1.0,45000000.0,10.0,CA-G8,152,0,0,0,0,0,0,0,0,0,0
1123_49_rot2,1123_49,HH,2,speed-5|band1|scr20,-5.0,1.0,45000000.0,20.0,CA-G8,152,0,0,0,0,0,0,0,0,0,0
1123_49_rot2,1123_49,HH,2,speed5|band0.5|scr0,5.0,0.5,22500000.0,0.0,CA-G8,152,0,0,0,0,0,0,0,0,0,0
1123_49_rot2,1123_49,HH,2,speed5|band0.5|scr10,5.0,0.5,22500000.0,10.0,CA-G8,152,0,0,0,0,0,0,0,0,0,0
1123_49_rot2,1123_49,HH,2,speed5|band0.5|scr20,5.0,0.5,22500000.0,20.0,CA-G8,152,0,0,0,0,0,0,0,0,0,0
1123_49_rot2,1123_49,HH,2,speed5|band1|scr0,5.0,1.0,45000000.0,0.0,CA-G8,152,0,0,0,0,0,0,0,0,0,0
1123_49_rot2,1123_49,HH,2,speed5|band1|scr10,5.0,1.0,45000000.0,10.0,CA-G8,152,0,0,0,0,0,0,0,0,0,0
1123_49_rot2,1123_49,HH,2,speed5|band1|scr20,5.0,1.0,45000000.0,20.0,CA-G8,152,0,0,0,0,0,0,0,0,0,0
1123_49_rot2,1123_49,HH,2,speed15|band0.5|scr0,15.0,0.5,22500000.0,0.0,CA-G8,152,0,0,0,0,0,0,0,0,0,0
1123_49_rot2,1123_49,HH,2,speed15|band0.5|scr10,15.0,0.5,22500000.0,10.0,CA-G8,152,0,0,0,0,0,0,0,0,0,0
1123_49_rot2,1123_49,HH,2,speed15|band0.5|scr20,15.0,0.5,22500000.0,20.0,CA-G8,152,0,0,0,0,0,0,0,0,0,0
1123_49_rot2,1123_49,HH,2,speed15|band1|scr0,15.0,1.0,45000000.0,0.0,CA-G8,152,0,0,0,0,0,0,0,0,0,0
1123_49_rot2,1123_49,HH,2,speed15|band1|scr10,15.0,1.0,45000000.0,10.0,CA-G8,152,0,0,0,0,0,0,0,0,0,0
1123_49_rot2,1123_49,HH,2,speed15|band1|scr20,15.0,1.0,45000000.0,20.0,CA-G8,152,0,0,0,0,0,0,0,0,0,0
1123_49_rot2,1123_49,HH,2,speed-15|band0.5|scr0,-15.0,0.5,22500000.0,0.0,OS8-G8,152,0,0,0,0,0,0,0,0,0,0
1123_49_rot2,1123_49,HH,2,speed-15|band0.5|scr10,-15.0,0.5,22500000.0,10.0,OS8-G8,152,0,0,0,0,0,0,0,0,0,0
1123_49_rot2,1123_49,HH,2,speed-15|band0.5|scr20,-15.0,0.5,22500000.0,20.0,OS8-G8,152,0,0,0,0,0,0,0,0,0,0
1123_49_rot2,1123_49,HH,2,speed-15|band1|scr0,-15.0,1.0,45000000.0,0.0,OS8-G8,152,0,0,0,0,0,0,0,0,0,0
1123_49_rot2,1123_49,HH,2,speed-15|band1|scr10,-15.0,1.0,45000000.0,10.0,OS8-G8,152,0,0,0,0,0,0,0,0,0,0
1123_49_rot2,1123_49,HH,2,speed-15|band1|scr20,-15.0,1.0,45000000.0,20.0,OS8-G8,152,0,0,0,0,0,0,0,0,0,0
1123_49_rot2,1123_49,HH,2,speed-5|band0.5|scr0,-5.0,0.5,22500000.0,0.0,OS8-G8,152,0,0,0,0,0,0,0,0,0,0
1123_49_rot2,1123_49,HH,2,speed-5|band0.5|scr10,-5.0,0.5,22500000.0,10.0,OS8-G8,152,0,0,0,0,0,0,0,0,0,0
1123_49_rot2,1123_49,HH,2,speed-5|band0.5|scr20,-5.0,0.5,22500000.0,20.0,OS8-G8,152,0,0,0,0,0,0,0,0,0,0
1123_49_rot2,1123_49,HH,2,speed-5|band1|scr0,-5.0,1.0,45000000.0,0.0,OS8-G8,152,0,0,0,0,0,0,0,0,0,0
1123_49_rot2,1123_49,HH,2,speed-5|band1|scr10,-5.0,1.0,45000000.0,10.0,OS8-G8,152,0,0,0,0,0,0,0,0,0,0
1123_49_rot2,1123_49,HH,2,speed-5|band1|scr20,-5.0,1.0,45000000.0,20.0,OS8-G8,152,0,0,0,0,0,0,0,0,0,0
1123_49_rot2,1123_49,HH,2,speed5|band0.5|scr0,5.0,0.5,22500000.0,0.0,OS8-G8,152,0,0,0,0,0,0,0,0,0,0
1123_49_rot2,1123_49,HH,2,speed5|band0.5|scr10,5.0,0.5,22500000.0,10.0,OS8-G8,152,0,0,0,0,0,0,0,0,0,0
1123_49_rot2,1123_49,HH,2,speed5|band0.5|scr20,5.0,0.5,22500000.0,20.0,OS8-G8,152,0,0,0,0,0,0,0,0,0,0
1123_49_rot2,1123_49,HH,2,speed5|band1|scr0,5.0,1.0,45000000.0,0.0,OS8-G8,152,0,0,0,0,0,0,0,0,0,0
1123_49_rot2,1123_49,HH,2,speed5|band1|scr10,5.0,1.0,45000000.0,10.0,OS8-G8,152,0,0,0,0,0,0,0,0,0,0
1123_49_rot2,1123_49,HH,2,speed5|band1|scr20,5.0,1.0,45000000.0,20.0,OS8-G8,152,0,0,0,0,0,0,0,0,0,0
1123_49_rot2,1123_49,HH,2,speed15|band0.5|scr0,15.0,0.5,22500000.0,0.0,OS8-G8,152,0,0,0,0,0,0,0,0,0,0
1123_49_rot2,1123_49,HH,2,speed15|band0.5|scr10,15.0,0.5,22500000.0,10.0,OS8-G8,152,0,0,0,0,0,0,0,0,0,0
1123_49_rot2,1123_49,HH,2,speed15|band0.5|scr20,15.0,0.5,22500000.0,20.0,OS8-G8,152,0,0,0,0,0,0,0,0,0,0
1123_49_rot2,1123_49,HH,2,speed15|band1|scr0,15.0,1.0,45000000.0,0.0,OS8-G8,152,0,0,0,0,0,0,0,0,0,0
1123_49_rot2,1123_49,HH,2,speed15|band1|scr10,15.0,1.0,45000000.0,10.0,OS8-G8,152,0,0,0,0,0,0,0,0,0,0
1123_49_rot2,1123_49,HH,2,speed15|band1|scr20,15.0,1.0,45000000.0,20.0,OS8-G8,152,0,0,0,0,0,0,0,0,0,0
1123_49_rot2,1123_49,HH,2,speed-15|band0.5|scr0,-15.0,0.5,22500000.0,0.0,PAMF-H1-K8-G8,152,2,0,0,0,873,0,0,0,0,0
1123_49_rot2,1123_49,HH,2,speed-15|band0.5|scr10,-15.0,0.5,22500000.0,10.0,PAMF-H1-K8-G8,152,3,0,0,0,654,0,0,0,0,0
1123_49_rot2,1123_49,HH,2,speed-15|band0.5|scr20,-15.0,0.5,22500000.0,20.0,PAMF-H1-K8-G8,152,38,0,0,0,9490,0,0,0,0,0
1123_49_rot2,1123_49,HH,2,speed-15|band1|scr0,-15.0,1.0,45000000.0,0.0,PAMF-H1-K8-G8,152,4,2,2,1,1916,578,-332,2,0,0
1123_49_rot2,1123_49,HH,2,speed-15|band1|scr10,-15.0,1.0,45000000.0,10.0,PAMF-H1-K8-G8,152,22,20,20,18,8046,6791,-5167,16,0,4
1123_49_rot2,1123_49,HH,2,speed-15|band1|scr20,-15.0,1.0,45000000.0,20.0,PAMF-H1-K8-G8,152,90,90,90,69,22572,26106,-24393,73,0,17
1123_49_rot2,1123_49,HH,2,speed-5|band0.5|scr0,-5.0,0.5,22500000.0,0.0,PAMF-H1-K8-G8,152,6,3,3,3,3236,1590,-240,2,0,1
1123_49_rot2,1123_49,HH,2,speed-5|band0.5|scr10,-5.0,0.5,22500000.0,10.0,PAMF-H1-K8-G8,152,2,1,1,1,1559,834,72,0,0,1
1123_49_rot2,1123_49,HH,2,speed-5|band0.5|scr20,-5.0,0.5,22500000.0,20.0,PAMF-H1-K8-G8,152,3,1,1,1,1672,884,122,0,0,1
1123_49_rot2,1123_49,HH,2,speed-5|band1|scr0,-5.0,1.0,45000000.0,0.0,PAMF-H1-K8-G8,152,7,4,4,4,3622,1977,-466,3,0,1
1123_49_rot2,1123_49,HH,2,speed-5|band1|scr10,-5.0,1.0,45000000.0,10.0,PAMF-H1-K8-G8,152,5,2,2,2,2495,1274,-122,1,0,1
1123_49_rot2,1123_49,HH,2,speed-5|band1|scr20,-5.0,1.0,45000000.0,20.0,PAMF-H1-K8-G8,152,4,2,2,2,2117,1098,-305,1,0,1
1123_49_rot2,1123_49,HH,2,speed5|band0.5|scr0,5.0,0.5,22500000.0,0.0,PAMF-H1-K8-G8,152,3,0,0,0,1590,0,0,0,0,0
1123_49_rot2,1123_49,HH,2,speed5|band0.5|scr10,5.0,0.5,22500000.0,10.0,PAMF-H1-K8-G8,152,3,0,0,0,1504,0,0,0,0,0
1123_49_rot2,1123_49,HH,2,speed5|band0.5|scr20,5.0,0.5,22500000.0,20.0,PAMF-H1-K8-G8,152,3,0,0,0,1294,0,0,0,0,0
1123_49_rot2,1123_49,HH,2,speed5|band1|scr0,5.0,1.0,45000000.0,0.0,PAMF-H1-K8-G8,152,3,0,0,0,1590,0,0,0,0,0
1123_49_rot2,1123_49,HH,2,speed5|band1|scr10,5.0,1.0,45000000.0,10.0,PAMF-H1-K8-G8,152,3,1,1,1,2169,1019,556,0,0,1
1123_49_rot2,1123_49,HH,2,speed5|band1|scr20,5.0,1.0,45000000.0,20.0,PAMF-H1-K8-G8,152,7,7,7,6,2540,3206,-636,4,0,3
1123_49_rot2,1123_49,HH,2,speed15|band0.5|scr0,15.0,0.5,22500000.0,0.0,PAMF-H1-K8-G8,152,2,0,0,0,833,0,0,0,0,0
1123_49_rot2,1123_49,HH,2,speed15|band0.5|scr10,15.0,0.5,22500000.0,10.0,PAMF-H1-K8-G8,152,11,0,0,0,4475,0,0,0,0,0
1123_49_rot2,1123_49,HH,2,speed15|band0.5|scr20,15.0,0.5,22500000.0,20.0,PAMF-H1-K8-G8,152,63,0,0,0,14901,0,0,0,0,0
1123_49_rot2,1123_49,HH,2,speed15|band1|scr0,15.0,1.0,45000000.0,0.0,PAMF-H1-K8-G8,152,4,3,3,2,995,423,-1396,3,0,0
1123_49_rot2,1123_49,HH,2,speed15|band1|scr10,15.0,1.0,45000000.0,10.0,PAMF-H1-K8-G8,152,39,39,39,33,9700,11265,-11123,34,0,5
1123_49_rot2,1123_49,HH,2,speed15|band1|scr20,15.0,1.0,45000000.0,20.0,PAMF-H1-K8-G8,152,117,117,117,87,22568,26969,-34515,103,0,14
1123_49_rot2,1123_49,HH,2,speed-15|band0.5|scr0,-15.0,0.5,22500000.0,0.0,P-ANMF1-N16,152,41,40,40,40,8721,8634,-13271,34,1,5
1123_49_rot2,1123_49,HH,2,speed-15|band0.5|scr10,-15.0,0.5,22500000.0,10.0,P-ANMF1-N16,152,123,123,123,118,16356,16556,-48186,115,0,8
1123_49_rot2,1123_49,HH,2,speed-15|band0.5|scr20,-15.0,0.5,22500000.0,20.0,P-ANMF1-N16,152,148,148,148,128,4777,5125,-72173,147,0,1
1123_49_rot2,1123_49,HH,2,speed-15|band1|scr0,-15.0,1.0,45000000.0,0.0,P-ANMF1-N16,152,37,35,35,35,11642,11502,-8569,28,1,6
1123_49_rot2,1123_49,HH,2,speed-15|band1|scr10,-15.0,1.0,45000000.0,10.0,P-ANMF1-N16,152,119,118,118,116,27310,27175,-35030,105,0,13
1123_49_rot2,1123_49,HH,2,speed-15|band1|scr20,-15.0,1.0,45000000.0,20.0,P-ANMF1-N16,152,145,145,145,126,12022,12876,-63310,145,0,0
1123_49_rot2,1123_49,HH,2,speed-5|band0.5|scr0,-5.0,0.5,22500000.0,0.0,P-ANMF1-N16,152,6,5,5,4,1418,1696,-853,5,0,0
1123_49_rot2,1123_49,HH,2,speed-5|band0.5|scr10,-5.0,0.5,22500000.0,10.0,P-ANMF1-N16,152,37,37,37,36,5879,5880,-15514,36,0,1
1123_49_rot2,1123_49,HH,2,speed-5|band0.5|scr20,-5.0,0.5,22500000.0,20.0,P-ANMF1-N16,152,107,107,107,106,7866,7956,-49011,103,0,4
1123_49_rot2,1123_49,HH,2,speed-5|band1|scr0,-5.0,1.0,45000000.0,0.0,P-ANMF1-N16,152,5,4,4,3,1076,1346,-441,3,0,1
1123_49_rot2,1123_49,HH,2,speed-5|band1|scr10,-5.0,1.0,45000000.0,10.0,P-ANMF1-N16,152,35,35,35,33,11102,11657,-8414,33,0,2
1123_49_rot2,1123_49,HH,2,speed-5|band1|scr20,-5.0,1.0,45000000.0,20.0,P-ANMF1-N16,152,103,103,103,102,19069,19070,-35948,96,0,7
1123_49_rot2,1123_49,HH,2,speed5|band0.5|scr0,5.0,0.5,22500000.0,0.0,P-ANMF1-N16,152,46,46,46,46,5834,5834,-19421,42,0,4
1123_49_rot2,1123_49,HH,2,speed5|band0.5|scr10,5.0,0.5,22500000.0,10.0,P-ANMF1-N16,152,123,123,123,123,8222,8222,-57192,119,0,4
1123_49_rot2,1123_49,HH,2,speed5|band0.5|scr20,5.0,0.5,22500000.0,20.0,P-ANMF1-N16,152,150,150,150,149,1394,1394,-77127,150,0,0
1123_49_rot2,1123_49,HH,2,speed5|band1|scr0,5.0,1.0,45000000.0,0.0,P-ANMF1-N16,152,44,43,43,43,12406,11998,-12055,39,0,4
1123_49_rot2,1123_49,HH,2,speed5|band1|scr10,5.0,1.0,45000000.0,10.0,P-ANMF1-N16,152,121,121,121,121,18566,18566,-46056,119,0,2
1123_49_rot2,1123_49,HH,2,speed5|band1|scr20,5.0,1.0,45000000.0,20.0,P-ANMF1-N16,152,150,150,150,148,6658,6662,-71859,150,0,0
1123_49_rot2,1123_49,HH,2,speed15|band0.5|scr0,15.0,0.5,22500000.0,0.0,P-ANMF1-N16,152,77,77,77,76,15344,15779,-26607,66,0,11
1123_49_rot2,1123_49,HH,2,speed15|band0.5|scr10,15.0,0.5,22500000.0,10.0,P-ANMF1-N16,152,141,141,141,130,10919,11144,-63431,136,0,5
1123_49_rot2,1123_49,HH,2,speed15|band0.5|scr20,15.0,0.5,22500000.0,20.0,P-ANMF1-N16,152,151,151,151,123,3451,4362,-74643,151,0,0
1123_49_rot2,1123_49,HH,2,speed15|band1|scr0,15.0,1.0,45000000.0,0.0,P-ANMF1-N16,152,70,70,70,69,18871,19306,-19168,59,0,11
1123_49_rot2,1123_49,HH,2,speed15|band1|scr10,15.0,1.0,45000000.0,10.0,P-ANMF1-N16,152,140,140,140,137,19743,19889,-54287,135,0,5
1123_49_rot2,1123_49,HH,2,speed15|band1|scr20,15.0,1.0,45000000.0,20.0,P-ANMF1-N16,152,151,151,151,116,8829,10734,-68271,151,0,0
1123_49_rot3,1123_49,HH,3,speed-15|band0.5|scr0,-15.0,0.5,22500000.0,0.0,IN-G0,152,0,0,0,0,0,0,0,0,0,0
1123_49_rot3,1123_49,HH,3,speed-15|band0.5|scr10,-15.0,0.5,22500000.0,10.0,IN-G0,152,0,0,0,0,0,0,0,0,0,0
1123_49_rot3,1123_49,HH,3,speed-15|band0.5|scr20,-15.0,0.5,22500000.0,20.0,IN-G0,152,0,0,0,0,0,0,0,0,0,0
1123_49_rot3,1123_49,HH,3,speed-15|band1|scr0,-15.0,1.0,45000000.0,0.0,IN-G0,152,0,0,0,0,0,0,0,0,0,0
1123_49_rot3,1123_49,HH,3,speed-15|band1|scr10,-15.0,1.0,45000000.0,10.0,IN-G0,152,0,0,0,0,0,0,0,0,0,0
1123_49_rot3,1123_49,HH,3,speed-15|band1|scr20,-15.0,1.0,45000000.0,20.0,IN-G0,152,0,0,0,0,0,0,0,0,0,0
1123_49_rot3,1123_49,HH,3,speed-5|band0.5|scr0,-5.0,0.5,22500000.0,0.0,IN-G0,152,0,0,0,0,0,0,0,0,0,0
1123_49_rot3,1123_49,HH,3,speed-5|band0.5|scr10,-5.0,0.5,22500000.0,10.0,IN-G0,152,0,0,0,0,0,0,0,0,0,0
1123_49_rot3,1123_49,HH,3,speed-5|band0.5|scr20,-5.0,0.5,22500000.0,20.0,IN-G0,152,0,0,0,0,0,0,0,0,0,0
1123_49_rot3,1123_49,HH,3,speed-5|band1|scr0,-5.0,1.0,45000000.0,0.0,IN-G0,152,0,0,0,0,0,0,0,0,0,0
1123_49_rot3,1123_49,HH,3,speed-5|band1|scr10,-5.0,1.0,45000000.0,10.0,IN-G0,152,0,0,0,0,0,0,0,0,0,0
1123_49_rot3,1123_49,HH,3,speed-5|band1|scr20,-5.0,1.0,45000000.0,20.0,IN-G0,152,0,0,0,0,0,0,0,0,0,0
1123_49_rot3,1123_49,HH,3,speed5|band0.5|scr0,5.0,0.5,22500000.0,0.0,IN-G0,152,0,0,0,0,0,0,0,0,0,0
1123_49_rot3,1123_49,HH,3,speed5|band0.5|scr10,5.0,0.5,22500000.0,10.0,IN-G0,152,0,0,0,0,0,0,0,0,0,0
1123_49_rot3,1123_49,HH,3,speed5|band0.5|scr20,5.0,0.5,22500000.0,20.0,IN-G0,152,0,0,0,0,0,0,0,0,0,0
1123_49_rot3,1123_49,HH,3,speed5|band1|scr0,5.0,1.0,45000000.0,0.0,IN-G0,152,0,0,0,0,0,0,0,0,0,0
1123_49_rot3,1123_49,HH,3,speed5|band1|scr10,5.0,1.0,45000000.0,10.0,IN-G0,152,0,0,0,0,0,0,0,0,0,0
1123_49_rot3,1123_49,HH,3,speed5|band1|scr20,5.0,1.0,45000000.0,20.0,IN-G0,152,0,0,0,0,0,0,0,0,0,0
1123_49_rot3,1123_49,HH,3,speed15|band0.5|scr0,15.0,0.5,22500000.0,0.0,IN-G0,152,0,0,0,0,0,0,0,0,0,0
1123_49_rot3,1123_49,HH,3,speed15|band0.5|scr10,15.0,0.5,22500000.0,10.0,IN-G0,152,0,0,0,0,0,0,0,0,0,0
1123_49_rot3,1123_49,HH,3,speed15|band0.5|scr20,15.0,0.5,22500000.0,20.0,IN-G0,152,0,0,0,0,0,0,0,0,0,0
1123_49_rot3,1123_49,HH,3,speed15|band1|scr0,15.0,1.0,45000000.0,0.0,IN-G0,152,0,0,0,0,0,0,0,0,0,0
1123_49_rot3,1123_49,HH,3,speed15|band1|scr10,15.0,1.0,45000000.0,10.0,IN-G0,152,0,0,0,0,0,0,0,0,0,0
1123_49_rot3,1123_49,HH,3,speed15|band1|scr20,15.0,1.0,45000000.0,20.0,IN-G0,152,0,0,0,0,0,0,0,0,0,0
1123_49_rot3,1123_49,HH,3,speed-15|band0.5|scr0,-15.0,0.5,22500000.0,0.0,CA-G0,152,0,0,0,0,0,0,0,0,0,0
1123_49_rot3,1123_49,HH,3,speed-15|band0.5|scr10,-15.0,0.5,22500000.0,10.0,CA-G0,152,0,0,0,0,0,0,0,0,0,0
1123_49_rot3,1123_49,HH,3,speed-15|band0.5|scr20,-15.0,0.5,22500000.0,20.0,CA-G0,152,0,0,0,0,0,0,0,0,0,0
1123_49_rot3,1123_49,HH,3,speed-15|band1|scr0,-15.0,1.0,45000000.0,0.0,CA-G0,152,0,0,0,0,0,0,0,0,0,0
1123_49_rot3,1123_49,HH,3,speed-15|band1|scr10,-15.0,1.0,45000000.0,10.0,CA-G0,152,0,0,0,0,0,0,0,0,0,0
1123_49_rot3,1123_49,HH,3,speed-15|band1|scr20,-15.0,1.0,45000000.0,20.0,CA-G0,152,0,0,0,0,0,0,0,0,0,0
1123_49_rot3,1123_49,HH,3,speed-5|band0.5|scr0,-5.0,0.5,22500000.0,0.0,CA-G0,152,0,0,0,0,0,0,0,0,0,0
1123_49_rot3,1123_49,HH,3,speed-5|band0.5|scr10,-5.0,0.5,22500000.0,10.0,CA-G0,152,0,0,0,0,0,0,0,0,0,0
1123_49_rot3,1123_49,HH,3,speed-5|band0.5|scr20,-5.0,0.5,22500000.0,20.0,CA-G0,152,0,0,0,0,0,0,0,0,0,0
1123_49_rot3,1123_49,HH,3,speed-5|band1|scr0,-5.0,1.0,45000000.0,0.0,CA-G0,152,0,0,0,0,0,0,0,0,0,0
1123_49_rot3,1123_49,HH,3,speed-5|band1|scr10,-5.0,1.0,45000000.0,10.0,CA-G0,152,0,0,0,0,0,0,0,0,0,0
1123_49_rot3,1123_49,HH,3,speed-5|band1|scr20,-5.0,1.0,45000000.0,20.0,CA-G0,152,0,0,0,0,0,0,0,0,0,0
1123_49_rot3,1123_49,HH,3,speed5|band0.5|scr0,5.0,0.5,22500000.0,0.0,CA-G0,152,0,0,0,0,0,0,0,0,0,0
1123_49_rot3,1123_49,HH,3,speed5|band0.5|scr10,5.0,0.5,22500000.0,10.0,CA-G0,152,0,0,0,0,0,0,0,0,0,0
1123_49_rot3,1123_49,HH,3,speed5|band0.5|scr20,5.0,0.5,22500000.0,20.0,CA-G0,152,0,0,0,0,0,0,0,0,0,0
1123_49_rot3,1123_49,HH,3,speed5|band1|scr0,5.0,1.0,45000000.0,0.0,CA-G0,152,0,0,0,0,0,0,0,0,0,0
1123_49_rot3,1123_49,HH,3,speed5|band1|scr10,5.0,1.0,45000000.0,10.0,CA-G0,152,0,0,0,0,0,0,0,0,0,0
1123_49_rot3,1123_49,HH,3,speed5|band1|scr20,5.0,1.0,45000000.0,20.0,CA-G0,152,0,0,0,0,0,0,0,0,0,0
1123_49_rot3,1123_49,HH,3,speed15|band0.5|scr0,15.0,0.5,22500000.0,0.0,CA-G0,152,0,0,0,0,0,0,0,0,0,0
1123_49_rot3,1123_49,HH,3,speed15|band0.5|scr10,15.0,0.5,22500000.0,10.0,CA-G0,152,0,0,0,0,0,0,0,0,0,0
1123_49_rot3,1123_49,HH,3,speed15|band0.5|scr20,15.0,0.5,22500000.0,20.0,CA-G0,152,0,0,0,0,0,0,0,0,0,0
1123_49_rot3,1123_49,HH,3,speed15|band1|scr0,15.0,1.0,45000000.0,0.0,CA-G0,152,0,0,0,0,0,0,0,0,0,0
1123_49_rot3,1123_49,HH,3,speed15|band1|scr10,15.0,1.0,45000000.0,10.0,CA-G0,152,0,0,0,0,0,0,0,0,0,0
1123_49_rot3,1123_49,HH,3,speed15|band1|scr20,15.0,1.0,45000000.0,20.0,CA-G0,152,0,0,0,0,0,0,0,0,0,0
1123_49_rot3,1123_49,HH,3,speed-15|band0.5|scr0,-15.0,0.5,22500000.0,0.0,OS8-G0,152,1,1,1,1,240,240,-271,1,0,0
1123_49_rot3,1123_49,HH,3,speed-15|band0.5|scr10,-15.0,0.5,22500000.0,10.0,OS8-G0,152,0,0,0,0,0,0,0,0,0,0
1123_49_rot3,1123_49,HH,3,speed-15|band0.5|scr20,-15.0,0.5,22500000.0,20.0,OS8-G0,152,0,0,0,0,0,0,0,0,0,0
1123_49_rot3,1123_49,HH,3,speed-15|band1|scr0,-15.0,1.0,45000000.0,0.0,OS8-G0,152,0,0,0,0,0,0,0,0,0,0
1123_49_rot3,1123_49,HH,3,speed-15|band1|scr10,-15.0,1.0,45000000.0,10.0,OS8-G0,152,1,0,0,0,142,0,0,0,0,0
1123_49_rot3,1123_49,HH,3,speed-15|band1|scr20,-15.0,1.0,45000000.0,20.0,OS8-G0,152,0,0,0,0,0,0,0,0,0,0
1123_49_rot3,1123_49,HH,3,speed-5|band0.5|scr0,-5.0,0.5,22500000.0,0.0,OS8-G0,152,3,3,3,3,1595,1595,496,1,0,2
1123_49_rot3,1123_49,HH,3,speed-5|band0.5|scr10,-5.0,0.5,22500000.0,10.0,OS8-G0,152,2,1,1,1,1484,650,185,0,0,1
1123_49_rot3,1123_49,HH,3,speed-5|band0.5|scr20,-5.0,0.5,22500000.0,20.0,OS8-G0,152,0,0,0,0,0,0,0,0,0,0
1123_49_rot3,1123_49,HH,3,speed-5|band1|scr0,-5.0,1.0,45000000.0,0.0,OS8-G0,152,5,5,5,5,2152,2152,73,3,0,2
1123_49_rot3,1123_49,HH,3,speed-5|band1|scr10,-5.0,1.0,45000000.0,10.0,OS8-G0,152,2,2,2,2,950,950,-29,1,0,1
1123_49_rot3,1123_49,HH,3,speed-5|band1|scr20,-5.0,1.0,45000000.0,20.0,OS8-G0,152,1,1,1,1,927,927,601,0,0,1
1123_49_rot3,1123_49,HH,3,speed5|band0.5|scr0,5.0,0.5,22500000.0,0.0,OS8-G0,152,1,1,1,1,437,437,-33,1,0,0
1123_49_rot3,1123_49,HH,3,speed5|band0.5|scr10,5.0,0.5,22500000.0,10.0,OS8-G0,152,0,0,0,0,0,0,0,0,0,0
1123_49_rot3,1123_49,HH,3,speed5|band0.5|scr20,5.0,0.5,22500000.0,20.0,OS8-G0,152,1,0,0,0,166,0,0,0,0,0
1123_49_rot3,1123_49,HH,3,speed5|band1|scr0,5.0,1.0,45000000.0,0.0,OS8-G0,152,0,0,0,0,0,0,0,0,0,0
1123_49_rot3,1123_49,HH,3,speed5|band1|scr10,5.0,1.0,45000000.0,10.0,OS8-G0,152,0,0,0,0,0,0,0,0,0,0
1123_49_rot3,1123_49,HH,3,speed5|band1|scr20,5.0,1.0,45000000.0,20.0,OS8-G0,152,0,0,0,0,0,0,0,0,0,0
1123_49_rot3,1123_49,HH,3,speed15|band0.5|scr0,15.0,0.5,22500000.0,0.0,OS8-G0,152,0,0,0,0,0,0,0,0,0,0
1123_49_rot3,1123_49,HH,3,speed15|band0.5|scr10,15.0,0.5,22500000.0,10.0,OS8-G0,152,1,0,0,0,378,0,0,0,0,0
1123_49_rot3,1123_49,HH,3,speed15|band0.5|scr20,15.0,0.5,22500000.0,20.0,OS8-G0,152,0,0,0,0,0,0,0,0,0,0
1123_49_rot3,1123_49,HH,3,speed15|band1|scr0,15.0,1.0,45000000.0,0.0,OS8-G0,152,0,0,0,0,0,0,0,0,0,0
1123_49_rot3,1123_49,HH,3,speed15|band1|scr10,15.0,1.0,45000000.0,10.0,OS8-G0,152,1,0,0,0,724,0,0,0,0,0
1123_49_rot3,1123_49,HH,3,speed15|band1|scr20,15.0,1.0,45000000.0,20.0,OS8-G0,152,1,1,1,1,361,361,188,0,0,1
1123_49_rot3,1123_49,HH,3,speed-15|band0.5|scr0,-15.0,0.5,22500000.0,0.0,IN-G8,152,0,0,0,0,0,0,0,0,0,0
1123_49_rot3,1123_49,HH,3,speed-15|band0.5|scr10,-15.0,0.5,22500000.0,10.0,IN-G8,152,0,0,0,0,0,0,0,0,0,0
1123_49_rot3,1123_49,HH,3,speed-15|band0.5|scr20,-15.0,0.5,22500000.0,20.0,IN-G8,152,0,0,0,0,0,0,0,0,0,0
1123_49_rot3,1123_49,HH,3,speed-15|band1|scr0,-15.0,1.0,45000000.0,0.0,IN-G8,152,0,0,0,0,0,0,0,0,0,0
1123_49_rot3,1123_49,HH,3,speed-15|band1|scr10,-15.0,1.0,45000000.0,10.0,IN-G8,152,0,0,0,0,0,0,0,0,0,0
1123_49_rot3,1123_49,HH,3,speed-15|band1|scr20,-15.0,1.0,45000000.0,20.0,IN-G8,152,0,0,0,0,0,0,0,0,0,0
1123_49_rot3,1123_49,HH,3,speed-5|band0.5|scr0,-5.0,0.5,22500000.0,0.0,IN-G8,152,0,0,0,0,0,0,0,0,0,0
1123_49_rot3,1123_49,HH,3,speed-5|band0.5|scr10,-5.0,0.5,22500000.0,10.0,IN-G8,152,0,0,0,0,0,0,0,0,0,0
1123_49_rot3,1123_49,HH,3,speed-5|band0.5|scr20,-5.0,0.5,22500000.0,20.0,IN-G8,152,0,0,0,0,0,0,0,0,0,0
1123_49_rot3,1123_49,HH,3,speed-5|band1|scr0,-5.0,1.0,45000000.0,0.0,IN-G8,152,0,0,0,0,0,0,0,0,0,0
1123_49_rot3,1123_49,HH,3,speed-5|band1|scr10,-5.0,1.0,45000000.0,10.0,IN-G8,152,0,0,0,0,0,0,0,0,0,0
1123_49_rot3,1123_49,HH,3,speed-5|band1|scr20,-5.0,1.0,45000000.0,20.0,IN-G8,152,0,0,0,0,0,0,0,0,0,0
1123_49_rot3,1123_49,HH,3,speed5|band0.5|scr0,5.0,0.5,22500000.0,0.0,IN-G8,152,0,0,0,0,0,0,0,0,0,0
1123_49_rot3,1123_49,HH,3,speed5|band0.5|scr10,5.0,0.5,22500000.0,10.0,IN-G8,152,0,0,0,0,0,0,0,0,0,0
1123_49_rot3,1123_49,HH,3,speed5|band0.5|scr20,5.0,0.5,22500000.0,20.0,IN-G8,152,0,0,0,0,0,0,0,0,0,0
1123_49_rot3,1123_49,HH,3,speed5|band1|scr0,5.0,1.0,45000000.0,0.0,IN-G8,152,0,0,0,0,0,0,0,0,0,0
1123_49_rot3,1123_49,HH,3,speed5|band1|scr10,5.0,1.0,45000000.0,10.0,IN-G8,152,0,0,0,0,0,0,0,0,0,0
1123_49_rot3,1123_49,HH,3,speed5|band1|scr20,5.0,1.0,45000000.0,20.0,IN-G8,152,0,0,0,0,0,0,0,0,0,0
1123_49_rot3,1123_49,HH,3,speed15|band0.5|scr0,15.0,0.5,22500000.0,0.0,IN-G8,152,0,0,0,0,0,0,0,0,0,0
1123_49_rot3,1123_49,HH,3,speed15|band0.5|scr10,15.0,0.5,22500000.0,10.0,IN-G8,152,0,0,0,0,0,0,0,0,0,0
1123_49_rot3,1123_49,HH,3,speed15|band0.5|scr20,15.0,0.5,22500000.0,20.0,IN-G8,152,0,0,0,0,0,0,0,0,0,0
1123_49_rot3,1123_49,HH,3,speed15|band1|scr0,15.0,1.0,45000000.0,0.0,IN-G8,152,0,0,0,0,0,0,0,0,0,0
1123_49_rot3,1123_49,HH,3,speed15|band1|scr10,15.0,1.0,45000000.0,10.0,IN-G8,152,0,0,0,0,0,0,0,0,0,0
1123_49_rot3,1123_49,HH,3,speed15|band1|scr20,15.0,1.0,45000000.0,20.0,IN-G8,152,0,0,0,0,0,0,0,0,0,0
1123_49_rot3,1123_49,HH,3,speed-15|band0.5|scr0,-15.0,0.5,22500000.0,0.0,CA-G8,152,0,0,0,0,0,0,0,0,0,0
1123_49_rot3,1123_49,HH,3,speed-15|band0.5|scr10,-15.0,0.5,22500000.0,10.0,CA-G8,152,0,0,0,0,0,0,0,0,0,0
1123_49_rot3,1123_49,HH,3,speed-15|band0.5|scr20,-15.0,0.5,22500000.0,20.0,CA-G8,152,0,0,0,0,0,0,0,0,0,0
1123_49_rot3,1123_49,HH,3,speed-15|band1|scr0,-15.0,1.0,45000000.0,0.0,CA-G8,152,1,1,1,1,497,497,336,0,0,1
1123_49_rot3,1123_49,HH,3,speed-15|band1|scr10,-15.0,1.0,45000000.0,10.0,CA-G8,152,0,0,0,0,0,0,0,0,0,0
1123_49_rot3,1123_49,HH,3,speed-15|band1|scr20,-15.0,1.0,45000000.0,20.0,CA-G8,152,0,0,0,0,0,0,0,0,0,0
1123_49_rot3,1123_49,HH,3,speed-5|band0.5|scr0,-5.0,0.5,22500000.0,0.0,CA-G8,152,1,1,1,1,499,499,338,0,0,1
1123_49_rot3,1123_49,HH,3,speed-5|band0.5|scr10,-5.0,0.5,22500000.0,10.0,CA-G8,152,0,0,0,0,0,0,0,0,0,0
1123_49_rot3,1123_49,HH,3,speed-5|band0.5|scr20,-5.0,0.5,22500000.0,20.0,CA-G8,152,0,0,0,0,0,0,0,0,0,0
1123_49_rot3,1123_49,HH,3,speed-5|band1|scr0,-5.0,1.0,45000000.0,0.0,CA-G8,152,1,1,1,1,497,497,336,0,0,1
1123_49_rot3,1123_49,HH,3,speed-5|band1|scr10,-5.0,1.0,45000000.0,10.0,CA-G8,152,1,1,1,1,497,497,336,0,0,1
1123_49_rot3,1123_49,HH,3,speed-5|band1|scr20,-5.0,1.0,45000000.0,20.0,CA-G8,152,0,0,0,0,0,0,0,0,0,0
1123_49_rot3,1123_49,HH,3,speed5|band0.5|scr0,5.0,0.5,22500000.0,0.0,CA-G8,152,0,0,0,0,0,0,0,0,0,0
1123_49_rot3,1123_49,HH,3,speed5|band0.5|scr10,5.0,0.5,22500000.0,10.0,CA-G8,152,0,0,0,0,0,0,0,0,0,0
1123_49_rot3,1123_49,HH,3,speed5|band0.5|scr20,5.0,0.5,22500000.0,20.0,CA-G8,152,0,0,0,0,0,0,0,0,0,0
1123_49_rot3,1123_49,HH,3,speed5|band1|scr0,5.0,1.0,45000000.0,0.0,CA-G8,152,0,0,0,0,0,0,0,0,0,0
1123_49_rot3,1123_49,HH,3,speed5|band1|scr10,5.0,1.0,45000000.0,10.0,CA-G8,152,0,0,0,0,0,0,0,0,0,0
1123_49_rot3,1123_49,HH,3,speed5|band1|scr20,5.0,1.0,45000000.0,20.0,CA-G8,152,0,0,0,0,0,0,0,0,0,0
1123_49_rot3,1123_49,HH,3,speed15|band0.5|scr0,15.0,0.5,22500000.0,0.0,CA-G8,152,0,0,0,0,0,0,0,0,0,0
1123_49_rot3,1123_49,HH,3,speed15|band0.5|scr10,15.0,0.5,22500000.0,10.0,CA-G8,152,0,0,0,0,0,0,0,0,0,0
1123_49_rot3,1123_49,HH,3,speed15|band0.5|scr20,15.0,0.5,22500000.0,20.0,CA-G8,152,0,0,0,0,0,0,0,0,0,0
1123_49_rot3,1123_49,HH,3,speed15|band1|scr0,15.0,1.0,45000000.0,0.0,CA-G8,152,0,0,0,0,0,0,0,0,0,0
1123_49_rot3,1123_49,HH,3,speed15|band1|scr10,15.0,1.0,45000000.0,10.0,CA-G8,152,0,0,0,0,0,0,0,0,0,0
1123_49_rot3,1123_49,HH,3,speed15|band1|scr20,15.0,1.0,45000000.0,20.0,CA-G8,152,0,0,0,0,0,0,0,0,0,0
1123_49_rot3,1123_49,HH,3,speed-15|band0.5|scr0,-15.0,0.5,22500000.0,0.0,OS8-G8,152,0,0,0,0,0,0,0,0,0,0
1123_49_rot3,1123_49,HH,3,speed-15|band0.5|scr10,-15.0,0.5,22500000.0,10.0,OS8-G8,152,0,0,0,0,0,0,0,0,0,0
1123_49_rot3,1123_49,HH,3,speed-15|band0.5|scr20,-15.0,0.5,22500000.0,20.0,OS8-G8,152,0,0,0,0,0,0,0,0,0,0
1123_49_rot3,1123_49,HH,3,speed-15|band1|scr0,-15.0,1.0,45000000.0,0.0,OS8-G8,152,0,0,0,0,0,0,0,0,0,0
1123_49_rot3,1123_49,HH,3,speed-15|band1|scr10,-15.0,1.0,45000000.0,10.0,OS8-G8,152,0,0,0,0,0,0,0,0,0,0
1123_49_rot3,1123_49,HH,3,speed-15|band1|scr20,-15.0,1.0,45000000.0,20.0,OS8-G8,152,0,0,0,0,0,0,0,0,0,0
1123_49_rot3,1123_49,HH,3,speed-5|band0.5|scr0,-5.0,0.5,22500000.0,0.0,OS8-G8,152,0,0,0,0,0,0,0,0,0,0
1123_49_rot3,1123_49,HH,3,speed-5|band0.5|scr10,-5.0,0.5,22500000.0,10.0,OS8-G8,152,0,0,0,0,0,0,0,0,0,0
1123_49_rot3,1123_49,HH,3,speed-5|band0.5|scr20,-5.0,0.5,22500000.0,20.0,OS8-G8,152,0,0,0,0,0,0,0,0,0,0
1123_49_rot3,1123_49,HH,3,speed-5|band1|scr0,-5.0,1.0,45000000.0,0.0,OS8-G8,152,1,1,1,1,228,228,-164,1,0,0
1123_49_rot3,1123_49,HH,3,speed-5|band1|scr10,-5.0,1.0,45000000.0,10.0,OS8-G8,152,1,1,1,1,213,213,78,0,0,1
1123_49_rot3,1123_49,HH,3,speed-5|band1|scr20,-5.0,1.0,45000000.0,20.0,OS8-G8,152,0,0,0,0,0,0,0,0,0,0
1123_49_rot3,1123_49,HH,3,speed5|band0.5|scr0,5.0,0.5,22500000.0,0.0,OS8-G8,152,0,0,0,0,0,0,0,0,0,0
1123_49_rot3,1123_49,HH,3,speed5|band0.5|scr10,5.0,0.5,22500000.0,10.0,OS8-G8,152,0,0,0,0,0,0,0,0,0,0
1123_49_rot3,1123_49,HH,3,speed5|band0.5|scr20,5.0,0.5,22500000.0,20.0,OS8-G8,152,0,0,0,0,0,0,0,0,0,0
1123_49_rot3,1123_49,HH,3,speed5|band1|scr0,5.0,1.0,45000000.0,0.0,OS8-G8,152,0,0,0,0,0,0,0,0,0,0
1123_49_rot3,1123_49,HH,3,speed5|band1|scr10,5.0,1.0,45000000.0,10.0,OS8-G8,152,0,0,0,0,0,0,0,0,0,0
1123_49_rot3,1123_49,HH,3,speed5|band1|scr20,5.0,1.0,45000000.0,20.0,OS8-G8,152,0,0,0,0,0,0,0,0,0,0
1123_49_rot3,1123_49,HH,3,speed15|band0.5|scr0,15.0,0.5,22500000.0,0.0,OS8-G8,152,0,0,0,0,0,0,0,0,0,0
1123_49_rot3,1123_49,HH,3,speed15|band0.5|scr10,15.0,0.5,22500000.0,10.0,OS8-G8,152,0,0,0,0,0,0,0,0,0,0
1123_49_rot3,1123_49,HH,3,speed15|band0.5|scr20,15.0,0.5,22500000.0,20.0,OS8-G8,152,0,0,0,0,0,0,0,0,0,0
1123_49_rot3,1123_49,HH,3,speed15|band1|scr0,15.0,1.0,45000000.0,0.0,OS8-G8,152,0,0,0,0,0,0,0,0,0,0
1123_49_rot3,1123_49,HH,3,speed15|band1|scr10,15.0,1.0,45000000.0,10.0,OS8-G8,152,0,0,0,0,0,0,0,0,0,0
1123_49_rot3,1123_49,HH,3,speed15|band1|scr20,15.0,1.0,45000000.0,20.0,OS8-G8,152,0,0,0,0,0,0,0,0,0,0
1123_49_rot3,1123_49,HH,3,speed-15|band0.5|scr0,-15.0,0.5,22500000.0,0.0,PAMF-H1-K8-G8,152,0,0,0,0,0,0,0,0,0,0
1123_49_rot3,1123_49,HH,3,speed-15|band0.5|scr10,-15.0,0.5,22500000.0,10.0,PAMF-H1-K8-G8,152,0,0,0,0,0,0,0,0,0,0
1123_49_rot3,1123_49,HH,3,speed-15|band0.5|scr20,-15.0,0.5,22500000.0,20.0,PAMF-H1-K8-G8,152,0,0,0,0,0,0,0,0,0,0
1123_49_rot3,1123_49,HH,3,speed-15|band1|scr0,-15.0,1.0,45000000.0,0.0,PAMF-H1-K8-G8,152,0,0,0,0,0,0,0,0,0,0
1123_49_rot3,1123_49,HH,3,speed-15|band1|scr10,-15.0,1.0,45000000.0,10.0,PAMF-H1-K8-G8,152,0,0,0,0,0,0,0,0,0,0
1123_49_rot3,1123_49,HH,3,speed-15|band1|scr20,-15.0,1.0,45000000.0,20.0,PAMF-H1-K8-G8,152,0,0,0,0,0,0,0,0,0,0
1123_49_rot3,1123_49,HH,3,speed-5|band0.5|scr0,-5.0,0.5,22500000.0,0.0,PAMF-H1-K8-G8,152,0,0,0,0,0,0,0,0,0,0
1123_49_rot3,1123_49,HH,3,speed-5|band0.5|scr10,-5.0,0.5,22500000.0,10.0,PAMF-H1-K8-G8,152,0,0,0,0,0,0,0,0,0,0
1123_49_rot3,1123_49,HH,3,speed-5|band0.5|scr20,-5.0,0.5,22500000.0,20.0,PAMF-H1-K8-G8,152,0,0,0,0,0,0,0,0,0,0
1123_49_rot3,1123_49,HH,3,speed-5|band1|scr0,-5.0,1.0,45000000.0,0.0,PAMF-H1-K8-G8,152,0,0,0,0,0,0,0,0,0,0
1123_49_rot3,1123_49,HH,3,speed-5|band1|scr10,-5.0,1.0,45000000.0,10.0,PAMF-H1-K8-G8,152,0,0,0,0,0,0,0,0,0,0
1123_49_rot3,1123_49,HH,3,speed-5|band1|scr20,-5.0,1.0,45000000.0,20.0,PAMF-H1-K8-G8,152,0,0,0,0,0,0,0,0,0,0
1123_49_rot3,1123_49,HH,3,speed5|band0.5|scr0,5.0,0.5,22500000.0,0.0,PAMF-H1-K8-G8,152,0,0,0,0,0,0,0,0,0,0
1123_49_rot3,1123_49,HH,3,speed5|band0.5|scr10,5.0,0.5,22500000.0,10.0,PAMF-H1-K8-G8,152,0,0,0,0,0,0,0,0,0,0
1123_49_rot3,1123_49,HH,3,speed5|band0.5|scr20,5.0,0.5,22500000.0,20.0,PAMF-H1-K8-G8,152,0,0,0,0,0,0,0,0,0,0
1123_49_rot3,1123_49,HH,3,speed5|band1|scr0,5.0,1.0,45000000.0,0.0,PAMF-H1-K8-G8,152,0,0,0,0,0,0,0,0,0,0
1123_49_rot3,1123_49,HH,3,speed5|band1|scr10,5.0,1.0,45000000.0,10.0,PAMF-H1-K8-G8,152,0,0,0,0,0,0,0,0,0,0
1123_49_rot3,1123_49,HH,3,speed5|band1|scr20,5.0,1.0,45000000.0,20.0,PAMF-H1-K8-G8,152,0,0,0,0,0,0,0,0,0,0
1123_49_rot3,1123_49,HH,3,speed15|band0.5|scr0,15.0,0.5,22500000.0,0.0,PAMF-H1-K8-G8,152,0,0,0,0,0,0,0,0,0,0
1123_49_rot3,1123_49,HH,3,speed15|band0.5|scr10,15.0,0.5,22500000.0,10.0,PAMF-H1-K8-G8,152,0,0,0,0,0,0,0,0,0,0
1123_49_rot3,1123_49,HH,3,speed15|band0.5|scr20,15.0,0.5,22500000.0,20.0,PAMF-H1-K8-G8,152,0,0,0,0,0,0,0,0,0,0
1123_49_rot3,1123_49,HH,3,speed15|band1|scr0,15.0,1.0,45000000.0,0.0,PAMF-H1-K8-G8,152,0,0,0,0,0,0,0,0,0,0
1123_49_rot3,1123_49,HH,3,speed15|band1|scr10,15.0,1.0,45000000.0,10.0,PAMF-H1-K8-G8,152,0,0,0,0,0,0,0,0,0,0
1123_49_rot3,1123_49,HH,3,speed15|band1|scr20,15.0,1.0,45000000.0,20.0,PAMF-H1-K8-G8,152,0,0,0,0,0,0,0,0,0,0
1123_49_rot3,1123_49,HH,3,speed-15|band0.5|scr0,-15.0,0.5,22500000.0,0.0,P-ANMF1-N16,152,1,0,0,0,47,0,0,0,0,0
1123_49_rot3,1123_49,HH,3,speed-15|band0.5|scr10,-15.0,0.5,22500000.0,10.0,P-ANMF1-N16,152,1,0,0,0,66,0,0,0,0,0
1123_49_rot3,1123_49,HH,3,speed-15|band0.5|scr20,-15.0,0.5,22500000.0,20.0,P-ANMF1-N16,152,1,0,0,0,67,0,0,0,0,0
1123_49_rot3,1123_49,HH,3,speed-15|band1|scr0,-15.0,1.0,45000000.0,0.0,P-ANMF1-N16,152,1,0,0,0,45,0,0,0,0,0
1123_49_rot3,1123_49,HH,3,speed-15|band1|scr10,-15.0,1.0,45000000.0,10.0,P-ANMF1-N16,152,1,0,0,0,49,0,0,0,0,0
1123_49_rot3,1123_49,HH,3,speed-15|band1|scr20,-15.0,1.0,45000000.0,20.0,P-ANMF1-N16,152,1,0,0,0,65,0,0,0,0,0
1123_49_rot3,1123_49,HH,3,speed-5|band0.5|scr0,-5.0,0.5,22500000.0,0.0,P-ANMF1-N16,152,3,3,3,3,1793,1793,-291,1,0,2
1123_49_rot3,1123_49,HH,3,speed-5|band0.5|scr10,-5.0,0.5,22500000.0,10.0,P-ANMF1-N16,152,14,14,14,14,1780,1780,-5732,13,0,1
1123_49_rot3,1123_49,HH,3,speed-5|band0.5|scr20,-5.0,0.5,22500000.0,20.0,P-ANMF1-N16,152,73,73,73,73,6159,6159,-30097,69,0,4
1123_49_rot3,1123_49,HH,3,speed-5|band1|scr0,-5.0,1.0,45000000.0,0.0,P-ANMF1-N16,152,2,2,2,2,844,844,-412,1,0,1
1123_49_rot3,1123_49,HH,3,speed-5|band1|scr10,-5.0,1.0,45000000.0,10.0,P-ANMF1-N16,152,12,12,12,12,1771,1771,-4539,11,0,1
1123_49_rot3,1123_49,HH,3,speed-5|band1|scr20,-5.0,1.0,45000000.0,20.0,P-ANMF1-N16,152,73,73,73,73,16392,16392,-19864,65,0,8
1123_49_rot3,1123_49,HH,3,speed5|band0.5|scr0,5.0,0.5,22500000.0,0.0,P-ANMF1-N16,152,19,18,18,18,2758,2713,-6800,17,0,1
1123_49_rot3,1123_49,HH,3,speed5|band0.5|scr10,5.0,0.5,22500000.0,10.0,P-ANMF1-N16,152,92,92,92,92,13241,13241,-33032,80,0,12
1123_49_rot3,1123_49,HH,3,speed5|band0.5|scr20,5.0,0.5,22500000.0,20.0,P-ANMF1-N16,152,145,145,145,145,2252,2252,-70952,143,0,2
1123_49_rot3,1123_49,HH,3,speed5|band1|scr0,5.0,1.0,45000000.0,0.0,P-ANMF1-N16,152,17,17,17,16,3802,3820,-5018,15,0,2
1123_49_rot3,1123_49,HH,3,speed5|band1|scr10,5.0,1.0,45000000.0,10.0,P-ANMF1-N16,152,85,85,85,85,19397,19397,-23082,76,0,9
1123_49_rot3,1123_49,HH,3,speed5|band1|scr20,5.0,1.0,45000000.0,20.0,P-ANMF1-N16,152,143,143,143,143,13964,13964,-58445,143,0,0
1123_49_rot3,1123_49,HH,3,speed15|band0.5|scr0,15.0,0.5,22500000.0,0.0,P-ANMF1-N16,152,1,0,0,0,47,0,0,0,0,0
1123_49_rot3,1123_49,HH,3,speed15|band0.5|scr10,15.0,0.5,22500000.0,10.0,P-ANMF1-N16,152,2,1,1,1,106,57,-124,1,0,0
1123_49_rot3,1123_49,HH,3,speed15|band0.5|scr20,15.0,0.5,22500000.0,20.0,P-ANMF1-N16,152,1,0,0,0,71,0,0,0,0,0
1123_49_rot3,1123_49,HH,3,speed15|band1|scr0,15.0,1.0,45000000.0,0.0,P-ANMF1-N16,152,1,0,0,0,45,0,0,0,0,0
1123_49_rot3,1123_49,HH,3,speed15|band1|scr10,15.0,1.0,45000000.0,10.0,P-ANMF1-N16,152,1,0,0,0,66,0,0,0,0,0
1123_49_rot3,1123_49,HH,3,speed15|band1|scr20,15.0,1.0,45000000.0,20.0,P-ANMF1-N16,152,1,0,0,0,67,0,0,0,0,0
1128_12_rot2,1128_12,HH,2,speed-15|band0.5|scr0,-15.0,0.5,22500000.0,0.0,IN-G0,152,0,0,0,0,0,0,0,0,0,0
1128_12_rot2,1128_12,HH,2,speed-15|band0.5|scr10,-15.0,0.5,22500000.0,10.0,IN-G0,152,0,0,0,0,0,0,0,0,0,0
1128_12_rot2,1128_12,HH,2,speed-15|band0.5|scr20,-15.0,0.5,22500000.0,20.0,IN-G0,152,0,0,0,0,0,0,0,0,0,0
1128_12_rot2,1128_12,HH,2,speed-15|band1|scr0,-15.0,1.0,45000000.0,0.0,IN-G0,152,0,0,0,0,0,0,0,0,0,0
1128_12_rot2,1128_12,HH,2,speed-15|band1|scr10,-15.0,1.0,45000000.0,10.0,IN-G0,152,0,0,0,0,0,0,0,0,0,0
1128_12_rot2,1128_12,HH,2,speed-15|band1|scr20,-15.0,1.0,45000000.0,20.0,IN-G0,152,0,0,0,0,0,0,0,0,0,0
1128_12_rot2,1128_12,HH,2,speed-5|band0.5|scr0,-5.0,0.5,22500000.0,0.0,IN-G0,152,0,0,0,0,0,0,0,0,0,0
1128_12_rot2,1128_12,HH,2,speed-5|band0.5|scr10,-5.0,0.5,22500000.0,10.0,IN-G0,152,0,0,0,0,0,0,0,0,0,0
1128_12_rot2,1128_12,HH,2,speed-5|band0.5|scr20,-5.0,0.5,22500000.0,20.0,IN-G0,152,0,0,0,0,0,0,0,0,0,0
1128_12_rot2,1128_12,HH,2,speed-5|band1|scr0,-5.0,1.0,45000000.0,0.0,IN-G0,152,0,0,0,0,0,0,0,0,0,0
1128_12_rot2,1128_12,HH,2,speed-5|band1|scr10,-5.0,1.0,45000000.0,10.0,IN-G0,152,0,0,0,0,0,0,0,0,0,0
1128_12_rot2,1128_12,HH,2,speed-5|band1|scr20,-5.0,1.0,45000000.0,20.0,IN-G0,152,0,0,0,0,0,0,0,0,0,0
1128_12_rot2,1128_12,HH,2,speed5|band0.5|scr0,5.0,0.5,22500000.0,0.0,IN-G0,152,0,0,0,0,0,0,0,0,0,0
1128_12_rot2,1128_12,HH,2,speed5|band0.5|scr10,5.0,0.5,22500000.0,10.0,IN-G0,152,0,0,0,0,0,0,0,0,0,0
1128_12_rot2,1128_12,HH,2,speed5|band0.5|scr20,5.0,0.5,22500000.0,20.0,IN-G0,152,0,0,0,0,0,0,0,0,0,0
1128_12_rot2,1128_12,HH,2,speed5|band1|scr0,5.0,1.0,45000000.0,0.0,IN-G0,152,0,0,0,0,0,0,0,0,0,0
1128_12_rot2,1128_12,HH,2,speed5|band1|scr10,5.0,1.0,45000000.0,10.0,IN-G0,152,0,0,0,0,0,0,0,0,0,0
1128_12_rot2,1128_12,HH,2,speed5|band1|scr20,5.0,1.0,45000000.0,20.0,IN-G0,152,0,0,0,0,0,0,0,0,0,0
1128_12_rot2,1128_12,HH,2,speed15|band0.5|scr0,15.0,0.5,22500000.0,0.0,IN-G0,152,0,0,0,0,0,0,0,0,0,0
1128_12_rot2,1128_12,HH,2,speed15|band0.5|scr10,15.0,0.5,22500000.0,10.0,IN-G0,152,0,0,0,0,0,0,0,0,0,0
1128_12_rot2,1128_12,HH,2,speed15|band0.5|scr20,15.0,0.5,22500000.0,20.0,IN-G0,152,0,0,0,0,0,0,0,0,0,0
1128_12_rot2,1128_12,HH,2,speed15|band1|scr0,15.0,1.0,45000000.0,0.0,IN-G0,152,0,0,0,0,0,0,0,0,0,0
1128_12_rot2,1128_12,HH,2,speed15|band1|scr10,15.0,1.0,45000000.0,10.0,IN-G0,152,0,0,0,0,0,0,0,0,0,0
1128_12_rot2,1128_12,HH,2,speed15|band1|scr20,15.0,1.0,45000000.0,20.0,IN-G0,152,0,0,0,0,0,0,0,0,0,0
1128_12_rot2,1128_12,HH,2,speed-15|band0.5|scr0,-15.0,0.5,22500000.0,0.0,CA-G0,152,1,0,0,0,191,0,0,0,0,0
1128_12_rot2,1128_12,HH,2,speed-15|band0.5|scr10,-15.0,0.5,22500000.0,10.0,CA-G0,152,0,0,0,0,0,0,0,0,0,0
1128_12_rot2,1128_12,HH,2,speed-15|band0.5|scr20,-15.0,0.5,22500000.0,20.0,CA-G0,152,0,0,0,0,0,0,0,0,0,0
1128_12_rot2,1128_12,HH,2,speed-15|band1|scr0,-15.0,1.0,45000000.0,0.0,CA-G0,152,0,0,0,0,0,0,0,0,0,0
1128_12_rot2,1128_12,HH,2,speed-15|band1|scr10,-15.0,1.0,45000000.0,10.0,CA-G0,152,0,0,0,0,0,0,0,0,0,0
1128_12_rot2,1128_12,HH,2,speed-15|band1|scr20,-15.0,1.0,45000000.0,20.0,CA-G0,152,0,0,0,0,0,0,0,0,0,0
1128_12_rot2,1128_12,HH,2,speed-5|band0.5|scr0,-5.0,0.5,22500000.0,0.0,CA-G0,152,0,0,0,0,0,0,0,0,0,0
1128_12_rot2,1128_12,HH,2,speed-5|band0.5|scr10,-5.0,0.5,22500000.0,10.0,CA-G0,152,0,0,0,0,0,0,0,0,0,0
1128_12_rot2,1128_12,HH,2,speed-5|band0.5|scr20,-5.0,0.5,22500000.0,20.0,CA-G0,152,0,0,0,0,0,0,0,0,0,0
1128_12_rot2,1128_12,HH,2,speed-5|band1|scr0,-5.0,1.0,45000000.0,0.0,CA-G0,152,1,0,0,0,487,0,0,0,0,0
1128_12_rot2,1128_12,HH,2,speed-5|band1|scr10,-5.0,1.0,45000000.0,10.0,CA-G0,152,0,0,0,0,0,0,0,0,0,0
1128_12_rot2,1128_12,HH,2,speed-5|band1|scr20,-5.0,1.0,45000000.0,20.0,CA-G0,152,0,0,0,0,0,0,0,0,0,0
1128_12_rot2,1128_12,HH,2,speed5|band0.5|scr0,5.0,0.5,22500000.0,0.0,CA-G0,152,0,0,0,0,0,0,0,0,0,0
1128_12_rot2,1128_12,HH,2,speed5|band0.5|scr10,5.0,0.5,22500000.0,10.0,CA-G0,152,0,0,0,0,0,0,0,0,0,0
1128_12_rot2,1128_12,HH,2,speed5|band0.5|scr20,5.0,0.5,22500000.0,20.0,CA-G0,152,0,0,0,0,0,0,0,0,0,0
1128_12_rot2,1128_12,HH,2,speed5|band1|scr0,5.0,1.0,45000000.0,0.0,CA-G0,152,0,0,0,0,0,0,0,0,0,0
1128_12_rot2,1128_12,HH,2,speed5|band1|scr10,5.0,1.0,45000000.0,10.0,CA-G0,152,0,0,0,0,0,0,0,0,0,0
1128_12_rot2,1128_12,HH,2,speed5|band1|scr20,5.0,1.0,45000000.0,20.0,CA-G0,152,0,0,0,0,0,0,0,0,0,0
1128_12_rot2,1128_12,HH,2,speed15|band0.5|scr0,15.0,0.5,22500000.0,0.0,CA-G0,152,0,0,0,0,0,0,0,0,0,0
1128_12_rot2,1128_12,HH,2,speed15|band0.5|scr10,15.0,0.5,22500000.0,10.0,CA-G0,152,0,0,0,0,0,0,0,0,0,0
1128_12_rot2,1128_12,HH,2,speed15|band0.5|scr20,15.0,0.5,22500000.0,20.0,CA-G0,152,0,0,0,0,0,0,0,0,0,0
1128_12_rot2,1128_12,HH,2,speed15|band1|scr0,15.0,1.0,45000000.0,0.0,CA-G0,152,0,0,0,0,0,0,0,0,0,0
1128_12_rot2,1128_12,HH,2,speed15|band1|scr10,15.0,1.0,45000000.0,10.0,CA-G0,152,0,0,0,0,0,0,0,0,0,0
1128_12_rot2,1128_12,HH,2,speed15|band1|scr20,15.0,1.0,45000000.0,20.0,CA-G0,152,0,0,0,0,0,0,0,0,0,0
1128_12_rot2,1128_12,HH,2,speed-15|band0.5|scr0,-15.0,0.5,22500000.0,0.0,OS8-G0,152,0,0,0,0,0,0,0,0,0,0
1128_12_rot2,1128_12,HH,2,speed-15|band0.5|scr10,-15.0,0.5,22500000.0,10.0,OS8-G0,152,0,0,0,0,0,0,0,0,0,0
1128_12_rot2,1128_12,HH,2,speed-15|band0.5|scr20,-15.0,0.5,22500000.0,20.0,OS8-G0,152,0,0,0,0,0,0,0,0,0,0
1128_12_rot2,1128_12,HH,2,speed-15|band1|scr0,-15.0,1.0,45000000.0,0.0,OS8-G0,152,0,0,0,0,0,0,0,0,0,0
1128_12_rot2,1128_12,HH,2,speed-15|band1|scr10,-15.0,1.0,45000000.0,10.0,OS8-G0,152,0,0,0,0,0,0,0,0,0,0
1128_12_rot2,1128_12,HH,2,speed-15|band1|scr20,-15.0,1.0,45000000.0,20.0,OS8-G0,152,0,0,0,0,0,0,0,0,0,0
1128_12_rot2,1128_12,HH,2,speed-5|band0.5|scr0,-5.0,0.5,22500000.0,0.0,OS8-G0,152,1,1,1,1,638,638,174,0,0,1
1128_12_rot2,1128_12,HH,2,speed-5|band0.5|scr10,-5.0,0.5,22500000.0,10.0,OS8-G0,152,0,0,0,0,0,0,0,0,0,0
1128_12_rot2,1128_12,HH,2,speed-5|band0.5|scr20,-5.0,0.5,22500000.0,20.0,OS8-G0,152,0,0,0,0,0,0,0,0,0,0
1128_12_rot2,1128_12,HH,2,speed-5|band1|scr0,-5.0,1.0,45000000.0,0.0,OS8-G0,152,1,1,1,1,636,636,172,0,0,1
1128_12_rot2,1128_12,HH,2,speed-5|band1|scr10,-5.0,1.0,45000000.0,10.0,OS8-G0,152,2,1,1,1,1067,911,443,0,0,1
1128_12_rot2,1128_12,HH,2,speed-5|band1|scr20,-5.0,1.0,45000000.0,20.0,OS8-G0,152,1,1,1,1,913,913,445,0,0,1
1128_12_rot2,1128_12,HH,2,speed5|band0.5|scr0,5.0,0.5,22500000.0,0.0,OS8-G0,152,0,0,0,0,0,0,0,0,0,0
1128_12_rot2,1128_12,HH,2,speed5|band0.5|scr10,5.0,0.5,22500000.0,10.0,OS8-G0,152,0,0,0,0,0,0,0,0,0,0
1128_12_rot2,1128_12,HH,2,speed5|band0.5|scr20,5.0,0.5,22500000.0,20.0,OS8-G0,152,0,0,0,0,0,0,0,0,0,0
1128_12_rot2,1128_12,HH,2,speed5|band1|scr0,5.0,1.0,45000000.0,0.0,OS8-G0,152,0,0,0,0,0,0,0,0,0,0
1128_12_rot2,1128_12,HH,2,speed5|band1|scr10,5.0,1.0,45000000.0,10.0,OS8-G0,152,0,0,0,0,0,0,0,0,0,0
1128_12_rot2,1128_12,HH,2,speed5|band1|scr20,5.0,1.0,45000000.0,20.0,OS8-G0,152,0,0,0,0,0,0,0,0,0,0
1128_12_rot2,1128_12,HH,2,speed15|band0.5|scr0,15.0,0.5,22500000.0,0.0,OS8-G0,152,0,0,0,0,0,0,0,0,0,0
1128_12_rot2,1128_12,HH,2,speed15|band0.5|scr10,15.0,0.5,22500000.0,10.0,OS8-G0,152,0,0,0,0,0,0,0,0,0,0
1128_12_rot2,1128_12,HH,2,speed15|band0.5|scr20,15.0,0.5,22500000.0,20.0,OS8-G0,152,0,0,0,0,0,0,0,0,0,0
1128_12_rot2,1128_12,HH,2,speed15|band1|scr0,15.0,1.0,45000000.0,0.0,OS8-G0,152,0,0,0,0,0,0,0,0,0,0
1128_12_rot2,1128_12,HH,2,speed15|band1|scr10,15.0,1.0,45000000.0,10.0,OS8-G0,152,0,0,0,0,0,0,0,0,0,0
1128_12_rot2,1128_12,HH,2,speed15|band1|scr20,15.0,1.0,45000000.0,20.0,OS8-G0,152,0,0,0,0,0,0,0,0,0,0
1128_12_rot2,1128_12,HH,2,speed-15|band0.5|scr0,-15.0,0.5,22500000.0,0.0,IN-G8,152,0,0,0,0,0,0,0,0,0,0
1128_12_rot2,1128_12,HH,2,speed-15|band0.5|scr10,-15.0,0.5,22500000.0,10.0,IN-G8,152,0,0,0,0,0,0,0,0,0,0
1128_12_rot2,1128_12,HH,2,speed-15|band0.5|scr20,-15.0,0.5,22500000.0,20.0,IN-G8,152,0,0,0,0,0,0,0,0,0,0
1128_12_rot2,1128_12,HH,2,speed-15|band1|scr0,-15.0,1.0,45000000.0,0.0,IN-G8,152,0,0,0,0,0,0,0,0,0,0
1128_12_rot2,1128_12,HH,2,speed-15|band1|scr10,-15.0,1.0,45000000.0,10.0,IN-G8,152,0,0,0,0,0,0,0,0,0,0
1128_12_rot2,1128_12,HH,2,speed-15|band1|scr20,-15.0,1.0,45000000.0,20.0,IN-G8,152,0,0,0,0,0,0,0,0,0,0
1128_12_rot2,1128_12,HH,2,speed-5|band0.5|scr0,-5.0,0.5,22500000.0,0.0,IN-G8,152,0,0,0,0,0,0,0,0,0,0
1128_12_rot2,1128_12,HH,2,speed-5|band0.5|scr10,-5.0,0.5,22500000.0,10.0,IN-G8,152,0,0,0,0,0,0,0,0,0,0
1128_12_rot2,1128_12,HH,2,speed-5|band0.5|scr20,-5.0,0.5,22500000.0,20.0,IN-G8,152,0,0,0,0,0,0,0,0,0,0
1128_12_rot2,1128_12,HH,2,speed-5|band1|scr0,-5.0,1.0,45000000.0,0.0,IN-G8,152,0,0,0,0,0,0,0,0,0,0
1128_12_rot2,1128_12,HH,2,speed-5|band1|scr10,-5.0,1.0,45000000.0,10.0,IN-G8,152,0,0,0,0,0,0,0,0,0,0
1128_12_rot2,1128_12,HH,2,speed-5|band1|scr20,-5.0,1.0,45000000.0,20.0,IN-G8,152,0,0,0,0,0,0,0,0,0,0
1128_12_rot2,1128_12,HH,2,speed5|band0.5|scr0,5.0,0.5,22500000.0,0.0,IN-G8,152,0,0,0,0,0,0,0,0,0,0
1128_12_rot2,1128_12,HH,2,speed5|band0.5|scr10,5.0,0.5,22500000.0,10.0,IN-G8,152,0,0,0,0,0,0,0,0,0,0
1128_12_rot2,1128_12,HH,2,speed5|band0.5|scr20,5.0,0.5,22500000.0,20.0,IN-G8,152,0,0,0,0,0,0,0,0,0,0
1128_12_rot2,1128_12,HH,2,speed5|band1|scr0,5.0,1.0,45000000.0,0.0,IN-G8,152,0,0,0,0,0,0,0,0,0,0
1128_12_rot2,1128_12,HH,2,speed5|band1|scr10,5.0,1.0,45000000.0,10.0,IN-G8,152,0,0,0,0,0,0,0,0,0,0
1128_12_rot2,1128_12,HH,2,speed5|band1|scr20,5.0,1.0,45000000.0,20.0,IN-G8,152,0,0,0,0,0,0,0,0,0,0
1128_12_rot2,1128_12,HH,2,speed15|band0.5|scr0,15.0,0.5,22500000.0,0.0,IN-G8,152,0,0,0,0,0,0,0,0,0,0
1128_12_rot2,1128_12,HH,2,speed15|band0.5|scr10,15.0,0.5,22500000.0,10.0,IN-G8,152,0,0,0,0,0,0,0,0,0,0
1128_12_rot2,1128_12,HH,2,speed15|band0.5|scr20,15.0,0.5,22500000.0,20.0,IN-G8,152,0,0,0,0,0,0,0,0,0,0
1128_12_rot2,1128_12,HH,2,speed15|band1|scr0,15.0,1.0,45000000.0,0.0,IN-G8,152,0,0,0,0,0,0,0,0,0,0
1128_12_rot2,1128_12,HH,2,speed15|band1|scr10,15.0,1.0,45000000.0,10.0,IN-G8,152,0,0,0,0,0,0,0,0,0,0
1128_12_rot2,1128_12,HH,2,speed15|band1|scr20,15.0,1.0,45000000.0,20.0,IN-G8,152,0,0,0,0,0,0,0,0,0,0
1128_12_rot2,1128_12,HH,2,speed-15|band0.5|scr0,-15.0,0.5,22500000.0,0.0,CA-G8,152,0,0,0,0,0,0,0,0,0,0
1128_12_rot2,1128_12,HH,2,speed-15|band0.5|scr10,-15.0,0.5,22500000.0,10.0,CA-G8,152,0,0,0,0,0,0,0,0,0,0
1128_12_rot2,1128_12,HH,2,speed-15|band0.5|scr20,-15.0,0.5,22500000.0,20.0,CA-G8,152,0,0,0,0,0,0,0,0,0,0
1128_12_rot2,1128_12,HH,2,speed-15|band1|scr0,-15.0,1.0,45000000.0,0.0,CA-G8,152,0,0,0,0,0,0,0,0,0,0
1128_12_rot2,1128_12,HH,2,speed-15|band1|scr10,-15.0,1.0,45000000.0,10.0,CA-G8,152,0,0,0,0,0,0,0,0,0,0
1128_12_rot2,1128_12,HH,2,speed-15|band1|scr20,-15.0,1.0,45000000.0,20.0,CA-G8,152,0,0,0,0,0,0,0,0,0,0
1128_12_rot2,1128_12,HH,2,speed-5|band0.5|scr0,-5.0,0.5,22500000.0,0.0,CA-G8,152,5,4,4,4,2269,1985,112,2,0,2
1128_12_rot2,1128_12,HH,2,speed-5|band0.5|scr10,-5.0,0.5,22500000.0,10.0,CA-G8,152,2,1,1,1,332,242,-181,1,0,0
1128_12_rot2,1128_12,HH,2,speed-5|band0.5|scr20,-5.0,0.5,22500000.0,20.0,CA-G8,152,0,0,0,0,0,0,0,0,0,0
1128_12_rot2,1128_12,HH,2,speed-5|band1|scr0,-5.0,1.0,45000000.0,0.0,CA-G8,152,3,3,3,3,1084,1084,-573,2,0,1
1128_12_rot2,1128_12,HH,2,speed-5|band1|scr10,-5.0,1.0,45000000.0,10.0,CA-G8,152,3,2,2,2,1440,1281,614,0,0,2
1128_12_rot2,1128_12,HH,2,speed-5|band1|scr20,-5.0,1.0,45000000.0,20.0,CA-G8,152,3,2,2,2,1758,1739,1025,0,0,2
1128_12_rot2,1128_12,HH,2,speed5|band0.5|scr0,5.0,0.5,22500000.0,0.0,CA-G8,152,0,0,0,0,0,0,0,0,0,0
1128_12_rot2,1128_12,HH,2,speed5|band0.5|scr10,5.0,0.5,22500000.0,10.0,CA-G8,152,0,0,0,0,0,0,0,0,0,0
1128_12_rot2,1128_12,HH,2,speed5|band0.5|scr20,5.0,0.5,22500000.0,20.0,CA-G8,152,2,0,0,0,1012,0,0,0,0,0
1128_12_rot2,1128_12,HH,2,speed5|band1|scr0,5.0,1.0,45000000.0,0.0,CA-G8,152,2,0,0,0,1526,0,0,0,0,0
1128_12_rot2,1128_12,HH,2,speed5|band1|scr10,5.0,1.0,45000000.0,10.0,CA-G8,152,1,0,0,0,960,0,0,0,0,0
1128_12_rot2,1128_12,HH,2,speed5|band1|scr20,5.0,1.0,45000000.0,20.0,CA-G8,152,0,0,0,0,0,0,0,0,0,0
1128_12_rot2,1128_12,HH,2,speed15|band0.5|scr0,15.0,0.5,22500000.0,0.0,CA-G8,152,0,0,0,0,0,0,0,0,0,0
1128_12_rot2,1128_12,HH,2,speed15|band0.5|scr10,15.0,0.5,22500000.0,10.0,CA-G8,152,0,0,0,0,0,0,0,0,0,0
1128_12_rot2,1128_12,HH,2,speed15|band0.5|scr20,15.0,0.5,22500000.0,20.0,CA-G8,152,0,0,0,0,0,0,0,0,0,0
1128_12_rot2,1128_12,HH,2,speed15|band1|scr0,15.0,1.0,45000000.0,0.0,CA-G8,152,2,0,0,0,1525,0,0,0,0,0
1128_12_rot2,1128_12,HH,2,speed15|band1|scr10,15.0,1.0,45000000.0,10.0,CA-G8,152,0,0,0,0,0,0,0,0,0,0
1128_12_rot2,1128_12,HH,2,speed15|band1|scr20,15.0,1.0,45000000.0,20.0,CA-G8,152,0,0,0,0,0,0,0,0,0,0
1128_12_rot2,1128_12,HH,2,speed-15|band0.5|scr0,-15.0,0.5,22500000.0,0.0,OS8-G8,152,0,0,0,0,0,0,0,0,0,0
1128_12_rot2,1128_12,HH,2,speed-15|band0.5|scr10,-15.0,0.5,22500000.0,10.0,OS8-G8,152,0,0,0,0,0,0,0,0,0,0
1128_12_rot2,1128_12,HH,2,speed-15|band0.5|scr20,-15.0,0.5,22500000.0,20.0,OS8-G8,152,0,0,0,0,0,0,0,0,0,0
1128_12_rot2,1128_12,HH,2,speed-15|band1|scr0,-15.0,1.0,45000000.0,0.0,OS8-G8,152,0,0,0,0,0,0,0,0,0,0
1128_12_rot2,1128_12,HH,2,speed-15|band1|scr10,-15.0,1.0,45000000.0,10.0,OS8-G8,152,0,0,0,0,0,0,0,0,0,0
1128_12_rot2,1128_12,HH,2,speed-15|band1|scr20,-15.0,1.0,45000000.0,20.0,OS8-G8,152,0,0,0,0,0,0,0,0,0,0
1128_12_rot2,1128_12,HH,2,speed-5|band0.5|scr0,-5.0,0.5,22500000.0,0.0,OS8-G8,152,1,0,0,0,1020,0,0,0,0,0
1128_12_rot2,1128_12,HH,2,speed-5|band0.5|scr10,-5.0,0.5,22500000.0,10.0,OS8-G8,152,0,0,0,0,0,0,0,0,0,0
1128_12_rot2,1128_12,HH,2,speed-5|band0.5|scr20,-5.0,0.5,22500000.0,20.0,OS8-G8,152,0,0,0,0,0,0,0,0,0,0
1128_12_rot2,1128_12,HH,2,speed-5|band1|scr0,-5.0,1.0,45000000.0,0.0,OS8-G8,152,0,0,0,0,0,0,0,0,0,0
1128_12_rot2,1128_12,HH,2,speed-5|band1|scr10,-5.0,1.0,45000000.0,10.0,OS8-G8,152,1,0,0,0,162,0,0,0,0,0
1128_12_rot2,1128_12,HH,2,speed-5|band1|scr20,-5.0,1.0,45000000.0,20.0,OS8-G8,152,0,0,0,0,0,0,0,0,0,0
1128_12_rot2,1128_12,HH,2,speed5|band0.5|scr0,5.0,0.5,22500000.0,0.0,OS8-G8,152,0,0,0,0,0,0,0,0,0,0
1128_12_rot2,1128_12,HH,2,speed5|band0.5|scr10,5.0,0.5,22500000.0,10.0,OS8-G8,152,0,0,0,0,0,0,0,0,0,0
1128_12_rot2,1128_12,HH,2,speed5|band0.5|scr20,5.0,0.5,22500000.0,20.0,OS8-G8,152,0,0,0,0,0,0,0,0,0,0
1128_12_rot2,1128_12,HH,2,speed5|band1|scr0,5.0,1.0,45000000.0,0.0,OS8-G8,152,0,0,0,0,0,0,0,0,0,0
1128_12_rot2,1128_12,HH,2,speed5|band1|scr10,5.0,1.0,45000000.0,10.0,OS8-G8,152,0,0,0,0,0,0,0,0,0,0
1128_12_rot2,1128_12,HH,2,speed5|band1|scr20,5.0,1.0,45000000.0,20.0,OS8-G8,152,1,0,0,0,489,0,0,0,0,0
1128_12_rot2,1128_12,HH,2,speed15|band0.5|scr0,15.0,0.5,22500000.0,0.0,OS8-G8,152,0,0,0,0,0,0,0,0,0,0
1128_12_rot2,1128_12,HH,2,speed15|band0.5|scr10,15.0,0.5,22500000.0,10.0,OS8-G8,152,0,0,0,0,0,0,0,0,0,0
1128_12_rot2,1128_12,HH,2,speed15|band0.5|scr20,15.0,0.5,22500000.0,20.0,OS8-G8,152,0,0,0,0,0,0,0,0,0,0
1128_12_rot2,1128_12,HH,2,speed15|band1|scr0,15.0,1.0,45000000.0,0.0,OS8-G8,152,0,0,0,0,0,0,0,0,0,0
1128_12_rot2,1128_12,HH,2,speed15|band1|scr10,15.0,1.0,45000000.0,10.0,OS8-G8,152,0,0,0,0,0,0,0,0,0,0
1128_12_rot2,1128_12,HH,2,speed15|band1|scr20,15.0,1.0,45000000.0,20.0,OS8-G8,152,0,0,0,0,0,0,0,0,0,0
1128_12_rot2,1128_12,HH,2,speed-15|band0.5|scr0,-15.0,0.5,22500000.0,0.0,PAMF-H1-K8-G8,152,0,0,0,0,0,0,0,0,0,0
1128_12_rot2,1128_12,HH,2,speed-15|band0.5|scr10,-15.0,0.5,22500000.0,10.0,PAMF-H1-K8-G8,152,0,0,0,0,0,0,0,0,0,0
1128_12_rot2,1128_12,HH,2,speed-15|band0.5|scr20,-15.0,0.5,22500000.0,20.0,PAMF-H1-K8-G8,152,0,0,0,0,0,0,0,0,0,0
1128_12_rot2,1128_12,HH,2,speed-15|band1|scr0,-15.0,1.0,45000000.0,0.0,PAMF-H1-K8-G8,152,0,0,0,0,0,0,0,0,0,0
1128_12_rot2,1128_12,HH,2,speed-15|band1|scr10,-15.0,1.0,45000000.0,10.0,PAMF-H1-K8-G8,152,0,0,0,0,0,0,0,0,0,0
1128_12_rot2,1128_12,HH,2,speed-15|band1|scr20,-15.0,1.0,45000000.0,20.0,PAMF-H1-K8-G8,152,0,0,0,0,0,0,0,0,0,0
1128_12_rot2,1128_12,HH,2,speed-5|band0.5|scr0,-5.0,0.5,22500000.0,0.0,PAMF-H1-K8-G8,152,1,1,1,1,526,526,174,0,0,1
1128_12_rot2,1128_12,HH,2,speed-5|band0.5|scr10,-5.0,0.5,22500000.0,10.0,PAMF-H1-K8-G8,152,0,0,0,0,0,0,0,0,0,0
1128_12_rot2,1128_12,HH,2,speed-5|band0.5|scr20,-5.0,0.5,22500000.0,20.0,PAMF-H1-K8-G8,152,0,0,0,0,0,0,0,0,0,0
1128_12_rot2,1128_12,HH,2,speed-5|band1|scr0,-5.0,1.0,45000000.0,0.0,PAMF-H1-K8-G8,152,0,0,0,0,0,0,0,0,0,0
1128_12_rot2,1128_12,HH,2,speed-5|band1|scr10,-5.0,1.0,45000000.0,10.0,PAMF-H1-K8-G8,152,0,0,0,0,0,0,0,0,0,0
1128_12_rot2,1128_12,HH,2,speed-5|band1|scr20,-5.0,1.0,45000000.0,20.0,PAMF-H1-K8-G8,152,0,0,0,0,0,0,0,0,0,0
1128_12_rot2,1128_12,HH,2,speed5|band0.5|scr0,5.0,0.5,22500000.0,0.0,PAMF-H1-K8-G8,152,0,0,0,0,0,0,0,0,0,0
1128_12_rot2,1128_12,HH,2,speed5|band0.5|scr10,5.0,0.5,22500000.0,10.0,PAMF-H1-K8-G8,152,0,0,0,0,0,0,0,0,0,0
1128_12_rot2,1128_12,HH,2,speed5|band0.5|scr20,5.0,0.5,22500000.0,20.0,PAMF-H1-K8-G8,152,0,0,0,0,0,0,0,0,0,0
1128_12_rot2,1128_12,HH,2,speed5|band1|scr0,5.0,1.0,45000000.0,0.0,PAMF-H1-K8-G8,152,0,0,0,0,0,0,0,0,0,0
1128_12_rot2,1128_12,HH,2,speed5|band1|scr10,5.0,1.0,45000000.0,10.0,PAMF-H1-K8-G8,152,0,0,0,0,0,0,0,0,0,0
1128_12_rot2,1128_12,HH,2,speed5|band1|scr20,5.0,1.0,45000000.0,20.0,PAMF-H1-K8-G8,152,0,0,0,0,0,0,0,0,0,0
1128_12_rot2,1128_12,HH,2,speed15|band0.5|scr0,15.0,0.5,22500000.0,0.0,PAMF-H1-K8-G8,152,0,0,0,0,0,0,0,0,0,0
1128_12_rot2,1128_12,HH,2,speed15|band0.5|scr10,15.0,0.5,22500000.0,10.0,PAMF-H1-K8-G8,152,0,0,0,0,0,0,0,0,0,0
1128_12_rot2,1128_12,HH,2,speed15|band0.5|scr20,15.0,0.5,22500000.0,20.0,PAMF-H1-K8-G8,152,0,0,0,0,0,0,0,0,0,0
1128_12_rot2,1128_12,HH,2,speed15|band1|scr0,15.0,1.0,45000000.0,0.0,PAMF-H1-K8-G8,152,0,0,0,0,0,0,0,0,0,0
1128_12_rot2,1128_12,HH,2,speed15|band1|scr10,15.0,1.0,45000000.0,10.0,PAMF-H1-K8-G8,152,0,0,0,0,0,0,0,0,0,0
1128_12_rot2,1128_12,HH,2,speed15|band1|scr20,15.0,1.0,45000000.0,20.0,PAMF-H1-K8-G8,152,0,0,0,0,0,0,0,0,0,0
1128_12_rot2,1128_12,HH,2,speed-15|band0.5|scr0,-15.0,0.5,22500000.0,0.0,P-ANMF1-N16,152,0,0,0,0,0,0,0,0,0,0
1128_12_rot2,1128_12,HH,2,speed-15|band0.5|scr10,-15.0,0.5,22500000.0,10.0,P-ANMF1-N16,152,0,0,0,0,0,0,0,0,0,0
1128_12_rot2,1128_12,HH,2,speed-15|band0.5|scr20,-15.0,0.5,22500000.0,20.0,P-ANMF1-N16,152,0,0,0,0,0,0,0,0,0,0
1128_12_rot2,1128_12,HH,2,speed-15|band1|scr0,-15.0,1.0,45000000.0,0.0,P-ANMF1-N16,152,0,0,0,0,0,0,0,0,0,0
1128_12_rot2,1128_12,HH,2,speed-15|band1|scr10,-15.0,1.0,45000000.0,10.0,P-ANMF1-N16,152,0,0,0,0,0,0,0,0,0,0
1128_12_rot2,1128_12,HH,2,speed-15|band1|scr20,-15.0,1.0,45000000.0,20.0,P-ANMF1-N16,152,0,0,0,0,0,0,0,0,0,0
1128_12_rot2,1128_12,HH,2,speed-5|band0.5|scr0,-5.0,0.5,22500000.0,0.0,P-ANMF1-N16,152,9,9,9,9,2262,2262,-2456,8,0,1
1128_12_rot2,1128_12,HH,2,speed-5|band0.5|scr10,-5.0,0.5,22500000.0,10.0,P-ANMF1-N16,152,53,53,53,53,5121,5121,-21421,53,0,0
1128_12_rot2,1128_12,HH,2,speed-5|band0.5|scr20,-5.0,0.5,22500000.0,20.0,P-ANMF1-N16,152,123,123,123,123,5935,5935,-58279,122,0,1
1128_12_rot2,1128_12,HH,2,speed-5|band1|scr0,-5.0,1.0,45000000.0,0.0,P-ANMF1-N16,152,9,9,9,9,3359,3359,-1359,8,0,1
1128_12_rot2,1128_12,HH,2,speed-5|band1|scr10,-5.0,1.0,45000000.0,10.0,P-ANMF1-N16,152,52,52,52,52,11590,11590,-14266,51,0,1
1128_12_rot2,1128_12,HH,2,speed-5|band1|scr20,-5.0,1.0,45000000.0,20.0,P-ANMF1-N16,152,119,119,119,119,18965,18965,-42578,117,0,2
1128_12_rot2,1128_12,HH,2,speed5|band0.5|scr0,5.0,0.5,22500000.0,0.0,P-ANMF1-N16,152,71,71,71,69,10190,10500,-24966,63,0,8
1128_12_rot2,1128_12,HH,2,speed5|band0.5|scr10,5.0,0.5,22500000.0,10.0,P-ANMF1-N16,152,130,130,130,130,5475,5475,-63013,127,0,3
1128_12_rot2,1128_12,HH,2,speed5|band0.5|scr20,5.0,0.5,22500000.0,20.0,P-ANMF1-N16,152,148,148,148,146,660,660,-76605,148,0,0
1128_12_rot2,1128_12,HH,2,speed5|band1|scr0,5.0,1.0,45000000.0,0.0,P-ANMF1-N16,152,62,62,62,62,14975,14975,-15763,57,0,5
1128_12_rot2,1128_12,HH,2,speed5|band1|scr10,5.0,1.0,45000000.0,10.0,P-ANMF1-N16,152,129,129,129,128,20681,20830,-47132,125,0,4
1128_12_rot2,1128_12,HH,2,speed5|band1|scr20,5.0,1.0,45000000.0,20.0,P-ANMF1-N16,152,148,148,148,144,4708,4769,-72496,148,0,0
1128_12_rot2,1128_12,HH,2,speed15|band0.5|scr0,15.0,0.5,22500000.0,0.0,P-ANMF1-N16,152,0,0,0,0,0,0,0,0,0,0
1128_12_rot2,1128_12,HH,2,speed15|band0.5|scr10,15.0,0.5,22500000.0,10.0,P-ANMF1-N16,152,0,0,0,0,0,0,0,0,0,0
1128_12_rot2,1128_12,HH,2,speed15|band0.5|scr20,15.0,0.5,22500000.0,20.0,P-ANMF1-N16,152,0,0,0,0,0,0,0,0,0,0
1128_12_rot2,1128_12,HH,2,speed15|band1|scr0,15.0,1.0,45000000.0,0.0,P-ANMF1-N16,152,0,0,0,0,0,0,0,0,0,0
1128_12_rot2,1128_12,HH,2,speed15|band1|scr10,15.0,1.0,45000000.0,10.0,P-ANMF1-N16,152,0,0,0,0,0,0,0,0,0,0
1128_12_rot2,1128_12,HH,2,speed15|band1|scr20,15.0,1.0,45000000.0,20.0,P-ANMF1-N16,152,0,0,0,0,0,0,0,0,0,0
1128_12_rot3,1128_12,HH,3,speed-15|band0.5|scr0,-15.0,0.5,22500000.0,0.0,IN-G0,152,0,0,0,0,0,0,0,0,0,0
1128_12_rot3,1128_12,HH,3,speed-15|band0.5|scr10,-15.0,0.5,22500000.0,10.0,IN-G0,152,0,0,0,0,0,0,0,0,0,0
1128_12_rot3,1128_12,HH,3,speed-15|band0.5|scr20,-15.0,0.5,22500000.0,20.0,IN-G0,152,0,0,0,0,0,0,0,0,0,0
1128_12_rot3,1128_12,HH,3,speed-15|band1|scr0,-15.0,1.0,45000000.0,0.0,IN-G0,152,0,0,0,0,0,0,0,0,0,0
1128_12_rot3,1128_12,HH,3,speed-15|band1|scr10,-15.0,1.0,45000000.0,10.0,IN-G0,152,0,0,0,0,0,0,0,0,0,0
1128_12_rot3,1128_12,HH,3,speed-15|band1|scr20,-15.0,1.0,45000000.0,20.0,IN-G0,152,0,0,0,0,0,0,0,0,0,0
1128_12_rot3,1128_12,HH,3,speed-5|band0.5|scr0,-5.0,0.5,22500000.0,0.0,IN-G0,152,0,0,0,0,0,0,0,0,0,0
1128_12_rot3,1128_12,HH,3,speed-5|band0.5|scr10,-5.0,0.5,22500000.0,10.0,IN-G0,152,0,0,0,0,0,0,0,0,0,0
1128_12_rot3,1128_12,HH,3,speed-5|band0.5|scr20,-5.0,0.5,22500000.0,20.0,IN-G0,152,0,0,0,0,0,0,0,0,0,0
1128_12_rot3,1128_12,HH,3,speed-5|band1|scr0,-5.0,1.0,45000000.0,0.0,IN-G0,152,0,0,0,0,0,0,0,0,0,0
1128_12_rot3,1128_12,HH,3,speed-5|band1|scr10,-5.0,1.0,45000000.0,10.0,IN-G0,152,0,0,0,0,0,0,0,0,0,0
1128_12_rot3,1128_12,HH,3,speed-5|band1|scr20,-5.0,1.0,45000000.0,20.0,IN-G0,152,0,0,0,0,0,0,0,0,0,0
1128_12_rot3,1128_12,HH,3,speed5|band0.5|scr0,5.0,0.5,22500000.0,0.0,IN-G0,152,0,0,0,0,0,0,0,0,0,0
1128_12_rot3,1128_12,HH,3,speed5|band0.5|scr10,5.0,0.5,22500000.0,10.0,IN-G0,152,0,0,0,0,0,0,0,0,0,0
1128_12_rot3,1128_12,HH,3,speed5|band0.5|scr20,5.0,0.5,22500000.0,20.0,IN-G0,152,0,0,0,0,0,0,0,0,0,0
1128_12_rot3,1128_12,HH,3,speed5|band1|scr0,5.0,1.0,45000000.0,0.0,IN-G0,152,0,0,0,0,0,0,0,0,0,0
1128_12_rot3,1128_12,HH,3,speed5|band1|scr10,5.0,1.0,45000000.0,10.0,IN-G0,152,0,0,0,0,0,0,0,0,0,0
1128_12_rot3,1128_12,HH,3,speed5|band1|scr20,5.0,1.0,45000000.0,20.0,IN-G0,152,0,0,0,0,0,0,0,0,0,0
1128_12_rot3,1128_12,HH,3,speed15|band0.5|scr0,15.0,0.5,22500000.0,0.0,IN-G0,152,0,0,0,0,0,0,0,0,0,0
1128_12_rot3,1128_12,HH,3,speed15|band0.5|scr10,15.0,0.5,22500000.0,10.0,IN-G0,152,0,0,0,0,0,0,0,0,0,0
1128_12_rot3,1128_12,HH,3,speed15|band0.5|scr20,15.0,0.5,22500000.0,20.0,IN-G0,152,0,0,0,0,0,0,0,0,0,0
1128_12_rot3,1128_12,HH,3,speed15|band1|scr0,15.0,1.0,45000000.0,0.0,IN-G0,152,0,0,0,0,0,0,0,0,0,0
1128_12_rot3,1128_12,HH,3,speed15|band1|scr10,15.0,1.0,45000000.0,10.0,IN-G0,152,0,0,0,0,0,0,0,0,0,0
1128_12_rot3,1128_12,HH,3,speed15|band1|scr20,15.0,1.0,45000000.0,20.0,IN-G0,152,0,0,0,0,0,0,0,0,0,0
1128_12_rot3,1128_12,HH,3,speed-15|band0.5|scr0,-15.0,0.5,22500000.0,0.0,CA-G0,152,1,0,0,0,1002,0,0,0,0,0
1128_12_rot3,1128_12,HH,3,speed-15|band0.5|scr10,-15.0,0.5,22500000.0,10.0,CA-G0,152,1,0,0,0,1002,0,0,0,0,0
1128_12_rot3,1128_12,HH,3,speed-15|band0.5|scr20,-15.0,0.5,22500000.0,20.0,CA-G0,152,0,0,0,0,0,0,0,0,0,0
1128_12_rot3,1128_12,HH,3,speed-15|band1|scr0,-15.0,1.0,45000000.0,0.0,CA-G0,152,2,1,1,1,1462,460,-244,1,0,0
1128_12_rot3,1128_12,HH,3,speed-15|band1|scr10,-15.0,1.0,45000000.0,10.0,CA-G0,152,1,0,0,0,1002,0,0,0,0,0
1128_12_rot3,1128_12,HH,3,speed-15|band1|scr20,-15.0,1.0,45000000.0,20.0,CA-G0,152,0,0,0,0,0,0,0,0,0,0
1128_12_rot3,1128_12,HH,3,speed-5|band0.5|scr0,-5.0,0.5,22500000.0,0.0,CA-G0,152,0,0,0,0,0,0,0,0,0,0
1128_12_rot3,1128_12,HH,3,speed-5|band0.5|scr10,-5.0,0.5,22500000.0,10.0,CA-G0,152,1,0,0,0,57,0,0,0,0,0
1128_12_rot3,1128_12,HH,3,speed-5|band0.5|scr20,-5.0,0.5,22500000.0,20.0,CA-G0,152,1,0,0,0,57,0,0,0,0,0
1128_12_rot3,1128_12,HH,3,speed-5|band1|scr0,-5.0,1.0,45000000.0,0.0,CA-G0,152,3,3,3,3,1263,1263,-196,1,0,2
1128_12_rot3,1128_12,HH,3,speed-5|band1|scr10,-5.0,1.0,45000000.0,10.0,CA-G0,152,4,3,3,3,2050,1490,155,0,0,3
1128_12_rot3,1128_12,HH,3,speed-5|band1|scr20,-5.0,1.0,45000000.0,20.0,CA-G0,152,0,0,0,0,0,0,0,0,0,0
1128_12_rot3,1128_12,HH,3,speed5|band0.5|scr0,5.0,0.5,22500000.0,0.0,CA-G0,152,3,2,2,2,1423,1016,356,1,0,1
1128_12_rot3,1128_12,HH,3,speed5|band0.5|scr10,5.0,0.5,22500000.0,10.0,CA-G0,152,0,0,0,0,0,0,0,0,0,0
1128_12_rot3,1128_12,HH,3,speed5|band0.5|scr20,5.0,0.5,22500000.0,20.0,CA-G0,152,0,0,0,0,0,0,0,0,0,0
1128_12_rot3,1128_12,HH,3,speed5|band1|scr0,5.0,1.0,45000000.0,0.0,CA-G0,152,3,1,1,1,1134,546,-300,1,0,0
1128_12_rot3,1128_12,HH,3,speed5|band1|scr10,5.0,1.0,45000000.0,10.0,CA-G0,152,1,0,0,0,460,0,0,0,0,0
1128_12_rot3,1128_12,HH,3,speed5|band1|scr20,5.0,1.0,45000000.0,20.0,CA-G0,152,0,0,0,0,0,0,0,0,0,0
1128_12_rot3,1128_12,HH,3,speed15|band0.5|scr0,15.0,0.5,22500000.0,0.0,CA-G0,152,1,0,0,0,407,0,0,0,0,0
1128_12_rot3,1128_12,HH,3,speed15|band0.5|scr10,15.0,0.5,22500000.0,10.0,CA-G0,152,0,0,0,0,0,0,0,0,0,0
1128_12_rot3,1128_12,HH,3,speed15|band0.5|scr20,15.0,0.5,22500000.0,20.0,CA-G0,152,0,0,0,0,0,0,0,0,0,0
1128_12_rot3,1128_12,HH,3,speed15|band1|scr0,15.0,1.0,45000000.0,0.0,CA-G0,152,3,1,1,0,1475,460,-244,1,0,0
1128_12_rot3,1128_12,HH,3,speed15|band1|scr10,15.0,1.0,45000000.0,10.0,CA-G0,152,3,0,0,0,1835,0,0,0,0,0
1128_12_rot3,1128_12,HH,3,speed15|band1|scr20,15.0,1.0,45000000.0,20.0,CA-G0,152,1,0,0,0,541,0,0,0,0,0
1128_12_rot3,1128_12,HH,3,speed-15|band0.5|scr0,-15.0,0.5,22500000.0,0.0,OS8-G0,152,0,0,0,0,0,0,0,0,0,0
1128_12_rot3,1128_12,HH,3,speed-15|band0.5|scr10,-15.0,0.5,22500000.0,10.0,OS8-G0,152,0,0,0,0,0,0,0,0,0,0
1128_12_rot3,1128_12,HH,3,speed-15|band0.5|scr20,-15.0,0.5,22500000.0,20.0,OS8-G0,152,0,0,0,0,0,0,0,0,0,0
1128_12_rot3,1128_12,HH,3,speed-15|band1|scr0,-15.0,1.0,45000000.0,0.0,OS8-G0,152,0,0,0,0,0,0,0,0,0,0
1128_12_rot3,1128_12,HH,3,speed-15|band1|scr10,-15.0,1.0,45000000.0,10.0,OS8-G0,152,0,0,0,0,0,0,0,0,0,0
1128_12_rot3,1128_12,HH,3,speed-15|band1|scr20,-15.0,1.0,45000000.0,20.0,OS8-G0,152,0,0,0,0,0,0,0,0,0,0
1128_12_rot3,1128_12,HH,3,speed-5|band0.5|scr0,-5.0,0.5,22500000.0,0.0,OS8-G0,152,1,1,1,1,519,519,-195,1,0,0
1128_12_rot3,1128_12,HH,3,speed-5|band0.5|scr10,-5.0,0.5,22500000.0,10.0,OS8-G0,152,0,0,0,0,0,0,0,0,0,0
1128_12_rot3,1128_12,HH,3,speed-5|band0.5|scr20,-5.0,0.5,22500000.0,20.0,OS8-G0,152,0,0,0,0,0,0,0,0,0,0
1128_12_rot3,1128_12,HH,3,speed-5|band1|scr0,-5.0,1.0,45000000.0,0.0,OS8-G0,152,0,0,0,0,0,0,0,0,0,0
1128_12_rot3,1128_12,HH,3,speed-5|band1|scr10,-5.0,1.0,45000000.0,10.0,OS8-G0,152,1,0,0,0,989,0,0,0,0,0
1128_12_rot3,1128_12,HH,3,speed-5|band1|scr20,-5.0,1.0,45000000.0,20.0,OS8-G0,152,2,1,1,1,172,111,-206,1,0,0
1128_12_rot3,1128_12,HH,3,speed5|band0.5|scr0,5.0,0.5,22500000.0,0.0,OS8-G0,152,0,0,0,0,0,0,0,0,0,0
1128_12_rot3,1128_12,HH,3,speed5|band0.5|scr10,5.0,0.5,22500000.0,10.0,OS8-G0,152,0,0,0,0,0,0,0,0,0,0
1128_12_rot3,1128_12,HH,3,speed5|band0.5|scr20,5.0,0.5,22500000.0,20.0,OS8-G0,152,0,0,0,0,0,0,0,0,0,0
1128_12_rot3,1128_12,HH,3,speed5|band1|scr0,5.0,1.0,45000000.0,0.0,OS8-G0,152,0,0,0,0,0,0,0,0,0,0
1128_12_rot3,1128_12,HH,3,speed5|band1|scr10,5.0,1.0,45000000.0,10.0,OS8-G0,152,0,0,0,0,0,0,0,0,0,0
1128_12_rot3,1128_12,HH,3,speed5|band1|scr20,5.0,1.0,45000000.0,20.0,OS8-G0,152,0,0,0,0,0,0,0,0,0,0
1128_12_rot3,1128_12,HH,3,speed15|band0.5|scr0,15.0,0.5,22500000.0,0.0,OS8-G0,152,0,0,0,0,0,0,0,0,0,0
1128_12_rot3,1128_12,HH,3,speed15|band0.5|scr10,15.0,0.5,22500000.0,10.0,OS8-G0,152,0,0,0,0,0,0,0,0,0,0
1128_12_rot3,1128_12,HH,3,speed15|band0.5|scr20,15.0,0.5,22500000.0,20.0,OS8-G0,152,0,0,0,0,0,0,0,0,0,0
1128_12_rot3,1128_12,HH,3,speed15|band1|scr0,15.0,1.0,45000000.0,0.0,OS8-G0,152,0,0,0,0,0,0,0,0,0,0
1128_12_rot3,1128_12,HH,3,speed15|band1|scr10,15.0,1.0,45000000.0,10.0,OS8-G0,152,0,0,0,0,0,0,0,0,0,0
1128_12_rot3,1128_12,HH,3,speed15|band1|scr20,15.0,1.0,45000000.0,20.0,OS8-G0,152,0,0,0,0,0,0,0,0,0,0
1128_12_rot3,1128_12,HH,3,speed-15|band0.5|scr0,-15.0,0.5,22500000.0,0.0,IN-G8,152,0,0,0,0,0,0,0,0,0,0
1128_12_rot3,1128_12,HH,3,speed-15|band0.5|scr10,-15.0,0.5,22500000.0,10.0,IN-G8,152,0,0,0,0,0,0,0,0,0,0
1128_12_rot3,1128_12,HH,3,speed-15|band0.5|scr20,-15.0,0.5,22500000.0,20.0,IN-G8,152,0,0,0,0,0,0,0,0,0,0
1128_12_rot3,1128_12,HH,3,speed-15|band1|scr0,-15.0,1.0,45000000.0,0.0,IN-G8,152,0,0,0,0,0,0,0,0,0,0
1128_12_rot3,1128_12,HH,3,speed-15|band1|scr10,-15.0,1.0,45000000.0,10.0,IN-G8,152,0,0,0,0,0,0,0,0,0,0
1128_12_rot3,1128_12,HH,3,speed-15|band1|scr20,-15.0,1.0,45000000.0,20.0,IN-G8,152,0,0,0,0,0,0,0,0,0,0
1128_12_rot3,1128_12,HH,3,speed-5|band0.5|scr0,-5.0,0.5,22500000.0,0.0,IN-G8,152,0,0,0,0,0,0,0,0,0,0
1128_12_rot3,1128_12,HH,3,speed-5|band0.5|scr10,-5.0,0.5,22500000.0,10.0,IN-G8,152,0,0,0,0,0,0,0,0,0,0
1128_12_rot3,1128_12,HH,3,speed-5|band0.5|scr20,-5.0,0.5,22500000.0,20.0,IN-G8,152,0,0,0,0,0,0,0,0,0,0
1128_12_rot3,1128_12,HH,3,speed-5|band1|scr0,-5.0,1.0,45000000.0,0.0,IN-G8,152,0,0,0,0,0,0,0,0,0,0
1128_12_rot3,1128_12,HH,3,speed-5|band1|scr10,-5.0,1.0,45000000.0,10.0,IN-G8,152,0,0,0,0,0,0,0,0,0,0
1128_12_rot3,1128_12,HH,3,speed-5|band1|scr20,-5.0,1.0,45000000.0,20.0,IN-G8,152,0,0,0,0,0,0,0,0,0,0
1128_12_rot3,1128_12,HH,3,speed5|band0.5|scr0,5.0,0.5,22500000.0,0.0,IN-G8,152,0,0,0,0,0,0,0,0,0,0
1128_12_rot3,1128_12,HH,3,speed5|band0.5|scr10,5.0,0.5,22500000.0,10.0,IN-G8,152,0,0,0,0,0,0,0,0,0,0
1128_12_rot3,1128_12,HH,3,speed5|band0.5|scr20,5.0,0.5,22500000.0,20.0,IN-G8,152,0,0,0,0,0,0,0,0,0,0
1128_12_rot3,1128_12,HH,3,speed5|band1|scr0,5.0,1.0,45000000.0,0.0,IN-G8,152,0,0,0,0,0,0,0,0,0,0
1128_12_rot3,1128_12,HH,3,speed5|band1|scr10,5.0,1.0,45000000.0,10.0,IN-G8,152,0,0,0,0,0,0,0,0,0,0
1128_12_rot3,1128_12,HH,3,speed5|band1|scr20,5.0,1.0,45000000.0,20.0,IN-G8,152,0,0,0,0,0,0,0,0,0,0
1128_12_rot3,1128_12,HH,3,speed15|band0.5|scr0,15.0,0.5,22500000.0,0.0,IN-G8,152,0,0,0,0,0,0,0,0,0,0
1128_12_rot3,1128_12,HH,3,speed15|band0.5|scr10,15.0,0.5,22500000.0,10.0,IN-G8,152,0,0,0,0,0,0,0,0,0,0
1128_12_rot3,1128_12,HH,3,speed15|band0.5|scr20,15.0,0.5,22500000.0,20.0,IN-G8,152,0,0,0,0,0,0,0,0,0,0
1128_12_rot3,1128_12,HH,3,speed15|band1|scr0,15.0,1.0,45000000.0,0.0,IN-G8,152,0,0,0,0,0,0,0,0,0,0
1128_12_rot3,1128_12,HH,3,speed15|band1|scr10,15.0,1.0,45000000.0,10.0,IN-G8,152,0,0,0,0,0,0,0,0,0,0
1128_12_rot3,1128_12,HH,3,speed15|band1|scr20,15.0,1.0,45000000.0,20.0,IN-G8,152,0,0,0,0,0,0,0,0,0,0
1128_12_rot3,1128_12,HH,3,speed-15|band0.5|scr0,-15.0,0.5,22500000.0,0.0,CA-G8,152,0,0,0,0,0,0,0,0,0,0
1128_12_rot3,1128_12,HH,3,speed-15|band0.5|scr10,-15.0,0.5,22500000.0,10.0,CA-G8,152,0,0,0,0,0,0,0,0,0,0
1128_12_rot3,1128_12,HH,3,speed-15|band0.5|scr20,-15.0,0.5,22500000.0,20.0,CA-G8,152,0,0,0,0,0,0,0,0,0,0
1128_12_rot3,1128_12,HH,3,speed-15|band1|scr0,-15.0,1.0,45000000.0,0.0,CA-G8,152,0,0,0,0,0,0,0,0,0,0
1128_12_rot3,1128_12,HH,3,speed-15|band1|scr10,-15.0,1.0,45000000.0,10.0,CA-G8,152,0,0,0,0,0,0,0,0,0,0
1128_12_rot3,1128_12,HH,3,speed-15|band1|scr20,-15.0,1.0,45000000.0,20.0,CA-G8,152,0,0,0,0,0,0,0,0,0,0
1128_12_rot3,1128_12,HH,3,speed-5|band0.5|scr0,-5.0,0.5,22500000.0,0.0,CA-G8,152,1,0,0,0,460,0,0,0,0,0
1128_12_rot3,1128_12,HH,3,speed-5|band0.5|scr10,-5.0,0.5,22500000.0,10.0,CA-G8,152,1,0,0,0,460,0,0,0,0,0
1128_12_rot3,1128_12,HH,3,speed-5|band0.5|scr20,-5.0,0.5,22500000.0,20.0,CA-G8,152,0,0,0,0,0,0,0,0,0,0
1128_12_rot3,1128_12,HH,3,speed-5|band1|scr0,-5.0,1.0,45000000.0,0.0,CA-G8,152,0,0,0,0,0,0,0,0,0,0
1128_12_rot3,1128_12,HH,3,speed-5|band1|scr10,-5.0,1.0,45000000.0,10.0,CA-G8,152,1,0,0,0,993,0,0,0,0,0
1128_12_rot3,1128_12,HH,3,speed-5|band1|scr20,-5.0,1.0,45000000.0,20.0,CA-G8,152,1,0,0,0,116,0,0,0,0,0
1128_12_rot3,1128_12,HH,3,speed5|band0.5|scr0,5.0,0.5,22500000.0,0.0,CA-G8,152,1,0,0,0,395,0,0,0,0,0
1128_12_rot3,1128_12,HH,3,speed5|band0.5|scr10,5.0,0.5,22500000.0,10.0,CA-G8,152,0,0,0,0,0,0,0,0,0,0
1128_12_rot3,1128_12,HH,3,speed5|band0.5|scr20,5.0,0.5,22500000.0,20.0,CA-G8,152,0,0,0,0,0,0,0,0,0,0
1128_12_rot3,1128_12,HH,3,speed5|band1|scr0,5.0,1.0,45000000.0,0.0,CA-G8,152,1,0,0,0,394,0,0,0,0,0
1128_12_rot3,1128_12,HH,3,speed5|band1|scr10,5.0,1.0,45000000.0,10.0,CA-G8,152,0,0,0,0,0,0,0,0,0,0
1128_12_rot3,1128_12,HH,3,speed5|band1|scr20,5.0,1.0,45000000.0,20.0,CA-G8,152,0,0,0,0,0,0,0,0,0,0
1128_12_rot3,1128_12,HH,3,speed15|band0.5|scr0,15.0,0.5,22500000.0,0.0,CA-G8,152,1,0,0,0,123,0,0,0,0,0
1128_12_rot3,1128_12,HH,3,speed15|band0.5|scr10,15.0,0.5,22500000.0,10.0,CA-G8,152,1,0,0,0,123,0,0,0,0,0
1128_12_rot3,1128_12,HH,3,speed15|band0.5|scr20,15.0,0.5,22500000.0,20.0,CA-G8,152,0,0,0,0,0,0,0,0,0,0
1128_12_rot3,1128_12,HH,3,speed15|band1|scr0,15.0,1.0,45000000.0,0.0,CA-G8,152,0,0,0,0,0,0,0,0,0,0
1128_12_rot3,1128_12,HH,3,speed15|band1|scr10,15.0,1.0,45000000.0,10.0,CA-G8,152,0,0,0,0,0,0,0,0,0,0
1128_12_rot3,1128_12,HH,3,speed15|band1|scr20,15.0,1.0,45000000.0,20.0,CA-G8,152,0,0,0,0,0,0,0,0,0,0
1128_12_rot3,1128_12,HH,3,speed-15|band0.5|scr0,-15.0,0.5,22500000.0,0.0,OS8-G8,152,1,0,0,0,270,0,0,0,0,0
1128_12_rot3,1128_12,HH,3,speed-15|band0.5|scr10,-15.0,0.5,22500000.0,10.0,OS8-G8,152,1,0,0,0,271,0,0,0,0,0
1128_12_rot3,1128_12,HH,3,speed-15|band0.5|scr20,-15.0,0.5,22500000.0,20.0,OS8-G8,152,0,0,0,0,0,0,0,0,0,0
1128_12_rot3,1128_12,HH,3,speed-15|band1|scr0,-15.0,1.0,45000000.0,0.0,OS8-G8,152,0,0,0,0,0,0,0,0,0,0
1128_12_rot3,1128_12,HH,3,speed-15|band1|scr10,-15.0,1.0,45000000.0,10.0,OS8-G8,152,0,0,0,0,0,0,0,0,0,0
1128_12_rot3,1128_12,HH,3,speed-15|band1|scr20,-15.0,1.0,45000000.0,20.0,OS8-G8,152,0,0,0,0,0,0,0,0,0,0
1128_12_rot3,1128_12,HH,3,speed-5|band0.5|scr0,-5.0,0.5,22500000.0,0.0,OS8-G8,152,1,0,0,0,465,0,0,0,0,0
1128_12_rot3,1128_12,HH,3,speed-5|band0.5|scr10,-5.0,0.5,22500000.0,10.0,OS8-G8,152,1,0,0,0,463,0,0,0,0,0
1128_12_rot3,1128_12,HH,3,speed-5|band0.5|scr20,-5.0,0.5,22500000.0,20.0,OS8-G8,152,0,0,0,0,0,0,0,0,0,0
1128_12_rot3,1128_12,HH,3,speed-5|band1|scr0,-5.0,1.0,45000000.0,0.0,OS8-G8,152,0,0,0,0,0,0,0,0,0,0
1128_12_rot3,1128_12,HH,3,speed-5|band1|scr10,-5.0,1.0,45000000.0,10.0,OS8-G8,152,1,0,0,0,992,0,0,0,0,0
1128_12_rot3,1128_12,HH,3,speed-5|band1|scr20,-5.0,1.0,45000000.0,20.0,OS8-G8,152,1,0,0,0,66,0,0,0,0,0
1128_12_rot3,1128_12,HH,3,speed5|band0.5|scr0,5.0,0.5,22500000.0,0.0,OS8-G8,152,0,0,0,0,0,0,0,0,0,0
1128_12_rot3,1128_12,HH,3,speed5|band0.5|scr10,5.0,0.5,22500000.0,10.0,OS8-G8,152,0,0,0,0,0,0,0,0,0,0
1128_12_rot3,1128_12,HH,3,speed5|band0.5|scr20,5.0,0.5,22500000.0,20.0,OS8-G8,152,0,0,0,0,0,0,0,0,0,0
1128_12_rot3,1128_12,HH,3,speed5|band1|scr0,5.0,1.0,45000000.0,0.0,OS8-G8,152,1,0,0,0,399,0,0,0,0,0
1128_12_rot3,1128_12,HH,3,speed5|band1|scr10,5.0,1.0,45000000.0,10.0,OS8-G8,152,0,0,0,0,0,0,0,0,0,0
1128_12_rot3,1128_12,HH,3,speed5|band1|scr20,5.0,1.0,45000000.0,20.0,OS8-G8,152,0,0,0,0,0,0,0,0,0,0
1128_12_rot3,1128_12,HH,3,speed15|band0.5|scr0,15.0,0.5,22500000.0,0.0,OS8-G8,152,0,0,0,0,0,0,0,0,0,0
1128_12_rot3,1128_12,HH,3,speed15|band0.5|scr10,15.0,0.5,22500000.0,10.0,OS8-G8,152,0,0,0,0,0,0,0,0,0,0
1128_12_rot3,1128_12,HH,3,speed15|band0.5|scr20,15.0,0.5,22500000.0,20.0,OS8-G8,152,0,0,0,0,0,0,0,0,0,0
1128_12_rot3,1128_12,HH,3,speed15|band1|scr0,15.0,1.0,45000000.0,0.0,OS8-G8,152,1,0,0,0,272,0,0,0,0,0
1128_12_rot3,1128_12,HH,3,speed15|band1|scr10,15.0,1.0,45000000.0,10.0,OS8-G8,152,1,0,0,0,272,0,0,0,0,0
1128_12_rot3,1128_12,HH,3,speed15|band1|scr20,15.0,1.0,45000000.0,20.0,OS8-G8,152,0,0,0,0,0,0,0,0,0,0
1128_12_rot3,1128_12,HH,3,speed-15|band0.5|scr0,-15.0,0.5,22500000.0,0.0,PAMF-H1-K8-G8,152,0,0,0,0,0,0,0,0,0,0
1128_12_rot3,1128_12,HH,3,speed-15|band0.5|scr10,-15.0,0.5,22500000.0,10.0,PAMF-H1-K8-G8,152,0,0,0,0,0,0,0,0,0,0
1128_12_rot3,1128_12,HH,3,speed-15|band0.5|scr20,-15.0,0.5,22500000.0,20.0,PAMF-H1-K8-G8,152,0,0,0,0,0,0,0,0,0,0
1128_12_rot3,1128_12,HH,3,speed-15|band1|scr0,-15.0,1.0,45000000.0,0.0,PAMF-H1-K8-G8,152,0,0,0,0,0,0,0,0,0,0
1128_12_rot3,1128_12,HH,3,speed-15|band1|scr10,-15.0,1.0,45000000.0,10.0,PAMF-H1-K8-G8,152,0,0,0,0,0,0,0,0,0,0
1128_12_rot3,1128_12,HH,3,speed-15|band1|scr20,-15.0,1.0,45000000.0,20.0,PAMF-H1-K8-G8,152,13,13,13,13,6034,6034,-2169,9,0,4
1128_12_rot3,1128_12,HH,3,speed-5|band0.5|scr0,-5.0,0.5,22500000.0,0.0,PAMF-H1-K8-G8,152,0,0,0,0,0,0,0,0,0,0
1128_12_rot3,1128_12,HH,3,speed-5|band0.5|scr10,-5.0,0.5,22500000.0,10.0,PAMF-H1-K8-G8,152,0,0,0,0,0,0,0,0,0,0
1128_12_rot3,1128_12,HH,3,speed-5|band0.5|scr20,-5.0,0.5,22500000.0,20.0,PAMF-H1-K8-G8,152,0,0,0,0,0,0,0,0,0,0
1128_12_rot3,1128_12,HH,3,speed-5|band1|scr0,-5.0,1.0,45000000.0,0.0,PAMF-H1-K8-G8,152,0,0,0,0,0,0,0,0,0,0
1128_12_rot3,1128_12,HH,3,speed-5|band1|scr10,-5.0,1.0,45000000.0,10.0,PAMF-H1-K8-G8,152,0,0,0,0,0,0,0,0,0,0
1128_12_rot3,1128_12,HH,3,speed-5|band1|scr20,-5.0,1.0,45000000.0,20.0,PAMF-H1-K8-G8,152,0,0,0,0,0,0,0,0,0,0
1128_12_rot3,1128_12,HH,3,speed5|band0.5|scr0,5.0,0.5,22500000.0,0.0,PAMF-H1-K8-G8,152,0,0,0,0,0,0,0,0,0,0
1128_12_rot3,1128_12,HH,3,speed5|band0.5|scr10,5.0,0.5,22500000.0,10.0,PAMF-H1-K8-G8,152,0,0,0,0,0,0,0,0,0,0
1128_12_rot3,1128_12,HH,3,speed5|band0.5|scr20,5.0,0.5,22500000.0,20.0,PAMF-H1-K8-G8,152,0,0,0,0,0,0,0,0,0,0
1128_12_rot3,1128_12,HH,3,speed5|band1|scr0,5.0,1.0,45000000.0,0.0,PAMF-H1-K8-G8,152,0,0,0,0,0,0,0,0,0,0
1128_12_rot3,1128_12,HH,3,speed5|band1|scr10,5.0,1.0,45000000.0,10.0,PAMF-H1-K8-G8,152,0,0,0,0,0,0,0,0,0,0
1128_12_rot3,1128_12,HH,3,speed5|band1|scr20,5.0,1.0,45000000.0,20.0,PAMF-H1-K8-G8,152,0,0,0,0,0,0,0,0,0,0
1128_12_rot3,1128_12,HH,3,speed15|band0.5|scr0,15.0,0.5,22500000.0,0.0,PAMF-H1-K8-G8,152,0,0,0,0,0,0,0,0,0,0
1128_12_rot3,1128_12,HH,3,speed15|band0.5|scr10,15.0,0.5,22500000.0,10.0,PAMF-H1-K8-G8,152,2,0,0,0,995,0,0,0,0,0
1128_12_rot3,1128_12,HH,3,speed15|band0.5|scr20,15.0,0.5,22500000.0,20.0,PAMF-H1-K8-G8,152,7,0,0,0,2333,0,0,0,0,0
1128_12_rot3,1128_12,HH,3,speed15|band1|scr0,15.0,1.0,45000000.0,0.0,PAMF-H1-K8-G8,152,0,0,0,0,0,0,0,0,0,0
1128_12_rot3,1128_12,HH,3,speed15|band1|scr10,15.0,1.0,45000000.0,10.0,PAMF-H1-K8-G8,152,7,7,7,7,3700,3700,-937,5,0,2
1128_12_rot3,1128_12,HH,3,speed15|band1|scr20,15.0,1.0,45000000.0,20.0,PAMF-H1-K8-G8,152,35,32,32,31,14556,13362,-6741,25,0,7
1128_12_rot3,1128_12,HH,3,speed-15|band0.5|scr0,-15.0,0.5,22500000.0,0.0,P-ANMF1-N16,152,0,0,0,0,0,0,0,0,0,0
1128_12_rot3,1128_12,HH,3,speed-15|band0.5|scr10,-15.0,0.5,22500000.0,10.0,P-ANMF1-N16,152,0,0,0,0,0,0,0,0,0,0
1128_12_rot3,1128_12,HH,3,speed-15|band0.5|scr20,-15.0,0.5,22500000.0,20.0,P-ANMF1-N16,152,1,1,1,1,69,69,-223,1,0,0
1128_12_rot3,1128_12,HH,3,speed-15|band1|scr0,-15.0,1.0,45000000.0,0.0,P-ANMF1-N16,152,0,0,0,0,0,0,0,0,0,0
1128_12_rot3,1128_12,HH,3,speed-15|band1|scr10,-15.0,1.0,45000000.0,10.0,P-ANMF1-N16,152,0,0,0,0,0,0,0,0,0,0
1128_12_rot3,1128_12,HH,3,speed-15|band1|scr20,-15.0,1.0,45000000.0,20.0,P-ANMF1-N16,152,1,1,1,1,174,174,-118,1,0,0
1128_12_rot3,1128_12,HH,3,speed-5|band0.5|scr0,-5.0,0.5,22500000.0,0.0,P-ANMF1-N16,152,1,1,1,1,343,343,-204,1,0,0
1128_12_rot3,1128_12,HH,3,speed-5|band0.5|scr10,-5.0,0.5,22500000.0,10.0,P-ANMF1-N16,152,23,23,23,23,4163,4163,-8987,22,0,1
1128_12_rot3,1128_12,HH,3,speed-5|band0.5|scr20,-5.0,0.5,22500000.0,20.0,P-ANMF1-N16,152,95,95,95,95,10662,10662,-40628,89,0,6
1128_12_rot3,1128_12,HH,3,speed-5|band1|scr0,-5.0,1.0,45000000.0,0.0,P-ANMF1-N16,152,1,1,1,1,495,495,-52,1,0,0
1128_12_rot3,1128_12,HH,3,speed-5|band1|scr10,-5.0,1.0,45000000.0,10.0,P-ANMF1-N16,152,21,21,21,21,8357,8357,-3978,20,0,1
1128_12_rot3,1128_12,HH,3,speed-5|band1|scr20,-5.0,1.0,45000000.0,20.0,P-ANMF1-N16,152,91,91,91,90,23567,23591,-26097,86,0,5
1128_12_rot3,1128_12,HH,3,speed5|band0.5|scr0,5.0,0.5,22500000.0,0.0,P-ANMF1-N16,152,27,27,27,27,5126,5126,-9219,22,0,5
1128_12_rot3,1128_12,HH,3,speed5|band0.5|scr10,5.0,0.5,22500000.0,10.0,P-ANMF1-N16,152,105,105,105,105,10056,10056,-45905,100,0,5
1128_12_rot3,1128_12,HH,3,speed5|band0.5|scr20,5.0,0.5,22500000.0,20.0,P-ANMF1-N16,152,145,145,145,142,4089,4089,-74770,142,0,3
1128_12_rot3,1128_12,HH,3,speed5|band1|scr0,5.0,1.0,45000000.0,0.0,P-ANMF1-N16,152,24,24,24,24,9061,9061,-3937,21,0,3
1128_12_rot3,1128_12,HH,3,speed5|band1|scr10,5.0,1.0,45000000.0,10.0,P-ANMF1-N16,152,101,101,101,101,25558,25558,-28810,94,0,7
1128_12_rot3,1128_12,HH,3,speed5|band1|scr20,5.0,1.0,45000000.0,20.0,P-ANMF1-N16,152,143,143,143,140,12172,12227,-65737,140,0,3
1128_12_rot3,1128_12,HH,3,speed15|band0.5|scr0,15.0,0.5,22500000.0,0.0,P-ANMF1-N16,152,0,0,0,0,0,0,0,0,0,0
1128_12_rot3,1128_12,HH,3,speed15|band0.5|scr10,15.0,0.5,22500000.0,10.0,P-ANMF1-N16,152,0,0,0,0,0,0,0,0,0,0
1128_12_rot3,1128_12,HH,3,speed15|band0.5|scr20,15.0,0.5,22500000.0,20.0,P-ANMF1-N16,152,0,0,0,0,0,0,0,0,0,0
1128_12_rot3,1128_12,HH,3,speed15|band1|scr0,15.0,1.0,45000000.0,0.0,P-ANMF1-N16,152,0,0,0,0,0,0,0,0,0,0
1128_12_rot3,1128_12,HH,3,speed15|band1|scr10,15.0,1.0,45000000.0,10.0,P-ANMF1-N16,152,0,0,0,0,0,0,0,0,0,0
1128_12_rot3,1128_12,HH,3,speed15|band1|scr20,15.0,1.0,45000000.0,20.0,P-ANMF1-N16,152,0,0,0,0,0,0,0,0,0,0
1132_56_rot2,1132_56,HH,2,speed-15|band0.5|scr0,-15.0,0.5,22500000.0,0.0,IN-G0,152,0,0,0,0,0,0,0,0,0,0
1132_56_rot2,1132_56,HH,2,speed-15|band0.5|scr10,-15.0,0.5,22500000.0,10.0,IN-G0,152,0,0,0,0,0,0,0,0,0,0
1132_56_rot2,1132_56,HH,2,speed-15|band0.5|scr20,-15.0,0.5,22500000.0,20.0,IN-G0,152,0,0,0,0,0,0,0,0,0,0
1132_56_rot2,1132_56,HH,2,speed-15|band1|scr0,-15.0,1.0,45000000.0,0.0,IN-G0,152,0,0,0,0,0,0,0,0,0,0
1132_56_rot2,1132_56,HH,2,speed-15|band1|scr10,-15.0,1.0,45000000.0,10.0,IN-G0,152,0,0,0,0,0,0,0,0,0,0
1132_56_rot2,1132_56,HH,2,speed-15|band1|scr20,-15.0,1.0,45000000.0,20.0,IN-G0,152,0,0,0,0,0,0,0,0,0,0
1132_56_rot2,1132_56,HH,2,speed-5|band0.5|scr0,-5.0,0.5,22500000.0,0.0,IN-G0,152,1,1,1,1,831,831,383,0,0,1
1132_56_rot2,1132_56,HH,2,speed-5|band0.5|scr10,-5.0,0.5,22500000.0,10.0,IN-G0,152,1,1,1,1,831,831,383,0,0,1
1132_56_rot2,1132_56,HH,2,speed-5|band0.5|scr20,-5.0,0.5,22500000.0,20.0,IN-G0,152,0,0,0,0,0,0,0,0,0,0
1132_56_rot2,1132_56,HH,2,speed-5|band1|scr0,-5.0,1.0,45000000.0,0.0,IN-G0,152,2,1,1,1,936,831,383,0,0,1
1132_56_rot2,1132_56,HH,2,speed-5|band1|scr10,-5.0,1.0,45000000.0,10.0,IN-G0,152,1,1,1,1,831,831,383,0,0,1
1132_56_rot2,1132_56,HH,2,speed-5|band1|scr20,-5.0,1.0,45000000.0,20.0,IN-G0,152,0,0,0,0,0,0,0,0,0,0
1132_56_rot2,1132_56,HH,2,speed5|band0.5|scr0,5.0,0.5,22500000.0,0.0,IN-G0,152,0,0,0,0,0,0,0,0,0,0
1132_56_rot2,1132_56,HH,2,speed5|band0.5|scr10,5.0,0.5,22500000.0,10.0,IN-G0,152,0,0,0,0,0,0,0,0,0,0
1132_56_rot2,1132_56,HH,2,speed5|band0.5|scr20,5.0,0.5,22500000.0,20.0,IN-G0,152,0,0,0,0,0,0,0,0,0,0
1132_56_rot2,1132_56,HH,2,speed5|band1|scr0,5.0,1.0,45000000.0,0.0,IN-G0,152,1,1,1,1,831,831,383,0,0,1
1132_56_rot2,1132_56,HH,2,speed5|band1|scr10,5.0,1.0,45000000.0,10.0,IN-G0,152,0,0,0,0,0,0,0,0,0,0
1132_56_rot2,1132_56,HH,2,speed5|band1|scr20,5.0,1.0,45000000.0,20.0,IN-G0,152,0,0,0,0,0,0,0,0,0,0
1132_56_rot2,1132_56,HH,2,speed15|band0.5|scr0,15.0,0.5,22500000.0,0.0,IN-G0,152,1,1,1,1,831,831,383,0,0,1
1132_56_rot2,1132_56,HH,2,speed15|band0.5|scr10,15.0,0.5,22500000.0,10.0,IN-G0,152,0,0,0,0,0,0,0,0,0,0
1132_56_rot2,1132_56,HH,2,speed15|band0.5|scr20,15.0,0.5,22500000.0,20.0,IN-G0,152,0,0,0,0,0,0,0,0,0,0
1132_56_rot2,1132_56,HH,2,speed15|band1|scr0,15.0,1.0,45000000.0,0.0,IN-G0,152,0,0,0,0,0,0,0,0,0,0
1132_56_rot2,1132_56,HH,2,speed15|band1|scr10,15.0,1.0,45000000.0,10.0,IN-G0,152,0,0,0,0,0,0,0,0,0,0
1132_56_rot2,1132_56,HH,2,speed15|band1|scr20,15.0,1.0,45000000.0,20.0,IN-G0,152,0,0,0,0,0,0,0,0,0,0
1132_56_rot2,1132_56,HH,2,speed-15|band0.5|scr0,-15.0,0.5,22500000.0,0.0,CA-G0,152,0,0,0,0,0,0,0,0,0,0
1132_56_rot2,1132_56,HH,2,speed-15|band0.5|scr10,-15.0,0.5,22500000.0,10.0,CA-G0,152,0,0,0,0,0,0,0,0,0,0
1132_56_rot2,1132_56,HH,2,speed-15|band0.5|scr20,-15.0,0.5,22500000.0,20.0,CA-G0,152,0,0,0,0,0,0,0,0,0,0
1132_56_rot2,1132_56,HH,2,speed-15|band1|scr0,-15.0,1.0,45000000.0,0.0,CA-G0,152,0,0,0,0,0,0,0,0,0,0
1132_56_rot2,1132_56,HH,2,speed-15|band1|scr10,-15.0,1.0,45000000.0,10.0,CA-G0,152,0,0,0,0,0,0,0,0,0,0
1132_56_rot2,1132_56,HH,2,speed-15|band1|scr20,-15.0,1.0,45000000.0,20.0,CA-G0,152,0,0,0,0,0,0,0,0,0,0
1132_56_rot2,1132_56,HH,2,speed-5|band0.5|scr0,-5.0,0.5,22500000.0,0.0,CA-G0,152,0,0,0,0,0,0,0,0,0,0
1132_56_rot2,1132_56,HH,2,speed-5|band0.5|scr10,-5.0,0.5,22500000.0,10.0,CA-G0,152,1,0,0,0,152,0,0,0,0,0
1132_56_rot2,1132_56,HH,2,speed-5|band0.5|scr20,-5.0,0.5,22500000.0,20.0,CA-G0,152,0,0,0,0,0,0,0,0,0,0
1132_56_rot2,1132_56,HH,2,speed-5|band1|scr0,-5.0,1.0,45000000.0,0.0,CA-G0,152,0,0,0,0,0,0,0,0,0,0
1132_56_rot2,1132_56,HH,2,speed-5|band1|scr10,-5.0,1.0,45000000.0,10.0,CA-G0,152,0,0,0,0,0,0,0,0,0,0
1132_56_rot2,1132_56,HH,2,speed-5|band1|scr20,-5.0,1.0,45000000.0,20.0,CA-G0,152,0,0,0,0,0,0,0,0,0,0
1132_56_rot2,1132_56,HH,2,speed5|band0.5|scr0,5.0,0.5,22500000.0,0.0,CA-G0,152,1,0,0,0,613,0,0,0,0,0
1132_56_rot2,1132_56,HH,2,speed5|band0.5|scr10,5.0,0.5,22500000.0,10.0,CA-G0,152,0,0,0,0,0,0,0,0,0,0
1132_56_rot2,1132_56,HH,2,speed5|band0.5|scr20,5.0,0.5,22500000.0,20.0,CA-G0,152,0,0,0,0,0,0,0,0,0,0
1132_56_rot2,1132_56,HH,2,speed5|band1|scr0,5.0,1.0,45000000.0,0.0,CA-G0,152,0,0,0,0,0,0,0,0,0,0
1132_56_rot2,1132_56,HH,2,speed5|band1|scr10,5.0,1.0,45000000.0,10.0,CA-G0,152,0,0,0,0,0,0,0,0,0,0
1132_56_rot2,1132_56,HH,2,speed5|band1|scr20,5.0,1.0,45000000.0,20.0,CA-G0,152,0,0,0,0,0,0,0,0,0,0
1132_56_rot2,1132_56,HH,2,speed15|band0.5|scr0,15.0,0.5,22500000.0,0.0,CA-G0,152,0,0,0,0,0,0,0,0,0,0
1132_56_rot2,1132_56,HH,2,speed15|band0.5|scr10,15.0,0.5,22500000.0,10.0,CA-G0,152,0,0,0,0,0,0,0,0,0,0
1132_56_rot2,1132_56,HH,2,speed15|band0.5|scr20,15.0,0.5,22500000.0,20.0,CA-G0,152,0,0,0,0,0,0,0,0,0,0
1132_56_rot2,1132_56,HH,2,speed15|band1|scr0,15.0,1.0,45000000.0,0.0,CA-G0,152,0,0,0,0,0,0,0,0,0,0
1132_56_rot2,1132_56,HH,2,speed15|band1|scr10,15.0,1.0,45000000.0,10.0,CA-G0,152,0,0,0,0,0,0,0,0,0,0
1132_56_rot2,1132_56,HH,2,speed15|band1|scr20,15.0,1.0,45000000.0,20.0,CA-G0,152,0,0,0,0,0,0,0,0,0,0
1132_56_rot2,1132_56,HH,2,speed-15|band0.5|scr0,-15.0,0.5,22500000.0,0.0,OS8-G0,152,0,0,0,0,0,0,0,0,0,0
1132_56_rot2,1132_56,HH,2,speed-15|band0.5|scr10,-15.0,0.5,22500000.0,10.0,OS8-G0,152,0,0,0,0,0,0,0,0,0,0
1132_56_rot2,1132_56,HH,2,speed-15|band0.5|scr20,-15.0,0.5,22500000.0,20.0,OS8-G0,152,0,0,0,0,0,0,0,0,0,0
1132_56_rot2,1132_56,HH,2,speed-15|band1|scr0,-15.0,1.0,45000000.0,0.0,OS8-G0,152,0,0,0,0,0,0,0,0,0,0
1132_56_rot2,1132_56,HH,2,speed-15|band1|scr10,-15.0,1.0,45000000.0,10.0,OS8-G0,152,0,0,0,0,0,0,0,0,0,0
1132_56_rot2,1132_56,HH,2,speed-15|band1|scr20,-15.0,1.0,45000000.0,20.0,OS8-G0,152,0,0,0,0,0,0,0,0,0,0
1132_56_rot2,1132_56,HH,2,speed-5|band0.5|scr0,-5.0,0.5,22500000.0,0.0,OS8-G0,152,0,0,0,0,0,0,0,0,0,0
1132_56_rot2,1132_56,HH,2,speed-5|band0.5|scr10,-5.0,0.5,22500000.0,10.0,OS8-G0,152,0,0,0,0,0,0,0,0,0,0
1132_56_rot2,1132_56,HH,2,speed-5|band0.5|scr20,-5.0,0.5,22500000.0,20.0,OS8-G0,152,0,0,0,0,0,0,0,0,0,0
1132_56_rot2,1132_56,HH,2,speed-5|band1|scr0,-5.0,1.0,45000000.0,0.0,OS8-G0,152,0,0,0,0,0,0,0,0,0,0
1132_56_rot2,1132_56,HH,2,speed-5|band1|scr10,-5.0,1.0,45000000.0,10.0,OS8-G0,152,2,1,1,1,956,71,-600,1,0,0
1132_56_rot2,1132_56,HH,2,speed-5|band1|scr20,-5.0,1.0,45000000.0,20.0,OS8-G0,152,0,0,0,0,0,0,0,0,0,0
1132_56_rot2,1132_56,HH,2,speed5|band0.5|scr0,5.0,0.5,22500000.0,0.0,OS8-G0,152,0,0,0,0,0,0,0,0,0,0
1132_56_rot2,1132_56,HH,2,speed5|band0.5|scr10,5.0,0.5,22500000.0,10.0,OS8-G0,152,0,0,0,0,0,0,0,0,0,0
1132_56_rot2,1132_56,HH,2,speed5|band0.5|scr20,5.0,0.5,22500000.0,20.0,OS8-G0,152,0,0,0,0,0,0,0,0,0,0
1132_56_rot2,1132_56,HH,2,speed5|band1|scr0,5.0,1.0,45000000.0,0.0,OS8-G0,152,0,0,0,0,0,0,0,0,0,0
1132_56_rot2,1132_56,HH,2,speed5|band1|scr10,5.0,1.0,45000000.0,10.0,OS8-G0,152,0,0,0,0,0,0,0,0,0,0
1132_56_rot2,1132_56,HH,2,speed5|band1|scr20,5.0,1.0,45000000.0,20.0,OS8-G0,152,0,0,0,0,0,0,0,0,0,0
1132_56_rot2,1132_56,HH,2,speed15|band0.5|scr0,15.0,0.5,22500000.0,0.0,OS8-G0,152,0,0,0,0,0,0,0,0,0,0
1132_56_rot2,1132_56,HH,2,speed15|band0.5|scr10,15.0,0.5,22500000.0,10.0,OS8-G0,152,0,0,0,0,0,0,0,0,0,0
1132_56_rot2,1132_56,HH,2,speed15|band0.5|scr20,15.0,0.5,22500000.0,20.0,OS8-G0,152,0,0,0,0,0,0,0,0,0,0
1132_56_rot2,1132_56,HH,2,speed15|band1|scr0,15.0,1.0,45000000.0,0.0,OS8-G0,152,0,0,0,0,0,0,0,0,0,0
1132_56_rot2,1132_56,HH,2,speed15|band1|scr10,15.0,1.0,45000000.0,10.0,OS8-G0,152,0,0,0,0,0,0,0,0,0,0
1132_56_rot2,1132_56,HH,2,speed15|band1|scr20,15.0,1.0,45000000.0,20.0,OS8-G0,152,0,0,0,0,0,0,0,0,0,0
1132_56_rot2,1132_56,HH,2,speed-15|band0.5|scr0,-15.0,0.5,22500000.0,0.0,IN-G8,152,0,0,0,0,0,0,0,0,0,0
1132_56_rot2,1132_56,HH,2,speed-15|band0.5|scr10,-15.0,0.5,22500000.0,10.0,IN-G8,152,0,0,0,0,0,0,0,0,0,0
1132_56_rot2,1132_56,HH,2,speed-15|band0.5|scr20,-15.0,0.5,22500000.0,20.0,IN-G8,152,0,0,0,0,0,0,0,0,0,0
1132_56_rot2,1132_56,HH,2,speed-15|band1|scr0,-15.0,1.0,45000000.0,0.0,IN-G8,152,0,0,0,0,0,0,0,0,0,0
1132_56_rot2,1132_56,HH,2,speed-15|band1|scr10,-15.0,1.0,45000000.0,10.0,IN-G8,152,0,0,0,0,0,0,0,0,0,0
1132_56_rot2,1132_56,HH,2,speed-15|band1|scr20,-15.0,1.0,45000000.0,20.0,IN-G8,152,0,0,0,0,0,0,0,0,0,0
1132_56_rot2,1132_56,HH,2,speed-5|band0.5|scr0,-5.0,0.5,22500000.0,0.0,IN-G8,152,0,0,0,0,0,0,0,0,0,0
1132_56_rot2,1132_56,HH,2,speed-5|band0.5|scr10,-5.0,0.5,22500000.0,10.0,IN-G8,152,0,0,0,0,0,0,0,0,0,0
1132_56_rot2,1132_56,HH,2,speed-5|band0.5|scr20,-5.0,0.5,22500000.0,20.0,IN-G8,152,0,0,0,0,0,0,0,0,0,0
1132_56_rot2,1132_56,HH,2,speed-5|band1|scr0,-5.0,1.0,45000000.0,0.0,IN-G8,152,0,0,0,0,0,0,0,0,0,0
1132_56_rot2,1132_56,HH,2,speed-5|band1|scr10,-5.0,1.0,45000000.0,10.0,IN-G8,152,0,0,0,0,0,0,0,0,0,0
1132_56_rot2,1132_56,HH,2,speed-5|band1|scr20,-5.0,1.0,45000000.0,20.0,IN-G8,152,0,0,0,0,0,0,0,0,0,0
1132_56_rot2,1132_56,HH,2,speed5|band0.5|scr0,5.0,0.5,22500000.0,0.0,IN-G8,152,0,0,0,0,0,0,0,0,0,0
1132_56_rot2,1132_56,HH,2,speed5|band0.5|scr10,5.0,0.5,22500000.0,10.0,IN-G8,152,0,0,0,0,0,0,0,0,0,0
1132_56_rot2,1132_56,HH,2,speed5|band0.5|scr20,5.0,0.5,22500000.0,20.0,IN-G8,152,0,0,0,0,0,0,0,0,0,0
1132_56_rot2,1132_56,HH,2,speed5|band1|scr0,5.0,1.0,45000000.0,0.0,IN-G8,152,0,0,0,0,0,0,0,0,0,0
1132_56_rot2,1132_56,HH,2,speed5|band1|scr10,5.0,1.0,45000000.0,10.0,IN-G8,152,0,0,0,0,0,0,0,0,0,0
1132_56_rot2,1132_56,HH,2,speed5|band1|scr20,5.0,1.0,45000000.0,20.0,IN-G8,152,0,0,0,0,0,0,0,0,0,0
1132_56_rot2,1132_56,HH,2,speed15|band0.5|scr0,15.0,0.5,22500000.0,0.0,IN-G8,152,0,0,0,0,0,0,0,0,0,0
1132_56_rot2,1132_56,HH,2,speed15|band0.5|scr10,15.0,0.5,22500000.0,10.0,IN-G8,152,0,0,0,0,0,0,0,0,0,0
1132_56_rot2,1132_56,HH,2,speed15|band0.5|scr20,15.0,0.5,22500000.0,20.0,IN-G8,152,0,0,0,0,0,0,0,0,0,0
1132_56_rot2,1132_56,HH,2,speed15|band1|scr0,15.0,1.0,45000000.0,0.0,IN-G8,152,0,0,0,0,0,0,0,0,0,0
1132_56_rot2,1132_56,HH,2,speed15|band1|scr10,15.0,1.0,45000000.0,10.0,IN-G8,152,0,0,0,0,0,0,0,0,0,0
1132_56_rot2,1132_56,HH,2,speed15|band1|scr20,15.0,1.0,45000000.0,20.0,IN-G8,152,0,0,0,0,0,0,0,0,0,0
1132_56_rot2,1132_56,HH,2,speed-15|band0.5|scr0,-15.0,0.5,22500000.0,0.0,CA-G8,152,0,0,0,0,0,0,0,0,0,0
1132_56_rot2,1132_56,HH,2,speed-15|band0.5|scr10,-15.0,0.5,22500000.0,10.0,CA-G8,152,0,0,0,0,0,0,0,0,0,0
1132_56_rot2,1132_56,HH,2,speed-15|band0.5|scr20,-15.0,0.5,22500000.0,20.0,CA-G8,152,0,0,0,0,0,0,0,0,0,0
1132_56_rot2,1132_56,HH,2,speed-15|band1|scr0,-15.0,1.0,45000000.0,0.0,CA-G8,152,0,0,0,0,0,0,0,0,0,0
1132_56_rot2,1132_56,HH,2,speed-15|band1|scr10,-15.0,1.0,45000000.0,10.0,CA-G8,152,0,0,0,0,0,0,0,0,0,0
1132_56_rot2,1132_56,HH,2,speed-15|band1|scr20,-15.0,1.0,45000000.0,20.0,CA-G8,152,0,0,0,0,0,0,0,0,0,0
1132_56_rot2,1132_56,HH,2,speed-5|band0.5|scr0,-5.0,0.5,22500000.0,0.0,CA-G8,152,0,0,0,0,0,0,0,0,0,0
1132_56_rot2,1132_56,HH,2,speed-5|band0.5|scr10,-5.0,0.5,22500000.0,10.0,CA-G8,152,0,0,0,0,0,0,0,0,0,0
1132_56_rot2,1132_56,HH,2,speed-5|band0.5|scr20,-5.0,0.5,22500000.0,20.0,CA-G8,152,0,0,0,0,0,0,0,0,0,0
1132_56_rot2,1132_56,HH,2,speed-5|band1|scr0,-5.0,1.0,45000000.0,0.0,CA-G8,152,1,0,0,0,288,0,0,0,0,0
1132_56_rot2,1132_56,HH,2,speed-5|band1|scr10,-5.0,1.0,45000000.0,10.0,CA-G8,152,0,0,0,0,0,0,0,0,0,0
1132_56_rot2,1132_56,HH,2,speed-5|band1|scr20,-5.0,1.0,45000000.0,20.0,CA-G8,152,0,0,0,0,0,0,0,0,0,0
1132_56_rot2,1132_56,HH,2,speed5|band0.5|scr0,5.0,0.5,22500000.0,0.0,CA-G8,152,0,0,0,0,0,0,0,0,0,0
1132_56_rot2,1132_56,HH,2,speed5|band0.5|scr10,5.0,0.5,22500000.0,10.0,CA-G8,152,0,0,0,0,0,0,0,0,0,0
1132_56_rot2,1132_56,HH,2,speed5|band0.5|scr20,5.0,0.5,22500000.0,20.0,CA-G8,152,0,0,0,0,0,0,0,0,0,0
1132_56_rot2,1132_56,HH,2,speed5|band1|scr0,5.0,1.0,45000000.0,0.0,CA-G8,152,0,0,0,0,0,0,0,0,0,0
1132_56_rot2,1132_56,HH,2,speed5|band1|scr10,5.0,1.0,45000000.0,10.0,CA-G8,152,0,0,0,0,0,0,0,0,0,0
1132_56_rot2,1132_56,HH,2,speed5|band1|scr20,5.0,1.0,45000000.0,20.0,CA-G8,152,0,0,0,0,0,0,0,0,0,0
1132_56_rot2,1132_56,HH,2,speed15|band0.5|scr0,15.0,0.5,22500000.0,0.0,CA-G8,152,0,0,0,0,0,0,0,0,0,0
1132_56_rot2,1132_56,HH,2,speed15|band0.5|scr10,15.0,0.5,22500000.0,10.0,CA-G8,152,0,0,0,0,0,0,0,0,0,0
1132_56_rot2,1132_56,HH,2,speed15|band0.5|scr20,15.0,0.5,22500000.0,20.0,CA-G8,152,0,0,0,0,0,0,0,0,0,0
1132_56_rot2,1132_56,HH,2,speed15|band1|scr0,15.0,1.0,45000000.0,0.0,CA-G8,152,0,0,0,0,0,0,0,0,0,0
1132_56_rot2,1132_56,HH,2,speed15|band1|scr10,15.0,1.0,45000000.0,10.0,CA-G8,152,0,0,0,0,0,0,0,0,0,0
1132_56_rot2,1132_56,HH,2,speed15|band1|scr20,15.0,1.0,45000000.0,20.0,CA-G8,152,0,0,0,0,0,0,0,0,0,0
1132_56_rot2,1132_56,HH,2,speed-15|band0.5|scr0,-15.0,0.5,22500000.0,0.0,OS8-G8,152,0,0,0,0,0,0,0,0,0,0
1132_56_rot2,1132_56,HH,2,speed-15|band0.5|scr10,-15.0,0.5,22500000.0,10.0,OS8-G8,152,0,0,0,0,0,0,0,0,0,0
1132_56_rot2,1132_56,HH,2,speed-15|band0.5|scr20,-15.0,0.5,22500000.0,20.0,OS8-G8,152,0,0,0,0,0,0,0,0,0,0
1132_56_rot2,1132_56,HH,2,speed-15|band1|scr0,-15.0,1.0,45000000.0,0.0,OS8-G8,152,0,0,0,0,0,0,0,0,0,0
1132_56_rot2,1132_56,HH,2,speed-15|band1|scr10,-15.0,1.0,45000000.0,10.0,OS8-G8,152,0,0,0,0,0,0,0,0,0,0
1132_56_rot2,1132_56,HH,2,speed-15|band1|scr20,-15.0,1.0,45000000.0,20.0,OS8-G8,152,0,0,0,0,0,0,0,0,0,0
1132_56_rot2,1132_56,HH,2,speed-5|band0.5|scr0,-5.0,0.5,22500000.0,0.0,OS8-G8,152,0,0,0,0,0,0,0,0,0,0
1132_56_rot2,1132_56,HH,2,speed-5|band0.5|scr10,-5.0,0.5,22500000.0,10.0,OS8-G8,152,0,0,0,0,0,0,0,0,0,0
1132_56_rot2,1132_56,HH,2,speed-5|band0.5|scr20,-5.0,0.5,22500000.0,20.0,OS8-G8,152,0,0,0,0,0,0,0,0,0,0
1132_56_rot2,1132_56,HH,2,speed-5|band1|scr0,-5.0,1.0,45000000.0,0.0,OS8-G8,152,0,0,0,0,0,0,0,0,0,0
1132_56_rot2,1132_56,HH,2,speed-5|band1|scr10,-5.0,1.0,45000000.0,10.0,OS8-G8,152,1,1,1,1,74,74,-597,1,0,0
1132_56_rot2,1132_56,HH,2,speed-5|band1|scr20,-5.0,1.0,45000000.0,20.0,OS8-G8,152,0,0,0,0,0,0,0,0,0,0
1132_56_rot2,1132_56,HH,2,speed5|band0.5|scr0,5.0,0.5,22500000.0,0.0,OS8-G8,152,0,0,0,0,0,0,0,0,0,0
1132_56_rot2,1132_56,HH,2,speed5|band0.5|scr10,5.0,0.5,22500000.0,10.0,OS8-G8,152,0,0,0,0,0,0,0,0,0,0
1132_56_rot2,1132_56,HH,2,speed5|band0.5|scr20,5.0,0.5,22500000.0,20.0,OS8-G8,152,0,0,0,0,0,0,0,0,0,0
1132_56_rot2,1132_56,HH,2,speed5|band1|scr0,5.0,1.0,45000000.0,0.0,OS8-G8,152,0,0,0,0,0,0,0,0,0,0
1132_56_rot2,1132_56,HH,2,speed5|band1|scr10,5.0,1.0,45000000.0,10.0,OS8-G8,152,0,0,0,0,0,0,0,0,0,0
1132_56_rot2,1132_56,HH,2,speed5|band1|scr20,5.0,1.0,45000000.0,20.0,OS8-G8,152,0,0,0,0,0,0,0,0,0,0
1132_56_rot2,1132_56,HH,2,speed15|band0.5|scr0,15.0,0.5,22500000.0,0.0,OS8-G8,152,0,0,0,0,0,0,0,0,0,0
1132_56_rot2,1132_56,HH,2,speed15|band0.5|scr10,15.0,0.5,22500000.0,10.0,OS8-G8,152,0,0,0,0,0,0,0,0,0,0
1132_56_rot2,1132_56,HH,2,speed15|band0.5|scr20,15.0,0.5,22500000.0,20.0,OS8-G8,152,0,0,0,0,0,0,0,0,0,0
1132_56_rot2,1132_56,HH,2,speed15|band1|scr0,15.0,1.0,45000000.0,0.0,OS8-G8,152,0,0,0,0,0,0,0,0,0,0
1132_56_rot2,1132_56,HH,2,speed15|band1|scr10,15.0,1.0,45000000.0,10.0,OS8-G8,152,0,0,0,0,0,0,0,0,0,0
1132_56_rot2,1132_56,HH,2,speed15|band1|scr20,15.0,1.0,45000000.0,20.0,OS8-G8,152,0,0,0,0,0,0,0,0,0,0
1132_56_rot2,1132_56,HH,2,speed-15|band0.5|scr0,-15.0,0.5,22500000.0,0.0,PAMF-H1-K8-G8,152,0,0,0,0,0,0,0,0,0,0
1132_56_rot2,1132_56,HH,2,speed-15|band0.5|scr10,-15.0,0.5,22500000.0,10.0,PAMF-H1-K8-G8,152,0,0,0,0,0,0,0,0,0,0
1132_56_rot2,1132_56,HH,2,speed-15|band0.5|scr20,-15.0,0.5,22500000.0,20.0,PAMF-H1-K8-G8,152,0,0,0,0,0,0,0,0,0,0
1132_56_rot2,1132_56,HH,2,speed-15|band1|scr0,-15.0,1.0,45000000.0,0.0,PAMF-H1-K8-G8,152,0,0,0,0,0,0,0,0,0,0
1132_56_rot2,1132_56,HH,2,speed-15|band1|scr10,-15.0,1.0,45000000.0,10.0,PAMF-H1-K8-G8,152,0,0,0,0,0,0,0,0,0,0
1132_56_rot2,1132_56,HH,2,speed-15|band1|scr20,-15.0,1.0,45000000.0,20.0,PAMF-H1-K8-G8,152,0,0,0,0,0,0,0,0,0,0
1132_56_rot2,1132_56,HH,2,speed-5|band0.5|scr0,-5.0,0.5,22500000.0,0.0,PAMF-H1-K8-G8,152,0,0,0,0,0,0,0,0,0,0
1132_56_rot2,1132_56,HH,2,speed-5|band0.5|scr10,-5.0,0.5,22500000.0,10.0,PAMF-H1-K8-G8,152,1,1,1,1,833,833,385,0,0,1
1132_56_rot2,1132_56,HH,2,speed-5|band0.5|scr20,-5.0,0.5,22500000.0,20.0,PAMF-H1-K8-G8,152,0,0,0,0,0,0,0,0,0,0
1132_56_rot2,1132_56,HH,2,speed-5|band1|scr0,-5.0,1.0,45000000.0,0.0,PAMF-H1-K8-G8,152,0,0,0,0,0,0,0,0,0,0
1132_56_rot2,1132_56,HH,2,speed-5|band1|scr10,-5.0,1.0,45000000.0,10.0,PAMF-H1-K8-G8,152,1,1,1,1,838,838,390,0,0,1
1132_56_rot2,1132_56,HH,2,speed-5|band1|scr20,-5.0,1.0,45000000.0,20.0,PAMF-H1-K8-G8,152,0,0,0,0,0,0,0,0,0,0
1132_56_rot2,1132_56,HH,2,speed5|band0.5|scr0,5.0,0.5,22500000.0,0.0,PAMF-H1-K8-G8,152,0,0,0,0,0,0,0,0,0,0
1132_56_rot2,1132_56,HH,2,speed5|band0.5|scr10,5.0,0.5,22500000.0,10.0,PAMF-H1-K8-G8,152,0,0,0,0,0,0,0,0,0,0
1132_56_rot2,1132_56,HH,2,speed5|band0.5|scr20,5.0,0.5,22500000.0,20.0,PAMF-H1-K8-G8,152,0,0,0,0,0,0,0,0,0,0
1132_56_rot2,1132_56,HH,2,speed5|band1|scr0,5.0,1.0,45000000.0,0.0,PAMF-H1-K8-G8,152,0,0,0,0,0,0,0,0,0,0
1132_56_rot2,1132_56,HH,2,speed5|band1|scr10,5.0,1.0,45000000.0,10.0,PAMF-H1-K8-G8,152,0,0,0,0,0,0,0,0,0,0
1132_56_rot2,1132_56,HH,2,speed5|band1|scr20,5.0,1.0,45000000.0,20.0,PAMF-H1-K8-G8,152,0,0,0,0,0,0,0,0,0,0
1132_56_rot2,1132_56,HH,2,speed15|band0.5|scr0,15.0,0.5,22500000.0,0.0,PAMF-H1-K8-G8,152,0,0,0,0,0,0,0,0,0,0
1132_56_rot2,1132_56,HH,2,speed15|band0.5|scr10,15.0,0.5,22500000.0,10.0,PAMF-H1-K8-G8,152,0,0,0,0,0,0,0,0,0,0
1132_56_rot2,1132_56,HH,2,speed15|band0.5|scr20,15.0,0.5,22500000.0,20.0,PAMF-H1-K8-G8,152,0,0,0,0,0,0,0,0,0,0
1132_56_rot2,1132_56,HH,2,speed15|band1|scr0,15.0,1.0,45000000.0,0.0,PAMF-H1-K8-G8,152,0,0,0,0,0,0,0,0,0,0
1132_56_rot2,1132_56,HH,2,speed15|band1|scr10,15.0,1.0,45000000.0,10.0,PAMF-H1-K8-G8,152,0,0,0,0,0,0,0,0,0,0
1132_56_rot2,1132_56,HH,2,speed15|band1|scr20,15.0,1.0,45000000.0,20.0,PAMF-H1-K8-G8,152,0,0,0,0,0,0,0,0,0,0
1132_56_rot2,1132_56,HH,2,speed-15|band0.5|scr0,-15.0,0.5,22500000.0,0.0,P-ANMF1-N16,152,0,0,0,0,0,0,0,0,0,0
1132_56_rot2,1132_56,HH,2,speed-15|band0.5|scr10,-15.0,0.5,22500000.0,10.0,P-ANMF1-N16,152,0,0,0,0,0,0,0,0,0,0
1132_56_rot2,1132_56,HH,2,speed-15|band0.5|scr20,-15.0,0.5,22500000.0,20.0,P-ANMF1-N16,152,0,0,0,0,0,0,0,0,0,0
1132_56_rot2,1132_56,HH,2,speed-15|band1|scr0,-15.0,1.0,45000000.0,0.0,P-ANMF1-N16,152,0,0,0,0,0,0,0,0,0,0
1132_56_rot2,1132_56,HH,2,speed-15|band1|scr10,-15.0,1.0,45000000.0,10.0,P-ANMF1-N16,152,0,0,0,0,0,0,0,0,0,0
1132_56_rot2,1132_56,HH,2,speed-15|band1|scr20,-15.0,1.0,45000000.0,20.0,P-ANMF1-N16,152,0,0,0,0,0,0,0,0,0,0
1132_56_rot2,1132_56,HH,2,speed-5|band0.5|scr0,-5.0,0.5,22500000.0,0.0,P-ANMF1-N16,152,7,7,7,7,1424,1424,-876,6,0,1
1132_56_rot2,1132_56,HH,2,speed-5|band0.5|scr10,-5.0,0.5,22500000.0,10.0,P-ANMF1-N16,152,47,47,47,47,9045,9045,-14438,42,0,5
1132_56_rot2,1132_56,HH,2,speed-5|band0.5|scr20,-5.0,0.5,22500000.0,20.0,P-ANMF1-N16,152,116,116,116,116,4687,4687,-52712,111,0,5
1132_56_rot2,1132_56,HH,2,speed-5|band1|scr0,-5.0,1.0,45000000.0,0.0,P-ANMF1-N16,152,7,7,7,7,1641,1641,-659,6,0,1
1132_56_rot2,1132_56,HH,2,speed-5|band1|scr10,-5.0,1.0,45000000.0,10.0,P-ANMF1-N16,152,43,43,43,43,13649,13649,-7976,38,0,5
1132_56_rot2,1132_56,HH,2,speed-5|band1|scr20,-5.0,1.0,45000000.0,20.0,P-ANMF1-N16,152,115,115,115,115,17728,17728,-39541,108,0,7
1132_56_rot2,1132_56,HH,2,speed5|band0.5|scr0,5.0,0.5,22500000.0,0.0,P-ANMF1-N16,152,61,61,61,61,9760,9760,-20801,52,0,9
1132_56_rot2,1132_56,HH,2,speed5|band0.5|scr10,5.0,0.5,22500000.0,10.0,P-ANMF1-N16,152,127,127,127,127,3931,3931,-59897,125,0,2
1132_56_rot2,1132_56,HH,2,speed5|band0.5|scr20,5.0,0.5,22500000.0,20.0,P-ANMF1-N16,152,148,148,148,147,1015,1015,-73581,148,0,0
1132_56_rot2,1132_56,HH,2,speed5|band1|scr0,5.0,1.0,45000000.0,0.0,P-ANMF1-N16,152,58,58,58,58,18323,18323,-10286,48,0,10
1132_56_rot2,1132_56,HH,2,speed5|band1|scr10,5.0,1.0,45000000.0,10.0,P-ANMF1-N16,152,126,126,126,126,16682,16682,-46268,122,0,4
1132_56_rot2,1132_56,HH,2,speed5|band1|scr20,5.0,1.0,45000000.0,20.0,P-ANMF1-N16,152,148,148,148,146,5484,5545,-69051,147,0,1
1132_56_rot2,1132_56,HH,2,speed15|band0.5|scr0,15.0,0.5,22500000.0,0.0,P-ANMF1-N16,152,0,0,0,0,0,0,0,0,0,0
1132_56_rot2,1132_56,HH,2,speed15|band0.5|scr10,15.0,0.5,22500000.0,10.0,P-ANMF1-N16,152,0,0,0,0,0,0,0,0,0,0
1132_56_rot2,1132_56,HH,2,speed15|band0.5|scr20,15.0,0.5,22500000.0,20.0,P-ANMF1-N16,152,0,0,0,0,0,0,0,0,0,0
1132_56_rot2,1132_56,HH,2,speed15|band1|scr0,15.0,1.0,45000000.0,0.0,P-ANMF1-N16,152,0,0,0,0,0,0,0,0,0,0
1132_56_rot2,1132_56,HH,2,speed15|band1|scr10,15.0,1.0,45000000.0,10.0,P-ANMF1-N16,152,0,0,0,0,0,0,0,0,0,0
1132_56_rot2,1132_56,HH,2,speed15|band1|scr20,15.0,1.0,45000000.0,20.0,P-ANMF1-N16,152,0,0,0,0,0,0,0,0,0,0
1132_56_rot3,1132_56,HH,3,speed-15|band0.5|scr0,-15.0,0.5,22500000.0,0.0,IN-G0,152,0,0,0,0,0,0,0,0,0,0
1132_56_rot3,1132_56,HH,3,speed-15|band0.5|scr10,-15.0,0.5,22500000.0,10.0,IN-G0,152,0,0,0,0,0,0,0,0,0,0
1132_56_rot3,1132_56,HH,3,speed-15|band0.5|scr20,-15.0,0.5,22500000.0,20.0,IN-G0,152,0,0,0,0,0,0,0,0,0,0
1132_56_rot3,1132_56,HH,3,speed-15|band1|scr0,-15.0,1.0,45000000.0,0.0,IN-G0,152,0,0,0,0,0,0,0,0,0,0
1132_56_rot3,1132_56,HH,3,speed-15|band1|scr10,-15.0,1.0,45000000.0,10.0,IN-G0,152,0,0,0,0,0,0,0,0,0,0
1132_56_rot3,1132_56,HH,3,speed-15|band1|scr20,-15.0,1.0,45000000.0,20.0,IN-G0,152,0,0,0,0,0,0,0,0,0,0
1132_56_rot3,1132_56,HH,3,speed-5|band0.5|scr0,-5.0,0.5,22500000.0,0.0,IN-G0,152,0,0,0,0,0,0,0,0,0,0
1132_56_rot3,1132_56,HH,3,speed-5|band0.5|scr10,-5.0,0.5,22500000.0,10.0,IN-G0,152,0,0,0,0,0,0,0,0,0,0
1132_56_rot3,1132_56,HH,3,speed-5|band0.5|scr20,-5.0,0.5,22500000.0,20.0,IN-G0,152,0,0,0,0,0,0,0,0,0,0
1132_56_rot3,1132_56,HH,3,speed-5|band1|scr0,-5.0,1.0,45000000.0,0.0,IN-G0,152,0,0,0,0,0,0,0,0,0,0
1132_56_rot3,1132_56,HH,3,speed-5|band1|scr10,-5.0,1.0,45000000.0,10.0,IN-G0,152,0,0,0,0,0,0,0,0,0,0
1132_56_rot3,1132_56,HH,3,speed-5|band1|scr20,-5.0,1.0,45000000.0,20.0,IN-G0,152,0,0,0,0,0,0,0,0,0,0
1132_56_rot3,1132_56,HH,3,speed5|band0.5|scr0,5.0,0.5,22500000.0,0.0,IN-G0,152,0,0,0,0,0,0,0,0,0,0
1132_56_rot3,1132_56,HH,3,speed5|band0.5|scr10,5.0,0.5,22500000.0,10.0,IN-G0,152,0,0,0,0,0,0,0,0,0,0
1132_56_rot3,1132_56,HH,3,speed5|band0.5|scr20,5.0,0.5,22500000.0,20.0,IN-G0,152,0,0,0,0,0,0,0,0,0,0
1132_56_rot3,1132_56,HH,3,speed5|band1|scr0,5.0,1.0,45000000.0,0.0,IN-G0,152,0,0,0,0,0,0,0,0,0,0
1132_56_rot3,1132_56,HH,3,speed5|band1|scr10,5.0,1.0,45000000.0,10.0,IN-G0,152,0,0,0,0,0,0,0,0,0,0
1132_56_rot3,1132_56,HH,3,speed5|band1|scr20,5.0,1.0,45000000.0,20.0,IN-G0,152,0,0,0,0,0,0,0,0,0,0
1132_56_rot3,1132_56,HH,3,speed15|band0.5|scr0,15.0,0.5,22500000.0,0.0,IN-G0,152,0,0,0,0,0,0,0,0,0,0
1132_56_rot3,1132_56,HH,3,speed15|band0.5|scr10,15.0,0.5,22500000.0,10.0,IN-G0,152,0,0,0,0,0,0,0,0,0,0
1132_56_rot3,1132_56,HH,3,speed15|band0.5|scr20,15.0,0.5,22500000.0,20.0,IN-G0,152,0,0,0,0,0,0,0,0,0,0
1132_56_rot3,1132_56,HH,3,speed15|band1|scr0,15.0,1.0,45000000.0,0.0,IN-G0,152,0,0,0,0,0,0,0,0,0,0
1132_56_rot3,1132_56,HH,3,speed15|band1|scr10,15.0,1.0,45000000.0,10.0,IN-G0,152,0,0,0,0,0,0,0,0,0,0
1132_56_rot3,1132_56,HH,3,speed15|band1|scr20,15.0,1.0,45000000.0,20.0,IN-G0,152,0,0,0,0,0,0,0,0,0,0
1132_56_rot3,1132_56,HH,3,speed-15|band0.5|scr0,-15.0,0.5,22500000.0,0.0,CA-G0,152,1,0,0,0,1022,0,0,0,0,0
1132_56_rot3,1132_56,HH,3,speed-15|band0.5|scr10,-15.0,0.5,22500000.0,10.0,CA-G0,152,0,0,0,0,0,0,0,0,0,0
1132_56_rot3,1132_56,HH,3,speed-15|band0.5|scr20,-15.0,0.5,22500000.0,20.0,CA-G0,152,0,0,0,0,0,0,0,0,0,0
1132_56_rot3,1132_56,HH,3,speed-15|band1|scr0,-15.0,1.0,45000000.0,0.0,CA-G0,152,1,0,0,0,1022,0,0,0,0,0
1132_56_rot3,1132_56,HH,3,speed-15|band1|scr10,-15.0,1.0,45000000.0,10.0,CA-G0,152,0,0,0,0,0,0,0,0,0,0
1132_56_rot3,1132_56,HH,3,speed-15|band1|scr20,-15.0,1.0,45000000.0,20.0,CA-G0,152,0,0,0,0,0,0,0,0,0,0
1132_56_rot3,1132_56,HH,3,speed-5|band0.5|scr0,-5.0,0.5,22500000.0,0.0,CA-G0,152,0,0,0,0,0,0,0,0,0,0
1132_56_rot3,1132_56,HH,3,speed-5|band0.5|scr10,-5.0,0.5,22500000.0,10.0,CA-G0,152,0,0,0,0,0,0,0,0,0,0
1132_56_rot3,1132_56,HH,3,speed-5|band0.5|scr20,-5.0,0.5,22500000.0,20.0,CA-G0,152,0,0,0,0,0,0,0,0,0,0
1132_56_rot3,1132_56,HH,3,speed-5|band1|scr0,-5.0,1.0,45000000.0,0.0,CA-G0,152,1,0,0,0,97,0,0,0,0,0
1132_56_rot3,1132_56,HH,3,speed-5|band1|scr10,-5.0,1.0,45000000.0,10.0,CA-G0,152,0,0,0,0,0,0,0,0,0,0
1132_56_rot3,1132_56,HH,3,speed-5|band1|scr20,-5.0,1.0,45000000.0,20.0,CA-G0,152,0,0,0,0,0,0,0,0,0,0
1132_56_rot3,1132_56,HH,3,speed5|band0.5|scr0,5.0,0.5,22500000.0,0.0,CA-G0,152,1,1,1,1,198,198,-128,1,0,0
1132_56_rot3,1132_56,HH,3,speed5|band0.5|scr10,5.0,0.5,22500000.0,10.0,CA-G0,152,0,0,0,0,0,0,0,0,0,0
1132_56_rot3,1132_56,HH,3,speed5|band0.5|scr20,5.0,0.5,22500000.0,20.0,CA-G0,152,0,0,0,0,0,0,0,0,0,0
1132_56_rot3,1132_56,HH,3,speed5|band1|scr0,5.0,1.0,45000000.0,0.0,CA-G0,152,0,0,0,0,0,0,0,0,0,0
1132_56_rot3,1132_56,HH,3,speed5|band1|scr10,5.0,1.0,45000000.0,10.0,CA-G0,152,0,0,0,0,0,0,0,0,0,0
1132_56_rot3,1132_56,HH,3,speed5|band1|scr20,5.0,1.0,45000000.0,20.0,CA-G0,152,0,0,0,0,0,0,0,0,0,0
1132_56_rot3,1132_56,HH,3,speed15|band0.5|scr0,15.0,0.5,22500000.0,0.0,CA-G0,152,1,0,0,0,1022,0,0,0,0,0
1132_56_rot3,1132_56,HH,3,speed15|band0.5|scr10,15.0,0.5,22500000.0,10.0,CA-G0,152,0,0,0,0,0,0,0,0,0,0
1132_56_rot3,1132_56,HH,3,speed15|band0.5|scr20,15.0,0.5,22500000.0,20.0,CA-G0,152,0,0,0,0,0,0,0,0,0,0
1132_56_rot3,1132_56,HH,3,speed15|band1|scr0,15.0,1.0,45000000.0,0.0,CA-G0,152,1,0,0,0,1022,0,0,0,0,0
1132_56_rot3,1132_56,HH,3,speed15|band1|scr10,15.0,1.0,45000000.0,10.0,CA-G0,152,0,0,0,0,0,0,0,0,0,0
1132_56_rot3,1132_56,HH,3,speed15|band1|scr20,15.0,1.0,45000000.0,20.0,CA-G0,152,0,0,0,0,0,0,0,0,0,0
1132_56_rot3,1132_56,HH,3,speed-15|band0.5|scr0,-15.0,0.5,22500000.0,0.0,OS8-G0,152,0,0,0,0,0,0,0,0,0,0
1132_56_rot3,1132_56,HH,3,speed-15|band0.5|scr10,-15.0,0.5,22500000.0,10.0,OS8-G0,152,0,0,0,0,0,0,0,0,0,0
1132_56_rot3,1132_56,HH,3,speed-15|band0.5|scr20,-15.0,0.5,22500000.0,20.0,OS8-G0,152,0,0,0,0,0,0,0,0,0,0
1132_56_rot3,1132_56,HH,3,speed-15|band1|scr0,-15.0,1.0,45000000.0,0.0,OS8-G0,152,0,0,0,0,0,0,0,0,0,0
1132_56_rot3,1132_56,HH,3,speed-15|band1|scr10,-15.0,1.0,45000000.0,10.0,OS8-G0,152,0,0,0,0,0,0,0,0,0,0
1132_56_rot3,1132_56,HH,3,speed-15|band1|scr20,-15.0,1.0,45000000.0,20.0,OS8-G0,152,0,0,0,0,0,0,0,0,0,0
1132_56_rot3,1132_56,HH,3,speed-5|band0.5|scr0,-5.0,0.5,22500000.0,0.0,OS8-G0,152,0,0,0,0,0,0,0,0,0,0
1132_56_rot3,1132_56,HH,3,speed-5|band0.5|scr10,-5.0,0.5,22500000.0,10.0,OS8-G0,152,2,2,2,2,755,755,-293,1,0,1
1132_56_rot3,1132_56,HH,3,speed-5|band0.5|scr20,-5.0,0.5,22500000.0,20.0,OS8-G0,152,0,0,0,0,0,0,0,0,0,0
1132_56_rot3,1132_56,HH,3,speed-5|band1|scr0,-5.0,1.0,45000000.0,0.0,OS8-G0,152,3,2,2,2,1613,1054,-359,1,0,1
1132_56_rot3,1132_56,HH,3,speed-5|band1|scr10,-5.0,1.0,45000000.0,10.0,OS8-G0,152,1,0,0,0,660,0,0,0,0,0
1132_56_rot3,1132_56,HH,3,speed-5|band1|scr20,-5.0,1.0,45000000.0,20.0,OS8-G0,152,0,0,0,0,0,0,0,0,0,0
1132_56_rot3,1132_56,HH,3,speed5|band0.5|scr0,5.0,0.5,22500000.0,0.0,OS8-G0,152,0,0,0,0,0,0,0,0,0,0
1132_56_rot3,1132_56,HH,3,speed5|band0.5|scr10,5.0,0.5,22500000.0,10.0,OS8-G0,152,1,0,0,0,808,0,0,0,0,0
1132_56_rot3,1132_56,HH,3,speed5|band0.5|scr20,5.0,0.5,22500000.0,20.0,OS8-G0,152,0,0,0,0,0,0,0,0,0,0
1132_56_rot3,1132_56,HH,3,speed5|band1|scr0,5.0,1.0,45000000.0,0.0,OS8-G0,152,0,0,0,0,0,0,0,0,0,0
1132_56_rot3,1132_56,HH,3,speed5|band1|scr10,5.0,1.0,45000000.0,10.0,OS8-G0,152,0,0,0,0,0,0,0,0,0,0
1132_56_rot3,1132_56,HH,3,speed5|band1|scr20,5.0,1.0,45000000.0,20.0,OS8-G0,152,0,0,0,0,0,0,0,0,0,0
1132_56_rot3,1132_56,HH,3,speed15|band0.5|scr0,15.0,0.5,22500000.0,0.0,OS8-G0,152,0,0,0,0,0,0,0,0,0,0
1132_56_rot3,1132_56,HH,3,speed15|band0.5|scr10,15.0,0.5,22500000.0,10.0,OS8-G0,152,0,0,0,0,0,0,0,0,0,0
1132_56_rot3,1132_56,HH,3,speed15|band0.5|scr20,15.0,0.5,22500000.0,20.0,OS8-G0,152,0,0,0,0,0,0,0,0,0,0
1132_56_rot3,1132_56,HH,3,speed15|band1|scr0,15.0,1.0,45000000.0,0.0,OS8-G0,152,0,0,0,0,0,0,0,0,0,0
1132_56_rot3,1132_56,HH,3,speed15|band1|scr10,15.0,1.0,45000000.0,10.0,OS8-G0,152,0,0,0,0,0,0,0,0,0,0
1132_56_rot3,1132_56,HH,3,speed15|band1|scr20,15.0,1.0,45000000.0,20.0,OS8-G0,152,0,0,0,0,0,0,0,0,0,0
1132_56_rot3,1132_56,HH,3,speed-15|band0.5|scr0,-15.0,0.5,22500000.0,0.0,IN-G8,152,0,0,0,0,0,0,0,0,0,0
1132_56_rot3,1132_56,HH,3,speed-15|band0.5|scr10,-15.0,0.5,22500000.0,10.0,IN-G8,152,0,0,0,0,0,0,0,0,0,0
1132_56_rot3,1132_56,HH,3,speed-15|band0.5|scr20,-15.0,0.5,22500000.0,20.0,IN-G8,152,0,0,0,0,0,0,0,0,0,0
1132_56_rot3,1132_56,HH,3,speed-15|band1|scr0,-15.0,1.0,45000000.0,0.0,IN-G8,152,0,0,0,0,0,0,0,0,0,0
1132_56_rot3,1132_56,HH,3,speed-15|band1|scr10,-15.0,1.0,45000000.0,10.0,IN-G8,152,0,0,0,0,0,0,0,0,0,0
1132_56_rot3,1132_56,HH,3,speed-15|band1|scr20,-15.0,1.0,45000000.0,20.0,IN-G8,152,0,0,0,0,0,0,0,0,0,0
1132_56_rot3,1132_56,HH,3,speed-5|band0.5|scr0,-5.0,0.5,22500000.0,0.0,IN-G8,152,0,0,0,0,0,0,0,0,0,0
1132_56_rot3,1132_56,HH,3,speed-5|band0.5|scr10,-5.0,0.5,22500000.0,10.0,IN-G8,152,0,0,0,0,0,0,0,0,0,0
1132_56_rot3,1132_56,HH,3,speed-5|band0.5|scr20,-5.0,0.5,22500000.0,20.0,IN-G8,152,0,0,0,0,0,0,0,0,0,0
1132_56_rot3,1132_56,HH,3,speed-5|band1|scr0,-5.0,1.0,45000000.0,0.0,IN-G8,152,0,0,0,0,0,0,0,0,0,0
1132_56_rot3,1132_56,HH,3,speed-5|band1|scr10,-5.0,1.0,45000000.0,10.0,IN-G8,152,0,0,0,0,0,0,0,0,0,0
1132_56_rot3,1132_56,HH,3,speed-5|band1|scr20,-5.0,1.0,45000000.0,20.0,IN-G8,152,0,0,0,0,0,0,0,0,0,0
1132_56_rot3,1132_56,HH,3,speed5|band0.5|scr0,5.0,0.5,22500000.0,0.0,IN-G8,152,0,0,0,0,0,0,0,0,0,0
1132_56_rot3,1132_56,HH,3,speed5|band0.5|scr10,5.0,0.5,22500000.0,10.0,IN-G8,152,0,0,0,0,0,0,0,0,0,0
1132_56_rot3,1132_56,HH,3,speed5|band0.5|scr20,5.0,0.5,22500000.0,20.0,IN-G8,152,0,0,0,0,0,0,0,0,0,0
1132_56_rot3,1132_56,HH,3,speed5|band1|scr0,5.0,1.0,45000000.0,0.0,IN-G8,152,0,0,0,0,0,0,0,0,0,0
1132_56_rot3,1132_56,HH,3,speed5|band1|scr10,5.0,1.0,45000000.0,10.0,IN-G8,152,0,0,0,0,0,0,0,0,0,0
1132_56_rot3,1132_56,HH,3,speed5|band1|scr20,5.0,1.0,45000000.0,20.0,IN-G8,152,0,0,0,0,0,0,0,0,0,0
1132_56_rot3,1132_56,HH,3,speed15|band0.5|scr0,15.0,0.5,22500000.0,0.0,IN-G8,152,0,0,0,0,0,0,0,0,0,0
1132_56_rot3,1132_56,HH,3,speed15|band0.5|scr10,15.0,0.5,22500000.0,10.0,IN-G8,152,0,0,0,0,0,0,0,0,0,0
1132_56_rot3,1132_56,HH,3,speed15|band0.5|scr20,15.0,0.5,22500000.0,20.0,IN-G8,152,0,0,0,0,0,0,0,0,0,0
1132_56_rot3,1132_56,HH,3,speed15|band1|scr0,15.0,1.0,45000000.0,0.0,IN-G8,152,0,0,0,0,0,0,0,0,0,0
1132_56_rot3,1132_56,HH,3,speed15|band1|scr10,15.0,1.0,45000000.0,10.0,IN-G8,152,0,0,0,0,0,0,0,0,0,0
1132_56_rot3,1132_56,HH,3,speed15|band1|scr20,15.0,1.0,45000000.0,20.0,IN-G8,152,0,0,0,0,0,0,0,0,0,0
1132_56_rot3,1132_56,HH,3,speed-15|band0.5|scr0,-15.0,0.5,22500000.0,0.0,CA-G8,152,0,0,0,0,0,0,0,0,0,0
1132_56_rot3,1132_56,HH,3,speed-15|band0.5|scr10,-15.0,0.5,22500000.0,10.0,CA-G8,152,0,0,0,0,0,0,0,0,0,0
1132_56_rot3,1132_56,HH,3,speed-15|band0.5|scr20,-15.0,0.5,22500000.0,20.0,CA-G8,152,0,0,0,0,0,0,0,0,0,0
1132_56_rot3,1132_56,HH,3,speed-15|band1|scr0,-15.0,1.0,45000000.0,0.0,CA-G8,152,0,0,0,0,0,0,0,0,0,0
1132_56_rot3,1132_56,HH,3,speed-15|band1|scr10,-15.0,1.0,45000000.0,10.0,CA-G8,152,0,0,0,0,0,0,0,0,0,0
1132_56_rot3,1132_56,HH,3,speed-15|band1|scr20,-15.0,1.0,45000000.0,20.0,CA-G8,152,0,0,0,0,0,0,0,0,0,0
1132_56_rot3,1132_56,HH,3,speed-5|band0.5|scr0,-5.0,0.5,22500000.0,0.0,CA-G8,152,2,0,0,0,872,0,0,0,0,0
1132_56_rot3,1132_56,HH,3,speed-5|band0.5|scr10,-5.0,0.5,22500000.0,10.0,CA-G8,152,0,0,0,0,0,0,0,0,0,0
1132_56_rot3,1132_56,HH,3,speed-5|band0.5|scr20,-5.0,0.5,22500000.0,20.0,CA-G8,152,0,0,0,0,0,0,0,0,0,0
1132_56_rot3,1132_56,HH,3,speed-5|band1|scr0,-5.0,1.0,45000000.0,0.0,CA-G8,152,0,0,0,0,0,0,0,0,0,0
1132_56_rot3,1132_56,HH,3,speed-5|band1|scr10,-5.0,1.0,45000000.0,10.0,CA-G8,152,2,1,1,1,324,166,-700,1,0,0
1132_56_rot3,1132_56,HH,3,speed-5|band1|scr20,-5.0,1.0,45000000.0,20.0,CA-G8,152,0,0,0,0,0,0,0,0,0,0
1132_56_rot3,1132_56,HH,3,speed5|band0.5|scr0,5.0,0.5,22500000.0,0.0,CA-G8,152,0,0,0,0,0,0,0,0,0,0
1132_56_rot3,1132_56,HH,3,speed5|band0.5|scr10,5.0,0.5,22500000.0,10.0,CA-G8,152,0,0,0,0,0,0,0,0,0,0
1132_56_rot3,1132_56,HH,3,speed5|band0.5|scr20,5.0,0.5,22500000.0,20.0,CA-G8,152,0,0,0,0,0,0,0,0,0,0
1132_56_rot3,1132_56,HH,3,speed5|band1|scr0,5.0,1.0,45000000.0,0.0,CA-G8,152,0,0,0,0,0,0,0,0,0,0
1132_56_rot3,1132_56,HH,3,speed5|band1|scr10,5.0,1.0,45000000.0,10.0,CA-G8,152,0,0,0,0,0,0,0,0,0,0
1132_56_rot3,1132_56,HH,3,speed5|band1|scr20,5.0,1.0,45000000.0,20.0,CA-G8,152,0,0,0,0,0,0,0,0,0,0
1132_56_rot3,1132_56,HH,3,speed15|band0.5|scr0,15.0,0.5,22500000.0,0.0,CA-G8,152,0,0,0,0,0,0,0,0,0,0
1132_56_rot3,1132_56,HH,3,speed15|band0.5|scr10,15.0,0.5,22500000.0,10.0,CA-G8,152,0,0,0,0,0,0,0,0,0,0
1132_56_rot3,1132_56,HH,3,speed15|band0.5|scr20,15.0,0.5,22500000.0,20.0,CA-G8,152,0,0,0,0,0,0,0,0,0,0
1132_56_rot3,1132_56,HH,3,speed15|band1|scr0,15.0,1.0,45000000.0,0.0,CA-G8,152,0,0,0,0,0,0,0,0,0,0
1132_56_rot3,1132_56,HH,3,speed15|band1|scr10,15.0,1.0,45000000.0,10.0,CA-G8,152,0,0,0,0,0,0,0,0,0,0
1132_56_rot3,1132_56,HH,3,speed15|band1|scr20,15.0,1.0,45000000.0,20.0,CA-G8,152,0,0,0,0,0,0,0,0,0,0
1132_56_rot3,1132_56,HH,3,speed-15|band0.5|scr0,-15.0,0.5,22500000.0,0.0,OS8-G8,152,0,0,0,0,0,0,0,0,0,0
1132_56_rot3,1132_56,HH,3,speed-15|band0.5|scr10,-15.0,0.5,22500000.0,10.0,OS8-G8,152,0,0,0,0,0,0,0,0,0,0
1132_56_rot3,1132_56,HH,3,speed-15|band0.5|scr20,-15.0,0.5,22500000.0,20.0,OS8-G8,152,0,0,0,0,0,0,0,0,0,0
1132_56_rot3,1132_56,HH,3,speed-15|band1|scr0,-15.0,1.0,45000000.0,0.0,OS8-G8,152,0,0,0,0,0,0,0,0,0,0
1132_56_rot3,1132_56,HH,3,speed-15|band1|scr10,-15.0,1.0,45000000.0,10.0,OS8-G8,152,0,0,0,0,0,0,0,0,0,0
1132_56_rot3,1132_56,HH,3,speed-15|band1|scr20,-15.0,1.0,45000000.0,20.0,OS8-G8,152,0,0,0,0,0,0,0,0,0,0
1132_56_rot3,1132_56,HH,3,speed-5|band0.5|scr0,-5.0,0.5,22500000.0,0.0,OS8-G8,152,2,1,1,1,1058,406,-190,1,0,0
1132_56_rot3,1132_56,HH,3,speed-5|band0.5|scr10,-5.0,0.5,22500000.0,10.0,OS8-G8,152,3,3,3,3,1906,1906,964,1,0,2
1132_56_rot3,1132_56,HH,3,speed-5|band0.5|scr20,-5.0,0.5,22500000.0,20.0,OS8-G8,152,0,0,0,0,0,0,0,0,0,0
1132_56_rot3,1132_56,HH,3,speed-5|band1|scr0,-5.0,1.0,45000000.0,0.0,OS8-G8,152,4,3,3,3,2032,1146,-977,2,0,1
1132_56_rot3,1132_56,HH,3,speed-5|band1|scr10,-5.0,1.0,45000000.0,10.0,OS8-G8,152,4,3,3,3,1624,1462,-496,2,0,1
1132_56_rot3,1132_56,HH,3,speed-5|band1|scr20,-5.0,1.0,45000000.0,20.0,OS8-G8,152,0,0,0,0,0,0,0,0,0,0
1132_56_rot3,1132_56,HH,3,speed5|band0.5|scr0,5.0,0.5,22500000.0,0.0,OS8-G8,152,0,0,0,0,0,0,0,0,0,0
1132_56_rot3,1132_56,HH,3,speed5|band0.5|scr10,5.0,0.5,22500000.0,10.0,OS8-G8,152,1,0,0,0,811,0,0,0,0,0
1132_56_rot3,1132_56,HH,3,speed5|band0.5|scr20,5.0,0.5,22500000.0,20.0,OS8-G8,152,0,0,0,0,0,0,0,0,0,0
1132_56_rot3,1132_56,HH,3,speed5|band1|scr0,5.0,1.0,45000000.0,0.0,OS8-G8,152,0,0,0,0,0,0,0,0,0,0
1132_56_rot3,1132_56,HH,3,speed5|band1|scr10,5.0,1.0,45000000.0,10.0,OS8-G8,152,0,0,0,0,0,0,0,0,0,0
1132_56_rot3,1132_56,HH,3,speed5|band1|scr20,5.0,1.0,45000000.0,20.0,OS8-G8,152,0,0,0,0,0,0,0,0,0,0
1132_56_rot3,1132_56,HH,3,speed15|band0.5|scr0,15.0,0.5,22500000.0,0.0,OS8-G8,152,0,0,0,0,0,0,0,0,0,0
1132_56_rot3,1132_56,HH,3,speed15|band0.5|scr10,15.0,0.5,22500000.0,10.0,OS8-G8,152,0,0,0,0,0,0,0,0,0,0
1132_56_rot3,1132_56,HH,3,speed15|band0.5|scr20,15.0,0.5,22500000.0,20.0,OS8-G8,152,0,0,0,0,0,0,0,0,0,0
1132_56_rot3,1132_56,HH,3,speed15|band1|scr0,15.0,1.0,45000000.0,0.0,OS8-G8,152,1,1,1,1,971,971,354,0,0,1
1132_56_rot3,1132_56,HH,3,speed15|band1|scr10,15.0,1.0,45000000.0,10.0,OS8-G8,152,0,0,0,0,0,0,0,0,0,0
1132_56_rot3,1132_56,HH,3,speed15|band1|scr20,15.0,1.0,45000000.0,20.0,OS8-G8,152,0,0,0,0,0,0,0,0,0,0
1132_56_rot3,1132_56,HH,3,speed-15|band0.5|scr0,-15.0,0.5,22500000.0,0.0,PAMF-H1-K8-G8,152,0,0,0,0,0,0,0,0,0,0
1132_56_rot3,1132_56,HH,3,speed-15|band0.5|scr10,-15.0,0.5,22500000.0,10.0,PAMF-H1-K8-G8,152,0,0,0,0,0,0,0,0,0,0
1132_56_rot3,1132_56,HH,3,speed-15|band0.5|scr20,-15.0,0.5,22500000.0,20.0,PAMF-H1-K8-G8,152,0,0,0,0,0,0,0,0,0,0
1132_56_rot3,1132_56,HH,3,speed-15|band1|scr0,-15.0,1.0,45000000.0,0.0,PAMF-H1-K8-G8,152,0,0,0,0,0,0,0,0,0,0
1132_56_rot3,1132_56,HH,3,speed-15|band1|scr10,-15.0,1.0,45000000.0,10.0,PAMF-H1-K8-G8,152,0,0,0,0,0,0,0,0,0,0
1132_56_rot3,1132_56,HH,3,speed-15|band1|scr20,-15.0,1.0,45000000.0,20.0,PAMF-H1-K8-G8,152,0,0,0,0,0,0,0,0,0,0
1132_56_rot3,1132_56,HH,3,speed-5|band0.5|scr0,-5.0,0.5,22500000.0,0.0,PAMF-H1-K8-G8,152,0,0,0,0,0,0,0,0,0,0
1132_56_rot3,1132_56,HH,3,speed-5|band0.5|scr10,-5.0,0.5,22500000.0,10.0,PAMF-H1-K8-G8,152,0,0,0,0,0,0,0,0,0,0
1132_56_rot3,1132_56,HH,3,speed-5|band0.5|scr20,-5.0,0.5,22500000.0,20.0,PAMF-H1-K8-G8,152,0,0,0,0,0,0,0,0,0,0
1132_56_rot3,1132_56,HH,3,speed-5|band1|scr0,-5.0,1.0,45000000.0,0.0,PAMF-H1-K8-G8,152,0,0,0,0,0,0,0,0,0,0
1132_56_rot3,1132_56,HH,3,speed-5|band1|scr10,-5.0,1.0,45000000.0,10.0,PAMF-H1-K8-G8,152,0,0,0,0,0,0,0,0,0,0
1132_56_rot3,1132_56,HH,3,speed-5|band1|scr20,-5.0,1.0,45000000.0,20.0,PAMF-H1-K8-G8,152,0,0,0,0,0,0,0,0,0,0
1132_56_rot3,1132_56,HH,3,speed5|band0.5|scr0,5.0,0.5,22500000.0,0.0,PAMF-H1-K8-G8,152,0,0,0,0,0,0,0,0,0,0
1132_56_rot3,1132_56,HH,3,speed5|band0.5|scr10,5.0,0.5,22500000.0,10.0,PAMF-H1-K8-G8,152,0,0,0,0,0,0,0,0,0,0
1132_56_rot3,1132_56,HH,3,speed5|band0.5|scr20,5.0,0.5,22500000.0,20.0,PAMF-H1-K8-G8,152,0,0,0,0,0,0,0,0,0,0
1132_56_rot3,1132_56,HH,3,speed5|band1|scr0,5.0,1.0,45000000.0,0.0,PAMF-H1-K8-G8,152,0,0,0,0,0,0,0,0,0,0
1132_56_rot3,1132_56,HH,3,speed5|band1|scr10,5.0,1.0,45000000.0,10.0,PAMF-H1-K8-G8,152,0,0,0,0,0,0,0,0,0,0
1132_56_rot3,1132_56,HH,3,speed5|band1|scr20,5.0,1.0,45000000.0,20.0,PAMF-H1-K8-G8,152,1,1,1,1,787,787,558,0,0,1
1132_56_rot3,1132_56,HH,3,speed15|band0.5|scr0,15.0,0.5,22500000.0,0.0,PAMF-H1-K8-G8,152,0,0,0,0,0,0,0,0,0,0
1132_56_rot3,1132_56,HH,3,speed15|band0.5|scr10,15.0,0.5,22500000.0,10.0,PAMF-H1-K8-G8,152,0,0,0,0,0,0,0,0,0,0
1132_56_rot3,1132_56,HH,3,speed15|band0.5|scr20,15.0,0.5,22500000.0,20.0,PAMF-H1-K8-G8,152,0,0,0,0,0,0,0,0,0,0
1132_56_rot3,1132_56,HH,3,speed15|band1|scr0,15.0,1.0,45000000.0,0.0,PAMF-H1-K8-G8,152,0,0,0,0,0,0,0,0,0,0
1132_56_rot3,1132_56,HH,3,speed15|band1|scr10,15.0,1.0,45000000.0,10.0,PAMF-H1-K8-G8,152,0,0,0,0,0,0,0,0,0,0
1132_56_rot3,1132_56,HH,3,speed15|band1|scr20,15.0,1.0,45000000.0,20.0,PAMF-H1-K8-G8,152,0,0,0,0,0,0,0,0,0,0
1132_56_rot3,1132_56,HH,3,speed-15|band0.5|scr0,-15.0,0.5,22500000.0,0.0,P-ANMF1-N16,152,0,0,0,0,0,0,0,0,0,0
1132_56_rot3,1132_56,HH,3,speed-15|band0.5|scr10,-15.0,0.5,22500000.0,10.0,P-ANMF1-N16,152,0,0,0,0,0,0,0,0,0,0
1132_56_rot3,1132_56,HH,3,speed-15|band0.5|scr20,-15.0,0.5,22500000.0,20.0,P-ANMF1-N16,152,0,0,0,0,0,0,0,0,0,0
1132_56_rot3,1132_56,HH,3,speed-15|band1|scr0,-15.0,1.0,45000000.0,0.0,P-ANMF1-N16,152,0,0,0,0,0,0,0,0,0,0
1132_56_rot3,1132_56,HH,3,speed-15|band1|scr10,-15.0,1.0,45000000.0,10.0,P-ANMF1-N16,152,0,0,0,0,0,0,0,0,0,0
1132_56_rot3,1132_56,HH,3,speed-15|band1|scr20,-15.0,1.0,45000000.0,20.0,P-ANMF1-N16,152,0,0,0,0,0,0,0,0,0,0
1132_56_rot3,1132_56,HH,3,speed-5|band0.5|scr0,-5.0,0.5,22500000.0,0.0,P-ANMF1-N16,152,16,16,16,16,4630,4630,-4872,15,0,1
1132_56_rot3,1132_56,HH,3,speed-5|band0.5|scr10,-5.0,0.5,22500000.0,10.0,P-ANMF1-N16,152,61,61,61,61,4233,4233,-26887,58,0,3
1132_56_rot3,1132_56,HH,3,speed-5|band0.5|scr20,-5.0,0.5,22500000.0,20.0,P-ANMF1-N16,152,129,129,129,129,6765,6765,-57214,126,0,3
1132_56_rot3,1132_56,HH,3,speed-5|band1|scr0,-5.0,1.0,45000000.0,0.0,P-ANMF1-N16,152,15,15,15,15,6040,6040,-2232,12,0,3
1132_56_rot3,1132_56,HH,3,speed-5|band1|scr10,-5.0,1.0,45000000.0,10.0,P-ANMF1-N16,152,58,58,58,58,13545,13545,-16380,54,0,4
1132_56_rot3,1132_56,HH,3,speed-5|band1|scr20,-5.0,1.0,45000000.0,20.0,P-ANMF1-N16,152,126,126,126,125,16515,16519,-45998,122,0,4
1132_56_rot3,1132_56,HH,3,speed5|band0.5|scr0,5.0,0.5,22500000.0,0.0,P-ANMF1-N16,152,83,83,83,83,8185,8185,-34217,78,0,5
1132_56_rot3,1132_56,HH,3,speed5|band0.5|scr10,5.0,0.5,22500000.0,10.0,P-ANMF1-N16,152,142,142,142,138,6553,6553,-63313,139,0,3
1132_56_rot3,1132_56,HH,3,speed5|band0.5|scr20,5.0,0.5,22500000.0,20.0,P-ANMF1-N16,152,152,152,152,147,1424,1424,-74104,151,0,1
1132_56_rot3,1132_56,HH,3,speed5|band1|scr0,5.0,1.0,45000000.0,0.0,P-ANMF1-N16,152,79,79,79,78,17079,17149,-22753,72,0,7
1132_56_rot3,1132_56,HH,3,speed5|band1|scr10,5.0,1.0,45000000.0,10.0,P-ANMF1-N16,152,141,141,141,139,16383,16409,-53027,139,0,2
1132_56_rot3,1132_56,HH,3,speed5|band1|scr20,5.0,1.0,45000000.0,20.0,P-ANMF1-N16,152,152,152,152,144,4992,5022,-70506,151,0,1
1132_56_rot3,1132_56,HH,3,speed15|band0.5|scr0,15.0,0.5,22500000.0,0.0,P-ANMF1-N16,152,0,0,0,0,0,0,0,0,0,0
1132_56_rot3,1132_56,HH,3,speed15|band0.5|scr10,15.0,0.5,22500000.0,10.0,P-ANMF1-N16,152,0,0,0,0,0,0,0,0,0,0
1132_56_rot3,1132_56,HH,3,speed15|band0.5|scr20,15.0,0.5,22500000.0,20.0,P-ANMF1-N16,152,0,0,0,0,0,0,0,0,0,0
1132_56_rot3,1132_56,HH,3,speed15|band1|scr0,15.0,1.0,45000000.0,0.0,P-ANMF1-N16,152,0,0,0,0,0,0,0,0,0,0
1132_56_rot3,1132_56,HH,3,speed15|band1|scr10,15.0,1.0,45000000.0,10.0,P-ANMF1-N16,152,0,0,0,0,0,0,0,0,0,0
1132_56_rot3,1132_56,HH,3,speed15|band1|scr20,15.0,1.0,45000000.0,20.0,P-ANMF1-N16,152,0,0,0,0,0,0,0,0,0,0
1139_49_rot2,1139_49,HH,2,speed-15|band0.5|scr0,-15.0,0.5,22500000.0,0.0,IN-G0,152,0,0,0,0,0,0,0,0,0,0
1139_49_rot2,1139_49,HH,2,speed-15|band0.5|scr10,-15.0,0.5,22500000.0,10.0,IN-G0,152,0,0,0,0,0,0,0,0,0,0
1139_49_rot2,1139_49,HH,2,speed-15|band0.5|scr20,-15.0,0.5,22500000.0,20.0,IN-G0,152,0,0,0,0,0,0,0,0,0,0
1139_49_rot2,1139_49,HH,2,speed-15|band1|scr0,-15.0,1.0,45000000.0,0.0,IN-G0,152,0,0,0,0,0,0,0,0,0,0
1139_49_rot2,1139_49,HH,2,speed-15|band1|scr10,-15.0,1.0,45000000.0,10.0,IN-G0,152,0,0,0,0,0,0,0,0,0,0
1139_49_rot2,1139_49,HH,2,speed-15|band1|scr20,-15.0,1.0,45000000.0,20.0,IN-G0,152,0,0,0,0,0,0,0,0,0,0
1139_49_rot2,1139_49,HH,2,speed-5|band0.5|scr0,-5.0,0.5,22500000.0,0.0,IN-G0,152,0,0,0,0,0,0,0,0,0,0
1139_49_rot2,1139_49,HH,2,speed-5|band0.5|scr10,-5.0,0.5,22500000.0,10.0,IN-G0,152,0,0,0,0,0,0,0,0,0,0
1139_49_rot2,1139_49,HH,2,speed-5|band0.5|scr20,-5.0,0.5,22500000.0,20.0,IN-G0,152,0,0,0,0,0,0,0,0,0,0
1139_49_rot2,1139_49,HH,2,speed-5|band1|scr0,-5.0,1.0,45000000.0,0.0,IN-G0,152,0,0,0,0,0,0,0,0,0,0
1139_49_rot2,1139_49,HH,2,speed-5|band1|scr10,-5.0,1.0,45000000.0,10.0,IN-G0,152,0,0,0,0,0,0,0,0,0,0
1139_49_rot2,1139_49,HH,2,speed-5|band1|scr20,-5.0,1.0,45000000.0,20.0,IN-G0,152,0,0,0,0,0,0,0,0,0,0
1139_49_rot2,1139_49,HH,2,speed5|band0.5|scr0,5.0,0.5,22500000.0,0.0,IN-G0,152,0,0,0,0,0,0,0,0,0,0
1139_49_rot2,1139_49,HH,2,speed5|band0.5|scr10,5.0,0.5,22500000.0,10.0,IN-G0,152,0,0,0,0,0,0,0,0,0,0
1139_49_rot2,1139_49,HH,2,speed5|band0.5|scr20,5.0,0.5,22500000.0,20.0,IN-G0,152,0,0,0,0,0,0,0,0,0,0
1139_49_rot2,1139_49,HH,2,speed5|band1|scr0,5.0,1.0,45000000.0,0.0,IN-G0,152,0,0,0,0,0,0,0,0,0,0
1139_49_rot2,1139_49,HH,2,speed5|band1|scr10,5.0,1.0,45000000.0,10.0,IN-G0,152,0,0,0,0,0,0,0,0,0,0
1139_49_rot2,1139_49,HH,2,speed5|band1|scr20,5.0,1.0,45000000.0,20.0,IN-G0,152,0,0,0,0,0,0,0,0,0,0
1139_49_rot2,1139_49,HH,2,speed15|band0.5|scr0,15.0,0.5,22500000.0,0.0,IN-G0,152,0,0,0,0,0,0,0,0,0,0
1139_49_rot2,1139_49,HH,2,speed15|band0.5|scr10,15.0,0.5,22500000.0,10.0,IN-G0,152,0,0,0,0,0,0,0,0,0,0
1139_49_rot2,1139_49,HH,2,speed15|band0.5|scr20,15.0,0.5,22500000.0,20.0,IN-G0,152,0,0,0,0,0,0,0,0,0,0
1139_49_rot2,1139_49,HH,2,speed15|band1|scr0,15.0,1.0,45000000.0,0.0,IN-G0,152,0,0,0,0,0,0,0,0,0,0
1139_49_rot2,1139_49,HH,2,speed15|band1|scr10,15.0,1.0,45000000.0,10.0,IN-G0,152,0,0,0,0,0,0,0,0,0,0
1139_49_rot2,1139_49,HH,2,speed15|band1|scr20,15.0,1.0,45000000.0,20.0,IN-G0,152,0,0,0,0,0,0,0,0,0,0
1139_49_rot2,1139_49,HH,2,speed-15|band0.5|scr0,-15.0,0.5,22500000.0,0.0,CA-G0,152,0,0,0,0,0,0,0,0,0,0
1139_49_rot2,1139_49,HH,2,speed-15|band0.5|scr10,-15.0,0.5,22500000.0,10.0,CA-G0,152,0,0,0,0,0,0,0,0,0,0
1139_49_rot2,1139_49,HH,2,speed-15|band0.5|scr20,-15.0,0.5,22500000.0,20.0,CA-G0,152,0,0,0,0,0,0,0,0,0,0
1139_49_rot2,1139_49,HH,2,speed-15|band1|scr0,-15.0,1.0,45000000.0,0.0,CA-G0,152,1,1,1,1,380,380,198,0,0,1
1139_49_rot2,1139_49,HH,2,speed-15|band1|scr10,-15.0,1.0,45000000.0,10.0,CA-G0,152,0,0,0,0,0,0,0,0,0,0
1139_49_rot2,1139_49,HH,2,speed-15|band1|scr20,-15.0,1.0,45000000.0,20.0,CA-G0,152,0,0,0,0,0,0,0,0,0,0
1139_49_rot2,1139_49,HH,2,speed-5|band0.5|scr0,-5.0,0.5,22500000.0,0.0,CA-G0,152,0,0,0,0,0,0,0,0,0,0
1139_49_rot2,1139_49,HH,2,speed-5|band0.5|scr10,-5.0,0.5,22500000.0,10.0,CA-G0,152,0,0,0,0,0,0,0,0,0,0
1139_49_rot2,1139_49,HH,2,speed-5|band0.5|scr20,-5.0,0.5,22500000.0,20.0,CA-G0,152,0,0,0,0,0,0,0,0,0,0
1139_49_rot2,1139_49,HH,2,speed-5|band1|scr0,-5.0,1.0,45000000.0,0.0,CA-G0,152,0,0,0,0,0,0,0,0,0,0
1139_49_rot2,1139_49,HH,2,speed-5|band1|scr10,-5.0,1.0,45000000.0,10.0,CA-G0,152,0,0,0,0,0,0,0,0,0,0
1139_49_rot2,1139_49,HH,2,speed-5|band1|scr20,-5.0,1.0,45000000.0,20.0,CA-G0,152,1,0,0,0,253,0,0,0,0,0
1139_49_rot2,1139_49,HH,2,speed5|band0.5|scr0,5.0,0.5,22500000.0,0.0,CA-G0,152,0,0,0,0,0,0,0,0,0,0
1139_49_rot2,1139_49,HH,2,speed5|band0.5|scr10,5.0,0.5,22500000.0,10.0,CA-G0,152,0,0,0,0,0,0,0,0,0,0
1139_49_rot2,1139_49,HH,2,speed5|band0.5|scr20,5.0,0.5,22500000.0,20.0,CA-G0,152,0,0,0,0,0,0,0,0,0,0
1139_49_rot2,1139_49,HH,2,speed5|band1|scr0,5.0,1.0,45000000.0,0.0,CA-G0,152,1,0,0,0,380,0,0,0,0,0
1139_49_rot2,1139_49,HH,2,speed5|band1|scr10,5.0,1.0,45000000.0,10.0,CA-G0,152,0,0,0,0,0,0,0,0,0,0
1139_49_rot2,1139_49,HH,2,speed5|band1|scr20,5.0,1.0,45000000.0,20.0,CA-G0,152,0,0,0,0,0,0,0,0,0,0
1139_49_rot2,1139_49,HH,2,speed15|band0.5|scr0,15.0,0.5,22500000.0,0.0,CA-G0,152,0,0,0,0,0,0,0,0,0,0
1139_49_rot2,1139_49,HH,2,speed15|band0.5|scr10,15.0,0.5,22500000.0,10.0,CA-G0,152,0,0,0,0,0,0,0,0,0,0
1139_49_rot2,1139_49,HH,2,speed15|band0.5|scr20,15.0,0.5,22500000.0,20.0,CA-G0,152,0,0,0,0,0,0,0,0,0,0
1139_49_rot2,1139_49,HH,2,speed15|band1|scr0,15.0,1.0,45000000.0,0.0,CA-G0,152,0,0,0,0,0,0,0,0,0,0
1139_49_rot2,1139_49,HH,2,speed15|band1|scr10,15.0,1.0,45000000.0,10.0,CA-G0,152,0,0,0,0,0,0,0,0,0,0
1139_49_rot2,1139_49,HH,2,speed15|band1|scr20,15.0,1.0,45000000.0,20.0,CA-G0,152,0,0,0,0,0,0,0,0,0,0
1139_49_rot2,1139_49,HH,2,speed-15|band0.5|scr0,-15.0,0.5,22500000.0,0.0,OS8-G0,152,0,0,0,0,0,0,0,0,0,0
1139_49_rot2,1139_49,HH,2,speed-15|band0.5|scr10,-15.0,0.5,22500000.0,10.0,OS8-G0,152,0,0,0,0,0,0,0,0,0,0
1139_49_rot2,1139_49,HH,2,speed-15|band0.5|scr20,-15.0,0.5,22500000.0,20.0,OS8-G0,152,0,0,0,0,0,0,0,0,0,0
1139_49_rot2,1139_49,HH,2,speed-15|band1|scr0,-15.0,1.0,45000000.0,0.0,OS8-G0,152,1,0,0,0,627,0,0,0,0,0
1139_49_rot2,1139_49,HH,2,speed-15|band1|scr10,-15.0,1.0,45000000.0,10.0,OS8-G0,152,0,0,0,0,0,0,0,0,0,0
1139_49_rot2,1139_49,HH,2,speed-15|band1|scr20,-15.0,1.0,45000000.0,20.0,OS8-G0,152,0,0,0,0,0,0,0,0,0,0
1139_49_rot2,1139_49,HH,2,speed-5|band0.5|scr0,-5.0,0.5,22500000.0,0.0,OS8-G0,152,0,0,0,0,0,0,0,0,0,0
1139_49_rot2,1139_49,HH,2,speed-5|band0.5|scr10,-5.0,0.5,22500000.0,10.0,OS8-G0,152,0,0,0,0,0,0,0,0,0,0
1139_49_rot2,1139_49,HH,2,speed-5|band0.5|scr20,-5.0,0.5,22500000.0,20.0,OS8-G0,152,0,0,0,0,0,0,0,0,0,0
1139_49_rot2,1139_49,HH,2,speed-5|band1|scr0,-5.0,1.0,45000000.0,0.0,OS8-G0,152,0,0,0,0,0,0,0,0,0,0
1139_49_rot2,1139_49,HH,2,speed-5|band1|scr10,-5.0,1.0,45000000.0,10.0,OS8-G0,152,0,0,0,0,0,0,0,0,0,0
1139_49_rot2,1139_49,HH,2,speed-5|band1|scr20,-5.0,1.0,45000000.0,20.0,OS8-G0,152,0,0,0,0,0,0,0,0,0,0
1139_49_rot2,1139_49,HH,2,speed5|band0.5|scr0,5.0,0.5,22500000.0,0.0,OS8-G0,152,0,0,0,0,0,0,0,0,0,0
1139_49_rot2,1139_49,HH,2,speed5|band0.5|scr10,5.0,0.5,22500000.0,10.0,OS8-G0,152,0,0,0,0,0,0,0,0,0,0
1139_49_rot2,1139_49,HH,2,speed5|band0.5|scr20,5.0,0.5,22500000.0,20.0,OS8-G0,152,0,0,0,0,0,0,0,0,0,0
1139_49_rot2,1139_49,HH,2,speed5|band1|scr0,5.0,1.0,45000000.0,0.0,OS8-G0,152,0,0,0,0,0,0,0,0,0,0
1139_49_rot2,1139_49,HH,2,speed5|band1|scr10,5.0,1.0,45000000.0,10.0,OS8-G0,152,0,0,0,0,0,0,0,0,0,0
1139_49_rot2,1139_49,HH,2,speed5|band1|scr20,5.0,1.0,45000000.0,20.0,OS8-G0,152,0,0,0,0,0,0,0,0,0,0
1139_49_rot2,1139_49,HH,2,speed15|band0.5|scr0,15.0,0.5,22500000.0,0.0,OS8-G0,152,0,0,0,0,0,0,0,0,0,0
1139_49_rot2,1139_49,HH,2,speed15|band0.5|scr10,15.0,0.5,22500000.0,10.0,OS8-G0,152,0,0,0,0,0,0,0,0,0,0
1139_49_rot2,1139_49,HH,2,speed15|band0.5|scr20,15.0,0.5,22500000.0,20.0,OS8-G0,152,0,0,0,0,0,0,0,0,0,0
1139_49_rot2,1139_49,HH,2,speed15|band1|scr0,15.0,1.0,45000000.0,0.0,OS8-G0,152,0,0,0,0,0,0,0,0,0,0
1139_49_rot2,1139_49,HH,2,speed15|band1|scr10,15.0,1.0,45000000.0,10.0,OS8-G0,152,0,0,0,0,0,0,0,0,0,0
1139_49_rot2,1139_49,HH,2,speed15|band1|scr20,15.0,1.0,45000000.0,20.0,OS8-G0,152,0,0,0,0,0,0,0,0,0,0
1139_49_rot2,1139_49,HH,2,speed-15|band0.5|scr0,-15.0,0.5,22500000.0,0.0,IN-G8,152,0,0,0,0,0,0,0,0,0,0
1139_49_rot2,1139_49,HH,2,speed-15|band0.5|scr10,-15.0,0.5,22500000.0,10.0,IN-G8,152,0,0,0,0,0,0,0,0,0,0
1139_49_rot2,1139_49,HH,2,speed-15|band0.5|scr20,-15.0,0.5,22500000.0,20.0,IN-G8,152,0,0,0,0,0,0,0,0,0,0
1139_49_rot2,1139_49,HH,2,speed-15|band1|scr0,-15.0,1.0,45000000.0,0.0,IN-G8,152,0,0,0,0,0,0,0,0,0,0
1139_49_rot2,1139_49,HH,2,speed-15|band1|scr10,-15.0,1.0,45000000.0,10.0,IN-G8,152,0,0,0,0,0,0,0,0,0,0
1139_49_rot2,1139_49,HH,2,speed-15|band1|scr20,-15.0,1.0,45000000.0,20.0,IN-G8,152,0,0,0,0,0,0,0,0,0,0
1139_49_rot2,1139_49,HH,2,speed-5|band0.5|scr0,-5.0,0.5,22500000.0,0.0,IN-G8,152,0,0,0,0,0,0,0,0,0,0
1139_49_rot2,1139_49,HH,2,speed-5|band0.5|scr10,-5.0,0.5,22500000.0,10.0,IN-G8,152,0,0,0,0,0,0,0,0,0,0
1139_49_rot2,1139_49,HH,2,speed-5|band0.5|scr20,-5.0,0.5,22500000.0,20.0,IN-G8,152,0,0,0,0,0,0,0,0,0,0
1139_49_rot2,1139_49,HH,2,speed-5|band1|scr0,-5.0,1.0,45000000.0,0.0,IN-G8,152,0,0,0,0,0,0,0,0,0,0
1139_49_rot2,1139_49,HH,2,speed-5|band1|scr10,-5.0,1.0,45000000.0,10.0,IN-G8,152,0,0,0,0,0,0,0,0,0,0
1139_49_rot2,1139_49,HH,2,speed-5|band1|scr20,-5.0,1.0,45000000.0,20.0,IN-G8,152,0,0,0,0,0,0,0,0,0,0
1139_49_rot2,1139_49,HH,2,speed5|band0.5|scr0,5.0,0.5,22500000.0,0.0,IN-G8,152,0,0,0,0,0,0,0,0,0,0
1139_49_rot2,1139_49,HH,2,speed5|band0.5|scr10,5.0,0.5,22500000.0,10.0,IN-G8,152,0,0,0,0,0,0,0,0,0,0
1139_49_rot2,1139_49,HH,2,speed5|band0.5|scr20,5.0,0.5,22500000.0,20.0,IN-G8,152,0,0,0,0,0,0,0,0,0,0
1139_49_rot2,1139_49,HH,2,speed5|band1|scr0,5.0,1.0,45000000.0,0.0,IN-G8,152,0,0,0,0,0,0,0,0,0,0
1139_49_rot2,1139_49,HH,2,speed5|band1|scr10,5.0,1.0,45000000.0,10.0,IN-G8,152,0,0,0,0,0,0,0,0,0,0
1139_49_rot2,1139_49,HH,2,speed5|band1|scr20,5.0,1.0,45000000.0,20.0,IN-G8,152,0,0,0,0,0,0,0,0,0,0
1139_49_rot2,1139_49,HH,2,speed15|band0.5|scr0,15.0,0.5,22500000.0,0.0,IN-G8,152,0,0,0,0,0,0,0,0,0,0
1139_49_rot2,1139_49,HH,2,speed15|band0.5|scr10,15.0,0.5,22500000.0,10.0,IN-G8,152,0,0,0,0,0,0,0,0,0,0
1139_49_rot2,1139_49,HH,2,speed15|band0.5|scr20,15.0,0.5,22500000.0,20.0,IN-G8,152,0,0,0,0,0,0,0,0,0,0
1139_49_rot2,1139_49,HH,2,speed15|band1|scr0,15.0,1.0,45000000.0,0.0,IN-G8,152,0,0,0,0,0,0,0,0,0,0
1139_49_rot2,1139_49,HH,2,speed15|band1|scr10,15.0,1.0,45000000.0,10.0,IN-G8,152,0,0,0,0,0,0,0,0,0,0
1139_49_rot2,1139_49,HH,2,speed15|band1|scr20,15.0,1.0,45000000.0,20.0,IN-G8,152,0,0,0,0,0,0,0,0,0,0
1139_49_rot2,1139_49,HH,2,speed-15|band0.5|scr0,-15.0,0.5,22500000.0,0.0,CA-G8,152,2,1,1,1,1061,432,240,0,0,1
1139_49_rot2,1139_49,HH,2,speed-15|band0.5|scr10,-15.0,0.5,22500000.0,10.0,CA-G8,152,0,0,0,0,0,0,0,0,0,0
1139_49_rot2,1139_49,HH,2,speed-15|band0.5|scr20,-15.0,0.5,22500000.0,20.0,CA-G8,152,0,0,0,0,0,0,0,0,0,0
1139_49_rot2,1139_49,HH,2,speed-15|band1|scr0,-15.0,1.0,45000000.0,0.0,CA-G8,152,3,2,2,2,1547,919,233,1,0,1
1139_49_rot2,1139_49,HH,2,speed-15|band1|scr10,-15.0,1.0,45000000.0,10.0,CA-G8,152,1,1,1,1,432,432,240,0,0,1
1139_49_rot2,1139_49,HH,2,speed-15|band1|scr20,-15.0,1.0,45000000.0,20.0,CA-G8,152,0,0,0,0,0,0,0,0,0,0
1139_49_rot2,1139_49,HH,2,speed-5|band0.5|scr0,-5.0,0.5,22500000.0,0.0,CA-G8,152,2,2,2,2,914,914,228,1,0,1
1139_49_rot2,1139_49,HH,2,speed-5|band0.5|scr10,-5.0,0.5,22500000.0,10.0,CA-G8,152,2,1,1,1,939,434,242,0,0,1
1139_49_rot2,1139_49,HH,2,speed-5|band0.5|scr20,-5.0,0.5,22500000.0,20.0,CA-G8,152,1,0,0,0,515,0,0,0,0,0
1139_49_rot2,1139_49,HH,2,speed-5|band1|scr0,-5.0,1.0,45000000.0,0.0,CA-G8,152,5,4,4,4,2762,2273,384,1,0,3
1139_49_rot2,1139_49,HH,2,speed-5|band1|scr10,-5.0,1.0,45000000.0,10.0,CA-G8,152,2,2,2,2,821,821,291,0,0,2
1139_49_rot2,1139_49,HH,2,speed-5|band1|scr20,-5.0,1.0,45000000.0,20.0,CA-G8,152,0,0,0,0,0,0,0,0,0,0
1139_49_rot2,1139_49,HH,2,speed5|band0.5|scr0,5.0,0.5,22500000.0,0.0,CA-G8,152,3,0,0,0,1740,0,0,0,0,0
1139_49_rot2,1139_49,HH,2,speed5|band0.5|scr10,5.0,0.5,22500000.0,10.0,CA-G8,152,2,0,0,0,1256,0,0,0,0,0
1139_49_rot2,1139_49,HH,2,speed5|band0.5|scr20,5.0,0.5,22500000.0,20.0,CA-G8,152,2,0,0,0,1257,0,0,0,0,0
1139_49_rot2,1139_49,HH,2,speed5|band1|scr0,5.0,1.0,45000000.0,0.0,CA-G8,152,3,0,0,0,1741,0,0,0,0,0
1139_49_rot2,1139_49,HH,2,speed5|band1|scr10,5.0,1.0,45000000.0,10.0,CA-G8,152,3,0,0,0,1647,0,0,0,0,0
1139_49_rot2,1139_49,HH,2,speed5|band1|scr20,5.0,1.0,45000000.0,20.0,CA-G8,152,2,0,0,0,1256,0,0,0,0,0
1139_49_rot2,1139_49,HH,2,speed15|band0.5|scr0,15.0,0.5,22500000.0,0.0,CA-G8,152,2,0,0,0,916,0,0,0,0,0
1139_49_rot2,1139_49,HH,2,speed15|band0.5|scr10,15.0,0.5,22500000.0,10.0,CA-G8,152,2,0,0,0,917,0,0,0,0,0
1139_49_rot2,1139_49,HH,2,speed15|band0.5|scr20,15.0,0.5,22500000.0,20.0,CA-G8,152,0,0,0,0,0,0,0,0,0,0
1139_49_rot2,1139_49,HH,2,speed15|band1|scr0,15.0,1.0,45000000.0,0.0,CA-G8,152,2,0,0,0,916,0,0,0,0,0
1139_49_rot2,1139_49,HH,2,speed15|band1|scr10,15.0,1.0,45000000.0,10.0,CA-G8,152,2,0,0,0,919,0,0,0,0,0
1139_49_rot2,1139_49,HH,2,speed15|band1|scr20,15.0,1.0,45000000.0,20.0,CA-G8,152,1,0,0,0,433,0,0,0,0,0
1139_49_rot2,1139_49,HH,2,speed-15|band0.5|scr0,-15.0,0.5,22500000.0,0.0,OS8-G8,152,0,0,0,0,0,0,0,0,0,0
1139_49_rot2,1139_49,HH,2,speed-15|band0.5|scr10,-15.0,0.5,22500000.0,10.0,OS8-G8,152,0,0,0,0,0,0,0,0,0,0
1139_49_rot2,1139_49,HH,2,speed-15|band0.5|scr20,-15.0,0.5,22500000.0,20.0,OS8-G8,152,0,0,0,0,0,0,0,0,0,0
1139_49_rot2,1139_49,HH,2,speed-15|band1|scr0,-15.0,1.0,45000000.0,0.0,OS8-G8,152,0,0,0,0,0,0,0,0,0,0
1139_49_rot2,1139_49,HH,2,speed-15|band1|scr10,-15.0,1.0,45000000.0,10.0,OS8-G8,152,0,0,0,0,0,0,0,0,0,0
1139_49_rot2,1139_49,HH,2,speed-15|band1|scr20,-15.0,1.0,45000000.0,20.0,OS8-G8,152,0,0,0,0,0,0,0,0,0,0
1139_49_rot2,1139_49,HH,2,speed-5|band0.5|scr0,-5.0,0.5,22500000.0,0.0,OS8-G8,152,1,1,1,1,490,490,-4,1,0,0
1139_49_rot2,1139_49,HH,2,speed-5|band0.5|scr10,-5.0,0.5,22500000.0,10.0,OS8-G8,152,1,0,0,0,508,0,0,0,0,0
1139_49_rot2,1139_49,HH,2,speed-5|band0.5|scr20,-5.0,0.5,22500000.0,20.0,OS8-G8,152,0,0,0,0,0,0,0,0,0,0
1139_49_rot2,1139_49,HH,2,speed-5|band1|scr0,-5.0,1.0,45000000.0,0.0,OS8-G8,152,0,0,0,0,0,0,0,0,0,0
1139_49_rot2,1139_49,HH,2,speed-5|band1|scr10,-5.0,1.0,45000000.0,10.0,OS8-G8,152,0,0,0,0,0,0,0,0,0,0
1139_49_rot2,1139_49,HH,2,speed-5|band1|scr20,-5.0,1.0,45000000.0,20.0,OS8-G8,152,0,0,0,0,0,0,0,0,0,0
1139_49_rot2,1139_49,HH,2,speed5|band0.5|scr0,5.0,0.5,22500000.0,0.0,OS8-G8,152,0,0,0,0,0,0,0,0,0,0
1139_49_rot2,1139_49,HH,2,speed5|band0.5|scr10,5.0,0.5,22500000.0,10.0,OS8-G8,152,0,0,0,0,0,0,0,0,0,0
1139_49_rot2,1139_49,HH,2,speed5|band0.5|scr20,5.0,0.5,22500000.0,20.0,OS8-G8,152,0,0,0,0,0,0,0,0,0,0
1139_49_rot2,1139_49,HH,2,speed5|band1|scr0,5.0,1.0,45000000.0,0.0,OS8-G8,152,0,0,0,0,0,0,0,0,0,0
1139_49_rot2,1139_49,HH,2,speed5|band1|scr10,5.0,1.0,45000000.0,10.0,OS8-G8,152,0,0,0,0,0,0,0,0,0,0
1139_49_rot2,1139_49,HH,2,speed5|band1|scr20,5.0,1.0,45000000.0,20.0,OS8-G8,152,0,0,0,0,0,0,0,0,0,0
1139_49_rot2,1139_49,HH,2,speed15|band0.5|scr0,15.0,0.5,22500000.0,0.0,OS8-G8,152,0,0,0,0,0,0,0,0,0,0
1139_49_rot2,1139_49,HH,2,speed15|band0.5|scr10,15.0,0.5,22500000.0,10.0,OS8-G8,152,0,0,0,0,0,0,0,0,0,0
1139_49_rot2,1139_49,HH,2,speed15|band0.5|scr20,15.0,0.5,22500000.0,20.0,OS8-G8,152,0,0,0,0,0,0,0,0,0,0
1139_49_rot2,1139_49,HH,2,speed15|band1|scr0,15.0,1.0,45000000.0,0.0,OS8-G8,152,1,0,0,0,489,0,0,0,0,0
1139_49_rot2,1139_49,HH,2,speed15|band1|scr10,15.0,1.0,45000000.0,10.0,OS8-G8,152,0,0,0,0,0,0,0,0,0,0
1139_49_rot2,1139_49,HH,2,speed15|band1|scr20,15.0,1.0,45000000.0,20.0,OS8-G8,152,0,0,0,0,0,0,0,0,0,0
1139_49_rot2,1139_49,HH,2,speed-15|band0.5|scr0,-15.0,0.5,22500000.0,0.0,PAMF-H1-K8-G8,152,0,0,0,0,0,0,0,0,0,0
1139_49_rot2,1139_49,HH,2,speed-15|band0.5|scr10,-15.0,0.5,22500000.0,10.0,PAMF-H1-K8-G8,152,10,0,0,0,4856,0,0,0,0,0
1139_49_rot2,1139_49,HH,2,speed-15|band0.5|scr20,-15.0,0.5,22500000.0,20.0,PAMF-H1-K8-G8,152,69,0,0,0,19369,0,0,0,0,0
1139_49_rot2,1139_49,HH,2,speed-15|band1|scr0,-15.0,1.0,45000000.0,0.0,PAMF-H1-K8-G8,152,5,5,5,5,2102,2102,252,2,0,3
1139_49_rot2,1139_49,HH,2,speed-15|band1|scr10,-15.0,1.0,45000000.0,10.0,PAMF-H1-K8-G8,152,45,45,45,43,16156,16420,-5815,31,0,14
1139_49_rot2,1139_49,HH,2,speed-15|band1|scr20,-15.0,1.0,45000000.0,20.0,PAMF-H1-K8-G8,152,115,115,115,82,20579,25042,-34275,103,0,12
1139_49_rot2,1139_49,HH,2,speed-5|band0.5|scr0,-5.0,0.5,22500000.0,0.0,PAMF-H1-K8-G8,152,3,2,2,2,1541,1281,350,1,0,1
1139_49_rot2,1139_49,HH,2,speed-5|band0.5|scr10,-5.0,0.5,22500000.0,10.0,PAMF-H1-K8-G8,152,2,2,2,2,1413,1413,628,0,0,2
1139_49_rot2,1139_49,HH,2,speed-5|band0.5|scr20,-5.0,0.5,22500000.0,20.0,PAMF-H1-K8-G8,152,2,1,1,1,1741,946,67,0,0,1
1139_49_rot2,1139_49,HH,2,speed-5|band1|scr0,-5.0,1.0,45000000.0,0.0,PAMF-H1-K8-G8,152,5,4,4,4,3445,2903,1189,1,0,3
1139_49_rot2,1139_49,HH,2,speed-5|band1|scr10,-5.0,1.0,45000000.0,10.0,PAMF-H1-K8-G8,152,5,4,4,4,2705,2164,-7,1,0,3
1139_49_rot2,1139_49,HH,2,speed-5|band1|scr20,-5.0,1.0,45000000.0,20.0,PAMF-H1-K8-G8,152,3,0,0,0,1744,0,0,0,0,0
1139_49_rot2,1139_49,HH,2,speed5|band0.5|scr0,5.0,0.5,22500000.0,0.0,PAMF-H1-K8-G8,152,0,0,0,0,0,0,0,0,0,0
1139_49_rot2,1139_49,HH,2,speed5|band0.5|scr10,5.0,0.5,22500000.0,10.0,PAMF-H1-K8-G8,152,0,0,0,0,0,0,0,0,0,0
1139_49_rot2,1139_49,HH,2,speed5|band0.5|scr20,5.0,0.5,22500000.0,20.0,PAMF-H1-K8-G8,152,7,0,0,0,2597,0,0,0,0,0
1139_49_rot2,1139_49,HH,2,speed5|band1|scr0,5.0,1.0,45000000.0,0.0,PAMF-H1-K8-G8,152,1,0,0,0,997,0,0,0,0,0
1139_49_rot2,1139_49,HH,2,speed5|band1|scr10,5.0,1.0,45000000.0,10.0,PAMF-H1-K8-G8,152,2,1,1,1,1388,849,561,0,0,1
1139_49_rot2,1139_49,HH,2,speed5|band1|scr20,5.0,1.0,45000000.0,20.0,PAMF-H1-K8-G8,152,23,22,22,19,10043,11376,1069,10,0,12
1139_49_rot2,1139_49,HH,2,speed15|band0.5|scr0,15.0,0.5,22500000.0,0.0,PAMF-H1-K8-G8,152,1,0,0,0,150,0,0,0,0,0
1139_49_rot2,1139_49,HH,2,speed15|band0.5|scr10,15.0,0.5,22500000.0,10.0,PAMF-H1-K8-G8,152,21,0,0,0,7410,0,0,0,0,0
1139_49_rot2,1139_49,HH,2,speed15|band0.5|scr20,15.0,0.5,22500000.0,20.0,PAMF-H1-K8-G8,152,96,0,0,0,25702,0,0,0,0,0
1139_49_rot2,1139_49,HH,2,speed15|band1|scr0,15.0,1.0,45000000.0,0.0,PAMF-H1-K8-G8,152,12,12,12,12,4513,4513,-1591,7,0,5
1139_49_rot2,1139_49,HH,2,speed15|band1|scr10,15.0,1.0,45000000.0,10.0,PAMF-H1-K8-G8,152,73,72,72,64,18395,19759,-16114,58,0,14
1139_49_rot2,1139_49,HH,2,speed15|band1|scr20,15.0,1.0,45000000.0,20.0,PAMF-H1-K8-G8,152,134,134,134,79,19457,27529,-40852,123,0,11
1139_49_rot2,1139_49,HH,2,speed-15|band0.5|scr0,-15.0,0.5,22500000.0,0.0,P-ANMF1-N16,152,0,0,0,0,0,0,0,0,0,0
1139_49_rot2,1139_49,HH,2,speed-15|band0.5|scr10,-15.0,0.5,22500000.0,10.0,P-ANMF1-N16,152,0,0,0,0,0,0,0,0,0,0
1139_49_rot2,1139_49,HH,2,speed-15|band0.5|scr20,-15.0,0.5,22500000.0,20.0,P-ANMF1-N16,152,0,0,0,0,0,0,0,0,0,0
1139_49_rot2,1139_49,HH,2,speed-15|band1|scr0,-15.0,1.0,45000000.0,0.0,P-ANMF1-N16,152,0,0,0,0,0,0,0,0,0,0
1139_49_rot2,1139_49,HH,2,speed-15|band1|scr10,-15.0,1.0,45000000.0,10.0,P-ANMF1-N16,152,0,0,0,0,0,0,0,0,0,0
1139_49_rot2,1139_49,HH,2,speed-15|band1|scr20,-15.0,1.0,45000000.0,20.0,P-ANMF1-N16,152,0,0,0,0,0,0,0,0,0,0
1139_49_rot2,1139_49,HH,2,speed-5|band0.5|scr0,-5.0,0.5,22500000.0,0.0,P-ANMF1-N16,152,11,11,11,11,4554,4554,-396,6,0,5
1139_49_rot2,1139_49,HH,2,speed-5|band0.5|scr10,-5.0,0.5,22500000.0,10.0,P-ANMF1-N16,152,65,65,65,65,10103,10103,-20743,56,0,9
1139_49_rot2,1139_49,HH,2,speed-5|band0.5|scr20,-5.0,0.5,22500000.0,20.0,P-ANMF1-N16,152,129,129,129,129,4616,4616,-60744,128,0,1
1139_49_rot2,1139_49,HH,2,speed-5|band1|scr0,-5.0,1.0,45000000.0,0.0,P-ANMF1-N16,152,8,8,8,8,3428,3428,-162,5,0,3
1139_49_rot2,1139_49,HH,2,speed-5|band1|scr10,-5.0,1.0,45000000.0,10.0,P-ANMF1-N16,152,60,60,60,60,15375,15375,-12954,52,0,8
1139_49_rot2,1139_49,HH,2,speed-5|band1|scr20,-5.0,1.0,45000000.0,20.0,P-ANMF1-N16,152,127,127,127,126,17621,17623,-46483,125,0,2
1139_49_rot2,1139_49,HH,2,speed5|band0.5|scr0,5.0,0.5,22500000.0,0.0,P-ANMF1-N16,152,88,88,88,88,8897,8897,-33949,83,0,5
1139_49_rot2,1139_49,HH,2,speed5|band0.5|scr10,5.0,0.5,22500000.0,10.0,P-ANMF1-N16,152,143,143,143,142,4571,4571,-69012,141,0,2
1139_49_rot2,1139_49,HH,2,speed5|band0.5|scr20,5.0,0.5,22500000.0,20.0,P-ANMF1-N16,152,151,151,151,148,502,502,-76491,151,0,0
1139_49_rot2,1139_49,HH,2,speed5|band1|scr0,5.0,1.0,45000000.0,0.0,P-ANMF1-N16,152,82,82,82,82,19513,19513,-20554,75,0,7
1139_49_rot2,1139_49,HH,2,speed5|band1|scr10,5.0,1.0,45000000.0,10.0,P-ANMF1-N16,152,141,141,141,140,14909,14999,-57904,140,0,1
1139_49_rot2,1139_49,HH,2,speed5|band1|scr20,5.0,1.0,45000000.0,20.0,P-ANMF1-N16,152,151,151,151,145,3188,3196,-73797,151,0,0
1139_49_rot2,1139_49,HH,2,speed15|band0.5|scr0,15.0,0.5,22500000.0,0.0,P-ANMF1-N16,152,1,1,1,1,327,327,-425,1,0,0
1139_49_rot2,1139_49,HH,2,speed15|band0.5|scr10,15.0,0.5,22500000.0,10.0,P-ANMF1-N16,152,0,0,0,0,0,0,0,0,0,0
1139_49_rot2,1139_49,HH,2,speed15|band0.5|scr20,15.0,0.5,22500000.0,20.0,P-ANMF1-N16,152,0,0,0,0,0,0,0,0,0,0
1139_49_rot2,1139_49,HH,2,speed15|band1|scr0,15.0,1.0,45000000.0,0.0,P-ANMF1-N16,152,1,1,1,1,327,327,-425,1,0,0
1139_49_rot2,1139_49,HH,2,speed15|band1|scr10,15.0,1.0,45000000.0,10.0,P-ANMF1-N16,152,0,0,0,0,0,0,0,0,0,0
1139_49_rot2,1139_49,HH,2,speed15|band1|scr20,15.0,1.0,45000000.0,20.0,P-ANMF1-N16,152,0,0,0,0,0,0,0,0,0,0
1139_49_rot3,1139_49,HH,3,speed-15|band0.5|scr0,-15.0,0.5,22500000.0,0.0,IN-G0,152,5,1,1,0,3096,676,134,0,0,1
1139_49_rot3,1139_49,HH,3,speed-15|band0.5|scr10,-15.0,0.5,22500000.0,10.0,IN-G0,152,3,0,0,0,2028,0,0,0,0,0
1139_49_rot3,1139_49,HH,3,speed-15|band0.5|scr20,-15.0,0.5,22500000.0,20.0,IN-G0,152,1,0,0,0,676,0,0,0,0,0
1139_49_rot3,1139_49,HH,3,speed-15|band1|scr0,-15.0,1.0,45000000.0,0.0,IN-G0,152,4,2,2,1,2704,1352,50,1,0,1
1139_49_rot3,1139_49,HH,3,speed-15|band1|scr10,-15.0,1.0,45000000.0,10.0,IN-G0,152,3,0,0,0,2028,0,0,0,0,0
1139_49_rot3,1139_49,HH,3,speed-15|band1|scr20,-15.0,1.0,45000000.0,20.0,IN-G0,152,1,0,0,0,676,0,0,0,0,0
1139_49_rot3,1139_49,HH,3,speed-5|band0.5|scr0,-5.0,0.5,22500000.0,0.0,IN-G0,152,5,4,4,2,3096,2704,449,2,0,2
1139_49_rot3,1139_49,HH,3,speed-5|band0.5|scr10,-5.0,0.5,22500000.0,10.0,IN-G0,152,5,3,3,2,3096,2028,484,1,0,2
1139_49_rot3,1139_49,HH,3,speed-5|band0.5|scr20,-5.0,0.5,22500000.0,20.0,IN-G0,152,3,0,0,0,2028,0,0,0,0,0
1139_49_rot3,1139_49,HH,3,speed-5|band1|scr0,-5.0,1.0,45000000.0,0.0,IN-G0,152,5,4,4,2,3096,2704,449,2,0,2
1139_49_rot3,1139_49,HH,3,speed-5|band1|scr10,-5.0,1.0,45000000.0,10.0,IN-G0,152,5,3,3,2,3096,2028,484,1,0,2
1139_49_rot3,1139_49,HH,3,speed-5|band1|scr20,-5.0,1.0,45000000.0,20.0,IN-G0,152,4,3,3,1,2704,2028,484,1,0,2
1139_49_rot3,1139_49,HH,3,speed5|band0.5|scr0,5.0,0.5,22500000.0,0.0,IN-G0,152,4,3,3,2,2704,2028,15,2,0,1
1139_49_rot3,1139_49,HH,3,speed5|band0.5|scr10,5.0,0.5,22500000.0,10.0,IN-G0,152,4,2,2,1,2704,1352,-119,2,0,0
1139_49_rot3,1139_49,HH,3,speed5|band0.5|scr20,5.0,0.5,22500000.0,20.0,IN-G0,152,2,0,0,0,1352,0,0,0,0,0
1139_49_rot3,1139_49,HH,3,speed5|band1|scr0,5.0,1.0,45000000.0,0.0,IN-G0,152,5,4,4,3,3096,2420,258,2,0,2
1139_49_rot3,1139_49,HH,3,speed5|band1|scr10,5.0,1.0,45000000.0,10.0,IN-G0,152,5,3,3,2,3096,1744,124,2,0,1
1139_49_rot3,1139_49,HH,3,speed5|band1|scr20,5.0,1.0,45000000.0,20.0,IN-G0,152,2,0,0,0,1353,0,0,0,0,0
1139_49_rot3,1139_49,HH,3,speed15|band0.5|scr0,15.0,0.5,22500000.0,0.0,IN-G0,152,4,1,1,1,2704,676,-35,1,0,0
1139_49_rot3,1139_49,HH,3,speed15|band0.5|scr10,15.0,0.5,22500000.0,10.0,IN-G0,152,1,0,0,0,676,0,0,0,0,0
1139_49_rot3,1139_49,HH,3,speed15|band0.5|scr20,15.0,0.5,22500000.0,20.0,IN-G0,152,0,0,0,0,0,0,0,0,0,0
1139_49_rot3,1139_49,HH,3,speed15|band1|scr0,15.0,1.0,45000000.0,0.0,IN-G0,152,5,3,3,2,3096,1744,124,2,0,1
1139_49_rot3,1139_49,HH,3,speed15|band1|scr10,15.0,1.0,45000000.0,10.0,IN-G0,152,1,0,0,0,676,0,0,0,0,0
1139_49_rot3,1139_49,HH,3,speed15|band1|scr20,15.0,1.0,45000000.0,20.0,IN-G0,152,0,0,0,0,0,0,0,0,0,0
1139_49_rot3,1139_49,HH,3,speed-15|band0.5|scr0,-15.0,0.5,22500000.0,0.0,CA-G0,152,0,0,0,0,0,0,0,0,0,0
1139_49_rot3,1139_49,HH,3,speed-15|band0.5|scr10,-15.0,0.5,22500000.0,10.0,CA-G0,152,0,0,0,0,0,0,0,0,0,0
1139_49_rot3,1139_49,HH,3,speed-15|band0.5|scr20,-15.0,0.5,22500000.0,20.0,CA-G0,152,0,0,0,0,0,0,0,0,0,0
1139_49_rot3,1139_49,HH,3,speed-15|band1|scr0,-15.0,1.0,45000000.0,0.0,CA-G0,152,0,0,0,0,0,0,0,0,0,0
1139_49_rot3,1139_49,HH,3,speed-15|band1|scr10,-15.0,1.0,45000000.0,10.0,CA-G0,152,0,0,0,0,0,0,0,0,0,0
1139_49_rot3,1139_49,HH,3,speed-15|band1|scr20,-15.0,1.0,45000000.0,20.0,CA-G0,152,0,0,0,0,0,0,0,0,0,0
1139_49_rot3,1139_49,HH,3,speed-5|band0.5|scr0,-5.0,0.5,22500000.0,0.0,CA-G0,152,0,0,0,0,0,0,0,0,0,0
1139_49_rot3,1139_49,HH,3,speed-5|band0.5|scr10,-5.0,0.5,22500000.0,10.0,CA-G0,152,0,0,0,0,0,0,0,0,0,0
1139_49_rot3,1139_49,HH,3,speed-5|band0.5|scr20,-5.0,0.5,22500000.0,20.0,CA-G0,152,0,0,0,0,0,0,0,0,0,0
1139_49_rot3,1139_49,HH,3,speed-5|band1|scr0,-5.0,1.0,45000000.0,0.0,CA-G0,152,0,0,0,0,0,0,0,0,0,0
1139_49_rot3,1139_49,HH,3,speed-5|band1|scr10,-5.0,1.0,45000000.0,10.0,CA-G0,152,0,0,0,0,0,0,0,0,0,0
1139_49_rot3,1139_49,HH,3,speed-5|band1|scr20,-5.0,1.0,45000000.0,20.0,CA-G0,152,0,0,0,0,0,0,0,0,0,0
1139_49_rot3,1139_49,HH,3,speed5|band0.5|scr0,5.0,0.5,22500000.0,0.0,CA-G0,152,0,0,0,0,0,0,0,0,0,0
1139_49_rot3,1139_49,HH,3,speed5|band0.5|scr10,5.0,0.5,22500000.0,10.0,CA-G0,152,0,0,0,0,0,0,0,0,0,0
1139_49_rot3,1139_49,HH,3,speed5|band0.5|scr20,5.0,0.5,22500000.0,20.0,CA-G0,152,0,0,0,0,0,0,0,0,0,0
1139_49_rot3,1139_49,HH,3,speed5|band1|scr0,5.0,1.0,45000000.0,0.0,CA-G0,152,0,0,0,0,0,0,0,0,0,0
1139_49_rot3,1139_49,HH,3,speed5|band1|scr10,5.0,1.0,45000000.0,10.0,CA-G0,152,0,0,0,0,0,0,0,0,0,0
1139_49_rot3,1139_49,HH,3,speed5|band1|scr20,5.0,1.0,45000000.0,20.0,CA-G0,152,0,0,0,0,0,0,0,0,0,0
1139_49_rot3,1139_49,HH,3,speed15|band0.5|scr0,15.0,0.5,22500000.0,0.0,CA-G0,152,0,0,0,0,0,0,0,0,0,0
1139_49_rot3,1139_49,HH,3,speed15|band0.5|scr10,15.0,0.5,22500000.0,10.0,CA-G0,152,0,0,0,0,0,0,0,0,0,0
1139_49_rot3,1139_49,HH,3,speed15|band0.5|scr20,15.0,0.5,22500000.0,20.0,CA-G0,152,0,0,0,0,0,0,0,0,0,0
1139_49_rot3,1139_49,HH,3,speed15|band1|scr0,15.0,1.0,45000000.0,0.0,CA-G0,152,0,0,0,0,0,0,0,0,0,0
1139_49_rot3,1139_49,HH,3,speed15|band1|scr10,15.0,1.0,45000000.0,10.0,CA-G0,152,0,0,0,0,0,0,0,0,0,0
1139_49_rot3,1139_49,HH,3,speed15|band1|scr20,15.0,1.0,45000000.0,20.0,CA-G0,152,0,0,0,0,0,0,0,0,0,0
1139_49_rot3,1139_49,HH,3,speed-15|band0.5|scr0,-15.0,0.5,22500000.0,0.0,OS8-G0,152,0,0,0,0,0,0,0,0,0,0
1139_49_rot3,1139_49,HH,3,speed-15|band0.5|scr10,-15.0,0.5,22500000.0,10.0,OS8-G0,152,0,0,0,0,0,0,0,0,0,0
1139_49_rot3,1139_49,HH,3,speed-15|band0.5|scr20,-15.0,0.5,22500000.0,20.0,OS8-G0,152,0,0,0,0,0,0,0,0,0,0
1139_49_rot3,1139_49,HH,3,speed-15|band1|scr0,-15.0,1.0,45000000.0,0.0,OS8-G0,152,0,0,0,0,0,0,0,0,0,0
1139_49_rot3,1139_49,HH,3,speed-15|band1|scr10,-15.0,1.0,45000000.0,10.0,OS8-G0,152,0,0,0,0,0,0,0,0,0,0
1139_49_rot3,1139_49,HH,3,speed-15|band1|scr20,-15.0,1.0,45000000.0,20.0,OS8-G0,152,0,0,0,0,0,0,0,0,0,0
1139_49_rot3,1139_49,HH,3,speed-5|band0.5|scr0,-5.0,0.5,22500000.0,0.0,OS8-G0,152,1,1,1,1,420,420,291,0,0,1
1139_49_rot3,1139_49,HH,3,speed-5|band0.5|scr10,-5.0,0.5,22500000.0,10.0,OS8-G0,152,0,0,0,0,0,0,0,0,0,0
1139_49_rot3,1139_49,HH,3,speed-5|band0.5|scr20,-5.0,0.5,22500000.0,20.0,OS8-G0,152,0,0,0,0,0,0,0,0,0,0
1139_49_rot3,1139_49,HH,3,speed-5|band1|scr0,-5.0,1.0,45000000.0,0.0,OS8-G0,152,1,1,1,1,436,436,-443,1,0,0
1139_49_rot3,1139_49,HH,3,speed-5|band1|scr10,-5.0,1.0,45000000.0,10.0,OS8-G0,152,0,0,0,0,0,0,0,0,0,0
1139_49_rot3,1139_49,HH,3,speed-5|band1|scr20,-5.0,1.0,45000000.0,20.0,OS8-G0,152,0,0,0,0,0,0,0,0,0,0
1139_49_rot3,1139_49,HH,3,speed5|band0.5|scr0,5.0,0.5,22500000.0,0.0,OS8-G0,152,0,0,0,0,0,0,0,0,0,0
1139_49_rot3,1139_49,HH,3,speed5|band0.5|scr10,5.0,0.5,22500000.0,10.0,OS8-G0,152,0,0,0,0,0,0,0,0,0,0
1139_49_rot3,1139_49,HH,3,speed5|band0.5|scr20,5.0,0.5,22500000.0,20.0,OS8-G0,152,0,0,0,0,0,0,0,0,0,0
1139_49_rot3,1139_49,HH,3,speed5|band1|scr0,5.0,1.0,45000000.0,0.0,OS8-G0,152,0,0,0,0,0,0,0,0,0,0
1139_49_rot3,1139_49,HH,3,speed5|band1|scr10,5.0,1.0,45000000.0,10.0,OS8-G0,152,0,0,0,0,0,0,0,0,0,0
1139_49_rot3,1139_49,HH,3,speed5|band1|scr20,5.0,1.0,45000000.0,20.0,OS8-G0,152,0,0,0,0,0,0,0,0,0,0
1139_49_rot3,1139_49,HH,3,speed15|band0.5|scr0,15.0,0.5,22500000.0,0.0,OS8-G0,152,0,0,0,0,0,0,0,0,0,0
1139_49_rot3,1139_49,HH,3,speed15|band0.5|scr10,15.0,0.5,22500000.0,10.0,OS8-G0,152,0,0,0,0,0,0,0,0,0,0
1139_49_rot3,1139_49,HH,3,speed15|band0.5|scr20,15.0,0.5,22500000.0,20.0,OS8-G0,152,0,0,0,0,0,0,0,0,0,0
1139_49_rot3,1139_49,HH,3,speed15|band1|scr0,15.0,1.0,45000000.0,0.0,OS8-G0,152,0,0,0,0,0,0,0,0,0,0
1139_49_rot3,1139_49,HH,3,speed15|band1|scr10,15.0,1.0,45000000.0,10.0,OS8-G0,152,0,0,0,0,0,0,0,0,0,0
1139_49_rot3,1139_49,HH,3,speed15|band1|scr20,15.0,1.0,45000000.0,20.0,OS8-G0,152,0,0,0,0,0,0,0,0,0,0
1139_49_rot3,1139_49,HH,3,speed-15|band0.5|scr0,-15.0,0.5,22500000.0,0.0,IN-G8,152,3,0,0,0,2029,0,0,0,0,0
1139_49_rot3,1139_49,HH,3,speed-15|band0.5|scr10,-15.0,0.5,22500000.0,10.0,IN-G8,152,2,0,0,0,1353,0,0,0,0,0
1139_49_rot3,1139_49,HH,3,speed-15|band0.5|scr20,-15.0,0.5,22500000.0,20.0,IN-G8,152,1,0,0,0,677,0,0,0,0,0
1139_49_rot3,1139_49,HH,3,speed-15|band1|scr0,-15.0,1.0,45000000.0,0.0,IN-G8,152,3,1,1,1,2028,676,134,0,0,1
1139_49_rot3,1139_49,HH,3,speed-15|band1|scr10,-15.0,1.0,45000000.0,10.0,IN-G8,152,1,0,0,0,676,0,0,0,0,0
1139_49_rot3,1139_49,HH,3,speed-15|band1|scr20,-15.0,1.0,45000000.0,20.0,IN-G8,152,1,0,0,0,676,0,0,0,0,0
1139_49_rot3,1139_49,HH,3,speed-5|band0.5|scr0,-5.0,0.5,22500000.0,0.0,IN-G8,152,4,3,3,2,2704,2028,484,1,0,2
1139_49_rot3,1139_49,HH,3,speed-5|band0.5|scr10,-5.0,0.5,22500000.0,10.0,IN-G8,152,4,3,3,2,2704,2028,484,1,0,2
1139_49_rot3,1139_49,HH,3,speed-5|band0.5|scr20,-5.0,0.5,22500000.0,20.0,IN-G8,152,3,0,0,0,2028,0,0,0,0,0
1139_49_rot3,1139_49,HH,3,speed-5|band1|scr0,-5.0,1.0,45000000.0,0.0,IN-G8,152,4,3,3,2,2704,2028,484,1,0,2
1139_49_rot3,1139_49,HH,3,speed-5|band1|scr10,-5.0,1.0,45000000.0,10.0,IN-G8,152,4,3,3,2,2704,2028,484,1,0,2
1139_49_rot3,1139_49,HH,3,speed-5|band1|scr20,-5.0,1.0,45000000.0,20.0,IN-G8,152,4,1,1,1,2704,676,434,0,0,1
1139_49_rot3,1139_49,HH,3,speed5|band0.5|scr0,5.0,0.5,22500000.0,0.0,IN-G8,152,4,2,2,2,2704,1352,-119,2,0,0
1139_49_rot3,1139_49,HH,3,speed5|band0.5|scr10,5.0,0.5,22500000.0,10.0,IN-G8,152,3,0,0,0,2028,0,0,0,0,0
1139_49_rot3,1139_49,HH,3,speed5|band0.5|scr20,5.0,0.5,22500000.0,20.0,IN-G8,152,2,0,0,0,1352,0,0,0,0,0
1139_49_rot3,1139_49,HH,3,speed5|band1|scr0,5.0,1.0,45000000.0,0.0,IN-G8,152,4,3,3,2,2704,2029,16,2,0,1
1139_49_rot3,1139_49,HH,3,speed5|band1|scr10,5.0,1.0,45000000.0,10.0,IN-G8,152,3,0,0,0,2028,0,0,0,0,0
1139_49_rot3,1139_49,HH,3,speed5|band1|scr20,5.0,1.0,45000000.0,20.0,IN-G8,152,2,0,0,0,1353,0,0,0,0,0
1139_49_rot3,1139_49,HH,3,speed15|band0.5|scr0,15.0,0.5,22500000.0,0.0,IN-G8,152,3,0,0,0,2028,0,0,0,0,0
1139_49_rot3,1139_49,HH,3,speed15|band0.5|scr10,15.0,0.5,22500000.0,10.0,IN-G8,152,1,0,0,0,676,0,0,0,0,0
1139_49_rot3,1139_49,HH,3,speed15|band0.5|scr20,15.0,0.5,22500000.0,20.0,IN-G8,152,0,0,0,0,0,0,0,0,0,0
1139_49_rot3,1139_49,HH,3,speed15|band1|scr0,15.0,1.0,45000000.0,0.0,IN-G8,152,3,1,1,1,2028,676,-84,1,0,0
1139_49_rot3,1139_49,HH,3,speed15|band1|scr10,15.0,1.0,45000000.0,10.0,IN-G8,152,1,0,0,0,676,0,0,0,0,0
1139_49_rot3,1139_49,HH,3,speed15|band1|scr20,15.0,1.0,45000000.0,20.0,IN-G8,152,0,0,0,0,0,0,0,0,0,0
1139_49_rot3,1139_49,HH,3,speed-15|band0.5|scr0,-15.0,0.5,22500000.0,0.0,CA-G8,152,0,0,0,0,0,0,0,0,0,0
1139_49_rot3,1139_49,HH,3,speed-15|band0.5|scr10,-15.0,0.5,22500000.0,10.0,CA-G8,152,0,0,0,0,0,0,0,0,0,0
1139_49_rot3,1139_49,HH,3,speed-15|band0.5|scr20,-15.0,0.5,22500000.0,20.0,CA-G8,152,0,0,0,0,0,0,0,0,0,0
1139_49_rot3,1139_49,HH,3,speed-15|band1|scr0,-15.0,1.0,45000000.0,0.0,CA-G8,152,0,0,0,0,0,0,0,0,0,0
1139_49_rot3,1139_49,HH,3,speed-15|band1|scr10,-15.0,1.0,45000000.0,10.0,CA-G8,152,0,0,0,0,0,0,0,0,0,0
1139_49_rot3,1139_49,HH,3,speed-15|band1|scr20,-15.0,1.0,45000000.0,20.0,CA-G8,152,0,0,0,0,0,0,0,0,0,0
1139_49_rot3,1139_49,HH,3,speed-5|band0.5|scr0,-5.0,0.5,22500000.0,0.0,CA-G8,152,0,0,0,0,0,0,0,0,0,0
1139_49_rot3,1139_49,HH,3,speed-5|band0.5|scr10,-5.0,0.5,22500000.0,10.0,CA-G8,152,0,0,0,0,0,0,0,0,0,0
1139_49_rot3,1139_49,HH,3,speed-5|band0.5|scr20,-5.0,0.5,22500000.0,20.0,CA-G8,152,0,0,0,0,0,0,0,0,0,0
1139_49_rot3,1139_49,HH,3,speed-5|band1|scr0,-5.0,1.0,45000000.0,0.0,CA-G8,152,0,0,0,0,0,0,0,0,0,0
1139_49_rot3,1139_49,HH,3,speed-5|band1|scr10,-5.0,1.0,45000000.0,10.0,CA-G8,152,0,0,0,0,0,0,0,0,0,0
1139_49_rot3,1139_49,HH,3,speed-5|band1|scr20,-5.0,1.0,45000000.0,20.0,CA-G8,152,0,0,0,0,0,0,0,0,0,0
1139_49_rot3,1139_49,HH,3,speed5|band0.5|scr0,5.0,0.5,22500000.0,0.0,CA-G8,152,0,0,0,0,0,0,0,0,0,0
1139_49_rot3,1139_49,HH,3,speed5|band0.5|scr10,5.0,0.5,22500000.0,10.0,CA-G8,152,0,0,0,0,0,0,0,0,0,0
1139_49_rot3,1139_49,HH,3,speed5|band0.5|scr20,5.0,0.5,22500000.0,20.0,CA-G8,152,0,0,0,0,0,0,0,0,0,0
1139_49_rot3,1139_49,HH,3,speed5|band1|scr0,5.0,1.0,45000000.0,0.0,CA-G8,152,0,0,0,0,0,0,0,0,0,0
1139_49_rot3,1139_49,HH,3,speed5|band1|scr10,5.0,1.0,45000000.0,10.0,CA-G8,152,0,0,0,0,0,0,0,0,0,0
1139_49_rot3,1139_49,HH,3,speed5|band1|scr20,5.0,1.0,45000000.0,20.0,CA-G8,152,0,0,0,0,0,0,0,0,0,0
1139_49_rot3,1139_49,HH,3,speed15|band0.5|scr0,15.0,0.5,22500000.0,0.0,CA-G8,152,0,0,0,0,0,0,0,0,0,0
1139_49_rot3,1139_49,HH,3,speed15|band0.5|scr10,15.0,0.5,22500000.0,10.0,CA-G8,152,0,0,0,0,0,0,0,0,0,0
1139_49_rot3,1139_49,HH,3,speed15|band0.5|scr20,15.0,0.5,22500000.0,20.0,CA-G8,152,0,0,0,0,0,0,0,0,0,0
1139_49_rot3,1139_49,HH,3,speed15|band1|scr0,15.0,1.0,45000000.0,0.0,CA-G8,152,0,0,0,0,0,0,0,0,0,0
1139_49_rot3,1139_49,HH,3,speed15|band1|scr10,15.0,1.0,45000000.0,10.0,CA-G8,152,0,0,0,0,0,0,0,0,0,0
1139_49_rot3,1139_49,HH,3,speed15|band1|scr20,15.0,1.0,45000000.0,20.0,CA-G8,152,0,0,0,0,0,0,0,0,0,0
1139_49_rot3,1139_49,HH,3,speed-15|band0.5|scr0,-15.0,0.5,22500000.0,0.0,OS8-G8,152,0,0,0,0,0,0,0,0,0,0
1139_49_rot3,1139_49,HH,3,speed-15|band0.5|scr10,-15.0,0.5,22500000.0,10.0,OS8-G8,152,0,0,0,0,0,0,0,0,0,0
1139_49_rot3,1139_49,HH,3,speed-15|band0.5|scr20,-15.0,0.5,22500000.0,20.0,OS8-G8,152,0,0,0,0,0,0,0,0,0,0
1139_49_rot3,1139_49,HH,3,speed-15|band1|scr0,-15.0,1.0,45000000.0,0.0,OS8-G8,152,0,0,0,0,0,0,0,0,0,0
1139_49_rot3,1139_49,HH,3,speed-15|band1|scr10,-15.0,1.0,45000000.0,10.0,OS8-G8,152,0,0,0,0,0,0,0,0,0,0
1139_49_rot3,1139_49,HH,3,speed-15|band1|scr20,-15.0,1.0,45000000.0,20.0,OS8-G8,152,0,0,0,0,0,0,0,0,0,0
1139_49_rot3,1139_49,HH,3,speed-5|band0.5|scr0,-5.0,0.5,22500000.0,0.0,OS8-G8,152,0,0,0,0,0,0,0,0,0,0
1139_49_rot3,1139_49,HH,3,speed-5|band0.5|scr10,-5.0,0.5,22500000.0,10.0,OS8-G8,152,0,0,0,0,0,0,0,0,0,0
1139_49_rot3,1139_49,HH,3,speed-5|band0.5|scr20,-5.0,0.5,22500000.0,20.0,OS8-G8,152,0,0,0,0,0,0,0,0,0,0
1139_49_rot3,1139_49,HH,3,speed-5|band1|scr0,-5.0,1.0,45000000.0,0.0,OS8-G8,152,0,0,0,0,0,0,0,0,0,0
1139_49_rot3,1139_49,HH,3,speed-5|band1|scr10,-5.0,1.0,45000000.0,10.0,OS8-G8,152,0,0,0,0,0,0,0,0,0,0
1139_49_rot3,1139_49,HH,3,speed-5|band1|scr20,-5.0,1.0,45000000.0,20.0,OS8-G8,152,0,0,0,0,0,0,0,0,0,0
1139_49_rot3,1139_49,HH,3,speed5|band0.5|scr0,5.0,0.5,22500000.0,0.0,OS8-G8,152,0,0,0,0,0,0,0,0,0,0
1139_49_rot3,1139_49,HH,3,speed5|band0.5|scr10,5.0,0.5,22500000.0,10.0,OS8-G8,152,0,0,0,0,0,0,0,0,0,0
1139_49_rot3,1139_49,HH,3,speed5|band0.5|scr20,5.0,0.5,22500000.0,20.0,OS8-G8,152,0,0,0,0,0,0,0,0,0,0
1139_49_rot3,1139_49,HH,3,speed5|band1|scr0,5.0,1.0,45000000.0,0.0,OS8-G8,152,0,0,0,0,0,0,0,0,0,0
1139_49_rot3,1139_49,HH,3,speed5|band1|scr10,5.0,1.0,45000000.0,10.0,OS8-G8,152,0,0,0,0,0,0,0,0,0,0
1139_49_rot3,1139_49,HH,3,speed5|band1|scr20,5.0,1.0,45000000.0,20.0,OS8-G8,152,0,0,0,0,0,0,0,0,0,0
1139_49_rot3,1139_49,HH,3,speed15|band0.5|scr0,15.0,0.5,22500000.0,0.0,OS8-G8,152,0,0,0,0,0,0,0,0,0,0
1139_49_rot3,1139_49,HH,3,speed15|band0.5|scr10,15.0,0.5,22500000.0,10.0,OS8-G8,152,0,0,0,0,0,0,0,0,0,0
1139_49_rot3,1139_49,HH,3,speed15|band0.5|scr20,15.0,0.5,22500000.0,20.0,OS8-G8,152,0,0,0,0,0,0,0,0,0,0
1139_49_rot3,1139_49,HH,3,speed15|band1|scr0,15.0,1.0,45000000.0,0.0,OS8-G8,152,0,0,0,0,0,0,0,0,0,0
1139_49_rot3,1139_49,HH,3,speed15|band1|scr10,15.0,1.0,45000000.0,10.0,OS8-G8,152,0,0,0,0,0,0,0,0,0,0
1139_49_rot3,1139_49,HH,3,speed15|band1|scr20,15.0,1.0,45000000.0,20.0,OS8-G8,152,0,0,0,0,0,0,0,0,0,0
1139_49_rot3,1139_49,HH,3,speed-15|band0.5|scr0,-15.0,0.5,22500000.0,0.0,PAMF-H1-K8-G8,152,0,0,0,0,0,0,0,0,0,0
1139_49_rot3,1139_49,HH,3,speed-15|band0.5|scr10,-15.0,0.5,22500000.0,10.0,PAMF-H1-K8-G8,152,0,0,0,0,0,0,0,0,0,0
1139_49_rot3,1139_49,HH,3,speed-15|band0.5|scr20,-15.0,0.5,22500000.0,20.0,PAMF-H1-K8-G8,152,0,0,0,0,0,0,0,0,0,0
1139_49_rot3,1139_49,HH,3,speed-15|band1|scr0,-15.0,1.0,45000000.0,0.0,PAMF-H1-K8-G8,152,0,0,0,0,0,0,0,0,0,0
1139_49_rot3,1139_49,HH,3,speed-15|band1|scr10,-15.0,1.0,45000000.0,10.0,PAMF-H1-K8-G8,152,0,0,0,0,0,0,0,0,0,0
1139_49_rot3,1139_49,HH,3,speed-15|band1|scr20,-15.0,1.0,45000000.0,20.0,PAMF-H1-K8-G8,152,3,3,3,3,1382,1382,-995,3,0,0
1139_49_rot3,1139_49,HH,3,speed-5|band0.5|scr0,-5.0,0.5,22500000.0,0.0,PAMF-H1-K8-G8,152,1,0,0,0,677,0,0,0,0,0
1139_49_rot3,1139_49,HH,3,speed-5|band0.5|scr10,-5.0,0.5,22500000.0,10.0,PAMF-H1-K8-G8,152,1,0,0,0,677,0,0,0,0,0
1139_49_rot3,1139_49,HH,3,speed-5|band0.5|scr20,-5.0,0.5,22500000.0,20.0,PAMF-H1-K8-G8,152,1,0,0,0,677,0,0,0,0,0
1139_49_rot3,1139_49,HH,3,speed-5|band1|scr0,-5.0,1.0,45000000.0,0.0,PAMF-H1-K8-G8,152,1,0,0,0,677,0,0,0,0,0
1139_49_rot3,1139_49,HH,3,speed-5|band1|scr10,-5.0,1.0,45000000.0,10.0,PAMF-H1-K8-G8,152,1,0,0,0,677,0,0,0,0,0
1139_49_rot3,1139_49,HH,3,speed-5|band1|scr20,-5.0,1.0,45000000.0,20.0,PAMF-H1-K8-G8,152,1,0,0,0,677,0,0,0,0,0
1139_49_rot3,1139_49,HH,3,speed5|band0.5|scr0,5.0,0.5,22500000.0,0.0,PAMF-H1-K8-G8,152,0,0,0,0,0,0,0,0,0,0
1139_49_rot3,1139_49,HH,3,speed5|band0.5|scr10,5.0,0.5,22500000.0,10.0,PAMF-H1-K8-G8,152,0,0,0,0,0,0,0,0,0,0
1139_49_rot3,1139_49,HH,3,speed5|band0.5|scr20,5.0,0.5,22500000.0,20.0,PAMF-H1-K8-G8,152,0,0,0,0,0,0,0,0,0,0
1139_49_rot3,1139_49,HH,3,speed5|band1|scr0,5.0,1.0,45000000.0,0.0,PAMF-H1-K8-G8,152,0,0,0,0,0,0,0,0,0,0
1139_49_rot3,1139_49,HH,3,speed5|band1|scr10,5.0,1.0,45000000.0,10.0,PAMF-H1-K8-G8,152,0,0,0,0,0,0,0,0,0,0
1139_49_rot3,1139_49,HH,3,speed5|band1|scr20,5.0,1.0,45000000.0,20.0,PAMF-H1-K8-G8,152,0,0,0,0,0,0,0,0,0,0
1139_49_rot3,1139_49,HH,3,speed15|band0.5|scr0,15.0,0.5,22500000.0,0.0,PAMF-H1-K8-G8,152,0,0,0,0,0,0,0,0,0,0
1139_49_rot3,1139_49,HH,3,speed15|band0.5|scr10,15.0,0.5,22500000.0,10.0,PAMF-H1-K8-G8,152,0,0,0,0,0,0,0,0,0,0
1139_49_rot3,1139_49,HH,3,speed15|band0.5|scr20,15.0,0.5,22500000.0,20.0,PAMF-H1-K8-G8,152,3,0,0,0,709,0,0,0,0,0
1139_49_rot3,1139_49,HH,3,speed15|band1|scr0,15.0,1.0,45000000.0,0.0,PAMF-H1-K8-G8,152,0,0,0,0,0,0,0,0,0,0
1139_49_rot3,1139_49,HH,3,speed15|band1|scr10,15.0,1.0,45000000.0,10.0,PAMF-H1-K8-G8,152,2,2,2,2,819,819,-394,2,0,0
1139_49_rot3,1139_49,HH,3,speed15|band1|scr20,15.0,1.0,45000000.0,20.0,PAMF-H1-K8-G8,152,13,13,13,12,6730,6996,-571,8,0,5
1139_49_rot3,1139_49,HH,3,speed-15|band0.5|scr0,-15.0,0.5,22500000.0,0.0,P-ANMF1-N16,152,0,0,0,0,0,0,0,0,0,0
1139_49_rot3,1139_49,HH,3,speed-15|band0.5|scr10,-15.0,0.5,22500000.0,10.0,P-ANMF1-N16,152,0,0,0,0,0,0,0,0,0,0
1139_49_rot3,1139_49,HH,3,speed-15|band0.5|scr20,-15.0,0.5,22500000.0,20.0,P-ANMF1-N16,152,0,0,0,0,0,0,0,0,0,0
1139_49_rot3,1139_49,HH,3,speed-15|band1|scr0,-15.0,1.0,45000000.0,0.0,P-ANMF1-N16,152,0,0,0,0,0,0,0,0,0,0
1139_49_rot3,1139_49,HH,3,speed-15|band1|scr10,-15.0,1.0,45000000.0,10.0,P-ANMF1-N16,152,0,0,0,0,0,0,0,0,0,0
1139_49_rot3,1139_49,HH,3,speed-15|band1|scr20,-15.0,1.0,45000000.0,20.0,P-ANMF1-N16,152,0,0,0,0,0,0,0,0,0,0
1139_49_rot3,1139_49,HH,3,speed-5|band0.5|scr0,-5.0,0.5,22500000.0,0.0,P-ANMF1-N16,152,13,13,13,13,2078,2078,-5076,11,0,2
1139_49_rot3,1139_49,HH,3,speed-5|band0.5|scr10,-5.0,0.5,22500000.0,10.0,P-ANMF1-N16,152,51,51,51,51,6918,6918,-20422,48,0,3
1139_49_rot3,1139_49,HH,3,speed-5|band0.5|scr20,-5.0,0.5,22500000.0,20.0,P-ANMF1-N16,152,125,125,125,124,10153,10153,-57090,120,0,5
1139_49_rot3,1139_49,HH,3,speed-5|band1|scr0,-5.0,1.0,45000000.0,0.0,P-ANMF1-N16,152,13,13,13,13,4813,4813,-2341,9,0,4
1139_49_rot3,1139_49,HH,3,speed-5|band1|scr10,-5.0,1.0,45000000.0,10.0,P-ANMF1-N16,152,47,47,47,47,12117,12117,-13355,45,0,2
1139_49_rot3,1139_49,HH,3,speed-5|band1|scr20,-5.0,1.0,45000000.0,20.0,P-ANMF1-N16,152,121,121,121,118,22297,22368,-42049,116,0,5
1139_49_rot3,1139_49,HH,3,speed5|band0.5|scr0,5.0,0.5,22500000.0,0.0,P-ANMF1-N16,152,60,60,60,60,8491,8491,-23615,56,0,4
1139_49_rot3,1139_49,HH,3,speed5|band0.5|scr10,5.0,0.5,22500000.0,10.0,P-ANMF1-N16,152,134,134,134,133,8340,8348,-62683,127,0,7
1139_49_rot3,1139_49,HH,3,speed5|band0.5|scr20,5.0,0.5,22500000.0,20.0,P-ANMF1-N16,152,149,149,149,143,1007,1007,-77679,149,0,0
1139_49_rot3,1139_49,HH,3,speed5|band1|scr0,5.0,1.0,45000000.0,0.0,P-ANMF1-N16,152,56,56,56,55,16082,16096,-13243,51,0,5
1139_49_rot3,1139_49,HH,3,speed5|band1|scr10,5.0,1.0,45000000.0,10.0,P-ANMF1-N16,152,131,131,131,128,23959,24048,-45816,126,0,5
1139_49_rot3,1139_49,HH,3,speed5|band1|scr20,5.0,1.0,45000000.0,20.0,P-ANMF1-N16,152,149,149,149,137,5528,5672,-73014,149,0,0
1139_49_rot3,1139_49,HH,3,speed15|band0.5|scr0,15.0,0.5,22500000.0,0.0,P-ANMF1-N16,152,0,0,0,0,0,0,0,0,0,0
1139_49_rot3,1139_49,HH,3,speed15|band0.5|scr10,15.0,0.5,22500000.0,10.0,P-ANMF1-N16,152,0,0,0,0,0,0,0,0,0,0
1139_49_rot3,1139_49,HH,3,speed15|band0.5|scr20,15.0,0.5,22500000.0,20.0,P-ANMF1-N16,152,0,0,0,0,0,0,0,0,0,0
1139_49_rot3,1139_49,HH,3,speed15|band1|scr0,15.0,1.0,45000000.0,0.0,P-ANMF1-N16,152,0,0,0,0,0,0,0,0,0,0
1139_49_rot3,1139_49,HH,3,speed15|band1|scr10,15.0,1.0,45000000.0,10.0,P-ANMF1-N16,152,0,0,0,0,0,0,0,0,0,0
1139_49_rot3,1139_49,HH,3,speed15|band1|scr20,15.0,1.0,45000000.0,20.0,P-ANMF1-N16,152,0,0,0,0,0,0,0,0,0,0
1146_48_rot2,1146_48,HH,2,speed-15|band0.5|scr0,-15.0,0.5,22500000.0,0.0,IN-G0,152,2,0,0,0,1994,0,0,0,0,0
1146_48_rot2,1146_48,HH,2,speed-15|band0.5|scr10,-15.0,0.5,22500000.0,10.0,IN-G0,152,2,0,0,0,1994,0,0,0,0,0
1146_48_rot2,1146_48,HH,2,speed-15|band0.5|scr20,-15.0,0.5,22500000.0,20.0,IN-G0,152,1,0,0,0,997,0,0,0,0,0
1146_48_rot2,1146_48,HH,2,speed-15|band1|scr0,-15.0,1.0,45000000.0,0.0,IN-G0,152,4,1,1,1,3167,997,172,0,0,1
1146_48_rot2,1146_48,HH,2,speed-15|band1|scr10,-15.0,1.0,45000000.0,10.0,IN-G0,152,2,0,0,0,1994,0,0,0,0,0
1146_48_rot2,1146_48,HH,2,speed-15|band1|scr20,-15.0,1.0,45000000.0,20.0,IN-G0,152,1,0,0,0,997,0,0,0,0,0
1146_48_rot2,1146_48,HH,2,speed-5|band0.5|scr0,-5.0,0.5,22500000.0,0.0,IN-G0,152,3,2,2,1,2991,1994,616,0,0,2
1146_48_rot2,1146_48,HH,2,speed-5|band0.5|scr10,-5.0,0.5,22500000.0,10.0,IN-G0,152,3,2,2,1,2991,1994,616,0,0,2
1146_48_rot2,1146_48,HH,2,speed-5|band0.5|scr20,-5.0,0.5,22500000.0,20.0,IN-G0,152,1,0,0,0,997,0,0,0,0,0
1146_48_rot2,1146_48,HH,2,speed-5|band1|scr0,-5.0,1.0,45000000.0,0.0,IN-G0,152,6,4,4,2,4231,3057,443,1,0,3
1146_48_rot2,1146_48,HH,2,speed-5|band1|scr10,-5.0,1.0,45000000.0,10.0,IN-G0,152,4,3,3,1,3167,2991,1132,0,0,3
1146_48_rot2,1146_48,HH,2,speed-5|band1|scr20,-5.0,1.0,45000000.0,20.0,IN-G0,152,2,2,2,1,1994,1994,960,0,0,2
1146_48_rot2,1146_48,HH,2,speed5|band0.5|scr0,5.0,0.5,22500000.0,0.0,IN-G0,152,1,1,1,1,997,997,444,0,0,1
1146_48_rot2,1146_48,HH,2,speed5|band0.5|scr10,5.0,0.5,22500000.0,10.0,IN-G0,152,0,0,0,0,0,0,0,0,0,0
1146_48_rot2,1146_48,HH,2,speed5|band0.5|scr20,5.0,0.5,22500000.0,20.0,IN-G0,152,0,0,0,0,0,0,0,0,0,0
1146_48_rot2,1146_48,HH,2,speed5|band1|scr0,5.0,1.0,45000000.0,0.0,IN-G0,152,5,4,4,4,3873,3058,818,1,0,3
1146_48_rot2,1146_48,HH,2,speed5|band1|scr10,5.0,1.0,45000000.0,10.0,IN-G0,152,3,3,3,3,2992,2992,1507,0,0,3
1146_48_rot2,1146_48,HH,2,speed5|band1|scr20,5.0,1.0,45000000.0,20.0,IN-G0,152,2,2,2,2,1995,1995,991,0,0,2
1146_48_rot2,1146_48,HH,2,speed15|band0.5|scr0,15.0,0.5,22500000.0,0.0,IN-G0,152,2,0,0,0,1994,0,0,0,0,0
1146_48_rot2,1146_48,HH,2,speed15|band0.5|scr10,15.0,0.5,22500000.0,10.0,IN-G0,152,1,0,0,0,997,0,0,0,0,0
1146_48_rot2,1146_48,HH,2,speed15|band0.5|scr20,15.0,0.5,22500000.0,20.0,IN-G0,152,1,0,0,0,997,0,0,0,0,0
1146_48_rot2,1146_48,HH,2,speed15|band1|scr0,15.0,1.0,45000000.0,0.0,IN-G0,152,3,1,1,1,2991,997,172,0,0,1
1146_48_rot2,1146_48,HH,2,speed15|band1|scr10,15.0,1.0,45000000.0,10.0,IN-G0,152,1,0,0,0,997,0,0,0,0,0
1146_48_rot2,1146_48,HH,2,speed15|band1|scr20,15.0,1.0,45000000.0,20.0,IN-G0,152,1,0,0,0,997,0,0,0,0,0
1146_48_rot2,1146_48,HH,2,speed-15|band0.5|scr0,-15.0,0.5,22500000.0,0.0,CA-G0,152,0,0,0,0,0,0,0,0,0,0
1146_48_rot2,1146_48,HH,2,speed-15|band0.5|scr10,-15.0,0.5,22500000.0,10.0,CA-G0,152,0,0,0,0,0,0,0,0,0,0
1146_48_rot2,1146_48,HH,2,speed-15|band0.5|scr20,-15.0,0.5,22500000.0,20.0,CA-G0,152,0,0,0,0,0,0,0,0,0,0
1146_48_rot2,1146_48,HH,2,speed-15|band1|scr0,-15.0,1.0,45000000.0,0.0,CA-G0,152,0,0,0,0,0,0,0,0,0,0
1146_48_rot2,1146_48,HH,2,speed-15|band1|scr10,-15.0,1.0,45000000.0,10.0,CA-G0,152,0,0,0,0,0,0,0,0,0,0
1146_48_rot2,1146_48,HH,2,speed-15|band1|scr20,-15.0,1.0,45000000.0,20.0,CA-G0,152,0,0,0,0,0,0,0,0,0,0
1146_48_rot2,1146_48,HH,2,speed-5|band0.5|scr0,-5.0,0.5,22500000.0,0.0,CA-G0,152,0,0,0,0,0,0,0,0,0,0
1146_48_rot2,1146_48,HH,2,speed-5|band0.5|scr10,-5.0,0.5,22500000.0,10.0,CA-G0,152,2,1,1,1,1556,621,17,0,0,1
1146_48_rot2,1146_48,HH,2,speed-5|band0.5|scr20,-5.0,0.5,22500000.0,20.0,CA-G0,152,0,0,0,0,0,0,0,0,0,0
1146_48_rot2,1146_48,HH,2,speed-5|band1|scr0,-5.0,1.0,45000000.0,0.0,CA-G0,152,0,0,0,0,0,0,0,0,0,0
1146_48_rot2,1146_48,HH,2,speed-5|band1|scr10,-5.0,1.0,45000000.0,10.0,CA-G0,152,1,1,1,1,825,825,306,0,0,1
1146_48_rot2,1146_48,HH,2,speed-5|band1|scr20,-5.0,1.0,45000000.0,20.0,CA-G0,152,0,0,0,0,0,0,0,0,0,0
1146_48_rot2,1146_48,HH,2,speed5|band0.5|scr0,5.0,0.5,22500000.0,0.0,CA-G0,152,2,0,0,0,642,0,0,0,0,0
1146_48_rot2,1146_48,HH,2,speed5|band0.5|scr10,5.0,0.5,22500000.0,10.0,CA-G0,152,0,0,0,0,0,0,0,0,0,0
1146_48_rot2,1146_48,HH,2,speed5|band0.5|scr20,5.0,0.5,22500000.0,20.0,CA-G0,152,0,0,0,0,0,0,0,0,0,0
1146_48_rot2,1146_48,HH,2,speed5|band1|scr0,5.0,1.0,45000000.0,0.0,CA-G0,152,2,1,1,1,923,113,-199,1,0,0
1146_48_rot2,1146_48,HH,2,speed5|band1|scr10,5.0,1.0,45000000.0,10.0,CA-G0,152,1,1,1,1,135,135,-469,1,0,0
1146_48_rot2,1146_48,HH,2,speed5|band1|scr20,5.0,1.0,45000000.0,20.0,CA-G0,152,0,0,0,0,0,0,0,0,0,0
1146_48_rot2,1146_48,HH,2,speed15|band0.5|scr0,15.0,0.5,22500000.0,0.0,CA-G0,152,1,0,0,0,838,0,0,0,0,0
1146_48_rot2,1146_48,HH,2,speed15|band0.5|scr10,15.0,0.5,22500000.0,10.0,CA-G0,152,1,0,0,0,838,0,0,0,0,0
1146_48_rot2,1146_48,HH,2,speed15|band0.5|scr20,15.0,0.5,22500000.0,20.0,CA-G0,152,0,0,0,0,0,0,0,0,0,0
1146_48_rot2,1146_48,HH,2,speed15|band1|scr0,15.0,1.0,45000000.0,0.0,CA-G0,152,2,1,1,1,932,122,-594,1,0,0
1146_48_rot2,1146_48,HH,2,speed15|band1|scr10,15.0,1.0,45000000.0,10.0,CA-G0,152,1,0,0,0,810,0,0,0,0,0
1146_48_rot2,1146_48,HH,2,speed15|band1|scr20,15.0,1.0,45000000.0,20.0,CA-G0,152,1,0,0,0,863,0,0,0,0,0
1146_48_rot2,1146_48,HH,2,speed-15|band0.5|scr0,-15.0,0.5,22500000.0,0.0,OS8-G0,152,0,0,0,0,0,0,0,0,0,0
1146_48_rot2,1146_48,HH,2,speed-15|band0.5|scr10,-15.0,0.5,22500000.0,10.0,OS8-G0,152,0,0,0,0,0,0,0,0,0,0
1146_48_rot2,1146_48,HH,2,speed-15|band0.5|scr20,-15.0,0.5,22500000.0,20.0,OS8-G0,152,0,0,0,0,0,0,0,0,0,0
1146_48_rot2,1146_48,HH,2,speed-15|band1|scr0,-15.0,1.0,45000000.0,0.0,OS8-G0,152,1,0,0,0,797,0,0,0,0,0
1146_48_rot2,1146_48,HH,2,speed-15|band1|scr10,-15.0,1.0,45000000.0,10.0,OS8-G0,152,1,0,0,0,797,0,0,0,0,0
1146_48_rot2,1146_48,HH,2,speed-15|band1|scr20,-15.0,1.0,45000000.0,20.0,OS8-G0,152,0,0,0,0,0,0,0,0,0,0
1146_48_rot2,1146_48,HH,2,speed-5|band0.5|scr0,-5.0,0.5,22500000.0,0.0,OS8-G0,152,2,1,1,1,1227,431,234,0,0,1
1146_48_rot2,1146_48,HH,2,speed-5|band0.5|scr10,-5.0,0.5,22500000.0,10.0,OS8-G0,152,0,0,0,0,0,0,0,0,0,0
1146_48_rot2,1146_48,HH,2,speed-5|band0.5|scr20,-5.0,0.5,22500000.0,20.0,OS8-G0,152,0,0,0,0,0,0,0,0,0,0
1146_48_rot2,1146_48,HH,2,speed-5|band1|scr0,-5.0,1.0,45000000.0,0.0,OS8-G0,152,0,0,0,0,0,0,0,0,0,0
1146_48_rot2,1146_48,HH,2,speed-5|band1|scr10,-5.0,1.0,45000000.0,10.0,OS8-G0,152,2,2,2,2,1497,1497,779,0,0,2
1146_48_rot2,1146_48,HH,2,speed-5|band1|scr20,-5.0,1.0,45000000.0,20.0,OS8-G0,152,0,0,0,0,0,0,0,0,0,0
1146_48_rot2,1146_48,HH,2,speed5|band0.5|scr0,5.0,0.5,22500000.0,0.0,OS8-G0,152,0,0,0,0,0,0,0,0,0,0
1146_48_rot2,1146_48,HH,2,speed5|band0.5|scr10,5.0,0.5,22500000.0,10.0,OS8-G0,152,0,0,0,0,0,0,0,0,0,0
1146_48_rot2,1146_48,HH,2,speed5|band0.5|scr20,5.0,0.5,22500000.0,20.0,OS8-G0,152,0,0,0,0,0,0,0,0,0,0
1146_48_rot2,1146_48,HH,2,speed5|band1|scr0,5.0,1.0,45000000.0,0.0,OS8-G0,152,0,0,0,0,0,0,0,0,0,0
1146_48_rot2,1146_48,HH,2,speed5|band1|scr10,5.0,1.0,45000000.0,10.0,OS8-G0,152,0,0,0,0,0,0,0,0,0,0
1146_48_rot2,1146_48,HH,2,speed5|band1|scr20,5.0,1.0,45000000.0,20.0,OS8-G0,152,0,0,0,0,0,0,0,0,0,0
1146_48_rot2,1146_48,HH,2,speed15|band0.5|scr0,15.0,0.5,22500000.0,0.0,OS8-G0,152,0,0,0,0,0,0,0,0,0,0
1146_48_rot2,1146_48,HH,2,speed15|band0.5|scr10,15.0,0.5,22500000.0,10.0,OS8-G0,152,0,0,0,0,0,0,0,0,0,0
1146_48_rot2,1146_48,HH,2,speed15|band0.5|scr20,15.0,0.5,22500000.0,20.0,OS8-G0,152,0,0,0,0,0,0,0,0,0,0
1146_48_rot2,1146_48,HH,2,speed15|band1|scr0,15.0,1.0,45000000.0,0.0,OS8-G0,152,0,0,0,0,0,0,0,0,0,0
1146_48_rot2,1146_48,HH,2,speed15|band1|scr10,15.0,1.0,45000000.0,10.0,OS8-G0,152,0,0,0,0,0,0,0,0,0,0
1146_48_rot2,1146_48,HH,2,speed15|band1|scr20,15.0,1.0,45000000.0,20.0,OS8-G0,152,0,0,0,0,0,0,0,0,0,0
1146_48_rot2,1146_48,HH,2,speed-15|band0.5|scr0,-15.0,0.5,22500000.0,0.0,IN-G8,152,2,0,0,0,1994,0,0,0,0,0
1146_48_rot2,1146_48,HH,2,speed-15|band0.5|scr10,-15.0,0.5,22500000.0,10.0,IN-G8,152,2,0,0,0,1994,0,0,0,0,0
1146_48_rot2,1146_48,HH,2,speed-15|band0.5|scr20,-15.0,0.5,22500000.0,20.0,IN-G8,152,3,0,0,0,1410,0,0,0,0,0
1146_48_rot2,1146_48,HH,2,speed-15|band1|scr0,-15.0,1.0,45000000.0,0.0,IN-G8,152,3,1,1,1,2992,998,173,0,0,1
1146_48_rot2,1146_48,HH,2,speed-15|band1|scr10,-15.0,1.0,45000000.0,10.0,IN-G8,152,4,0,0,0,3057,0,0,0,0,0
1146_48_rot2,1146_48,HH,2,speed-15|band1|scr20,-15.0,1.0,45000000.0,20.0,IN-G8,152,5,1,1,1,2176,32,-204,1,0,0
1146_48_rot2,1146_48,HH,2,speed-5|band0.5|scr0,-5.0,0.5,22500000.0,0.0,IN-G8,152,4,3,3,2,3385,2388,359,1,0,2
1146_48_rot2,1146_48,HH,2,speed-5|band0.5|scr10,-5.0,0.5,22500000.0,10.0,IN-G8,152,4,3,3,1,3385,2388,359,1,0,2
1146_48_rot2,1146_48,HH,2,speed-5|band0.5|scr20,-5.0,0.5,22500000.0,20.0,IN-G8,152,2,0,0,0,1389,0,0,0,0,0
1146_48_rot2,1146_48,HH,2,speed-5|band1|scr0,-5.0,1.0,45000000.0,0.0,IN-G8,152,5,4,4,2,4383,3385,875,1,0,3
1146_48_rot2,1146_48,HH,2,speed-5|band1|scr10,-5.0,1.0,45000000.0,10.0,IN-G8,152,4,4,4,2,3385,3385,875,1,0,3
1146_48_rot2,1146_48,HH,2,speed-5|band1|scr20,-5.0,1.0,45000000.0,20.0,IN-G8,152,2,1,1,1,1994,997,516,0,0,1
1146_48_rot2,1146_48,HH,2,speed5|band0.5|scr0,5.0,0.5,22500000.0,0.0,IN-G8,152,1,1,1,1,997,997,444,0,0,1
1146_48_rot2,1146_48,HH,2,speed5|band0.5|scr10,5.0,0.5,22500000.0,10.0,IN-G8,152,0,0,0,0,0,0,0,0,0,0
1146_48_rot2,1146_48,HH,2,speed5|band0.5|scr20,5.0,0.5,22500000.0,20.0,IN-G8,152,0,0,0,0,0,0,0,0,0,0
1146_48_rot2,1146_48,HH,2,speed5|band1|scr0,5.0,1.0,45000000.0,0.0,IN-G8,152,3,3,3,3,2992,2992,1507,0,0,3
1146_48_rot2,1146_48,HH,2,speed5|band1|scr10,5.0,1.0,45000000.0,10.0,IN-G8,152,3,3,3,3,2993,2993,1508,0,0,3
1146_48_rot2,1146_48,HH,2,speed5|band1|scr20,5.0,1.0,45000000.0,20.0,IN-G8,152,3,3,3,3,1728,1728,450,1,0,2
1146_48_rot2,1146_48,HH,2,speed15|band0.5|scr0,15.0,0.5,22500000.0,0.0,IN-G8,152,2,0,0,0,1995,0,0,0,0,0
1146_48_rot2,1146_48,HH,2,speed15|band0.5|scr10,15.0,0.5,22500000.0,10.0,IN-G8,152,5,0,0,0,3232,0,0,0,0,0
1146_48_rot2,1146_48,HH,2,speed15|band0.5|scr20,15.0,0.5,22500000.0,20.0,IN-G8,152,1,0,0,0,222,0,0,0,0,0
1146_48_rot2,1146_48,HH,2,speed15|band1|scr0,15.0,1.0,45000000.0,0.0,IN-G8,152,4,2,2,2,2789,794,-8,1,0,1
1146_48_rot2,1146_48,HH,2,speed15|band1|scr10,15.0,1.0,45000000.0,10.0,IN-G8,152,7,5,5,5,5380,3385,572,1,0,4
1146_48_rot2,1146_48,HH,2,speed15|band1|scr20,15.0,1.0,45000000.0,20.0,IN-G8,152,9,3,3,3,5692,2177,675,0,0,3
1146_48_rot2,1146_48,HH,2,speed-15|band0.5|scr0,-15.0,0.5,22500000.0,0.0,CA-G8,152,0,0,0,0,0,0,0,0,0,0
1146_48_rot2,1146_48,HH,2,speed-15|band0.5|scr10,-15.0,0.5,22500000.0,10.0,CA-G8,152,0,0,0,0,0,0,0,0,0,0
1146_48_rot2,1146_48,HH,2,speed-15|band0.5|scr20,-15.0,0.5,22500000.0,20.0,CA-G8,152,0,0,0,0,0,0,0,0,0,0
1146_48_rot2,1146_48,HH,2,speed-15|band1|scr0,-15.0,1.0,45000000.0,0.0,CA-G8,152,0,0,0,0,0,0,0,0,0,0
1146_48_rot2,1146_48,HH,2,speed-15|band1|scr10,-15.0,1.0,45000000.0,10.0,CA-G8,152,0,0,0,0,0,0,0,0,0,0
1146_48_rot2,1146_48,HH,2,speed-15|band1|scr20,-15.0,1.0,45000000.0,20.0,CA-G8,152,0,0,0,0,0,0,0,0,0,0
1146_48_rot2,1146_48,HH,2,speed-5|band0.5|scr0,-5.0,0.5,22500000.0,0.0,CA-G8,152,0,0,0,0,0,0,0,0,0,0
1146_48_rot2,1146_48,HH,2,speed-5|band0.5|scr10,-5.0,0.5,22500000.0,10.0,CA-G8,152,0,0,0,0,0,0,0,0,0,0
1146_48_rot2,1146_48,HH,2,speed-5|band0.5|scr20,-5.0,0.5,22500000.0,20.0,CA-G8,152,0,0,0,0,0,0,0,0,0,0
1146_48_rot2,1146_48,HH,2,speed-5|band1|scr0,-5.0,1.0,45000000.0,0.0,CA-G8,152,1,1,1,1,895,895,659,0,0,1
1146_48_rot2,1146_48,HH,2,speed-5|band1|scr10,-5.0,1.0,45000000.0,10.0,CA-G8,152,1,1,1,1,831,831,312,0,0,1
1146_48_rot2,1146_48,HH,2,speed-5|band1|scr20,-5.0,1.0,45000000.0,20.0,CA-G8,152,1,0,0,0,313,0,0,0,0,0
1146_48_rot2,1146_48,HH,2,speed5|band0.5|scr0,5.0,0.5,22500000.0,0.0,CA-G8,152,0,0,0,0,0,0,0,0,0,0
1146_48_rot2,1146_48,HH,2,speed5|band0.5|scr10,5.0,0.5,22500000.0,10.0,CA-G8,152,0,0,0,0,0,0,0,0,0,0
1146_48_rot2,1146_48,HH,2,speed5|band0.5|scr20,5.0,0.5,22500000.0,20.0,CA-G8,152,0,0,0,0,0,0,0,0,0,0
1146_48_rot2,1146_48,HH,2,speed5|band1|scr0,5.0,1.0,45000000.0,0.0,CA-G8,152,0,0,0,0,0,0,0,0,0,0
1146_48_rot2,1146_48,HH,2,speed5|band1|scr10,5.0,1.0,45000000.0,10.0,CA-G8,152,0,0,0,0,0,0,0,0,0,0
1146_48_rot2,1146_48,HH,2,speed5|band1|scr20,5.0,1.0,45000000.0,20.0,CA-G8,152,0,0,0,0,0,0,0,0,0,0
1146_48_rot2,1146_48,HH,2,speed15|band0.5|scr0,15.0,0.5,22500000.0,0.0,CA-G8,152,0,0,0,0,0,0,0,0,0,0
1146_48_rot2,1146_48,HH,2,speed15|band0.5|scr10,15.0,0.5,22500000.0,10.0,CA-G8,152,0,0,0,0,0,0,0,0,0,0
1146_48_rot2,1146_48,HH,2,speed15|band0.5|scr20,15.0,0.5,22500000.0,20.0,CA-G8,152,0,0,0,0,0,0,0,0,0,0
1146_48_rot2,1146_48,HH,2,speed15|band1|scr0,15.0,1.0,45000000.0,0.0,CA-G8,152,0,0,0,0,0,0,0,0,0,0
1146_48_rot2,1146_48,HH,2,speed15|band1|scr10,15.0,1.0,45000000.0,10.0,CA-G8,152,0,0,0,0,0,0,0,0,0,0
1146_48_rot2,1146_48,HH,2,speed15|band1|scr20,15.0,1.0,45000000.0,20.0,CA-G8,152,0,0,0,0,0,0,0,0,0,0
1146_48_rot2,1146_48,HH,2,speed-15|band0.5|scr0,-15.0,0.5,22500000.0,0.0,OS8-G8,152,0,0,0,0,0,0,0,0,0,0
1146_48_rot2,1146_48,HH,2,speed-15|band0.5|scr10,-15.0,0.5,22500000.0,10.0,OS8-G8,152,0,0,0,0,0,0,0,0,0,0
1146_48_rot2,1146_48,HH,2,speed-15|band0.5|scr20,-15.0,0.5,22500000.0,20.0,OS8-G8,152,0,0,0,0,0,0,0,0,0,0
1146_48_rot2,1146_48,HH,2,speed-15|band1|scr0,-15.0,1.0,45000000.0,0.0,OS8-G8,152,0,0,0,0,0,0,0,0,0,0
1146_48_rot2,1146_48,HH,2,speed-15|band1|scr10,-15.0,1.0,45000000.0,10.0,OS8-G8,152,0,0,0,0,0,0,0,0,0,0
1146_48_rot2,1146_48,HH,2,speed-15|band1|scr20,-15.0,1.0,45000000.0,20.0,OS8-G8,152,0,0,0,0,0,0,0,0,0,0
1146_48_rot2,1146_48,HH,2,speed-5|band0.5|scr0,-5.0,0.5,22500000.0,0.0,OS8-G8,152,0,0,0,0,0,0,0,0,0,0
1146_48_rot2,1146_48,HH,2,speed-5|band0.5|scr10,-5.0,0.5,22500000.0,10.0,OS8-G8,152,0,0,0,0,0,0,0,0,0,0
1146_48_rot2,1146_48,HH,2,speed-5|band0.5|scr20,-5.0,0.5,22500000.0,20.0,OS8-G8,152,0,0,0,0,0,0,0,0,0,0
1146_48_rot2,1146_48,HH,2,speed-5|band1|scr0,-5.0,1.0,45000000.0,0.0,OS8-G8,152,0,0,0,0,0,0,0,0,0,0
1146_48_rot2,1146_48,HH,2,speed-5|band1|scr10,-5.0,1.0,45000000.0,10.0,OS8-G8,152,1,1,1,1,834,834,315,0,0,1
1146_48_rot2,1146_48,HH,2,speed-5|band1|scr20,-5.0,1.0,45000000.0,20.0,OS8-G8,152,0,0,0,0,0,0,0,0,0,0
1146_48_rot2,1146_48,HH,2,speed5|band0.5|scr0,5.0,0.5,22500000.0,0.0,OS8-G8,152,0,0,0,0,0,0,0,0,0,0
1146_48_rot2,1146_48,HH,2,speed5|band0.5|scr10,5.0,0.5,22500000.0,10.0,OS8-G8,152,0,0,0,0,0,0,0,0,0,0
1146_48_rot2,1146_48,HH,2,speed5|band0.5|scr20,5.0,0.5,22500000.0,20.0,OS8-G8,152,0,0,0,0,0,0,0,0,0,0
1146_48_rot2,1146_48,HH,2,speed5|band1|scr0,5.0,1.0,45000000.0,0.0,OS8-G8,152,0,0,0,0,0,0,0,0,0,0
1146_48_rot2,1146_48,HH,2,speed5|band1|scr10,5.0,1.0,45000000.0,10.0,OS8-G8,152,0,0,0,0,0,0,0,0,0,0
1146_48_rot2,1146_48,HH,2,speed5|band1|scr20,5.0,1.0,45000000.0,20.0,OS8-G8,152,0,0,0,0,0,0,0,0,0,0
1146_48_rot2,1146_48,HH,2,speed15|band0.5|scr0,15.0,0.5,22500000.0,0.0,OS8-G8,152,0,0,0,0,0,0,0,0,0,0
1146_48_rot2,1146_48,HH,2,speed15|band0.5|scr10,15.0,0.5,22500000.0,10.0,OS8-G8,152,0,0,0,0,0,0,0,0,0,0
1146_48_rot2,1146_48,HH,2,speed15|band0.5|scr20,15.0,0.5,22500000.0,20.0,OS8-G8,152,0,0,0,0,0,0,0,0,0,0
1146_48_rot2,1146_48,HH,2,speed15|band1|scr0,15.0,1.0,45000000.0,0.0,OS8-G8,152,0,0,0,0,0,0,0,0,0,0
1146_48_rot2,1146_48,HH,2,speed15|band1|scr10,15.0,1.0,45000000.0,10.0,OS8-G8,152,0,0,0,0,0,0,0,0,0,0
1146_48_rot2,1146_48,HH,2,speed15|band1|scr20,15.0,1.0,45000000.0,20.0,OS8-G8,152,0,0,0,0,0,0,0,0,0,0
1146_48_rot2,1146_48,HH,2,speed-15|band0.5|scr0,-15.0,0.5,22500000.0,0.0,PAMF-H1-K8-G8,152,0,0,0,0,0,0,0,0,0,0
1146_48_rot2,1146_48,HH,2,speed-15|band0.5|scr10,-15.0,0.5,22500000.0,10.0,PAMF-H1-K8-G8,152,0,0,0,0,0,0,0,0,0,0
1146_48_rot2,1146_48,HH,2,speed-15|band0.5|scr20,-15.0,0.5,22500000.0,20.0,PAMF-H1-K8-G8,152,4,0,0,0,847,0,0,0,0,0
1146_48_rot2,1146_48,HH,2,speed-15|band1|scr0,-15.0,1.0,45000000.0,0.0,PAMF-H1-K8-G8,152,0,0,0,0,0,0,0,0,0,0
1146_48_rot2,1146_48,HH,2,speed-15|band1|scr10,-15.0,1.0,45000000.0,10.0,PAMF-H1-K8-G8,152,8,8,8,8,3388,3388,419,2,0,6
1146_48_rot2,1146_48,HH,2,speed-15|band1|scr20,-15.0,1.0,45000000.0,20.0,PAMF-H1-K8-G8,152,58,58,58,56,20430,20874,-7885,38,0,20
1146_48_rot2,1146_48,HH,2,speed-5|band0.5|scr0,-5.0,0.5,22500000.0,0.0,PAMF-H1-K8-G8,152,1,1,1,1,400,400,-251,1,0,0
1146_48_rot2,1146_48,HH,2,speed-5|band0.5|scr10,-5.0,0.5,22500000.0,10.0,PAMF-H1-K8-G8,152,1,1,1,0,400,401,-250,1,0,0
1146_48_rot2,1146_48,HH,2,speed-5|band0.5|scr20,-5.0,0.5,22500000.0,20.0,PAMF-H1-K8-G8,152,1,0,0,0,398,0,0,0,0,0
1146_48_rot2,1146_48,HH,2,speed-5|band1|scr0,-5.0,1.0,45000000.0,0.0,PAMF-H1-K8-G8,152,2,1,1,1,1403,401,-250,1,0,0
1146_48_rot2,1146_48,HH,2,speed-5|band1|scr10,-5.0,1.0,45000000.0,10.0,PAMF-H1-K8-G8,152,1,1,1,1,400,400,-251,1,0,0
1146_48_rot2,1146_48,HH,2,speed-5|band1|scr20,-5.0,1.0,45000000.0,20.0,PAMF-H1-K8-G8,152,0,0,0,0,0,0,0,0,0,0
1146_48_rot2,1146_48,HH,2,speed5|band0.5|scr0,5.0,0.5,22500000.0,0.0,PAMF-H1-K8-G8,152,0,0,0,0,0,0,0,0,0,0
1146_48_rot2,1146_48,HH,2,speed5|band0.5|scr10,5.0,0.5,22500000.0,10.0,PAMF-H1-K8-G8,152,0,0,0,0,0,0,0,0,0,0
1146_48_rot2,1146_48,HH,2,speed5|band0.5|scr20,5.0,0.5,22500000.0,20.0,PAMF-H1-K8-G8,152,0,0,0,0,0,0,0,0,0,0
1146_48_rot2,1146_48,HH,2,speed5|band1|scr0,5.0,1.0,45000000.0,0.0,PAMF-H1-K8-G8,152,0,0,0,0,0,0,0,0,0,0
1146_48_rot2,1146_48,HH,2,speed5|band1|scr10,5.0,1.0,45000000.0,10.0,PAMF-H1-K8-G8,152,0,0,0,0,0,0,0,0,0,0
1146_48_rot2,1146_48,HH,2,speed5|band1|scr20,5.0,1.0,45000000.0,20.0,PAMF-H1-K8-G8,152,2,2,2,2,830,830,-83,1,0,1
1146_48_rot2,1146_48,HH,2,speed15|band0.5|scr0,15.0,0.5,22500000.0,0.0,PAMF-H1-K8-G8,152,0,0,0,0,0,0,0,0,0,0
1146_48_rot2,1146_48,HH,2,speed15|band0.5|scr10,15.0,0.5,22500000.0,10.0,PAMF-H1-K8-G8,152,2,0,0,0,365,0,0,0,0,0
1146_48_rot2,1146_48,HH,2,speed15|band0.5|scr20,15.0,0.5,22500000.0,20.0,PAMF-H1-K8-G8,152,20,0,0,0,7023,0,0,0,0,0
1146_48_rot2,1146_48,HH,2,speed15|band1|scr0,15.0,1.0,45000000.0,0.0,PAMF-H1-K8-G8,152,2,2,2,2,834,834,404,0,0,2
1146_48_rot2,1146_48,HH,2,speed15|band1|scr10,15.0,1.0,45000000.0,10.0,PAMF-H1-K8-G8,152,19,19,19,19,8576,8576,-969,11,0,8
1146_48_rot2,1146_48,HH,2,speed15|band1|scr20,15.0,1.0,45000000.0,20.0,PAMF-H1-K8-G8,152,78,77,77,70,22164,23338,-14867,57,0,20
1146_48_rot2,1146_48,HH,2,speed-15|band0.5|scr0,-15.0,0.5,22500000.0,0.0,P-ANMF1-N16,152,0,0,0,0,0,0,0,0,0,0
1146_48_rot2,1146_48,HH,2,speed-15|band0.5|scr10,-15.0,0.5,22500000.0,10.0,P-ANMF1-N16,152,0,0,0,0,0,0,0,0,0,0
1146_48_rot2,1146_48,HH,2,speed-15|band0.5|scr20,-15.0,0.5,22500000.0,20.0,P-ANMF1-N16,152,0,0,0,0,0,0,0,0,0,0
1146_48_rot2,1146_48,HH,2,speed-15|band1|scr0,-15.0,1.0,45000000.0,0.0,P-ANMF1-N16,152,0,0,0,0,0,0,0,0,0,0
1146_48_rot2,1146_48,HH,2,speed-15|band1|scr10,-15.0,1.0,45000000.0,10.0,P-ANMF1-N16,152,0,0,0,0,0,0,0,0,0,0
1146_48_rot2,1146_48,HH,2,speed-15|band1|scr20,-15.0,1.0,45000000.0,20.0,P-ANMF1-N16,152,0,0,0,0,0,0,0,0,0,0
1146_48_rot2,1146_48,HH,2,speed-5|band0.5|scr0,-5.0,0.5,22500000.0,0.0,P-ANMF1-N16,152,3,3,3,3,663,663,-351,3,0,0
1146_48_rot2,1146_48,HH,2,speed-5|band0.5|scr10,-5.0,0.5,22500000.0,10.0,P-ANMF1-N16,152,42,42,42,42,8005,8005,-11511,35,0,7
1146_48_rot2,1146_48,HH,2,speed-5|band0.5|scr20,-5.0,0.5,22500000.0,20.0,P-ANMF1-N16,152,116,116,116,116,7444,7444,-45851,113,0,3
1146_48_rot2,1146_48,HH,2,speed-5|band1|scr0,-5.0,1.0,45000000.0,0.0,P-ANMF1-N16,152,4,4,4,4,1656,1656,-9,3,0,1
1146_48_rot2,1146_48,HH,2,speed-5|band1|scr10,-5.0,1.0,45000000.0,10.0,P-ANMF1-N16,152,38,38,38,38,11063,11063,-7443,33,0,5
1146_48_rot2,1146_48,HH,2,speed-5|band1|scr20,-5.0,1.0,45000000.0,20.0,P-ANMF1-N16,152,113,113,113,113,19407,19407,-32752,108,0,5
1146_48_rot2,1146_48,HH,2,speed5|band0.5|scr0,5.0,0.5,22500000.0,0.0,P-ANMF1-N16,152,57,57,57,57,9865,9865,-17898,49,0,8
1146_48_rot2,1146_48,HH,2,speed5|band0.5|scr10,5.0,0.5,22500000.0,10.0,P-ANMF1-N16,152,137,137,137,136,6985,6985,-55659,136,0,1
1146_48_rot2,1146_48,HH,2,speed5|band0.5|scr20,5.0,0.5,22500000.0,20.0,P-ANMF1-N16,152,149,149,149,147,209,209,-67851,149,0,0
1146_48_rot2,1146_48,HH,2,speed5|band1|scr0,5.0,1.0,45000000.0,0.0,P-ANMF1-N16,152,53,53,53,53,15742,15742,-9890,45,0,8
1146_48_rot2,1146_48,HH,2,speed5|band1|scr10,5.0,1.0,45000000.0,10.0,P-ANMF1-N16,152,132,132,132,132,18318,18318,-42034,130,0,2
1146_48_rot2,1146_48,HH,2,speed5|band1|scr20,5.0,1.0,45000000.0,20.0,P-ANMF1-N16,152,149,149,149,138,3470,3638,-64422,149,0,0
1146_48_rot2,1146_48,HH,2,speed15|band0.5|scr0,15.0,0.5,22500000.0,0.0,P-ANMF1-N16,152,0,0,0,0,0,0,0,0,0,0
1146_48_rot2,1146_48,HH,2,speed15|band0.5|scr10,15.0,0.5,22500000.0,10.0,P-ANMF1-N16,152,0,0,0,0,0,0,0,0,0,0
1146_48_rot2,1146_48,HH,2,speed15|band0.5|scr20,15.0,0.5,22500000.0,20.0,P-ANMF1-N16,152,0,0,0,0,0,0,0,0,0,0
1146_48_rot2,1146_48,HH,2,speed15|band1|scr0,15.0,1.0,45000000.0,0.0,P-ANMF1-N16,152,0,0,0,0,0,0,0,0,0,0
1146_48_rot2,1146_48,HH,2,speed15|band1|scr10,15.0,1.0,45000000.0,10.0,P-ANMF1-N16,152,0,0,0,0,0,0,0,0,0,0
1146_48_rot2,1146_48,HH,2,speed15|band1|scr20,15.0,1.0,45000000.0,20.0,P-ANMF1-N16,152,0,0,0,0,0,0,0,0,0,0
1146_48_rot3,1146_48,HH,3,speed-15|band0.5|scr0,-15.0,0.5,22500000.0,0.0,IN-G0,152,0,0,0,0,0,0,0,0,0,0
1146_48_rot3,1146_48,HH,3,speed-15|band0.5|scr10,-15.0,0.5,22500000.0,10.0,IN-G0,152,0,0,0,0,0,0,0,0,0,0
1146_48_rot3,1146_48,HH,3,speed-15|band0.5|scr20,-15.0,0.5,22500000.0,20.0,IN-G0,152,0,0,0,0,0,0,0,0,0,0
1146_48_rot3,1146_48,HH,3,speed-15|band1|scr0,-15.0,1.0,45000000.0,0.0,IN-G0,152,0,0,0,0,0,0,0,0,0,0
1146_48_rot3,1146_48,HH,3,speed-15|band1|scr10,-15.0,1.0,45000000.0,10.0,IN-G0,152,0,0,0,0,0,0,0,0,0,0
1146_48_rot3,1146_48,HH,3,speed-15|band1|scr20,-15.0,1.0,45000000.0,20.0,IN-G0,152,0,0,0,0,0,0,0,0,0,0
1146_48_rot3,1146_48,HH,3,speed-5|band0.5|scr0,-5.0,0.5,22500000.0,0.0,IN-G0,152,0,0,0,0,0,0,0,0,0,0
1146_48_rot3,1146_48,HH,3,speed-5|band0.5|scr10,-5.0,0.5,22500000.0,10.0,IN-G0,152,0,0,0,0,0,0,0,0,0,0
1146_48_rot3,1146_48,HH,3,speed-5|band0.5|scr20,-5.0,0.5,22500000.0,20.0,IN-G0,152,0,0,0,0,0,0,0,0,0,0
1146_48_rot3,1146_48,HH,3,speed-5|band1|scr0,-5.0,1.0,45000000.0,0.0,IN-G0,152,1,1,1,1,423,423,102,0,0,1
1146_48_rot3,1146_48,HH,3,speed-5|band1|scr10,-5.0,1.0,45000000.0,10.0,IN-G0,152,1,1,1,1,423,423,102,0,0,1
1146_48_rot3,1146_48,HH,3,speed-5|band1|scr20,-5.0,1.0,45000000.0,20.0,IN-G0,152,0,0,0,0,0,0,0,0,0,0
1146_48_rot3,1146_48,HH,3,speed5|band0.5|scr0,5.0,0.5,22500000.0,0.0,IN-G0,152,1,0,0,0,423,0,0,0,0,0
1146_48_rot3,1146_48,HH,3,speed5|band0.5|scr10,5.0,0.5,22500000.0,10.0,IN-G0,152,1,0,0,0,423,0,0,0,0,0
1146_48_rot3,1146_48,HH,3,speed5|band0.5|scr20,5.0,0.5,22500000.0,20.0,IN-G0,152,1,0,0,0,423,0,0,0,0,0
1146_48_rot3,1146_48,HH,3,speed5|band1|scr0,5.0,1.0,45000000.0,0.0,IN-G0,152,0,0,0,0,0,0,0,0,0,0
1146_48_rot3,1146_48,HH,3,speed5|band1|scr10,5.0,1.0,45000000.0,10.0,IN-G0,152,0,0,0,0,0,0,0,0,0,0
1146_48_rot3,1146_48,HH,3,speed5|band1|scr20,5.0,1.0,45000000.0,20.0,IN-G0,152,0,0,0,0,0,0,0,0,0,0
1146_48_rot3,1146_48,HH,3,speed15|band0.5|scr0,15.0,0.5,22500000.0,0.0,IN-G0,152,0,0,0,0,0,0,0,0,0,0
1146_48_rot3,1146_48,HH,3,speed15|band0.5|scr10,15.0,0.5,22500000.0,10.0,IN-G0,152,0,0,0,0,0,0,0,0,0,0
1146_48_rot3,1146_48,HH,3,speed15|band0.5|scr20,15.0,0.5,22500000.0,20.0,IN-G0,152,0,0,0,0,0,0,0,0,0,0
1146_48_rot3,1146_48,HH,3,speed15|band1|scr0,15.0,1.0,45000000.0,0.0,IN-G0,152,0,0,0,0,0,0,0,0,0,0
1146_48_rot3,1146_48,HH,3,speed15|band1|scr10,15.0,1.0,45000000.0,10.0,IN-G0,152,0,0,0,0,0,0,0,0,0,0
1146_48_rot3,1146_48,HH,3,speed15|band1|scr20,15.0,1.0,45000000.0,20.0,IN-G0,152,0,0,0,0,0,0,0,0,0,0
1146_48_rot3,1146_48,HH,3,speed-15|band0.5|scr0,-15.0,0.5,22500000.0,0.0,CA-G0,152,0,0,0,0,0,0,0,0,0,0
1146_48_rot3,1146_48,HH,3,speed-15|band0.5|scr10,-15.0,0.5,22500000.0,10.0,CA-G0,152,0,0,0,0,0,0,0,0,0,0
1146_48_rot3,1146_48,HH,3,speed-15|band0.5|scr20,-15.0,0.5,22500000.0,20.0,CA-G0,152,1,0,0,0,115,0,0,0,0,0
1146_48_rot3,1146_48,HH,3,speed-15|band1|scr0,-15.0,1.0,45000000.0,0.0,CA-G0,152,0,0,0,0,0,0,0,0,0,0
1146_48_rot3,1146_48,HH,3,speed-15|band1|scr10,-15.0,1.0,45000000.0,10.0,CA-G0,152,1,0,0,0,838,0,0,0,0,0
1146_48_rot3,1146_48,HH,3,speed-15|band1|scr20,-15.0,1.0,45000000.0,20.0,CA-G0,152,1,0,0,0,115,0,0,0,0,0
1146_48_rot3,1146_48,HH,3,speed-5|band0.5|scr0,-5.0,0.5,22500000.0,0.0,CA-G0,152,3,3,3,3,882,882,-920,3,0,0
1146_48_rot3,1146_48,HH,3,speed-5|band0.5|scr10,-5.0,0.5,22500000.0,10.0,CA-G0,152,0,0,0,0,0,0,0,0,0,0
1146_48_rot3,1146_48,HH,3,speed-5|band0.5|scr20,-5.0,0.5,22500000.0,20.0,CA-G0,152,0,0,0,0,0,0,0,0,0,0
1146_48_rot3,1146_48,HH,3,speed-5|band1|scr0,-5.0,1.0,45000000.0,0.0,CA-G0,152,0,0,0,0,0,0,0,0,0,0
1146_48_rot3,1146_48,HH,3,speed-5|band1|scr10,-5.0,1.0,45000000.0,10.0,CA-G0,152,0,0,0,0,0,0,0,0,0,0
1146_48_rot3,1146_48,HH,3,speed-5|band1|scr20,-5.0,1.0,45000000.0,20.0,CA-G0,152,0,0,0,0,0,0,0,0,0,0
1146_48_rot3,1146_48,HH,3,speed5|band0.5|scr0,5.0,0.5,22500000.0,0.0,CA-G0,152,0,0,0,0,0,0,0,0,0,0
1146_48_rot3,1146_48,HH,3,speed5|band0.5|scr10,5.0,0.5,22500000.0,10.0,CA-G0,152,0,0,0,0,0,0,0,0,0,0
1146_48_rot3,1146_48,HH,3,speed5|band0.5|scr20,5.0,0.5,22500000.0,20.0,CA-G0,152,0,0,0,0,0,0,0,0,0,0
1146_48_rot3,1146_48,HH,3,speed5|band1|scr0,5.0,1.0,45000000.0,0.0,CA-G0,152,1,1,1,1,707,707,450,0,0,1
1146_48_rot3,1146_48,HH,3,speed5|band1|scr10,5.0,1.0,45000000.0,10.0,CA-G0,152,1,0,0,0,440,0,0,0,0,0
1146_48_rot3,1146_48,HH,3,speed5|band1|scr20,5.0,1.0,45000000.0,20.0,CA-G0,152,0,0,0,0,0,0,0,0,0,0
1146_48_rot3,1146_48,HH,3,speed15|band0.5|scr0,15.0,0.5,22500000.0,0.0,CA-G0,152,0,0,0,0,0,0,0,0,0,0
1146_48_rot3,1146_48,HH,3,speed15|band0.5|scr10,15.0,0.5,22500000.0,10.0,CA-G0,152,0,0,0,0,0,0,0,0,0,0
1146_48_rot3,1146_48,HH,3,speed15|band0.5|scr20,15.0,0.5,22500000.0,20.0,CA-G0,152,0,0,0,0,0,0,0,0,0,0
1146_48_rot3,1146_48,HH,3,speed15|band1|scr0,15.0,1.0,45000000.0,0.0,CA-G0,152,0,0,0,0,0,0,0,0,0,0
1146_48_rot3,1146_48,HH,3,speed15|band1|scr10,15.0,1.0,45000000.0,10.0,CA-G0,152,0,0,0,0,0,0,0,0,0,0
1146_48_rot3,1146_48,HH,3,speed15|band1|scr20,15.0,1.0,45000000.0,20.0,CA-G0,152,0,0,0,0,0,0,0,0,0,0
1146_48_rot3,1146_48,HH,3,speed-15|band0.5|scr0,-15.0,0.5,22500000.0,0.0,OS8-G0,152,0,0,0,0,0,0,0,0,0,0
1146_48_rot3,1146_48,HH,3,speed-15|band0.5|scr10,-15.0,0.5,22500000.0,10.0,OS8-G0,152,0,0,0,0,0,0,0,0,0,0
1146_48_rot3,1146_48,HH,3,speed-15|band0.5|scr20,-15.0,0.5,22500000.0,20.0,OS8-G0,152,0,0,0,0,0,0,0,0,0,0
1146_48_rot3,1146_48,HH,3,speed-15|band1|scr0,-15.0,1.0,45000000.0,0.0,OS8-G0,152,0,0,0,0,0,0,0,0,0,0
1146_48_rot3,1146_48,HH,3,speed-15|band1|scr10,-15.0,1.0,45000000.0,10.0,OS8-G0,152,0,0,0,0,0,0,0,0,0,0
1146_48_rot3,1146_48,HH,3,speed-15|band1|scr20,-15.0,1.0,45000000.0,20.0,OS8-G0,152,0,0,0,0,0,0,0,0,0,0
1146_48_rot3,1146_48,HH,3,speed-5|band0.5|scr0,-5.0,0.5,22500000.0,0.0,OS8-G0,152,1,1,1,1,328,328,-231,1,0,0
1146_48_rot3,1146_48,HH,3,speed-5|band0.5|scr10,-5.0,0.5,22500000.0,10.0,OS8-G0,152,1,1,1,1,683,683,12,0,0,1
1146_48_rot3,1146_48,HH,3,speed-5|band0.5|scr20,-5.0,0.5,22500000.0,20.0,OS8-G0,152,0,0,0,0,0,0,0,0,0,0
1146_48_rot3,1146_48,HH,3,speed-5|band1|scr0,-5.0,1.0,45000000.0,0.0,OS8-G0,152,0,0,0,0,0,0,0,0,0,0
1146_48_rot3,1146_48,HH,3,speed-5|band1|scr10,-5.0,1.0,45000000.0,10.0,OS8-G0,152,0,0,0,0,0,0,0,0,0,0
1146_48_rot3,1146_48,HH,3,speed-5|band1|scr20,-5.0,1.0,45000000.0,20.0,OS8-G0,152,0,0,0,0,0,0,0,0,0,0
1146_48_rot3,1146_48,HH,3,speed5|band0.5|scr0,5.0,0.5,22500000.0,0.0,OS8-G0,152,0,0,0,0,0,0,0,0,0,0
1146_48_rot3,1146_48,HH,3,speed5|band0.5|scr10,5.0,0.5,22500000.0,10.0,OS8-G0,152,0,0,0,0,0,0,0,0,0,0
1146_48_rot3,1146_48,HH,3,speed5|band0.5|scr20,5.0,0.5,22500000.0,20.0,OS8-G0,152,0,0,0,0,0,0,0,0,0,0
1146_48_rot3,1146_48,HH,3,speed5|band1|scr0,5.0,1.0,45000000.0,0.0,OS8-G0,152,0,0,0,0,0,0,0,0,0,0
1146_48_rot3,1146_48,HH,3,speed5|band1|scr10,5.0,1.0,45000000.0,10.0,OS8-G0,152,0,0,0,0,0,0,0,0,0,0
1146_48_rot3,1146_48,HH,3,speed5|band1|scr20,5.0,1.0,45000000.0,20.0,OS8-G0,152,0,0,0,0,0,0,0,0,0,0
1146_48_rot3,1146_48,HH,3,speed15|band0.5|scr0,15.0,0.5,22500000.0,0.0,OS8-G0,152,0,0,0,0,0,0,0,0,0,0
1146_48_rot3,1146_48,HH,3,speed15|band0.5|scr10,15.0,0.5,22500000.0,10.0,OS8-G0,152,0,0,0,0,0,0,0,0,0,0
1146_48_rot3,1146_48,HH,3,speed15|band0.5|scr20,15.0,0.5,22500000.0,20.0,OS8-G0,152,0,0,0,0,0,0,0,0,0,0
1146_48_rot3,1146_48,HH,3,speed15|band1|scr0,15.0,1.0,45000000.0,0.0,OS8-G0,152,0,0,0,0,0,0,0,0,0,0
1146_48_rot3,1146_48,HH,3,speed15|band1|scr10,15.0,1.0,45000000.0,10.0,OS8-G0,152,0,0,0,0,0,0,0,0,0,0
1146_48_rot3,1146_48,HH,3,speed15|band1|scr20,15.0,1.0,45000000.0,20.0,OS8-G0,152,0,0,0,0,0,0,0,0,0,0
1146_48_rot3,1146_48,HH,3,speed-15|band0.5|scr0,-15.0,0.5,22500000.0,0.0,IN-G8,152,0,0,0,0,0,0,0,0,0,0
1146_48_rot3,1146_48,HH,3,speed-15|band0.5|scr10,-15.0,0.5,22500000.0,10.0,IN-G8,152,0,0,0,0,0,0,0,0,0,0
1146_48_rot3,1146_48,HH,3,speed-15|band0.5|scr20,-15.0,0.5,22500000.0,20.0,IN-G8,152,0,0,0,0,0,0,0,0,0,0
1146_48_rot3,1146_48,HH,3,speed-15|band1|scr0,-15.0,1.0,45000000.0,0.0,IN-G8,152,0,0,0,0,0,0,0,0,0,0
1146_48_rot3,1146_48,HH,3,speed-15|band1|scr10,-15.0,1.0,45000000.0,10.0,IN-G8,152,0,0,0,0,0,0,0,0,0,0
1146_48_rot3,1146_48,HH,3,speed-15|band1|scr20,-15.0,1.0,45000000.0,20.0,IN-G8,152,0,0,0,0,0,0,0,0,0,0
1146_48_rot3,1146_48,HH,3,speed-5|band0.5|scr0,-5.0,0.5,22500000.0,0.0,IN-G8,152,1,1,1,1,424,424,103,0,0,1
1146_48_rot3,1146_48,HH,3,speed-5|band0.5|scr10,-5.0,0.5,22500000.0,10.0,IN-G8,152,1,1,1,1,424,424,103,0,0,1
1146_48_rot3,1146_48,HH,3,speed-5|band0.5|scr20,-5.0,0.5,22500000.0,20.0,IN-G8,152,0,0,0,0,0,0,0,0,0,0
1146_48_rot3,1146_48,HH,3,speed-5|band1|scr0,-5.0,1.0,45000000.0,0.0,IN-G8,152,1,1,1,1,424,424,103,0,0,1
1146_48_rot3,1146_48,HH,3,speed-5|band1|scr10,-5.0,1.0,45000000.0,10.0,IN-G8,152,0,0,0,0,0,0,0,0,0,0
1146_48_rot3,1146_48,HH,3,speed-5|band1|scr20,-5.0,1.0,45000000.0,20.0,IN-G8,152,0,0,0,0,0,0,0,0,0,0
1146_48_rot3,1146_48,HH,3,speed5|band0.5|scr0,5.0,0.5,22500000.0,0.0,IN-G8,152,1,0,0,0,424,0,0,0,0,0
1146_48_rot3,1146_48,HH,3,speed5|band0.5|scr10,5.0,0.5,22500000.0,10.0,IN-G8,152,1,0,0,0,424,0,0,0,0,0
1146_48_rot3,1146_48,HH,3,speed5|band0.5|scr20,5.0,0.5,22500000.0,20.0,IN-G8,152,1,0,0,0,424,0,0,0,0,0
1146_48_rot3,1146_48,HH,3,speed5|band1|scr0,5.0,1.0,45000000.0,0.0,IN-G8,152,1,0,0,0,424,0,0,0,0,0
1146_48_rot3,1146_48,HH,3,speed5|band1|scr10,5.0,1.0,45000000.0,10.0,IN-G8,152,0,0,0,0,0,0,0,0,0,0
1146_48_rot3,1146_48,HH,3,speed5|band1|scr20,5.0,1.0,45000000.0,20.0,IN-G8,152,0,0,0,0,0,0,0,0,0,0
1146_48_rot3,1146_48,HH,3,speed15|band0.5|scr0,15.0,0.5,22500000.0,0.0,IN-G8,152,0,0,0,0,0,0,0,0,0,0
1146_48_rot3,1146_48,HH,3,speed15|band0.5|scr10,15.0,0.5,22500000.0,10.0,IN-G8,152,0,0,0,0,0,0,0,0,0,0
1146_48_rot3,1146_48,HH,3,speed15|band0.5|scr20,15.0,0.5,22500000.0,20.0,IN-G8,152,0,0,0,0,0,0,0,0,0,0
1146_48_rot3,1146_48,HH,3,speed15|band1|scr0,15.0,1.0,45000000.0,0.0,IN-G8,152,1,0,0,0,424,0,0,0,0,0
1146_48_rot3,1146_48,HH,3,speed15|band1|scr10,15.0,1.0,45000000.0,10.0,IN-G8,152,0,0,0,0,0,0,0,0,0,0
1146_48_rot3,1146_48,HH,3,speed15|band1|scr20,15.0,1.0,45000000.0,20.0,IN-G8,152,0,0,0,0,0,0,0,0,0,0
1146_48_rot3,1146_48,HH,3,speed-15|band0.5|scr0,-15.0,0.5,22500000.0,0.0,CA-G8,152,1,0,0,0,846,0,0,0,0,0
1146_48_rot3,1146_48,HH,3,speed-15|band0.5|scr10,-15.0,0.5,22500000.0,10.0,CA-G8,152,0,0,0,0,0,0,0,0,0,0
1146_48_rot3,1146_48,HH,3,speed-15|band0.5|scr20,-15.0,0.5,22500000.0,20.0,CA-G8,152,0,0,0,0,0,0,0,0,0,0
1146_48_rot3,1146_48,HH,3,speed-15|band1|scr0,-15.0,1.0,45000000.0,0.0,CA-G8,152,1,0,0,0,847,0,0,0,0,0
1146_48_rot3,1146_48,HH,3,speed-15|band1|scr10,-15.0,1.0,45000000.0,10.0,CA-G8,152,0,0,0,0,0,0,0,0,0,0
1146_48_rot3,1146_48,HH,3,speed-15|band1|scr20,-15.0,1.0,45000000.0,20.0,CA-G8,152,0,0,0,0,0,0,0,0,0,0
1146_48_rot3,1146_48,HH,3,speed-5|band0.5|scr0,-5.0,0.5,22500000.0,0.0,CA-G8,152,1,1,1,1,152,152,-329,1,0,0
1146_48_rot3,1146_48,HH,3,speed-5|band0.5|scr10,-5.0,0.5,22500000.0,10.0,CA-G8,152,0,0,0,0,0,0,0,0,0,0
1146_48_rot3,1146_48,HH,3,speed-5|band0.5|scr20,-5.0,0.5,22500000.0,20.0,CA-G8,152,0,0,0,0,0,0,0,0,0,0
1146_48_rot3,1146_48,HH,3,speed-5|band1|scr0,-5.0,1.0,45000000.0,0.0,CA-G8,152,3,2,2,2,1681,746,-655,1,0,1
1146_48_rot3,1146_48,HH,3,speed-5|band1|scr10,-5.0,1.0,45000000.0,10.0,CA-G8,152,1,0,0,0,650,0,0,0,0,0
1146_48_rot3,1146_48,HH,3,speed-5|band1|scr20,-5.0,1.0,45000000.0,20.0,CA-G8,152,1,0,0,0,370,0,0,0,0,0
1146_48_rot3,1146_48,HH,3,speed5|band0.5|scr0,5.0,0.5,22500000.0,0.0,CA-G8,152,0,0,0,0,0,0,0,0,0,0
1146_48_rot3,1146_48,HH,3,speed5|band0.5|scr10,5.0,0.5,22500000.0,10.0,CA-G8,152,0,0,0,0,0,0,0,0,0,0
1146_48_rot3,1146_48,HH,3,speed5|band0.5|scr20,5.0,0.5,22500000.0,20.0,CA-G8,152,0,0,0,0,0,0,0,0,0,0
1146_48_rot3,1146_48,HH,3,speed5|band1|scr0,5.0,1.0,45000000.0,0.0,CA-G8,152,0,0,0,0,0,0,0,0,0,0
1146_48_rot3,1146_48,HH,3,speed5|band1|scr10,5.0,1.0,45000000.0,10.0,CA-G8,152,0,0,0,0,0,0,0,0,0,0
1146_48_rot3,1146_48,HH,3,speed5|band1|scr20,5.0,1.0,45000000.0,20.0,CA-G8,152,0,0,0,0,0,0,0,0,0,0
1146_48_rot3,1146_48,HH,3,speed15|band0.5|scr0,15.0,0.5,22500000.0,0.0,CA-G8,152,0,0,0,0,0,0,0,0,0,0
1146_48_rot3,1146_48,HH,3,speed15|band0.5|scr10,15.0,0.5,22500000.0,10.0,CA-G8,152,0,0,0,0,0,0,0,0,0,0
1146_48_rot3,1146_48,HH,3,speed15|band0.5|scr20,15.0,0.5,22500000.0,20.0,CA-G8,152,0,0,0,0,0,0,0,0,0,0
1146_48_rot3,1146_48,HH,3,speed15|band1|scr0,15.0,1.0,45000000.0,0.0,CA-G8,152,0,0,0,0,0,0,0,0,0,0
1146_48_rot3,1146_48,HH,3,speed15|band1|scr10,15.0,1.0,45000000.0,10.0,CA-G8,152,0,0,0,0,0,0,0,0,0,0
1146_48_rot3,1146_48,HH,3,speed15|band1|scr20,15.0,1.0,45000000.0,20.0,CA-G8,152,0,0,0,0,0,0,0,0,0,0
1146_48_rot3,1146_48,HH,3,speed-15|band0.5|scr0,-15.0,0.5,22500000.0,0.0,OS8-G8,152,1,0,0,0,850,0,0,0,0,0
1146_48_rot3,1146_48,HH,3,speed-15|band0.5|scr10,-15.0,0.5,22500000.0,10.0,OS8-G8,152,0,0,0,0,0,0,0,0,0,0
1146_48_rot3,1146_48,HH,3,speed-15|band0.5|scr20,-15.0,0.5,22500000.0,20.0,OS8-G8,152,0,0,0,0,0,0,0,0,0,0
1146_48_rot3,1146_48,HH,3,speed-15|band1|scr0,-15.0,1.0,45000000.0,0.0,OS8-G8,152,1,0,0,0,848,0,0,0,0,0
1146_48_rot3,1146_48,HH,3,speed-15|band1|scr10,-15.0,1.0,45000000.0,10.0,OS8-G8,152,1,0,0,0,848,0,0,0,0,0
1146_48_rot3,1146_48,HH,3,speed-15|band1|scr20,-15.0,1.0,45000000.0,20.0,OS8-G8,152,0,0,0,0,0,0,0,0,0,0
1146_48_rot3,1146_48,HH,3,speed-5|band0.5|scr0,-5.0,0.5,22500000.0,0.0,OS8-G8,152,2,2,2,2,489,489,-551,2,0,0
1146_48_rot3,1146_48,HH,3,speed-5|band0.5|scr10,-5.0,0.5,22500000.0,10.0,OS8-G8,152,1,1,1,1,688,688,17,0,0,1
1146_48_rot3,1146_48,HH,3,speed-5|band0.5|scr20,-5.0,0.5,22500000.0,20.0,OS8-G8,152,0,0,0,0,0,0,0,0,0,0
1146_48_rot3,1146_48,HH,3,speed-5|band1|scr0,-5.0,1.0,45000000.0,0.0,OS8-G8,152,0,0,0,0,0,0,0,0,0,0
1146_48_rot3,1146_48,HH,3,speed-5|band1|scr10,-5.0,1.0,45000000.0,10.0,OS8-G8,152,0,0,0,0,0,0,0,0,0,0
1146_48_rot3,1146_48,HH,3,speed-5|band1|scr20,-5.0,1.0,45000000.0,20.0,OS8-G8,152,1,0,0,0,51,0,0,0,0,0
1146_48_rot3,1146_48,HH,3,speed5|band0.5|scr0,5.0,0.5,22500000.0,0.0,OS8-G8,152,0,0,0,0,0,0,0,0,0,0
1146_48_rot3,1146_48,HH,3,speed5|band0.5|scr10,5.0,0.5,22500000.0,10.0,OS8-G8,152,0,0,0,0,0,0,0,0,0,0
1146_48_rot3,1146_48,HH,3,speed5|band0.5|scr20,5.0,0.5,22500000.0,20.0,OS8-G8,152,0,0,0,0,0,0,0,0,0,0
1146_48_rot3,1146_48,HH,3,speed5|band1|scr0,5.0,1.0,45000000.0,0.0,OS8-G8,152,0,0,0,0,0,0,0,0,0,0
1146_48_rot3,1146_48,HH,3,speed5|band1|scr10,5.0,1.0,45000000.0,10.0,OS8-G8,152,0,0,0,0,0,0,0,0,0,0
1146_48_rot3,1146_48,HH,3,speed5|band1|scr20,5.0,1.0,45000000.0,20.0,OS8-G8,152,0,0,0,0,0,0,0,0,0,0
1146_48_rot3,1146_48,HH,3,speed15|band0.5|scr0,15.0,0.5,22500000.0,0.0,OS8-G8,152,0,0,0,0,0,0,0,0,0,0
1146_48_rot3,1146_48,HH,3,speed15|band0.5|scr10,15.0,0.5,22500000.0,10.0,OS8-G8,152,0,0,0,0,0,0,0,0,0,0
1146_48_rot3,1146_48,HH,3,speed15|band0.5|scr20,15.0,0.5,22500000.0,20.0,OS8-G8,152,0,0,0,0,0,0,0,0,0,0
1146_48_rot3,1146_48,HH,3,speed15|band1|scr0,15.0,1.0,45000000.0,0.0,OS8-G8,152,0,0,0,0,0,0,0,0,0,0
1146_48_rot3,1146_48,HH,3,speed15|band1|scr10,15.0,1.0,45000000.0,10.0,OS8-G8,152,0,0,0,0,0,0,0,0,0,0
1146_48_rot3,1146_48,HH,3,speed15|band1|scr20,15.0,1.0,45000000.0,20.0,OS8-G8,152,0,0,0,0,0,0,0,0,0,0
1146_48_rot3,1146_48,HH,3,speed-15|band0.5|scr0,-15.0,0.5,22500000.0,0.0,PAMF-H1-K8-G8,152,0,0,0,0,0,0,0,0,0,0
1146_48_rot3,1146_48,HH,3,speed-15|band0.5|scr10,-15.0,0.5,22500000.0,10.0,PAMF-H1-K8-G8,152,1,0,0,0,267,0,0,0,0,0
1146_48_rot3,1146_48,HH,3,speed-15|band0.5|scr20,-15.0,0.5,22500000.0,20.0,PAMF-H1-K8-G8,152,20,0,0,0,6128,0,0,0,0,0
1146_48_rot3,1146_48,HH,3,speed-15|band1|scr0,-15.0,1.0,45000000.0,0.0,PAMF-H1-K8-G8,152,0,0,0,0,0,0,0,0,0,0
1146_48_rot3,1146_48,HH,3,speed-15|band1|scr10,-15.0,1.0,45000000.0,10.0,PAMF-H1-K8-G8,152,21,21,21,20,7102,7324,-4159,17,0,4
1146_48_rot3,1146_48,HH,3,speed-15|band1|scr20,-15.0,1.0,45000000.0,20.0,PAMF-H1-K8-G8,152,80,79,79,72,24764,25105,-15262,58,0,21
1146_48_rot3,1146_48,HH,3,speed-5|band0.5|scr0,-5.0,0.5,22500000.0,0.0,PAMF-H1-K8-G8,152,2,2,2,2,774,774,-411,1,0,1
1146_48_rot3,1146_48,HH,3,speed-5|band0.5|scr10,-5.0,0.5,22500000.0,10.0,PAMF-H1-K8-G8,152,2,2,2,2,1074,1074,345,0,0,2
1146_48_rot3,1146_48,HH,3,speed-5|band0.5|scr20,-5.0,0.5,22500000.0,20.0,PAMF-H1-K8-G8,152,0,0,0,0,0,0,0,0,0,0
1146_48_rot3,1146_48,HH,3,speed-5|band1|scr0,-5.0,1.0,45000000.0,0.0,PAMF-H1-K8-G8,152,2,2,2,2,458,458,-754,1,0,1
1146_48_rot3,1146_48,HH,3,speed-5|band1|scr10,-5.0,1.0,45000000.0,10.0,PAMF-H1-K8-G8,152,1,1,1,1,424,424,103,0,0,1
1146_48_rot3,1146_48,HH,3,speed-5|band1|scr20,-5.0,1.0,45000000.0,20.0,PAMF-H1-K8-G8,152,1,1,1,1,483,483,75,0,0,1
1146_48_rot3,1146_48,HH,3,speed5|band0.5|scr0,5.0,0.5,22500000.0,0.0,PAMF-H1-K8-G8,152,1,0,0,0,424,0,0,0,0,0
1146_48_rot3,1146_48,HH,3,speed5|band0.5|scr10,5.0,0.5,22500000.0,10.0,PAMF-H1-K8-G8,152,1,0,0,0,424,0,0,0,0,0
1146_48_rot3,1146_48,HH,3,speed5|band0.5|scr20,5.0,0.5,22500000.0,20.0,PAMF-H1-K8-G8,152,1,0,0,0,442,0,0,0,0,0
1146_48_rot3,1146_48,HH,3,speed5|band1|scr0,5.0,1.0,45000000.0,0.0,PAMF-H1-K8-G8,152,1,0,0,0,424,0,0,0,0,0
1146_48_rot3,1146_48,HH,3,speed5|band1|scr10,5.0,1.0,45000000.0,10.0,PAMF-H1-K8-G8,152,3,1,1,1,882,139,-507,1,0,0
1146_48_rot3,1146_48,HH,3,speed5|band1|scr20,5.0,1.0,45000000.0,20.0,PAMF-H1-K8-G8,152,6,2,2,2,2102,812,-83,1,0,1
1146_48_rot3,1146_48,HH,3,speed15|band0.5|scr0,15.0,0.5,22500000.0,0.0,PAMF-H1-K8-G8,152,1,0,0,0,424,0,0,0,0,0
1146_48_rot3,1146_48,HH,3,speed15|band0.5|scr10,15.0,0.5,22500000.0,10.0,PAMF-H1-K8-G8,152,2,0,0,0,431,0,0,0,0,0
1146_48_rot3,1146_48,HH,3,speed15|band0.5|scr20,15.0,0.5,22500000.0,20.0,PAMF-H1-K8-G8,152,36,0,0,0,13013,0,0,0,0,0
1146_48_rot3,1146_48,HH,3,speed15|band1|scr0,15.0,1.0,45000000.0,0.0,PAMF-H1-K8-G8,152,5,4,4,4,1650,1226,-794,3,0,1
1146_48_rot3,1146_48,HH,3,speed15|band1|scr10,15.0,1.0,45000000.0,10.0,PAMF-H1-K8-G8,152,35,35,35,32,13059,13367,-4940,23,0,12
1146_48_rot3,1146_48,HH,3,speed15|band1|scr20,15.0,1.0,45000000.0,20.0,PAMF-H1-K8-G8,152,107,107,107,88,28910,32138,-24841,84,0,23
1146_48_rot3,1146_48,HH,3,speed-15|band0.5|scr0,-15.0,0.5,22500000.0,0.0,P-ANMF1-N16,152,0,0,0,0,0,0,0,0,0,0
1146_48_rot3,1146_48,HH,3,speed-15|band0.5|scr10,-15.0,0.5,22500000.0,10.0,P-ANMF1-N16,152,0,0,0,0,0,0,0,0,0,0
1146_48_rot3,1146_48,HH,3,speed-15|band0.5|scr20,-15.0,0.5,22500000.0,20.0,P-ANMF1-N16,152,0,0,0,0,0,0,0,0,0,0
1146_48_rot3,1146_48,HH,3,speed-15|band1|scr0,-15.0,1.0,45000000.0,0.0,P-ANMF1-N16,152,0,0,0,0,0,0,0,0,0,0
1146_48_rot3,1146_48,HH,3,speed-15|band1|scr10,-15.0,1.0,45000000.0,10.0,P-ANMF1-N16,152,0,0,0,0,0,0,0,0,0,0
1146_48_rot3,1146_48,HH,3,speed-15|band1|scr20,-15.0,1.0,45000000.0,20.0,P-ANMF1-N16,152,0,0,0,0,0,0,0,0,0,0
1146_48_rot3,1146_48,HH,3,speed-5|band0.5|scr0,-5.0,0.5,22500000.0,0.0,P-ANMF1-N16,152,7,7,7,7,1226,1226,-2340,7,0,0
1146_48_rot3,1146_48,HH,3,speed-5|band0.5|scr10,-5.0,0.5,22500000.0,10.0,P-ANMF1-N16,152,58,58,58,58,10494,10494,-19400,52,0,6
1146_48_rot3,1146_48,HH,3,speed-5|band0.5|scr20,-5.0,0.5,22500000.0,20.0,P-ANMF1-N16,152,129,129,129,128,7862,7868,-58212,126,0,3
1146_48_rot3,1146_48,HH,3,speed-5|band1|scr0,-5.0,1.0,45000000.0,0.0,P-ANMF1-N16,152,5,5,5,5,825,825,-1211,5,0,0
1146_48_rot3,1146_48,HH,3,speed-5|band1|scr10,-5.0,1.0,45000000.0,10.0,P-ANMF1-N16,152,52,52,52,52,16046,16046,-10325,45,0,7
1146_48_rot3,1146_48,HH,3,speed-5|band1|scr20,-5.0,1.0,45000000.0,20.0,P-ANMF1-N16,152,127,127,127,127,21356,21356,-43858,123,0,4
1146_48_rot3,1146_48,HH,3,speed5|band0.5|scr0,5.0,0.5,22500000.0,0.0,P-ANMF1-N16,152,75,75,75,75,10060,10060,-27071,71,0,4
1146_48_rot3,1146_48,HH,3,speed5|band0.5|scr10,5.0,0.5,22500000.0,10.0,P-ANMF1-N16,152,135,135,135,134,6419,6419,-63936,133,0,2
1146_48_rot3,1146_48,HH,3,speed5|band0.5|scr20,5.0,0.5,22500000.0,20.0,P-ANMF1-N16,152,150,150,150,148,981,981,-75578,149,0,1
1146_48_rot3,1146_48,HH,3,speed5|band1|scr0,5.0,1.0,45000000.0,0.0,P-ANMF1-N16,152,72,72,72,71,22415,22422,-12747,62,1,9
1146_48_rot3,1146_48,HH,3,speed5|band1|scr10,5.0,1.0,45000000.0,10.0,P-ANMF1-N16,152,132,132,132,129,19301,19369,-49487,131,0,1
1146_48_rot3,1146_48,HH,3,speed5|band1|scr20,5.0,1.0,45000000.0,20.0,P-ANMF1-N16,152,150,150,150,138,6008,6143,-70416,149,0,1
1146_48_rot3,1146_48,HH,3,speed15|band0.5|scr0,15.0,0.5,22500000.0,0.0,P-ANMF1-N16,152,0,0,0,0,0,0,0,0,0,0
1146_48_rot3,1146_48,HH,3,speed15|band0.5|scr10,15.0,0.5,22500000.0,10.0,P-ANMF1-N16,152,0,0,0,0,0,0,0,0,0,0
1146_48_rot3,1146_48,HH,3,speed15|band0.5|scr20,15.0,0.5,22500000.0,20.0,P-ANMF1-N16,152,0,0,0,0,0,0,0,0,0,0
1146_48_rot3,1146_48,HH,3,speed15|band1|scr0,15.0,1.0,45000000.0,0.0,P-ANMF1-N16,152,0,0,0,0,0,0,0,0,0,0
1146_48_rot3,1146_48,HH,3,speed15|band1|scr10,15.0,1.0,45000000.0,10.0,P-ANMF1-N16,152,0,0,0,0,0,0,0,0,0,0
1146_48_rot3,1146_48,HH,3,speed15|band1|scr20,15.0,1.0,45000000.0,20.0,P-ANMF1-N16,152,0,0,0,0,0,0,0,0,0,0
1446_21_rot2,1446_21,VV,2,speed-15|band0.5|scr0,-15.0,0.5,22500000.0,0.0,IN-G0,152,2,1,1,1,1403,936,74,0,0,1
1446_21_rot2,1446_21,VV,2,speed-15|band0.5|scr10,-15.0,0.5,22500000.0,10.0,IN-G0,152,1,1,1,1,936,936,74,0,0,1
1446_21_rot2,1446_21,VV,2,speed-15|band0.5|scr20,-15.0,0.5,22500000.0,20.0,IN-G0,152,0,0,0,0,0,0,0,0,0,0
1446_21_rot2,1446_21,VV,2,speed-15|band1|scr0,-15.0,1.0,45000000.0,0.0,IN-G0,152,3,2,2,2,2339,1872,240,0,0,2
1446_21_rot2,1446_21,VV,2,speed-15|band1|scr10,-15.0,1.0,45000000.0,10.0,IN-G0,152,1,1,1,1,936,936,74,0,0,1
1446_21_rot2,1446_21,VV,2,speed-15|band1|scr20,-15.0,1.0,45000000.0,20.0,IN-G0,152,1,0,0,0,936,0,0,0,0,0
1446_21_rot2,1446_21,VV,2,speed-5|band0.5|scr0,-5.0,0.5,22500000.0,0.0,IN-G0,152,4,3,3,3,2806,2339,353,0,0,3
1446_21_rot2,1446_21,VV,2,speed-5|band0.5|scr10,-5.0,0.5,22500000.0,10.0,IN-G0,152,2,1,1,1,1403,936,74,0,0,1
1446_21_rot2,1446_21,VV,2,speed-5|band0.5|scr20,-5.0,0.5,22500000.0,20.0,IN-G0,152,2,1,1,1,1403,936,74,0,0,1
1446_21_rot2,1446_21,VV,2,speed-5|band1|scr0,-5.0,1.0,45000000.0,0.0,IN-G0,152,5,4,4,4,3273,2806,412,0,0,4
1446_21_rot2,1446_21,VV,2,speed-5|band1|scr10,-5.0,1.0,45000000.0,10.0,IN-G0,152,4,3,3,3,2806,2339,353,0,0,3
1446_21_rot2,1446_21,VV,2,speed-5|band1|scr20,-5.0,1.0,45000000.0,20.0,IN-G0,152,2,1,1,1,1403,936,74,0,0,1
1446_21_rot2,1446_21,VV,2,speed5|band0.5|scr0,5.0,0.5,22500000.0,0.0,IN-G0,152,4,2,2,1,2806,1403,-76,1,0,1
1446_21_rot2,1446_21,VV,2,speed5|band0.5|scr10,5.0,0.5,22500000.0,10.0,IN-G0,152,3,1,1,0,2339,936,74,0,0,1
1446_21_rot2,1446_21,VV,2,speed5|band0.5|scr20,5.0,0.5,22500000.0,20.0,IN-G0,152,3,0,0,0,2339,0,0,0,0,0
1446_21_rot2,1446_21,VV,2,speed5|band1|scr0,5.0,1.0,45000000.0,0.0,IN-G0,152,5,2,2,1,3273,1403,-76,1,0,1
1446_21_rot2,1446_21,VV,2,speed5|band1|scr10,5.0,1.0,45000000.0,10.0,IN-G0,152,3,0,0,0,2339,0,0,0,0,0
1446_21_rot2,1446_21,VV,2,speed5|band1|scr20,5.0,1.0,45000000.0,20.0,IN-G0,152,3,0,0,0,2339,0,0,0,0,0
1446_21_rot2,1446_21,VV,2,speed15|band0.5|scr0,15.0,0.5,22500000.0,0.0,IN-G0,152,3,0,0,0,2339,0,0,0,0,0
1446_21_rot2,1446_21,VV,2,speed15|band0.5|scr10,15.0,0.5,22500000.0,10.0,IN-G0,152,1,0,0,0,936,0,0,0,0,0
1446_21_rot2,1446_21,VV,2,speed15|band0.5|scr20,15.0,0.5,22500000.0,20.0,IN-G0,152,1,0,0,0,936,0,0,0,0,0
1446_21_rot2,1446_21,VV,2,speed15|band1|scr0,15.0,1.0,45000000.0,0.0,IN-G0,152,3,2,2,1,1870,1403,-76,1,0,1
1446_21_rot2,1446_21,VV,2,speed15|band1|scr10,15.0,1.0,45000000.0,10.0,IN-G0,152,1,0,0,0,936,0,0,0,0,0
1446_21_rot2,1446_21,VV,2,speed15|band1|scr20,15.0,1.0,45000000.0,20.0,IN-G0,152,1,0,0,0,936,0,0,0,0,0
1446_21_rot2,1446_21,VV,2,speed-15|band0.5|scr0,-15.0,0.5,22500000.0,0.0,CA-G0,152,0,0,0,0,0,0,0,0,0,0
1446_21_rot2,1446_21,VV,2,speed-15|band0.5|scr10,-15.0,0.5,22500000.0,10.0,CA-G0,152,0,0,0,0,0,0,0,0,0,0
1446_21_rot2,1446_21,VV,2,speed-15|band0.5|scr20,-15.0,0.5,22500000.0,20.0,CA-G0,152,0,0,0,0,0,0,0,0,0,0
1446_21_rot2,1446_21,VV,2,speed-15|band1|scr0,-15.0,1.0,45000000.0,0.0,CA-G0,152,1,1,1,1,166,166,-621,1,0,0
1446_21_rot2,1446_21,VV,2,speed-15|band1|scr10,-15.0,1.0,45000000.0,10.0,CA-G0,152,0,0,0,0,0,0,0,0,0,0
1446_21_rot2,1446_21,VV,2,speed-15|band1|scr20,-15.0,1.0,45000000.0,20.0,CA-G0,152,0,0,0,0,0,0,0,0,0,0
1446_21_rot2,1446_21,VV,2,speed-5|band0.5|scr0,-5.0,0.5,22500000.0,0.0,CA-G0,152,0,0,0,0,0,0,0,0,0,0
1446_21_rot2,1446_21,VV,2,speed-5|band0.5|scr10,-5.0,0.5,22500000.0,10.0,CA-G0,152,0,0,0,0,0,0,0,0,0,0
1446_21_rot2,1446_21,VV,2,speed-5|band0.5|scr20,-5.0,0.5,22500000.0,20.0,CA-G0,152,0,0,0,0,0,0,0,0,0,0
1446_21_rot2,1446_21,VV,2,speed-5|band1|scr0,-5.0,1.0,45000000.0,0.0,CA-G0,152,0,0,0,0,0,0,0,0,0,0
1446_21_rot2,1446_21,VV,2,speed-5|band1|scr10,-5.0,1.0,45000000.0,10.0,CA-G0,152,0,0,0,0,0,0,0,0,0,0
1446_21_rot2,1446_21,VV,2,speed-5|band1|scr20,-5.0,1.0,45000000.0,20.0,CA-G0,152,0,0,0,0,0,0,0,0,0,0
1446_21_rot2,1446_21,VV,2,speed5|band0.5|scr0,5.0,0.5,22500000.0,0.0,CA-G0,152,0,0,0,0,0,0,0,0,0,0
1446_21_rot2,1446_21,VV,2,speed5|band0.5|scr10,5.0,0.5,22500000.0,10.0,CA-G0,152,0,0,0,0,0,0,0,0,0,0
1446_21_rot2,1446_21,VV,2,speed5|band0.5|scr20,5.0,0.5,22500000.0,20.0,CA-G0,152,0,0,0,0,0,0,0,0,0,0
1446_21_rot2,1446_21,VV,2,speed5|band1|scr0,5.0,1.0,45000000.0,0.0,CA-G0,152,2,1,1,1,886,720,349,0,0,1
1446_21_rot2,1446_21,VV,2,speed5|band1|scr10,5.0,1.0,45000000.0,10.0,CA-G0,152,0,0,0,0,0,0,0,0,0,0
1446_21_rot2,1446_21,VV,2,speed5|band1|scr20,5.0,1.0,45000000.0,20.0,CA-G0,152,0,0,0,0,0,0,0,0,0,0
1446_21_rot2,1446_21,VV,2,speed15|band0.5|scr0,15.0,0.5,22500000.0,0.0,CA-G0,152,0,0,0,0,0,0,0,0,0,0
1446_21_rot2,1446_21,VV,2,speed15|band0.5|scr10,15.0,0.5,22500000.0,10.0,CA-G0,152,0,0,0,0,0,0,0,0,0,0
1446_21_rot2,1446_21,VV,2,speed15|band0.5|scr20,15.0,0.5,22500000.0,20.0,CA-G0,152,0,0,0,0,0,0,0,0,0,0
1446_21_rot2,1446_21,VV,2,speed15|band1|scr0,15.0,1.0,45000000.0,0.0,CA-G0,152,0,0,0,0,0,0,0,0,0,0
1446_21_rot2,1446_21,VV,2,speed15|band1|scr10,15.0,1.0,45000000.0,10.0,CA-G0,152,0,0,0,0,0,0,0,0,0,0
1446_21_rot2,1446_21,VV,2,speed15|band1|scr20,15.0,1.0,45000000.0,20.0,CA-G0,152,0,0,0,0,0,0,0,0,0,0
1446_21_rot2,1446_21,VV,2,speed-15|band0.5|scr0,-15.0,0.5,22500000.0,0.0,OS8-G0,152,0,0,0,0,0,0,0,0,0,0
1446_21_rot2,1446_21,VV,2,speed-15|band0.5|scr10,-15.0,0.5,22500000.0,10.0,OS8-G0,152,0,0,0,0,0,0,0,0,0,0
1446_21_rot2,1446_21,VV,2,speed-15|band0.5|scr20,-15.0,0.5,22500000.0,20.0,OS8-G0,152,0,0,0,0,0,0,0,0,0,0
1446_21_rot2,1446_21,VV,2,speed-15|band1|scr0,-15.0,1.0,45000000.0,0.0,OS8-G0,152,1,1,1,1,166,166,-621,1,0,0
1446_21_rot2,1446_21,VV,2,speed-15|band1|scr10,-15.0,1.0,45000000.0,10.0,OS8-G0,152,0,0,0,0,0,0,0,0,0,0
1446_21_rot2,1446_21,VV,2,speed-15|band1|scr20,-15.0,1.0,45000000.0,20.0,OS8-G0,152,0,0,0,0,0,0,0,0,0,0
1446_21_rot2,1446_21,VV,2,speed-5|band0.5|scr0,-5.0,0.5,22500000.0,0.0,OS8-G0,152,1,1,1,1,514,514,-49,1,0,0
1446_21_rot2,1446_21,VV,2,speed-5|band0.5|scr10,-5.0,0.5,22500000.0,10.0,OS8-G0,152,3,0,0,0,1059,0,0,0,0,0
1446_21_rot2,1446_21,VV,2,speed-5|band0.5|scr20,-5.0,0.5,22500000.0,20.0,OS8-G0,152,1,0,0,0,266,0,0,0,0,0
1446_21_rot2,1446_21,VV,2,speed-5|band1|scr0,-5.0,1.0,45000000.0,0.0,OS8-G0,152,5,4,4,4,2784,2338,-302,2,0,2
1446_21_rot2,1446_21,VV,2,speed-5|band1|scr10,-5.0,1.0,45000000.0,10.0,OS8-G0,152,2,1,1,1,1879,970,363,0,0,1
1446_21_rot2,1446_21,VV,2,speed-5|band1|scr20,-5.0,1.0,45000000.0,20.0,OS8-G0,152,2,2,2,2,1740,1740,1312,0,0,2
1446_21_rot2,1446_21,VV,2,speed5|band0.5|scr0,5.0,0.5,22500000.0,0.0,OS8-G0,152,0,0,0,0,0,0,0,0,0,0
1446_21_rot2,1446_21,VV,2,speed5|band0.5|scr10,5.0,0.5,22500000.0,10.0,OS8-G0,152,0,0,0,0,0,0,0,0,0,0
1446_21_rot2,1446_21,VV,2,speed5|band0.5|scr20,5.0,0.5,22500000.0,20.0,OS8-G0,152,0,0,0,0,0,0,0,0,0,0
1446_21_rot2,1446_21,VV,2,speed5|band1|scr0,5.0,1.0,45000000.0,0.0,OS8-G0,152,0,0,0,0,0,0,0,0,0,0
1446_21_rot2,1446_21,VV,2,speed5|band1|scr10,5.0,1.0,45000000.0,10.0,OS8-G0,152,0,0,0,0,0,0,0,0,0,0
1446_21_rot2,1446_21,VV,2,speed5|band1|scr20,5.0,1.0,45000000.0,20.0,OS8-G0,152,0,0,0,0,0,0,0,0,0,0
1446_21_rot2,1446_21,VV,2,speed15|band0.5|scr0,15.0,0.5,22500000.0,0.0,OS8-G0,152,0,0,0,0,0,0,0,0,0,0
1446_21_rot2,1446_21,VV,2,speed15|band0.5|scr10,15.0,0.5,22500000.0,10.0,OS8-G0,152,0,0,0,0,0,0,0,0,0,0
1446_21_rot2,1446_21,VV,2,speed15|band0.5|scr20,15.0,0.5,22500000.0,20.0,OS8-G0,152,0,0,0,0,0,0,0,0,0,0
1446_21_rot2,1446_21,VV,2,speed15|band1|scr0,15.0,1.0,45000000.0,0.0,OS8-G0,152,0,0,0,0,0,0,0,0,0,0
1446_21_rot2,1446_21,VV,2,speed15|band1|scr10,15.0,1.0,45000000.0,10.0,OS8-G0,152,0,0,0,0,0,0,0,0,0,0
1446_21_rot2,1446_21,VV,2,speed15|band1|scr20,15.0,1.0,45000000.0,20.0,OS8-G0,152,0,0,0,0,0,0,0,0,0,0
1446_21_rot2,1446_21,VV,2,speed-15|band0.5|scr0,-15.0,0.5,22500000.0,0.0,IN-G8,152,3,1,1,1,1741,807,-55,1,0,0
1446_21_rot2,1446_21,VV,2,speed-15|band0.5|scr10,-15.0,0.5,22500000.0,10.0,IN-G8,152,3,1,1,1,1706,936,74,0,0,1
1446_21_rot2,1446_21,VV,2,speed-15|band0.5|scr20,-15.0,0.5,22500000.0,20.0,IN-G8,152,5,0,0,0,2272,0,0,0,0,0
1446_21_rot2,1446_21,VV,2,speed-15|band1|scr0,-15.0,1.0,45000000.0,0.0,IN-G8,152,8,5,5,5,4431,3029,-108,2,0,3
1446_21_rot2,1446_21,VV,2,speed-15|band1|scr10,-15.0,1.0,45000000.0,10.0,IN-G8,152,7,5,5,5,3164,2800,598,1,0,4
1446_21_rot2,1446_21,VV,2,speed-15|band1|scr20,-15.0,1.0,45000000.0,20.0,IN-G8,152,23,19,19,18,8240,7239,-1826,10,0,9
1446_21_rot2,1446_21,VV,2,speed-5|band0.5|scr0,-5.0,0.5,22500000.0,0.0,IN-G8,152,10,5,5,5,6649,3424,335,1,0,4
1446_21_rot2,1446_21,VV,2,speed-5|band0.5|scr10,-5.0,0.5,22500000.0,10.0,IN-G8,152,5,2,2,1,3144,1275,59,1,0,1
1446_21_rot2,1446_21,VV,2,speed-5|band0.5|scr20,-5.0,0.5,22500000.0,20.0,IN-G8,152,5,1,1,1,3146,807,-55,1,0,0
1446_21_rot2,1446_21,VV,2,speed-5|band1|scr0,-5.0,1.0,45000000.0,0.0,IN-G8,152,8,4,4,4,4898,2677,283,1,0,3
1446_21_rot2,1446_21,VV,2,speed-5|band1|scr10,-5.0,1.0,45000000.0,10.0,IN-G8,152,6,3,3,3,4080,2210,224,1,0,2
1446_21_rot2,1446_21,VV,2,speed-5|band1|scr20,-5.0,1.0,45000000.0,20.0,IN-G8,152,5,1,1,1,3273,936,74,0,0,1
1446_21_rot2,1446_21,VV,2,speed5|band0.5|scr0,5.0,0.5,22500000.0,0.0,IN-G8,152,6,3,3,2,3611,1870,-153,2,0,1
1446_21_rot2,1446_21,VV,2,speed5|band0.5|scr10,5.0,0.5,22500000.0,10.0,IN-G8,152,3,1,1,0,2210,936,74,0,0,1
1446_21_rot2,1446_21,VV,2,speed5|band0.5|scr20,5.0,0.5,22500000.0,20.0,IN-G8,152,3,0,0,0,2339,0,0,0,0,0
1446_21_rot2,1446_21,VV,2,speed5|band1|scr0,5.0,1.0,45000000.0,0.0,IN-G8,152,8,5,5,3,4277,2689,-432,3,0,2
1446_21_rot2,1446_21,VV,2,speed5|band1|scr10,5.0,1.0,45000000.0,10.0,IN-G8,152,4,1,1,0,2525,937,75,0,0,1
1446_21_rot2,1446_21,VV,2,speed5|band1|scr20,5.0,1.0,45000000.0,20.0,IN-G8,152,3,0,0,0,2210,0,0,0,0,0
1446_21_rot2,1446_21,VV,2,speed15|band0.5|scr0,15.0,0.5,22500000.0,0.0,IN-G8,152,4,1,1,0,2677,937,75,0,0,1
1446_21_rot2,1446_21,VV,2,speed15|band0.5|scr10,15.0,0.5,22500000.0,10.0,IN-G8,152,2,0,0,0,1443,0,0,0,0,0
1446_21_rot2,1446_21,VV,2,speed15|band0.5|scr20,15.0,0.5,22500000.0,20.0,IN-G8,152,11,0,0,0,5933,0,0,0,0,0
1446_21_rot2,1446_21,VV,2,speed15|band1|scr0,15.0,1.0,45000000.0,0.0,IN-G8,152,5,3,3,2,2560,1754,-469,2,0,1
1446_21_rot2,1446_21,VV,2,speed15|band1|scr10,15.0,1.0,45000000.0,10.0,IN-G8,152,8,8,8,6,3520,3830,-1258,5,0,3
1446_21_rot2,1446_21,VV,2,speed15|band1|scr20,15.0,1.0,45000000.0,20.0,IN-G8,152,34,23,23,21,13109,10040,-1725,13,0,10
1446_21_rot2,1446_21,VV,2,speed-15|band0.5|scr0,-15.0,0.5,22500000.0,0.0,CA-G8,152,0,0,0,0,0,0,0,0,0,0
1446_21_rot2,1446_21,VV,2,speed-15|band0.5|scr10,-15.0,0.5,22500000.0,10.0,CA-G8,152,0,0,0,0,0,0,0,0,0,0
1446_21_rot2,1446_21,VV,2,speed-15|band0.5|scr20,-15.0,0.5,22500000.0,20.0,CA-G8,152,0,0,0,0,0,0,0,0,0,0
1446_21_rot2,1446_21,VV,2,speed-15|band1|scr0,-15.0,1.0,45000000.0,0.0,CA-G8,152,0,0,0,0,0,0,0,0,0,0
1446_21_rot2,1446_21,VV,2,speed-15|band1|scr10,-15.0,1.0,45000000.0,10.0,CA-G8,152,0,0,0,0,0,0,0,0,0,0
1446_21_rot2,1446_21,VV,2,speed-15|band1|scr20,-15.0,1.0,45000000.0,20.0,CA-G8,152,0,0,0,0,0,0,0,0,0,0
1446_21_rot2,1446_21,VV,2,speed-5|band0.5|scr0,-5.0,0.5,22500000.0,0.0,CA-G8,152,2,2,2,2,545,545,-384,2,0,0
1446_21_rot2,1446_21,VV,2,speed-5|band0.5|scr10,-5.0,0.5,22500000.0,10.0,CA-G8,152,0,0,0,0,0,0,0,0,0,0
1446_21_rot2,1446_21,VV,2,speed-5|band0.5|scr20,-5.0,0.5,22500000.0,20.0,CA-G8,152,1,0,0,0,271,0,0,0,0,0
1446_21_rot2,1446_21,VV,2,speed-5|band1|scr0,-5.0,1.0,45000000.0,0.0,CA-G8,152,1,1,1,1,738,738,561,0,0,1
1446_21_rot2,1446_21,VV,2,speed-5|band1|scr10,-5.0,1.0,45000000.0,10.0,CA-G8,152,1,1,1,1,738,738,561,0,0,1
1446_21_rot2,1446_21,VV,2,speed-5|band1|scr20,-5.0,1.0,45000000.0,20.0,CA-G8,152,0,0,0,0,0,0,0,0,0,0
1446_21_rot2,1446_21,VV,2,speed5|band0.5|scr0,5.0,0.5,22500000.0,0.0,CA-G8,152,0,0,0,0,0,0,0,0,0,0
1446_21_rot2,1446_21,VV,2,speed5|band0.5|scr10,5.0,0.5,22500000.0,10.0,CA-G8,152,0,0,0,0,0,0,0,0,0,0
1446_21_rot2,1446_21,VV,2,speed5|band0.5|scr20,5.0,0.5,22500000.0,20.0,CA-G8,152,0,0,0,0,0,0,0,0,0,0
1446_21_rot2,1446_21,VV,2,speed5|band1|scr0,5.0,1.0,45000000.0,0.0,CA-G8,152,2,1,1,1,1190,452,-408,1,0,0
1446_21_rot2,1446_21,VV,2,speed5|band1|scr10,5.0,1.0,45000000.0,10.0,CA-G8,152,0,0,0,0,0,0,0,0,0,0
1446_21_rot2,1446_21,VV,2,speed5|band1|scr20,5.0,1.0,45000000.0,20.0,CA-G8,152,0,0,0,0,0,0,0,0,0,0
1446_21_rot2,1446_21,VV,2,speed15|band0.5|scr0,15.0,0.5,22500000.0,0.0,CA-G8,152,1,0,0,0,738,0,0,0,0,0
1446_21_rot2,1446_21,VV,2,speed15|band0.5|scr10,15.0,0.5,22500000.0,10.0,CA-G8,152,1,0,0,0,738,0,0,0,0,0
1446_21_rot2,1446_21,VV,2,speed15|band0.5|scr20,15.0,0.5,22500000.0,20.0,CA-G8,152,0,0,0,0,0,0,0,0,0,0
1446_21_rot2,1446_21,VV,2,speed15|band1|scr0,15.0,1.0,45000000.0,0.0,CA-G8,152,1,0,0,0,738,0,0,0,0,0
1446_21_rot2,1446_21,VV,2,speed15|band1|scr10,15.0,1.0,45000000.0,10.0,CA-G8,152,1,0,0,0,738,0,0,0,0,0
1446_21_rot2,1446_21,VV,2,speed15|band1|scr20,15.0,1.0,45000000.0,20.0,CA-G8,152,0,0,0,0,0,0,0,0,0,0
1446_21_rot2,1446_21,VV,2,speed-15|band0.5|scr0,-15.0,0.5,22500000.0,0.0,OS8-G8,152,0,0,0,0,0,0,0,0,0,0
1446_21_rot2,1446_21,VV,2,speed-15|band0.5|scr10,-15.0,0.5,22500000.0,10.0,OS8-G8,152,0,0,0,0,0,0,0,0,0,0
1446_21_rot2,1446_21,VV,2,speed-15|band0.5|scr20,-15.0,0.5,22500000.0,20.0,OS8-G8,152,0,0,0,0,0,0,0,0,0,0
1446_21_rot2,1446_21,VV,2,speed-15|band1|scr0,-15.0,1.0,45000000.0,0.0,OS8-G8,152,0,0,0,0,0,0,0,0,0,0
1446_21_rot2,1446_21,VV,2,speed-15|band1|scr10,-15.0,1.0,45000000.0,10.0,OS8-G8,152,0,0,0,0,0,0,0,0,0,0
1446_21_rot2,1446_21,VV,2,speed-15|band1|scr20,-15.0,1.0,45000000.0,20.0,OS8-G8,152,0,0,0,0,0,0,0,0,0,0
1446_21_rot2,1446_21,VV,2,speed-5|band0.5|scr0,-5.0,0.5,22500000.0,0.0,OS8-G8,152,1,1,1,1,517,517,-46,1,0,0
1446_21_rot2,1446_21,VV,2,speed-5|band0.5|scr10,-5.0,0.5,22500000.0,10.0,OS8-G8,152,0,0,0,0,0,0,0,0,0,0
1446_21_rot2,1446_21,VV,2,speed-5|band0.5|scr20,-5.0,0.5,22500000.0,20.0,OS8-G8,152,1,0,0,0,269,0,0,0,0,0
1446_21_rot2,1446_21,VV,2,speed-5|band1|scr0,-5.0,1.0,45000000.0,0.0,OS8-G8,152,1,1,1,1,740,740,563,0,0,1
1446_21_rot2,1446_21,VV,2,speed-5|band1|scr10,-5.0,1.0,45000000.0,10.0,OS8-G8,152,0,0,0,0,0,0,0,0,0,0
1446_21_rot2,1446_21,VV,2,speed-5|band1|scr20,-5.0,1.0,45000000.0,20.0,OS8-G8,152,0,0,0,0,0,0,0,0,0,0
1446_21_rot2,1446_21,VV,2,speed5|band0.5|scr0,5.0,0.5,22500000.0,0.0,OS8-G8,152,0,0,0,0,0,0,0,0,0,0
1446_21_rot2,1446_21,VV,2,speed5|band0.5|scr10,5.0,0.5,22500000.0,10.0,OS8-G8,152,0,0,0,0,0,0,0,0,0,0
1446_21_rot2,1446_21,VV,2,speed5|band0.5|scr20,5.0,0.5,22500000.0,20.0,OS8-G8,152,0,0,0,0,0,0,0,0,0,0
1446_21_rot2,1446_21,VV,2,speed5|band1|scr0,5.0,1.0,45000000.0,0.0,OS8-G8,152,1,0,0,0,740,0,0,0,0,0
1446_21_rot2,1446_21,VV,2,speed5|band1|scr10,5.0,1.0,45000000.0,10.0,OS8-G8,152,0,0,0,0,0,0,0,0,0,0
1446_21_rot2,1446_21,VV,2,speed5|band1|scr20,5.0,1.0,45000000.0,20.0,OS8-G8,152,0,0,0,0,0,0,0,0,0,0
1446_21_rot2,1446_21,VV,2,speed15|band0.5|scr0,15.0,0.5,22500000.0,0.0,OS8-G8,152,1,0,0,0,740,0,0,0,0,0
1446_21_rot2,1446_21,VV,2,speed15|band0.5|scr10,15.0,0.5,22500000.0,10.0,OS8-G8,152,1,0,0,0,740,0,0,0,0,0
1446_21_rot2,1446_21,VV,2,speed15|band0.5|scr20,15.0,0.5,22500000.0,20.0,OS8-G8,152,0,0,0,0,0,0,0,0,0,0
1446_21_rot2,1446_21,VV,2,speed15|band1|scr0,15.0,1.0,45000000.0,0.0,OS8-G8,152,1,0,0,0,740,0,0,0,0,0
1446_21_rot2,1446_21,VV,2,speed15|band1|scr10,15.0,1.0,45000000.0,10.0,OS8-G8,152,1,0,0,0,463,0,0,0,0,0
1446_21_rot2,1446_21,VV,2,speed15|band1|scr20,15.0,1.0,45000000.0,20.0,OS8-G8,152,0,0,0,0,0,0,0,0,0,0
1446_21_rot2,1446_21,VV,2,speed-15|band0.5|scr0,-15.0,0.5,22500000.0,0.0,PAMF-H1-K8-G8,152,4,1,1,1,2125,937,75,0,0,1
1446_21_rot2,1446_21,VV,2,speed-15|band0.5|scr10,-15.0,0.5,22500000.0,10.0,PAMF-H1-K8-G8,152,9,1,1,1,2848,937,75,0,0,1
1446_21_rot2,1446_21,VV,2,speed-15|band0.5|scr20,-15.0,0.5,22500000.0,20.0,PAMF-H1-K8-G8,152,95,0,0,0,26737,0,0,0,0,0
1446_21_rot2,1446_21,VV,2,speed-15|band1|scr0,-15.0,1.0,45000000.0,0.0,PAMF-H1-K8-G8,152,5,2,2,2,2702,963,-124,1,0,1
1446_21_rot2,1446_21,VV,2,speed-15|band1|scr10,-15.0,1.0,45000000.0,10.0,PAMF-H1-K8-G8,152,64,64,64,63,18928,19554,-11730,50,0,14
1446_21_rot2,1446_21,VV,2,speed-15|band1|scr20,-15.0,1.0,45000000.0,20.0,PAMF-H1-K8-G8,152,130,130,130,92,20412,25508,-41824,122,0,8
1446_21_rot2,1446_21,VV,2,speed-5|band0.5|scr0,-5.0,0.5,22500000.0,0.0,PAMF-H1-K8-G8,152,8,8,8,8,3053,3053,-602,5,0,3
1446_21_rot2,1446_21,VV,2,speed-5|band0.5|scr10,-5.0,0.5,22500000.0,10.0,PAMF-H1-K8-G8,152,8,5,5,5,4131,3230,614,1,0,4
1446_21_rot2,1446_21,VV,2,speed-5|band0.5|scr20,-5.0,0.5,22500000.0,20.0,PAMF-H1-K8-G8,152,4,1,1,1,1718,937,75,0,0,1
1446_21_rot2,1446_21,VV,2,speed-5|band1|scr0,-5.0,1.0,45000000.0,0.0,PAMF-H1-K8-G8,152,7,7,7,7,2836,2836,-588,4,0,3
1446_21_rot2,1446_21,VV,2,speed-5|band1|scr10,-5.0,1.0,45000000.0,10.0,PAMF-H1-K8-G8,152,5,5,5,5,2273,2273,-380,2,0,3
1446_21_rot2,1446_21,VV,2,speed-5|band1|scr20,-5.0,1.0,45000000.0,20.0,PAMF-H1-K8-G8,152,9,8,8,8,3950,3859,-261,4,0,4
1446_21_rot2,1446_21,VV,2,speed5|band0.5|scr0,5.0,0.5,22500000.0,0.0,PAMF-H1-K8-G8,152,3,0,0,0,1863,0,0,0,0,0
1446_21_rot2,1446_21,VV,2,speed5|band0.5|scr10,5.0,0.5,22500000.0,10.0,PAMF-H1-K8-G8,152,1,0,0,0,937,0,0,0,0,0
1446_21_rot2,1446_21,VV,2,speed5|band0.5|scr20,5.0,0.5,22500000.0,20.0,PAMF-H1-K8-G8,152,2,0,0,0,1053,0,0,0,0,0
1446_21_rot2,1446_21,VV,2,speed5|band1|scr0,5.0,1.0,45000000.0,0.0,PAMF-H1-K8-G8,152,3,1,1,0,1860,746,569,0,0,1
1446_21_rot2,1446_21,VV,2,speed5|band1|scr10,5.0,1.0,45000000.0,10.0,PAMF-H1-K8-G8,152,3,1,1,1,2465,781,556,0,0,1
1446_21_rot2,1446_21,VV,2,speed5|band1|scr20,5.0,1.0,45000000.0,20.0,PAMF-H1-K8-G8,152,9,8,8,7,3971,3696,-61,4,0,4
1446_21_rot2,1446_21,VV,2,speed15|band0.5|scr0,15.0,0.5,22500000.0,0.0,PAMF-H1-K8-G8,152,5,0,0,0,2211,0,0,0,0,0
1446_21_rot2,1446_21,VV,2,speed15|band0.5|scr10,15.0,0.5,22500000.0,10.0,PAMF-H1-K8-G8,152,22,0,0,0,8609,0,0,0,0,0
1446_21_rot2,1446_21,VV,2,speed15|band0.5|scr20,15.0,0.5,22500000.0,20.0,PAMF-H1-K8-G8,152,112,0,0,0,31849,0,0,0,0,0
1446_21_rot2,1446_21,VV,2,speed15|band1|scr0,15.0,1.0,45000000.0,0.0,PAMF-H1-K8-G8,152,9,6,6,5,3427,2199,127,4,0,2
1446_21_rot2,1446_21,VV,2,speed15|band1|scr10,15.0,1.0,45000000.0,10.0,PAMF-H1-K8-G8,152,82,79,79,71,20738,20367,-18458,67,0,12
1446_21_rot2,1446_21,VV,2,speed15|band1|scr20,15.0,1.0,45000000.0,20.0,PAMF-H1-K8-G8,152,137,136,136,80,19529,25198,-46206,133,0,3
1446_21_rot2,1446_21,VV,2,speed-15|band0.5|scr0,-15.0,0.5,22500000.0,0.0,P-ANMF1-N16,152,7,7,7,7,4140,4140,-89,4,0,3
1446_21_rot2,1446_21,VV,2,speed-15|band0.5|scr10,-15.0,0.5,22500000.0,10.0,P-ANMF1-N16,152,24,20,20,20,11904,9546,-2429,13,0,7
1446_21_rot2,1446_21,VV,2,speed-15|band0.5|scr20,-15.0,0.5,22500000.0,20.0,P-ANMF1-N16,152,25,9,9,9,11993,4063,-590,5,0,4
1446_21_rot2,1446_21,VV,2,speed-15|band1|scr0,-15.0,1.0,45000000.0,0.0,P-ANMF1-N16,152,2,2,2,2,446,446,-519,2,0,0
1446_21_rot2,1446_21,VV,2,speed-15|band1|scr10,-15.0,1.0,45000000.0,10.0,P-ANMF1-N16,152,11,10,10,10,6608,5759,134,4,0,6
1446_21_rot2,1446_21,VV,2,speed-15|band1|scr20,-15.0,1.0,45000000.0,20.0,P-ANMF1-N16,152,17,9,9,9,8604,5501,1339,4,0,5
1446_21_rot2,1446_21,VV,2,speed-5|band0.5|scr0,-5.0,0.5,22500000.0,0.0,P-ANMF1-N16,152,5,5,5,5,1519,1519,-843,5,0,0
1446_21_rot2,1446_21,VV,2,speed-5|band0.5|scr10,-5.0,0.5,22500000.0,10.0,P-ANMF1-N16,152,72,72,72,72,7912,7912,-27775,68,0,4
1446_21_rot2,1446_21,VV,2,speed-5|band0.5|scr20,-5.0,0.5,22500000.0,20.0,P-ANMF1-N16,152,135,135,135,135,3584,3584,-66720,134,0,1
1446_21_rot2,1446_21,VV,2,speed-5|band1|scr0,-5.0,1.0,45000000.0,0.0,P-ANMF1-N16,152,5,5,5,5,2015,2015,-347,4,0,1
1446_21_rot2,1446_21,VV,2,speed-5|band1|scr10,-5.0,1.0,45000000.0,10.0,P-ANMF1-N16,152,71,71,71,71,18892,18892,-16424,67,0,4
1446_21_rot2,1446_21,VV,2,speed-5|band1|scr20,-5.0,1.0,45000000.0,20.0,P-ANMF1-N16,152,133,133,133,132,12855,12906,-56299,133,0,0
1446_21_rot2,1446_21,VV,2,speed5|band0.5|scr0,5.0,0.5,22500000.0,0.0,P-ANMF1-N16,152,35,35,35,35,6324,6324,-8966,29,0,6
1446_21_rot2,1446_21,VV,2,speed5|band0.5|scr10,5.0,0.5,22500000.0,10.0,P-ANMF1-N16,152,122,122,122,122,5965,5965,-57479,121,0,1
1446_21_rot2,1446_21,VV,2,speed5|band0.5|scr20,5.0,0.5,22500000.0,20.0,P-ANMF1-N16,152,143,143,143,143,824,824,-74463,143,0,0
1446_21_rot2,1446_21,VV,2,speed5|band1|scr0,5.0,1.0,45000000.0,0.0,P-ANMF1-N16,152,33,33,33,33,10121,10121,-4334,27,0,6
1446_21_rot2,1446_21,VV,2,speed5|band1|scr10,5.0,1.0,45000000.0,10.0,P-ANMF1-N16,152,121,121,121,121,23122,23122,-39452,120,0,1
1446_21_rot2,1446_21,VV,2,speed5|band1|scr20,5.0,1.0,45000000.0,20.0,P-ANMF1-N16,152,143,143,143,141,6751,6772,-68515,143,0,0
1446_21_rot2,1446_21,VV,2,speed15|band0.5|scr0,15.0,0.5,22500000.0,0.0,P-ANMF1-N16,152,31,30,30,30,16046,15211,1623,15,0,15
1446_21_rot2,1446_21,VV,2,speed15|band0.5|scr10,15.0,0.5,22500000.0,10.0,P-ANMF1-N16,152,57,45,45,45,27717,18738,-3527,27,0,18
1446_21_rot2,1446_21,VV,2,speed15|band0.5|scr20,15.0,0.5,22500000.0,20.0,P-ANMF1-N16,152,51,13,13,12,26167,7419,-566,6,0,7
1446_21_rot2,1446_21,VV,2,speed15|band1|scr0,15.0,1.0,45000000.0,0.0,P-ANMF1-N16,152,14,14,14,14,8566,8566,1920,4,0,10
1446_21_rot2,1446_21,VV,2,speed15|band1|scr10,15.0,1.0,45000000.0,10.0,P-ANMF1-N16,152,24,23,23,23,11640,11112,-1252,13,0,10
1446_21_rot2,1446_21,VV,2,speed15|band1|scr20,15.0,1.0,45000000.0,20.0,P-ANMF1-N16,152,41,26,26,26,20772,13370,-1954,15,0,11
1446_21_rot3,1446_21,VV,3,speed-15|band0.5|scr0,-15.0,0.5,22500000.0,0.0,IN-G0,152,1,0,0,0,408,0,0,0,0,0
1446_21_rot3,1446_21,VV,3,speed-15|band0.5|scr10,-15.0,0.5,22500000.0,10.0,IN-G0,152,0,0,0,0,0,0,0,0,0,0
1446_21_rot3,1446_21,VV,3,speed-15|band0.5|scr20,-15.0,0.5,22500000.0,20.0,IN-G0,152,0,0,0,0,0,0,0,0,0,0
1446_21_rot3,1446_21,VV,3,speed-15|band1|scr0,-15.0,1.0,45000000.0,0.0,IN-G0,152,2,0,0,0,814,0,0,0,0,0
1446_21_rot3,1446_21,VV,3,speed-15|band1|scr10,-15.0,1.0,45000000.0,10.0,IN-G0,152,0,0,0,0,0,0,0,0,0,0
1446_21_rot3,1446_21,VV,3,speed-15|band1|scr20,-15.0,1.0,45000000.0,20.0,IN-G0,152,0,0,0,0,0,0,0,0,0,0
1446_21_rot3,1446_21,VV,3,speed-5|band0.5|scr0,-5.0,0.5,22500000.0,0.0,IN-G0,152,2,0,0,0,814,0,0,0,0,0
1446_21_rot3,1446_21,VV,3,speed-5|band0.5|scr10,-5.0,0.5,22500000.0,10.0,IN-G0,152,1,0,0,0,408,0,0,0,0,0
1446_21_rot3,1446_21,VV,3,speed-5|band0.5|scr20,-5.0,0.5,22500000.0,20.0,IN-G0,152,1,0,0,0,408,0,0,0,0,0
1446_21_rot3,1446_21,VV,3,speed-5|band1|scr0,-5.0,1.0,45000000.0,0.0,IN-G0,152,2,0,0,0,814,0,0,0,0,0
1446_21_rot3,1446_21,VV,3,speed-5|band1|scr10,-5.0,1.0,45000000.0,10.0,IN-G0,152,2,0,0,0,814,0,0,0,0,0
1446_21_rot3,1446_21,VV,3,speed-5|band1|scr20,-5.0,1.0,45000000.0,20.0,IN-G0,152,1,0,0,0,408,0,0,0,0,0
1446_21_rot3,1446_21,VV,3,speed5|band0.5|scr0,5.0,0.5,22500000.0,0.0,IN-G0,152,1,1,1,1,408,408,-112,1,0,0
1446_21_rot3,1446_21,VV,3,speed5|band0.5|scr10,5.0,0.5,22500000.0,10.0,IN-G0,152,0,0,0,0,0,0,0,0,0,0
1446_21_rot3,1446_21,VV,3,speed5|band0.5|scr20,5.0,0.5,22500000.0,20.0,IN-G0,152,0,0,0,0,0,0,0,0,0,0
1446_21_rot3,1446_21,VV,3,speed5|band1|scr0,5.0,1.0,45000000.0,0.0,IN-G0,152,2,2,2,2,814,814,-184,2,0,0
1446_21_rot3,1446_21,VV,3,speed5|band1|scr10,5.0,1.0,45000000.0,10.0,IN-G0,152,0,0,0,0,0,0,0,0,0,0
1446_21_rot3,1446_21,VV,3,speed5|band1|scr20,5.0,1.0,45000000.0,20.0,IN-G0,152,0,0,0,0,0,0,0,0,0,0
1446_21_rot3,1446_21,VV,3,speed15|band0.5|scr0,15.0,0.5,22500000.0,0.0,IN-G0,152,0,0,0,0,0,0,0,0,0,0
1446_21_rot3,1446_21,VV,3,speed15|band0.5|scr10,15.0,0.5,22500000.0,10.0,IN-G0,152,0,0,0,0,0,0,0,0,0,0
1446_21_rot3,1446_21,VV,3,speed15|band0.5|scr20,15.0,0.5,22500000.0,20.0,IN-G0,152,0,0,0,0,0,0,0,0,0,0
1446_21_rot3,1446_21,VV,3,speed15|band1|scr0,15.0,1.0,45000000.0,0.0,IN-G0,152,0,0,0,0,0,0,0,0,0,0
1446_21_rot3,1446_21,VV,3,speed15|band1|scr10,15.0,1.0,45000000.0,10.0,IN-G0,152,0,0,0,0,0,0,0,0,0,0
1446_21_rot3,1446_21,VV,3,speed15|band1|scr20,15.0,1.0,45000000.0,20.0,IN-G0,152,0,0,0,0,0,0,0,0,0,0
1446_21_rot3,1446_21,VV,3,speed-15|band0.5|scr0,-15.0,0.5,22500000.0,0.0,CA-G0,152,0,0,0,0,0,0,0,0,0,0
1446_21_rot3,1446_21,VV,3,speed-15|band0.5|scr10,-15.0,0.5,22500000.0,10.0,CA-G0,152,0,0,0,0,0,0,0,0,0,0
1446_21_rot3,1446_21,VV,3,speed-15|band0.5|scr20,-15.0,0.5,22500000.0,20.0,CA-G0,152,0,0,0,0,0,0,0,0,0,0
1446_21_rot3,1446_21,VV,3,speed-15|band1|scr0,-15.0,1.0,45000000.0,0.0,CA-G0,152,0,0,0,0,0,0,0,0,0,0
1446_21_rot3,1446_21,VV,3,speed-15|band1|scr10,-15.0,1.0,45000000.0,10.0,CA-G0,152,0,0,0,0,0,0,0,0,0,0
1446_21_rot3,1446_21,VV,3,speed-15|band1|scr20,-15.0,1.0,45000000.0,20.0,CA-G0,152,0,0,0,0,0,0,0,0,0,0
1446_21_rot3,1446_21,VV,3,speed-5|band0.5|scr0,-5.0,0.5,22500000.0,0.0,CA-G0,152,0,0,0,0,0,0,0,0,0,0
1446_21_rot3,1446_21,VV,3,speed-5|band0.5|scr10,-5.0,0.5,22500000.0,10.0,CA-G0,152,0,0,0,0,0,0,0,0,0,0
1446_21_rot3,1446_21,VV,3,speed-5|band0.5|scr20,-5.0,0.5,22500000.0,20.0,CA-G0,152,0,0,0,0,0,0,0,0,0,0
1446_21_rot3,1446_21,VV,3,speed-5|band1|scr0,-5.0,1.0,45000000.0,0.0,CA-G0,152,0,0,0,0,0,0,0,0,0,0
1446_21_rot3,1446_21,VV,3,speed-5|band1|scr10,-5.0,1.0,45000000.0,10.0,CA-G0,152,0,0,0,0,0,0,0,0,0,0
1446_21_rot3,1446_21,VV,3,speed-5|band1|scr20,-5.0,1.0,45000000.0,20.0,CA-G0,152,0,0,0,0,0,0,0,0,0,0
1446_21_rot3,1446_21,VV,3,speed5|band0.5|scr0,5.0,0.5,22500000.0,0.0,CA-G0,152,0,0,0,0,0,0,0,0,0,0
1446_21_rot3,1446_21,VV,3,speed5|band0.5|scr10,5.0,0.5,22500000.0,10.0,CA-G0,152,0,0,0,0,0,0,0,0,0,0
1446_21_rot3,1446_21,VV,3,speed5|band0.5|scr20,5.0,0.5,22500000.0,20.0,CA-G0,152,0,0,0,0,0,0,0,0,0,0
1446_21_rot3,1446_21,VV,3,speed5|band1|scr0,5.0,1.0,45000000.0,0.0,CA-G0,152,0,0,0,0,0,0,0,0,0,0
1446_21_rot3,1446_21,VV,3,speed5|band1|scr10,5.0,1.0,45000000.0,10.0,CA-G0,152,0,0,0,0,0,0,0,0,0,0
1446_21_rot3,1446_21,VV,3,speed5|band1|scr20,5.0,1.0,45000000.0,20.0,CA-G0,152,0,0,0,0,0,0,0,0,0,0
1446_21_rot3,1446_21,VV,3,speed15|band0.5|scr0,15.0,0.5,22500000.0,0.0,CA-G0,152,0,0,0,0,0,0,0,0,0,0
1446_21_rot3,1446_21,VV,3,speed15|band0.5|scr10,15.0,0.5,22500000.0,10.0,CA-G0,152,0,0,0,0,0,0,0,0,0,0
1446_21_rot3,1446_21,VV,3,speed15|band0.5|scr20,15.0,0.5,22500000.0,20.0,CA-G0,152,0,0,0,0,0,0,0,0,0,0
1446_21_rot3,1446_21,VV,3,speed15|band1|scr0,15.0,1.0,45000000.0,0.0,CA-G0,152,0,0,0,0,0,0,0,0,0,0
1446_21_rot3,1446_21,VV,3,speed15|band1|scr10,15.0,1.0,45000000.0,10.0,CA-G0,152,0,0,0,0,0,0,0,0,0,0
1446_21_rot3,1446_21,VV,3,speed15|band1|scr20,15.0,1.0,45000000.0,20.0,CA-G0,152,0,0,0,0,0,0,0,0,0,0
1446_21_rot3,1446_21,VV,3,speed-15|band0.5|scr0,-15.0,0.5,22500000.0,0.0,OS8-G0,152,0,0,0,0,0,0,0,0,0,0
1446_21_rot3,1446_21,VV,3,speed-15|band0.5|scr10,-15.0,0.5,22500000.0,10.0,OS8-G0,152,0,0,0,0,0,0,0,0,0,0
1446_21_rot3,1446_21,VV,3,speed-15|band0.5|scr20,-15.0,0.5,22500000.0,20.0,OS8-G0,152,0,0,0,0,0,0,0,0,0,0
1446_21_rot3,1446_21,VV,3,speed-15|band1|scr0,-15.0,1.0,45000000.0,0.0,OS8-G0,152,0,0,0,0,0,0,0,0,0,0
1446_21_rot3,1446_21,VV,3,speed-15|band1|scr10,-15.0,1.0,45000000.0,10.0,OS8-G0,152,0,0,0,0,0,0,0,0,0,0
1446_21_rot3,1446_21,VV,3,speed-15|band1|scr20,-15.0,1.0,45000000.0,20.0,OS8-G0,152,0,0,0,0,0,0,0,0,0,0
1446_21_rot3,1446_21,VV,3,speed-5|band0.5|scr0,-5.0,0.5,22500000.0,0.0,OS8-G0,152,0,0,0,0,0,0,0,0,0,0
1446_21_rot3,1446_21,VV,3,speed-5|band0.5|scr10,-5.0,0.5,22500000.0,10.0,OS8-G0,152,0,0,0,0,0,0,0,0,0,0
1446_21_rot3,1446_21,VV,3,speed-5|band0.5|scr20,-5.0,0.5,22500000.0,20.0,OS8-G0,152,0,0,0,0,0,0,0,0,0,0
1446_21_rot3,1446_21,VV,3,speed-5|band1|scr0,-5.0,1.0,45000000.0,0.0,OS8-G0,152,1,1,1,1,781,781,364,0,0,1
1446_21_rot3,1446_21,VV,3,speed-5|band1|scr10,-5.0,1.0,45000000.0,10.0,OS8-G0,152,0,0,0,0,0,0,0,0,0,0
1446_21_rot3,1446_21,VV,3,speed-5|band1|scr20,-5.0,1.0,45000000.0,20.0,OS8-G0,152,0,0,0,0,0,0,0,0,0,0
1446_21_rot3,1446_21,VV,3,speed5|band0.5|scr0,5.0,0.5,22500000.0,0.0,OS8-G0,152,0,0,0,0,0,0,0,0,0,0
1446_21_rot3,1446_21,VV,3,speed5|band0.5|scr10,5.0,0.5,22500000.0,10.0,OS8-G0,152,0,0,0,0,0,0,0,0,0,0
1446_21_rot3,1446_21,VV,3,speed5|band0.5|scr20,5.0,0.5,22500000.0,20.0,OS8-G0,152,0,0,0,0,0,0,0,0,0,0
1446_21_rot3,1446_21,VV,3,speed5|band1|scr0,5.0,1.0,45000000.0,0.0,OS8-G0,152,0,0,0,0,0,0,0,0,0,0
1446_21_rot3,1446_21,VV,3,speed5|band1|scr10,5.0,1.0,45000000.0,10.0,OS8-G0,152,0,0,0,0,0,0,0,0,0,0
1446_21_rot3,1446_21,VV,3,speed5|band1|scr20,5.0,1.0,45000000.0,20.0,OS8-G0,152,0,0,0,0,0,0,0,0,0,0
1446_21_rot3,1446_21,VV,3,speed15|band0.5|scr0,15.0,0.5,22500000.0,0.0,OS8-G0,152,0,0,0,0,0,0,0,0,0,0
1446_21_rot3,1446_21,VV,3,speed15|band0.5|scr10,15.0,0.5,22500000.0,10.0,OS8-G0,152,0,0,0,0,0,0,0,0,0,0
1446_21_rot3,1446_21,VV,3,speed15|band0.5|scr20,15.0,0.5,22500000.0,20.0,OS8-G0,152,0,0,0,0,0,0,0,0,0,0
1446_21_rot3,1446_21,VV,3,speed15|band1|scr0,15.0,1.0,45000000.0,0.0,OS8-G0,152,0,0,0,0,0,0,0,0,0,0
1446_21_rot3,1446_21,VV,3,speed15|band1|scr10,15.0,1.0,45000000.0,10.0,OS8-G0,152,0,0,0,0,0,0,0,0,0,0
1446_21_rot3,1446_21,VV,3,speed15|band1|scr20,15.0,1.0,45000000.0,20.0,OS8-G0,152,0,0,0,0,0,0,0,0,0,0
1446_21_rot3,1446_21,VV,3,speed-15|band0.5|scr0,-15.0,0.5,22500000.0,0.0,IN-G8,152,0,0,0,0,0,0,0,0,0,0
1446_21_rot3,1446_21,VV,3,speed-15|band0.5|scr10,-15.0,0.5,22500000.0,10.0,IN-G8,152,0,0,0,0,0,0,0,0,0,0
1446_21_rot3,1446_21,VV,3,speed-15|band0.5|scr20,-15.0,0.5,22500000.0,20.0,IN-G8,152,0,0,0,0,0,0,0,0,0,0
1446_21_rot3,1446_21,VV,3,speed-15|band1|scr0,-15.0,1.0,45000000.0,0.0,IN-G8,152,0,0,0,0,0,0,0,0,0,0
1446_21_rot3,1446_21,VV,3,speed-15|band1|scr10,-15.0,1.0,45000000.0,10.0,IN-G8,152,0,0,0,0,0,0,0,0,0,0
1446_21_rot3,1446_21,VV,3,speed-15|band1|scr20,-15.0,1.0,45000000.0,20.0,IN-G8,152,0,0,0,0,0,0,0,0,0,0
1446_21_rot3,1446_21,VV,3,speed-5|band0.5|scr0,-5.0,0.5,22500000.0,0.0,IN-G8,152,0,0,0,0,0,0,0,0,0,0
1446_21_rot3,1446_21,VV,3,speed-5|band0.5|scr10,-5.0,0.5,22500000.0,10.0,IN-G8,152,0,0,0,0,0,0,0,0,0,0
1446_21_rot3,1446_21,VV,3,speed-5|band0.5|scr20,-5.0,0.5,22500000.0,20.0,IN-G8,152,0,0,0,0,0,0,0,0,0,0
1446_21_rot3,1446_21,VV,3,speed-5|band1|scr0,-5.0,1.0,45000000.0,0.0,IN-G8,152,0,0,0,0,0,0,0,0,0,0
1446_21_rot3,1446_21,VV,3,speed-5|band1|scr10,-5.0,1.0,45000000.0,10.0,IN-G8,152,0,0,0,0,0,0,0,0,0,0
1446_21_rot3,1446_21,VV,3,speed-5|band1|scr20,-5.0,1.0,45000000.0,20.0,IN-G8,152,0,0,0,0,0,0,0,0,0,0
1446_21_rot3,1446_21,VV,3,speed5|band0.5|scr0,5.0,0.5,22500000.0,0.0,IN-G8,152,0,0,0,0,0,0,0,0,0,0
1446_21_rot3,1446_21,VV,3,speed5|band0.5|scr10,5.0,0.5,22500000.0,10.0,IN-G8,152,0,0,0,0,0,0,0,0,0,0
1446_21_rot3,1446_21,VV,3,speed5|band0.5|scr20,5.0,0.5,22500000.0,20.0,IN-G8,152,0,0,0,0,0,0,0,0,0,0
1446_21_rot3,1446_21,VV,3,speed5|band1|scr0,5.0,1.0,45000000.0,0.0,IN-G8,152,0,0,0,0,0,0,0,0,0,0
1446_21_rot3,1446_21,VV,3,speed5|band1|scr10,5.0,1.0,45000000.0,10.0,IN-G8,152,0,0,0,0,0,0,0,0,0,0
1446_21_rot3,1446_21,VV,3,speed5|band1|scr20,5.0,1.0,45000000.0,20.0,IN-G8,152,0,0,0,0,0,0,0,0,0,0
1446_21_rot3,1446_21,VV,3,speed15|band0.5|scr0,15.0,0.5,22500000.0,0.0,IN-G8,152,0,0,0,0,0,0,0,0,0,0
1446_21_rot3,1446_21,VV,3,speed15|band0.5|scr10,15.0,0.5,22500000.0,10.0,IN-G8,152,0,0,0,0,0,0,0,0,0,0
1446_21_rot3,1446_21,VV,3,speed15|band0.5|scr20,15.0,0.5,22500000.0,20.0,IN-G8,152,0,0,0,0,0,0,0,0,0,0
1446_21_rot3,1446_21,VV,3,speed15|band1|scr0,15.0,1.0,45000000.0,0.0,IN-G8,152,0,0,0,0,0,0,0,0,0,0
1446_21_rot3,1446_21,VV,3,speed15|band1|scr10,15.0,1.0,45000000.0,10.0,IN-G8,152,0,0,0,0,0,0,0,0,0,0
1446_21_rot3,1446_21,VV,3,speed15|band1|scr20,15.0,1.0,45000000.0,20.0,IN-G8,152,0,0,0,0,0,0,0,0,0,0
1446_21_rot3,1446_21,VV,3,speed-15|band0.5|scr0,-15.0,0.5,22500000.0,0.0,CA-G8,152,0,0,0,0,0,0,0,0,0,0
1446_21_rot3,1446_21,VV,3,speed-15|band0.5|scr10,-15.0,0.5,22500000.0,10.0,CA-G8,152,0,0,0,0,0,0,0,0,0,0
1446_21_rot3,1446_21,VV,3,speed-15|band0.5|scr20,-15.0,0.5,22500000.0,20.0,CA-G8,152,0,0,0,0,0,0,0,0,0,0
1446_21_rot3,1446_21,VV,3,speed-15|band1|scr0,-15.0,1.0,45000000.0,0.0,CA-G8,152,0,0,0,0,0,0,0,0,0,0
1446_21_rot3,1446_21,VV,3,speed-15|band1|scr10,-15.0,1.0,45000000.0,10.0,CA-G8,152,0,0,0,0,0,0,0,0,0,0
1446_21_rot3,1446_21,VV,3,speed-15|band1|scr20,-15.0,1.0,45000000.0,20.0,CA-G8,152,0,0,0,0,0,0,0,0,0,0
1446_21_rot3,1446_21,VV,3,speed-5|band0.5|scr0,-5.0,0.5,22500000.0,0.0,CA-G8,152,0,0,0,0,0,0,0,0,0,0
1446_21_rot3,1446_21,VV,3,speed-5|band0.5|scr10,-5.0,0.5,22500000.0,10.0,CA-G8,152,0,0,0,0,0,0,0,0,0,0
1446_21_rot3,1446_21,VV,3,speed-5|band0.5|scr20,-5.0,0.5,22500000.0,20.0,CA-G8,152,0,0,0,0,0,0,0,0,0,0
1446_21_rot3,1446_21,VV,3,speed-5|band1|scr0,-5.0,1.0,45000000.0,0.0,CA-G8,152,0,0,0,0,0,0,0,0,0,0
1446_21_rot3,1446_21,VV,3,speed-5|band1|scr10,-5.0,1.0,45000000.0,10.0,CA-G8,152,0,0,0,0,0,0,0,0,0,0
1446_21_rot3,1446_21,VV,3,speed-5|band1|scr20,-5.0,1.0,45000000.0,20.0,CA-G8,152,0,0,0,0,0,0,0,0,0,0
1446_21_rot3,1446_21,VV,3,speed5|band0.5|scr0,5.0,0.5,22500000.0,0.0,CA-G8,152,0,0,0,0,0,0,0,0,0,0
1446_21_rot3,1446_21,VV,3,speed5|band0.5|scr10,5.0,0.5,22500000.0,10.0,CA-G8,152,0,0,0,0,0,0,0,0,0,0
1446_21_rot3,1446_21,VV,3,speed5|band0.5|scr20,5.0,0.5,22500000.0,20.0,CA-G8,152,0,0,0,0,0,0,0,0,0,0
1446_21_rot3,1446_21,VV,3,speed5|band1|scr0,5.0,1.0,45000000.0,0.0,CA-G8,152,0,0,0,0,0,0,0,0,0,0
1446_21_rot3,1446_21,VV,3,speed5|band1|scr10,5.0,1.0,45000000.0,10.0,CA-G8,152,0,0,0,0,0,0,0,0,0,0
1446_21_rot3,1446_21,VV,3,speed5|band1|scr20,5.0,1.0,45000000.0,20.0,CA-G8,152,0,0,0,0,0,0,0,0,0,0
1446_21_rot3,1446_21,VV,3,speed15|band0.5|scr0,15.0,0.5,22500000.0,0.0,CA-G8,152,0,0,0,0,0,0,0,0,0,0
1446_21_rot3,1446_21,VV,3,speed15|band0.5|scr10,15.0,0.5,22500000.0,10.0,CA-G8,152,0,0,0,0,0,0,0,0,0,0
1446_21_rot3,1446_21,VV,3,speed15|band0.5|scr20,15.0,0.5,22500000.0,20.0,CA-G8,152,0,0,0,0,0,0,0,0,0,0
1446_21_rot3,1446_21,VV,3,speed15|band1|scr0,15.0,1.0,45000000.0,0.0,CA-G8,152,0,0,0,0,0,0,0,0,0,0
1446_21_rot3,1446_21,VV,3,speed15|band1|scr10,15.0,1.0,45000000.0,10.0,CA-G8,152,0,0,0,0,0,0,0,0,0,0
1446_21_rot3,1446_21,VV,3,speed15|band1|scr20,15.0,1.0,45000000.0,20.0,CA-G8,152,0,0,0,0,0,0,0,0,0,0
1446_21_rot3,1446_21,VV,3,speed-15|band0.5|scr0,-15.0,0.5,22500000.0,0.0,OS8-G8,152,0,0,0,0,0,0,0,0,0,0
1446_21_rot3,1446_21,VV,3,speed-15|band0.5|scr10,-15.0,0.5,22500000.0,10.0,OS8-G8,152,0,0,0,0,0,0,0,0,0,0
1446_21_rot3,1446_21,VV,3,speed-15|band0.5|scr20,-15.0,0.5,22500000.0,20.0,OS8-G8,152,0,0,0,0,0,0,0,0,0,0
1446_21_rot3,1446_21,VV,3,speed-15|band1|scr0,-15.0,1.0,45000000.0,0.0,OS8-G8,152,0,0,0,0,0,0,0,0,0,0
1446_21_rot3,1446_21,VV,3,speed-15|band1|scr10,-15.0,1.0,45000000.0,10.0,OS8-G8,152,0,0,0,0,0,0,0,0,0,0
1446_21_rot3,1446_21,VV,3,speed-15|band1|scr20,-15.0,1.0,45000000.0,20.0,OS8-G8,152,0,0,0,0,0,0,0,0,0,0
1446_21_rot3,1446_21,VV,3,speed-5|band0.5|scr0,-5.0,0.5,22500000.0,0.0,OS8-G8,152,0,0,0,0,0,0,0,0,0,0
1446_21_rot3,1446_21,VV,3,speed-5|band0.5|scr10,-5.0,0.5,22500000.0,10.0,OS8-G8,152,0,0,0,0,0,0,0,0,0,0
1446_21_rot3,1446_21,VV,3,speed-5|band0.5|scr20,-5.0,0.5,22500000.0,20.0,OS8-G8,152,0,0,0,0,0,0,0,0,0,0
1446_21_rot3,1446_21,VV,3,speed-5|band1|scr0,-5.0,1.0,45000000.0,0.0,OS8-G8,152,0,0,0,0,0,0,0,0,0,0
1446_21_rot3,1446_21,VV,3,speed-5|band1|scr10,-5.0,1.0,45000000.0,10.0,OS8-G8,152,0,0,0,0,0,0,0,0,0,0
1446_21_rot3,1446_21,VV,3,speed-5|band1|scr20,-5.0,1.0,45000000.0,20.0,OS8-G8,152,0,0,0,0,0,0,0,0,0,0
1446_21_rot3,1446_21,VV,3,speed5|band0.5|scr0,5.0,0.5,22500000.0,0.0,OS8-G8,152,0,0,0,0,0,0,0,0,0,0
1446_21_rot3,1446_21,VV,3,speed5|band0.5|scr10,5.0,0.5,22500000.0,10.0,OS8-G8,152,0,0,0,0,0,0,0,0,0,0
1446_21_rot3,1446_21,VV,3,speed5|band0.5|scr20,5.0,0.5,22500000.0,20.0,OS8-G8,152,0,0,0,0,0,0,0,0,0,0
1446_21_rot3,1446_21,VV,3,speed5|band1|scr0,5.0,1.0,45000000.0,0.0,OS8-G8,152,0,0,0,0,0,0,0,0,0,0
1446_21_rot3,1446_21,VV,3,speed5|band1|scr10,5.0,1.0,45000000.0,10.0,OS8-G8,152,0,0,0,0,0,0,0,0,0,0
1446_21_rot3,1446_21,VV,3,speed5|band1|scr20,5.0,1.0,45000000.0,20.0,OS8-G8,152,0,0,0,0,0,0,0,0,0,0
1446_21_rot3,1446_21,VV,3,speed15|band0.5|scr0,15.0,0.5,22500000.0,0.0,OS8-G8,152,0,0,0,0,0,0,0,0,0,0
1446_21_rot3,1446_21,VV,3,speed15|band0.5|scr10,15.0,0.5,22500000.0,10.0,OS8-G8,152,0,0,0,0,0,0,0,0,0,0
1446_21_rot3,1446_21,VV,3,speed15|band0.5|scr20,15.0,0.5,22500000.0,20.0,OS8-G8,152,0,0,0,0,0,0,0,0,0,0
1446_21_rot3,1446_21,VV,3,speed15|band1|scr0,15.0,1.0,45000000.0,0.0,OS8-G8,152,0,0,0,0,0,0,0,0,0,0
1446_21_rot3,1446_21,VV,3,speed15|band1|scr10,15.0,1.0,45000000.0,10.0,OS8-G8,152,0,0,0,0,0,0,0,0,0,0
1446_21_rot3,1446_21,VV,3,speed15|band1|scr20,15.0,1.0,45000000.0,20.0,OS8-G8,152,0,0,0,0,0,0,0,0,0,0
1446_21_rot3,1446_21,VV,3,speed-15|band0.5|scr0,-15.0,0.5,22500000.0,0.0,PAMF-H1-K8-G8,152,0,0,0,0,0,0,0,0,0,0
1446_21_rot3,1446_21,VV,3,speed-15|band0.5|scr10,-15.0,0.5,22500000.0,10.0,PAMF-H1-K8-G8,152,0,0,0,0,0,0,0,0,0,0
1446_21_rot3,1446_21,VV,3,speed-15|band0.5|scr20,-15.0,0.5,22500000.0,20.0,PAMF-H1-K8-G8,152,8,0,0,0,2926,0,0,0,0,0
1446_21_rot3,1446_21,VV,3,speed-15|band1|scr0,-15.0,1.0,45000000.0,0.0,PAMF-H1-K8-G8,152,0,0,0,0,0,0,0,0,0,0
1446_21_rot3,1446_21,VV,3,speed-15|band1|scr10,-15.0,1.0,45000000.0,10.0,PAMF-H1-K8-G8,152,2,2,2,2,702,702,-793,2,0,0
1446_21_rot3,1446_21,VV,3,speed-15|band1|scr20,-15.0,1.0,45000000.0,20.0,PAMF-H1-K8-G8,152,58,58,58,56,19198,19548,-9318,37,0,21
1446_21_rot3,1446_21,VV,3,speed-5|band0.5|scr0,-5.0,0.5,22500000.0,0.0,PAMF-H1-K8-G8,152,0,0,0,0,0,0,0,0,0,0
1446_21_rot3,1446_21,VV,3,speed-5|band0.5|scr10,-5.0,0.5,22500000.0,10.0,PAMF-H1-K8-G8,152,0,0,0,0,0,0,0,0,0,0
1446_21_rot3,1446_21,VV,3,speed-5|band0.5|scr20,-5.0,0.5,22500000.0,20.0,PAMF-H1-K8-G8,152,0,0,0,0,0,0,0,0,0,0
1446_21_rot3,1446_21,VV,3,speed-5|band1|scr0,-5.0,1.0,45000000.0,0.0,PAMF-H1-K8-G8,152,0,0,0,0,0,0,0,0,0,0
1446_21_rot3,1446_21,VV,3,speed-5|band1|scr10,-5.0,1.0,45000000.0,10.0,PAMF-H1-K8-G8,152,0,0,0,0,0,0,0,0,0,0
1446_21_rot3,1446_21,VV,3,speed-5|band1|scr20,-5.0,1.0,45000000.0,20.0,PAMF-H1-K8-G8,152,0,0,0,0,0,0,0,0,0,0
1446_21_rot3,1446_21,VV,3,speed5|band0.5|scr0,5.0,0.5,22500000.0,0.0,PAMF-H1-K8-G8,152,0,0,0,0,0,0,0,0,0,0
1446_21_rot3,1446_21,VV,3,speed5|band0.5|scr10,5.0,0.5,22500000.0,10.0,PAMF-H1-K8-G8,152,0,0,0,0,0,0,0,0,0,0
1446_21_rot3,1446_21,VV,3,speed5|band0.5|scr20,5.0,0.5,22500000.0,20.0,PAMF-H1-K8-G8,152,0,0,0,0,0,0,0,0,0,0
1446_21_rot3,1446_21,VV,3,speed5|band1|scr0,5.0,1.0,45000000.0,0.0,PAMF-H1-K8-G8,152,0,0,0,0,0,0,0,0,0,0
1446_21_rot3,1446_21,VV,3,speed5|band1|scr10,5.0,1.0,45000000.0,10.0,PAMF-H1-K8-G8,152,0,0,0,0,0,0,0,0,0,0
1446_21_rot3,1446_21,VV,3,speed5|band1|scr20,5.0,1.0,45000000.0,20.0,PAMF-H1-K8-G8,152,0,0,0,0,0,0,0,0,0,0
1446_21_rot3,1446_21,VV,3,speed15|band0.5|scr0,15.0,0.5,22500000.0,0.0,PAMF-H1-K8-G8,152,0,0,0,0,0,0,0,0,0,0
1446_21_rot3,1446_21,VV,3,speed15|band0.5|scr10,15.0,0.5,22500000.0,10.0,PAMF-H1-K8-G8,152,0,0,0,0,0,0,0,0,0,0
1446_21_rot3,1446_21,VV,3,speed15|band0.5|scr20,15.0,0.5,22500000.0,20.0,PAMF-H1-K8-G8,152,16,0,0,0,7929,0,0,0,0,0
1446_21_rot3,1446_21,VV,3,speed15|band1|scr0,15.0,1.0,45000000.0,0.0,PAMF-H1-K8-G8,152,0,0,0,0,0,0,0,0,0,0
1446_21_rot3,1446_21,VV,3,speed15|band1|scr10,15.0,1.0,45000000.0,10.0,PAMF-H1-K8-G8,152,3,3,3,3,1090,1090,-594,2,0,1
1446_21_rot3,1446_21,VV,3,speed15|band1|scr20,15.0,1.0,45000000.0,20.0,PAMF-H1-K8-G8,152,79,78,78,70,26234,27523,-13617,53,0,25
1446_21_rot3,1446_21,VV,3,speed-15|band0.5|scr0,-15.0,0.5,22500000.0,0.0,P-ANMF1-N16,152,0,0,0,0,0,0,0,0,0,0
1446_21_rot3,1446_21,VV,3,speed-15|band0.5|scr10,-15.0,0.5,22500000.0,10.0,P-ANMF1-N16,152,0,0,0,0,0,0,0,0,0,0
1446_21_rot3,1446_21,VV,3,speed-15|band0.5|scr20,-15.0,0.5,22500000.0,20.0,P-ANMF1-N16,152,0,0,0,0,0,0,0,0,0,0
1446_21_rot3,1446_21,VV,3,speed-15|band1|scr0,-15.0,1.0,45000000.0,0.0,P-ANMF1-N16,152,0,0,0,0,0,0,0,0,0,0
1446_21_rot3,1446_21,VV,3,speed-15|band1|scr10,-15.0,1.0,45000000.0,10.0,P-ANMF1-N16,152,0,0,0,0,0,0,0,0,0,0
1446_21_rot3,1446_21,VV,3,speed-15|band1|scr20,-15.0,1.0,45000000.0,20.0,P-ANMF1-N16,152,0,0,0,0,0,0,0,0,0,0
1446_21_rot3,1446_21,VV,3,speed-5|band0.5|scr0,-5.0,0.5,22500000.0,0.0,P-ANMF1-N16,152,0,0,0,0,0,0,0,0,0,0
1446_21_rot3,1446_21,VV,3,speed-5|band0.5|scr10,-5.0,0.5,22500000.0,10.0,P-ANMF1-N16,152,39,39,39,39,9029,9029,-10001,31,0,8
1446_21_rot3,1446_21,VV,3,speed-5|band0.5|scr20,-5.0,0.5,22500000.0,20.0,P-ANMF1-N16,152,121,121,121,121,4835,4835,-56516,120,0,1
1446_21_rot3,1446_21,VV,3,speed-5|band1|scr0,-5.0,1.0,45000000.0,0.0,P-ANMF1-N16,152,0,0,0,0,0,0,0,0,0,0
1446_21_rot3,1446_21,VV,3,speed-5|band1|scr10,-5.0,1.0,45000000.0,10.0,P-ANMF1-N16,152,31,31,31,31,11116,11116,-4646,24,0,7
1446_21_rot3,1446_21,VV,3,speed-5|band1|scr20,-5.0,1.0,45000000.0,20.0,P-ANMF1-N16,152,120,120,120,120,17946,17946,-43067,119,0,1
1446_21_rot3,1446_21,VV,3,speed5|band0.5|scr0,5.0,0.5,22500000.0,0.0,P-ANMF1-N16,152,7,7,7,7,1345,1345,-2904,5,0,2
1446_21_rot3,1446_21,VV,3,speed5|band0.5|scr10,5.0,0.5,22500000.0,10.0,P-ANMF1-N16,152,103,103,103,103,9990,9990,-41696,100,0,3
1446_21_rot3,1446_21,VV,3,speed5|band0.5|scr20,5.0,0.5,22500000.0,20.0,P-ANMF1-N16,152,139,139,139,139,4626,4626,-67898,136,0,3
1446_21_rot3,1446_21,VV,3,speed5|band1|scr0,5.0,1.0,45000000.0,0.0,P-ANMF1-N16,152,6,6,6,6,2974,2974,-1145,4,0,2
1446_21_rot3,1446_21,VV,3,speed5|band1|scr10,5.0,1.0,45000000.0,10.0,P-ANMF1-N16,152,95,95,95,95,23177,23177,-24731,91,0,4
1446_21_rot3,1446_21,VV,3,speed5|band1|scr20,5.0,1.0,45000000.0,20.0,P-ANMF1-N16,152,137,137,137,137,11224,11224,-60293,136,0,1
1446_21_rot3,1446_21,VV,3,speed15|band0.5|scr0,15.0,0.5,22500000.0,0.0,P-ANMF1-N16,152,0,0,0,0,0,0,0,0,0,0
1446_21_rot3,1446_21,VV,3,speed15|band0.5|scr10,15.0,0.5,22500000.0,10.0,P-ANMF1-N16,152,0,0,0,0,0,0,0,0,0,0
1446_21_rot3,1446_21,VV,3,speed15|band0.5|scr20,15.0,0.5,22500000.0,20.0,P-ANMF1-N16,152,0,0,0,0,0,0,0,0,0,0
1446_21_rot3,1446_21,VV,3,speed15|band1|scr0,15.0,1.0,45000000.0,0.0,P-ANMF1-N16,152,0,0,0,0,0,0,0,0,0,0
1446_21_rot3,1446_21,VV,3,speed15|band1|scr10,15.0,1.0,45000000.0,10.0,P-ANMF1-N16,152,0,0,0,0,0,0,0,0,0,0
1446_21_rot3,1446_21,VV,3,speed15|band1|scr20,15.0,1.0,45000000.0,20.0,P-ANMF1-N16,152,0,0,0,0,0,0,0,0,0,0
1450_16_rot2,1450_16,VV,2,speed-15|band0.5|scr0,-15.0,0.5,22500000.0,0.0,IN-G0,152,0,0,0,0,0,0,0,0,0,0
1450_16_rot2,1450_16,VV,2,speed-15|band0.5|scr10,-15.0,0.5,22500000.0,10.0,IN-G0,152,0,0,0,0,0,0,0,0,0,0
1450_16_rot2,1450_16,VV,2,speed-15|band0.5|scr20,-15.0,0.5,22500000.0,20.0,IN-G0,152,0,0,0,0,0,0,0,0,0,0
1450_16_rot2,1450_16,VV,2,speed-15|band1|scr0,-15.0,1.0,45000000.0,0.0,IN-G0,152,0,0,0,0,0,0,0,0,0,0
1450_16_rot2,1450_16,VV,2,speed-15|band1|scr10,-15.0,1.0,45000000.0,10.0,IN-G0,152,0,0,0,0,0,0,0,0,0,0
1450_16_rot2,1450_16,VV,2,speed-15|band1|scr20,-15.0,1.0,45000000.0,20.0,IN-G0,152,0,0,0,0,0,0,0,0,0,0
1450_16_rot2,1450_16,VV,2,speed-5|band0.5|scr0,-5.0,0.5,22500000.0,0.0,IN-G0,152,0,0,0,0,0,0,0,0,0,0
1450_16_rot2,1450_16,VV,2,speed-5|band0.5|scr10,-5.0,0.5,22500000.0,10.0,IN-G0,152,0,0,0,0,0,0,0,0,0,0
1450_16_rot2,1450_16,VV,2,speed-5|band0.5|scr20,-5.0,0.5,22500000.0,20.0,IN-G0,152,0,0,0,0,0,0,0,0,0,0
1450_16_rot2,1450_16,VV,2,speed-5|band1|scr0,-5.0,1.0,45000000.0,0.0,IN-G0,152,1,0,0,0,442,0,0,0,0,0
1450_16_rot2,1450_16,VV,2,speed-5|band1|scr10,-5.0,1.0,45000000.0,10.0,IN-G0,152,1,0,0,0,442,0,0,0,0,0
1450_16_rot2,1450_16,VV,2,speed-5|band1|scr20,-5.0,1.0,45000000.0,20.0,IN-G0,152,0,0,0,0,0,0,0,0,0,0
1450_16_rot2,1450_16,VV,2,speed5|band0.5|scr0,5.0,0.5,22500000.0,0.0,IN-G0,152,0,0,0,0,0,0,0,0,0,0
1450_16_rot2,1450_16,VV,2,speed5|band0.5|scr10,5.0,0.5,22500000.0,10.0,IN-G0,152,0,0,0,0,0,0,0,0,0,0
1450_16_rot2,1450_16,VV,2,speed5|band0.5|scr20,5.0,0.5,22500000.0,20.0,IN-G0,152,0,0,0,0,0,0,0,0,0,0
1450_16_rot2,1450_16,VV,2,speed5|band1|scr0,5.0,1.0,45000000.0,0.0,IN-G0,152,0,0,0,0,0,0,0,0,0,0
1450_16_rot2,1450_16,VV,2,speed5|band1|scr10,5.0,1.0,45000000.0,10.0,IN-G0,152,0,0,0,0,0,0,0,0,0,0
1450_16_rot2,1450_16,VV,2,speed5|band1|scr20,5.0,1.0,45000000.0,20.0,IN-G0,152,0,0,0,0,0,0,0,0,0,0
1450_16_rot2,1450_16,VV,2,speed15|band0.5|scr0,15.0,0.5,22500000.0,0.0,IN-G0,152,0,0,0,0,0,0,0,0,0,0
1450_16_rot2,1450_16,VV,2,speed15|band0.5|scr10,15.0,0.5,22500000.0,10.0,IN-G0,152,0,0,0,0,0,0,0,0,0,0
1450_16_rot2,1450_16,VV,2,speed15|band0.5|scr20,15.0,0.5,22500000.0,20.0,IN-G0,152,0,0,0,0,0,0,0,0,0,0
1450_16_rot2,1450_16,VV,2,speed15|band1|scr0,15.0,1.0,45000000.0,0.0,IN-G0,152,0,0,0,0,0,0,0,0,0,0
1450_16_rot2,1450_16,VV,2,speed15|band1|scr10,15.0,1.0,45000000.0,10.0,IN-G0,152,0,0,0,0,0,0,0,0,0,0
1450_16_rot2,1450_16,VV,2,speed15|band1|scr20,15.0,1.0,45000000.0,20.0,IN-G0,152,0,0,0,0,0,0,0,0,0,0
1450_16_rot2,1450_16,VV,2,speed-15|band0.5|scr0,-15.0,0.5,22500000.0,0.0,CA-G0,152,0,0,0,0,0,0,0,0,0,0
1450_16_rot2,1450_16,VV,2,speed-15|band0.5|scr10,-15.0,0.5,22500000.0,10.0,CA-G0,152,0,0,0,0,0,0,0,0,0,0
1450_16_rot2,1450_16,VV,2,speed-15|band0.5|scr20,-15.0,0.5,22500000.0,20.0,CA-G0,152,0,0,0,0,0,0,0,0,0,0
1450_16_rot2,1450_16,VV,2,speed-15|band1|scr0,-15.0,1.0,45000000.0,0.0,CA-G0,152,1,0,0,0,211,0,0,0,0,0
1450_16_rot2,1450_16,VV,2,speed-15|band1|scr10,-15.0,1.0,45000000.0,10.0,CA-G0,152,2,1,1,1,480,269,-168,1,0,0
1450_16_rot2,1450_16,VV,2,speed-15|band1|scr20,-15.0,1.0,45000000.0,20.0,CA-G0,152,0,0,0,0,0,0,0,0,0,0
1450_16_rot2,1450_16,VV,2,speed-5|band0.5|scr0,-5.0,0.5,22500000.0,0.0,CA-G0,152,1,0,0,0,211,0,0,0,0,0
1450_16_rot2,1450_16,VV,2,speed-5|band0.5|scr10,-5.0,0.5,22500000.0,10.0,CA-G0,152,1,0,0,0,211,0,0,0,0,0
1450_16_rot2,1450_16,VV,2,speed-5|band0.5|scr20,-5.0,0.5,22500000.0,20.0,CA-G0,152,0,0,0,0,0,0,0,0,0,0
1450_16_rot2,1450_16,VV,2,speed-5|band1|scr0,-5.0,1.0,45000000.0,0.0,CA-G0,152,0,0,0,0,0,0,0,0,0,0
1450_16_rot2,1450_16,VV,2,speed-5|band1|scr10,-5.0,1.0,45000000.0,10.0,CA-G0,152,0,0,0,0,0,0,0,0,0,0
1450_16_rot2,1450_16,VV,2,speed-5|band1|scr20,-5.0,1.0,45000000.0,20.0,CA-G0,152,0,0,0,0,0,0,0,0,0,0
1450_16_rot2,1450_16,VV,2,speed5|band0.5|scr0,5.0,0.5,22500000.0,0.0,CA-G0,152,0,0,0,0,0,0,0,0,0,0
1450_16_rot2,1450_16,VV,2,speed5|band0.5|scr10,5.0,0.5,22500000.0,10.0,CA-G0,152,0,0,0,0,0,0,0,0,0,0
1450_16_rot2,1450_16,VV,2,speed5|band0.5|scr20,5.0,0.5,22500000.0,20.0,CA-G0,152,0,0,0,0,0,0,0,0,0,0
1450_16_rot2,1450_16,VV,2,speed5|band1|scr0,5.0,1.0,45000000.0,0.0,CA-G0,152,1,1,1,1,211,211,-206,1,0,0
1450_16_rot2,1450_16,VV,2,speed5|band1|scr10,5.0,1.0,45000000.0,10.0,CA-G0,152,0,0,0,0,0,0,0,0,0,0
1450_16_rot2,1450_16,VV,2,speed5|band1|scr20,5.0,1.0,45000000.0,20.0,CA-G0,152,0,0,0,0,0,0,0,0,0,0
1450_16_rot2,1450_16,VV,2,speed15|band0.5|scr0,15.0,0.5,22500000.0,0.0,CA-G0,152,0,0,0,0,0,0,0,0,0,0
1450_16_rot2,1450_16,VV,2,speed15|band0.5|scr10,15.0,0.5,22500000.0,10.0,CA-G0,152,0,0,0,0,0,0,0,0,0,0
1450_16_rot2,1450_16,VV,2,speed15|band0.5|scr20,15.0,0.5,22500000.0,20.0,CA-G0,152,0,0,0,0,0,0,0,0,0,0
1450_16_rot2,1450_16,VV,2,speed15|band1|scr0,15.0,1.0,45000000.0,0.0,CA-G0,152,0,0,0,0,0,0,0,0,0,0
1450_16_rot2,1450_16,VV,2,speed15|band1|scr10,15.0,1.0,45000000.0,10.0,CA-G0,152,0,0,0,0,0,0,0,0,0,0
1450_16_rot2,1450_16,VV,2,speed15|band1|scr20,15.0,1.0,45000000.0,20.0,CA-G0,152,0,0,0,0,0,0,0,0,0,0
1450_16_rot2,1450_16,VV,2,speed-15|band0.5|scr0,-15.0,0.5,22500000.0,0.0,OS8-G0,152,0,0,0,0,0,0,0,0,0,0
1450_16_rot2,1450_16,VV,2,speed-15|band0.5|scr10,-15.0,0.5,22500000.0,10.0,OS8-G0,152,0,0,0,0,0,0,0,0,0,0
1450_16_rot2,1450_16,VV,2,speed-15|band0.5|scr20,-15.0,0.5,22500000.0,20.0,OS8-G0,152,0,0,0,0,0,0,0,0,0,0
1450_16_rot2,1450_16,VV,2,speed-15|band1|scr0,-15.0,1.0,45000000.0,0.0,OS8-G0,152,0,0,0,0,0,0,0,0,0,0
1450_16_rot2,1450_16,VV,2,speed-15|band1|scr10,-15.0,1.0,45000000.0,10.0,OS8-G0,152,0,0,0,0,0,0,0,0,0,0
1450_16_rot2,1450_16,VV,2,speed-15|band1|scr20,-15.0,1.0,45000000.0,20.0,OS8-G0,152,0,0,0,0,0,0,0,0,0,0
1450_16_rot2,1450_16,VV,2,speed-5|band0.5|scr0,-5.0,0.5,22500000.0,0.0,OS8-G0,152,2,2,2,2,704,704,-471,2,0,0
1450_16_rot2,1450_16,VV,2,speed-5|band0.5|scr10,-5.0,0.5,22500000.0,10.0,OS8-G0,152,1,0,0,0,216,0,0,0,0,0
1450_16_rot2,1450_16,VV,2,speed-5|band0.5|scr20,-5.0,0.5,22500000.0,20.0,OS8-G0,152,2,0,0,0,625,0,0,0,0,0
1450_16_rot2,1450_16,VV,2,speed-5|band1|scr0,-5.0,1.0,45000000.0,0.0,OS8-G0,152,3,2,2,2,2009,1423,860,0,0,2
1450_16_rot2,1450_16,VV,2,speed-5|band1|scr10,-5.0,1.0,45000000.0,10.0,OS8-G0,152,4,2,2,2,1921,1014,-167,1,0,1
1450_16_rot2,1450_16,VV,2,speed-5|band1|scr20,-5.0,1.0,45000000.0,20.0,OS8-G0,152,0,0,0,0,0,0,0,0,0,0
1450_16_rot2,1450_16,VV,2,speed5|band0.5|scr0,5.0,0.5,22500000.0,0.0,OS8-G0,152,0,0,0,0,0,0,0,0,0,0
1450_16_rot2,1450_16,VV,2,speed5|band0.5|scr10,5.0,0.5,22500000.0,10.0,OS8-G0,152,0,0,0,0,0,0,0,0,0,0
1450_16_rot2,1450_16,VV,2,speed5|band0.5|scr20,5.0,0.5,22500000.0,20.0,OS8-G0,152,0,0,0,0,0,0,0,0,0,0
1450_16_rot2,1450_16,VV,2,speed5|band1|scr0,5.0,1.0,45000000.0,0.0,OS8-G0,152,1,0,0,0,156,0,0,0,0,0
1450_16_rot2,1450_16,VV,2,speed5|band1|scr10,5.0,1.0,45000000.0,10.0,OS8-G0,152,0,0,0,0,0,0,0,0,0,0
1450_16_rot2,1450_16,VV,2,speed5|band1|scr20,5.0,1.0,45000000.0,20.0,OS8-G0,152,0,0,0,0,0,0,0,0,0,0
1450_16_rot2,1450_16,VV,2,speed15|band0.5|scr0,15.0,0.5,22500000.0,0.0,OS8-G0,152,0,0,0,0,0,0,0,0,0,0
1450_16_rot2,1450_16,VV,2,speed15|band0.5|scr10,15.0,0.5,22500000.0,10.0,OS8-G0,152,0,0,0,0,0,0,0,0,0,0
1450_16_rot2,1450_16,VV,2,speed15|band0.5|scr20,15.0,0.5,22500000.0,20.0,OS8-G0,152,0,0,0,0,0,0,0,0,0,0
1450_16_rot2,1450_16,VV,2,speed15|band1|scr0,15.0,1.0,45000000.0,0.0,OS8-G0,152,0,0,0,0,0,0,0,0,0,0
1450_16_rot2,1450_16,VV,2,speed15|band1|scr10,15.0,1.0,45000000.0,10.0,OS8-G0,152,0,0,0,0,0,0,0,0,0,0
1450_16_rot2,1450_16,VV,2,speed15|band1|scr20,15.0,1.0,45000000.0,20.0,OS8-G0,152,0,0,0,0,0,0,0,0,0,0
1450_16_rot2,1450_16,VV,2,speed-15|band0.5|scr0,-15.0,0.5,22500000.0,0.0,IN-G8,152,1,0,0,0,442,0,0,0,0,0
1450_16_rot2,1450_16,VV,2,speed-15|band0.5|scr10,-15.0,0.5,22500000.0,10.0,IN-G8,152,1,0,0,0,443,0,0,0,0,0
1450_16_rot2,1450_16,VV,2,speed-15|band0.5|scr20,-15.0,0.5,22500000.0,20.0,IN-G8,152,0,0,0,0,0,0,0,0,0,0
1450_16_rot2,1450_16,VV,2,speed-15|band1|scr0,-15.0,1.0,45000000.0,0.0,IN-G8,152,1,0,0,0,442,0,0,0,0,0
1450_16_rot2,1450_16,VV,2,speed-15|band1|scr10,-15.0,1.0,45000000.0,10.0,IN-G8,152,1,0,0,0,443,0,0,0,0,0
1450_16_rot2,1450_16,VV,2,speed-15|band1|scr20,-15.0,1.0,45000000.0,20.0,IN-G8,152,0,0,0,0,0,0,0,0,0,0
1450_16_rot2,1450_16,VV,2,speed-5|band0.5|scr0,-5.0,0.5,22500000.0,0.0,IN-G8,152,1,0,0,0,524,0,0,0,0,0
1450_16_rot2,1450_16,VV,2,speed-5|band0.5|scr10,-5.0,0.5,22500000.0,10.0,IN-G8,152,0,0,0,0,0,0,0,0,0,0
1450_16_rot2,1450_16,VV,2,speed-5|band0.5|scr20,-5.0,0.5,22500000.0,20.0,IN-G8,152,0,0,0,0,0,0,0,0,0,0
1450_16_rot2,1450_16,VV,2,speed-5|band1|scr0,-5.0,1.0,45000000.0,0.0,IN-G8,152,1,1,1,1,442,442,-423,1,0,0
1450_16_rot2,1450_16,VV,2,speed-5|band1|scr10,-5.0,1.0,45000000.0,10.0,IN-G8,152,1,1,1,1,442,442,-423,1,0,0
1450_16_rot2,1450_16,VV,2,speed-5|band1|scr20,-5.0,1.0,45000000.0,20.0,IN-G8,152,0,0,0,0,0,0,0,0,0,0
1450_16_rot2,1450_16,VV,2,speed5|band0.5|scr0,5.0,0.5,22500000.0,0.0,IN-G8,152,1,0,0,0,442,0,0,0,0,0
1450_16_rot2,1450_16,VV,2,speed5|band0.5|scr10,5.0,0.5,22500000.0,10.0,IN-G8,152,0,0,0,0,0,0,0,0,0,0
1450_16_rot2,1450_16,VV,2,speed5|band0.5|scr20,5.0,0.5,22500000.0,20.0,IN-G8,152,0,0,0,0,0,0,0,0,0,0
1450_16_rot2,1450_16,VV,2,speed5|band1|scr0,5.0,1.0,45000000.0,0.0,IN-G8,152,1,0,0,0,442,0,0,0,0,0
1450_16_rot2,1450_16,VV,2,speed5|band1|scr10,5.0,1.0,45000000.0,10.0,IN-G8,152,0,0,0,0,0,0,0,0,0,0
1450_16_rot2,1450_16,VV,2,speed5|band1|scr20,5.0,1.0,45000000.0,20.0,IN-G8,152,0,0,0,0,0,0,0,0,0,0
1450_16_rot2,1450_16,VV,2,speed15|band0.5|scr0,15.0,0.5,22500000.0,0.0,IN-G8,152,1,0,0,0,442,0,0,0,0,0
1450_16_rot2,1450_16,VV,2,speed15|band0.5|scr10,15.0,0.5,22500000.0,10.0,IN-G8,152,1,0,0,0,442,0,0,0,0,0
1450_16_rot2,1450_16,VV,2,speed15|band0.5|scr20,15.0,0.5,22500000.0,20.0,IN-G8,152,0,0,0,0,0,0,0,0,0,0
1450_16_rot2,1450_16,VV,2,speed15|band1|scr0,15.0,1.0,45000000.0,0.0,IN-G8,152,1,0,0,0,442,0,0,0,0,0
1450_16_rot2,1450_16,VV,2,speed15|band1|scr10,15.0,1.0,45000000.0,10.0,IN-G8,152,1,0,0,0,443,0,0,0,0,0
1450_16_rot2,1450_16,VV,2,speed15|band1|scr20,15.0,1.0,45000000.0,20.0,IN-G8,152,0,0,0,0,0,0,0,0,0,0
1450_16_rot2,1450_16,VV,2,speed-15|band0.5|scr0,-15.0,0.5,22500000.0,0.0,CA-G8,152,1,0,0,0,219,0,0,0,0,0
1450_16_rot2,1450_16,VV,2,speed-15|band0.5|scr10,-15.0,0.5,22500000.0,10.0,CA-G8,152,0,0,0,0,0,0,0,0,0,0
1450_16_rot2,1450_16,VV,2,speed-15|band0.5|scr20,-15.0,0.5,22500000.0,20.0,CA-G8,152,0,0,0,0,0,0,0,0,0,0
1450_16_rot2,1450_16,VV,2,speed-15|band1|scr0,-15.0,1.0,45000000.0,0.0,CA-G8,152,1,0,0,0,219,0,0,0,0,0
1450_16_rot2,1450_16,VV,2,speed-15|band1|scr10,-15.0,1.0,45000000.0,10.0,CA-G8,152,0,0,0,0,0,0,0,0,0,0
1450_16_rot2,1450_16,VV,2,speed-15|band1|scr20,-15.0,1.0,45000000.0,20.0,CA-G8,152,0,0,0,0,0,0,0,0,0,0
1450_16_rot2,1450_16,VV,2,speed-5|band0.5|scr0,-5.0,0.5,22500000.0,0.0,CA-G8,152,1,0,0,0,219,0,0,0,0,0
1450_16_rot2,1450_16,VV,2,speed-5|band0.5|scr10,-5.0,0.5,22500000.0,10.0,CA-G8,152,1,0,0,0,219,0,0,0,0,0
1450_16_rot2,1450_16,VV,2,speed-5|band0.5|scr20,-5.0,0.5,22500000.0,20.0,CA-G8,152,1,0,0,0,219,0,0,0,0,0
1450_16_rot2,1450_16,VV,2,speed-5|band1|scr0,-5.0,1.0,45000000.0,0.0,CA-G8,152,2,1,1,1,739,520,100,0,0,1
1450_16_rot2,1450_16,VV,2,speed-5|band1|scr10,-5.0,1.0,45000000.0,10.0,CA-G8,152,1,1,1,1,515,515,95,0,0,1
1450_16_rot2,1450_16,VV,2,speed-5|band1|scr20,-5.0,1.0,45000000.0,20.0,CA-G8,152,0,0,0,0,0,0,0,0,0,0
1450_16_rot2,1450_16,VV,2,speed5|band0.5|scr0,5.0,0.5,22500000.0,0.0,CA-G8,152,0,0,0,0,0,0,0,0,0,0
1450_16_rot2,1450_16,VV,2,speed5|band0.5|scr10,5.0,0.5,22500000.0,10.0,CA-G8,152,0,0,0,0,0,0,0,0,0,0
1450_16_rot2,1450_16,VV,2,speed5|band0.5|scr20,5.0,0.5,22500000.0,20.0,CA-G8,152,0,0,0,0,0,0,0,0,0,0
1450_16_rot2,1450_16,VV,2,speed5|band1|scr0,5.0,1.0,45000000.0,0.0,CA-G8,152,2,1,1,1,378,219,-198,1,0,0
1450_16_rot2,1450_16,VV,2,speed5|band1|scr10,5.0,1.0,45000000.0,10.0,CA-G8,152,1,0,0,0,160,0,0,0,0,0
1450_16_rot2,1450_16,VV,2,speed5|band1|scr20,5.0,1.0,45000000.0,20.0,CA-G8,152,0,0,0,0,0,0,0,0,0,0
1450_16_rot2,1450_16,VV,2,speed15|band0.5|scr0,15.0,0.5,22500000.0,0.0,CA-G8,152,1,0,0,0,160,0,0,0,0,0
1450_16_rot2,1450_16,VV,2,speed15|band0.5|scr10,15.0,0.5,22500000.0,10.0,CA-G8,152,0,0,0,0,0,0,0,0,0,0
1450_16_rot2,1450_16,VV,2,speed15|band0.5|scr20,15.0,0.5,22500000.0,20.0,CA-G8,152,0,0,0,0,0,0,0,0,0,0
1450_16_rot2,1450_16,VV,2,speed15|band1|scr0,15.0,1.0,45000000.0,0.0,CA-G8,152,2,1,1,1,378,219,-198,1,0,0
1450_16_rot2,1450_16,VV,2,speed15|band1|scr10,15.0,1.0,45000000.0,10.0,CA-G8,152,1,0,0,0,159,0,0,0,0,0
1450_16_rot2,1450_16,VV,2,speed15|band1|scr20,15.0,1.0,45000000.0,20.0,CA-G8,152,1,0,0,0,159,0,0,0,0,0
1450_16_rot2,1450_16,VV,2,speed-15|band0.5|scr0,-15.0,0.5,22500000.0,0.0,OS8-G8,152,0,0,0,0,0,0,0,0,0,0
1450_16_rot2,1450_16,VV,2,speed-15|band0.5|scr10,-15.0,0.5,22500000.0,10.0,OS8-G8,152,0,0,0,0,0,0,0,0,0,0
1450_16_rot2,1450_16,VV,2,speed-15|band0.5|scr20,-15.0,0.5,22500000.0,20.0,OS8-G8,152,0,0,0,0,0,0,0,0,0,0
1450_16_rot2,1450_16,VV,2,speed-15|band1|scr0,-15.0,1.0,45000000.0,0.0,OS8-G8,152,0,0,0,0,0,0,0,0,0,0
1450_16_rot2,1450_16,VV,2,speed-15|band1|scr10,-15.0,1.0,45000000.0,10.0,OS8-G8,152,0,0,0,0,0,0,0,0,0,0
1450_16_rot2,1450_16,VV,2,speed-15|band1|scr20,-15.0,1.0,45000000.0,20.0,OS8-G8,152,0,0,0,0,0,0,0,0,0,0
1450_16_rot2,1450_16,VV,2,speed-5|band0.5|scr0,-5.0,0.5,22500000.0,0.0,OS8-G8,152,0,0,0,0,0,0,0,0,0,0
1450_16_rot2,1450_16,VV,2,speed-5|band0.5|scr10,-5.0,0.5,22500000.0,10.0,OS8-G8,152,0,0,0,0,0,0,0,0,0,0
1450_16_rot2,1450_16,VV,2,speed-5|band0.5|scr20,-5.0,0.5,22500000.0,20.0,OS8-G8,152,1,0,0,0,222,0,0,0,0,0
1450_16_rot2,1450_16,VV,2,speed-5|band1|scr0,-5.0,1.0,45000000.0,0.0,OS8-G8,152,0,0,0,0,0,0,0,0,0,0
1450_16_rot2,1450_16,VV,2,speed-5|band1|scr10,-5.0,1.0,45000000.0,10.0,OS8-G8,152,1,1,1,1,520,520,100,0,0,1
1450_16_rot2,1450_16,VV,2,speed-5|band1|scr20,-5.0,1.0,45000000.0,20.0,OS8-G8,152,0,0,0,0,0,0,0,0,0,0
1450_16_rot2,1450_16,VV,2,speed5|band0.5|scr0,5.0,0.5,22500000.0,0.0,OS8-G8,152,1,0,0,0,166,0,0,0,0,0
1450_16_rot2,1450_16,VV,2,speed5|band0.5|scr10,5.0,0.5,22500000.0,10.0,OS8-G8,152,0,0,0,0,0,0,0,0,0,0
1450_16_rot2,1450_16,VV,2,speed5|band0.5|scr20,5.0,0.5,22500000.0,20.0,OS8-G8,152,0,0,0,0,0,0,0,0,0,0
1450_16_rot2,1450_16,VV,2,speed5|band1|scr0,5.0,1.0,45000000.0,0.0,OS8-G8,152,1,0,0,0,162,0,0,0,0,0
1450_16_rot2,1450_16,VV,2,speed5|band1|scr10,5.0,1.0,45000000.0,10.0,OS8-G8,152,0,0,0,0,0,0,0,0,0,0
1450_16_rot2,1450_16,VV,2,speed5|band1|scr20,5.0,1.0,45000000.0,20.0,OS8-G8,152,0,0,0,0,0,0,0,0,0,0
1450_16_rot2,1450_16,VV,2,speed15|band0.5|scr0,15.0,0.5,22500000.0,0.0,OS8-G8,152,0,0,0,0,0,0,0,0,0,0
1450_16_rot2,1450_16,VV,2,speed15|band0.5|scr10,15.0,0.5,22500000.0,10.0,OS8-G8,152,0,0,0,0,0,0,0,0,0,0
1450_16_rot2,1450_16,VV,2,speed15|band0.5|scr20,15.0,0.5,22500000.0,20.0,OS8-G8,152,0,0,0,0,0,0,0,0,0,0
1450_16_rot2,1450_16,VV,2,speed15|band1|scr0,15.0,1.0,45000000.0,0.0,OS8-G8,152,1,0,0,0,163,0,0,0,0,0
1450_16_rot2,1450_16,VV,2,speed15|band1|scr10,15.0,1.0,45000000.0,10.0,OS8-G8,152,1,0,0,0,163,0,0,0,0,0
1450_16_rot2,1450_16,VV,2,speed15|band1|scr20,15.0,1.0,45000000.0,20.0,OS8-G8,152,0,0,0,0,0,0,0,0,0,0
1450_16_rot2,1450_16,VV,2,speed-15|band0.5|scr0,-15.0,0.5,22500000.0,0.0,PAMF-H1-K8-G8,152,0,0,0,0,0,0,0,0,0,0
1450_16_rot2,1450_16,VV,2,speed-15|band0.5|scr10,-15.0,0.5,22500000.0,10.0,PAMF-H1-K8-G8,152,0,0,0,0,0,0,0,0,0,0
1450_16_rot2,1450_16,VV,2,speed-15|band0.5|scr20,-15.0,0.5,22500000.0,20.0,PAMF-H1-K8-G8,152,1,0,0,0,506,0,0,0,0,0
1450_16_rot2,1450_16,VV,2,speed-15|band1|scr0,-15.0,1.0,45000000.0,0.0,PAMF-H1-K8-G8,152,0,0,0,0,0,0,0,0,0,0
1450_16_rot2,1450_16,VV,2,speed-15|band1|scr10,-15.0,1.0,45000000.0,10.0,PAMF-H1-K8-G8,152,0,0,0,0,0,0,0,0,0,0
1450_16_rot2,1450_16,VV,2,speed-15|band1|scr20,-15.0,1.0,45000000.0,20.0,PAMF-H1-K8-G8,152,1,1,1,1,239,239,-197,1,0,0
1450_16_rot2,1450_16,VV,2,speed-5|band0.5|scr0,-5.0,0.5,22500000.0,0.0,PAMF-H1-K8-G8,152,1,1,1,1,314,314,-106,1,0,0
1450_16_rot2,1450_16,VV,2,speed-5|band0.5|scr10,-5.0,0.5,22500000.0,10.0,PAMF-H1-K8-G8,152,0,0,0,0,0,0,0,0,0,0
1450_16_rot2,1450_16,VV,2,speed-5|band0.5|scr20,-5.0,0.5,22500000.0,20.0,PAMF-H1-K8-G8,152,0,0,0,0,0,0,0,0,0,0
1450_16_rot2,1450_16,VV,2,speed-5|band1|scr0,-5.0,1.0,45000000.0,0.0,PAMF-H1-K8-G8,152,3,3,3,3,1402,1402,-648,3,0,0
1450_16_rot2,1450_16,VV,2,speed-5|band1|scr10,-5.0,1.0,45000000.0,10.0,PAMF-H1-K8-G8,152,1,1,1,1,519,519,99,0,0,1
1450_16_rot2,1450_16,VV,2,speed-5|band1|scr20,-5.0,1.0,45000000.0,20.0,PAMF-H1-K8-G8,152,0,0,0,0,0,0,0,0,0,0
1450_16_rot2,1450_16,VV,2,speed5|band0.5|scr0,5.0,0.5,22500000.0,0.0,PAMF-H1-K8-G8,152,0,0,0,0,0,0,0,0,0,0
1450_16_rot2,1450_16,VV,2,speed5|band0.5|scr10,5.0,0.5,22500000.0,10.0,PAMF-H1-K8-G8,152,0,0,0,0,0,0,0,0,0,0
1450_16_rot2,1450_16,VV,2,speed5|band0.5|scr20,5.0,0.5,22500000.0,20.0,PAMF-H1-K8-G8,152,0,0,0,0,0,0,0,0,0,0
1450_16_rot2,1450_16,VV,2,speed5|band1|scr0,5.0,1.0,45000000.0,0.0,PAMF-H1-K8-G8,152,1,0,0,0,167,0,0,0,0,0
1450_16_rot2,1450_16,VV,2,speed5|band1|scr10,5.0,1.0,45000000.0,10.0,PAMF-H1-K8-G8,152,0,0,0,0,0,0,0,0,0,0
1450_16_rot2,1450_16,VV,2,speed5|band1|scr20,5.0,1.0,45000000.0,20.0,PAMF-H1-K8-G8,152,0,0,0,0,0,0,0,0,0,0
1450_16_rot2,1450_16,VV,2,speed15|band0.5|scr0,15.0,0.5,22500000.0,0.0,PAMF-H1-K8-G8,152,1,0,0,0,443,0,0,0,0,0
1450_16_rot2,1450_16,VV,2,speed15|band0.5|scr10,15.0,0.5,22500000.0,10.0,PAMF-H1-K8-G8,152,0,0,0,0,0,0,0,0,0,0
1450_16_rot2,1450_16,VV,2,speed15|band0.5|scr20,15.0,0.5,22500000.0,20.0,PAMF-H1-K8-G8,152,0,0,0,0,0,0,0,0,0,0
1450_16_rot2,1450_16,VV,2,speed15|band1|scr0,15.0,1.0,45000000.0,0.0,PAMF-H1-K8-G8,152,1,0,0,0,443,0,0,0,0,0
1450_16_rot2,1450_16,VV,2,speed15|band1|scr10,15.0,1.0,45000000.0,10.0,PAMF-H1-K8-G8,152,1,1,1,1,59,59,-197,1,0,0
1450_16_rot2,1450_16,VV,2,speed15|band1|scr20,15.0,1.0,45000000.0,20.0,PAMF-H1-K8-G8,152,3,2,2,2,1243,752,-395,2,0,0
1450_16_rot2,1450_16,VV,2,speed-15|band0.5|scr0,-15.0,0.5,22500000.0,0.0,P-ANMF1-N16,152,1,0,0,0,1011,0,0,0,0,0
1450_16_rot2,1450_16,VV,2,speed-15|band0.5|scr10,-15.0,0.5,22500000.0,10.0,P-ANMF1-N16,152,0,0,0,0,0,0,0,0,0,0
1450_16_rot2,1450_16,VV,2,speed-15|band0.5|scr20,-15.0,0.5,22500000.0,20.0,P-ANMF1-N16,152,0,0,0,0,0,0,0,0,0,0
1450_16_rot2,1450_16,VV,2,speed-15|band1|scr0,-15.0,1.0,45000000.0,0.0,P-ANMF1-N16,152,1,0,0,0,1010,0,0,0,0,0
1450_16_rot2,1450_16,VV,2,speed-15|band1|scr10,-15.0,1.0,45000000.0,10.0,P-ANMF1-N16,152,0,0,0,0,0,0,0,0,0,0
1450_16_rot2,1450_16,VV,2,speed-15|band1|scr20,-15.0,1.0,45000000.0,20.0,P-ANMF1-N16,152,0,0,0,0,0,0,0,0,0,0
1450_16_rot2,1450_16,VV,2,speed-5|band0.5|scr0,-5.0,0.5,22500000.0,0.0,P-ANMF1-N16,152,14,13,13,13,3095,2711,-4284,12,0,1
1450_16_rot2,1450_16,VV,2,speed-5|band0.5|scr10,-5.0,0.5,22500000.0,10.0,P-ANMF1-N16,152,87,87,87,87,10677,10677,-32270,82,0,5
1450_16_rot2,1450_16,VV,2,speed-5|band0.5|scr20,-5.0,0.5,22500000.0,20.0,P-ANMF1-N16,152,139,139,139,139,2047,2047,-68020,138,0,1
1450_16_rot2,1450_16,VV,2,speed-5|band1|scr0,-5.0,1.0,45000000.0,0.0,P-ANMF1-N16,152,15,14,14,14,5302,5253,-2162,12,0,2
1450_16_rot2,1450_16,VV,2,speed-5|band1|scr10,-5.0,1.0,45000000.0,10.0,P-ANMF1-N16,152,80,80,80,79,20247,20298,-19717,77,0,3
1450_16_rot2,1450_16,VV,2,speed-5|band1|scr20,-5.0,1.0,45000000.0,20.0,P-ANMF1-N16,152,138,138,138,137,11961,11963,-57408,138,0,0
1450_16_rot2,1450_16,VV,2,speed5|band0.5|scr0,5.0,0.5,22500000.0,0.0,P-ANMF1-N16,152,45,45,45,45,7564,7564,-14276,41,1,3
1450_16_rot2,1450_16,VV,2,speed5|band0.5|scr10,5.0,0.5,22500000.0,10.0,P-ANMF1-N16,152,132,132,132,132,6802,6802,-59391,129,0,3
1450_16_rot2,1450_16,VV,2,speed5|band0.5|scr20,5.0,0.5,22500000.0,20.0,P-ANMF1-N16,152,147,147,147,147,1159,1159,-72841,147,0,0
1450_16_rot2,1450_16,VV,2,speed5|band1|scr0,5.0,1.0,45000000.0,0.0,P-ANMF1-N16,152,44,44,44,44,14005,14005,-7609,39,1,4
1450_16_rot2,1450_16,VV,2,speed5|band1|scr10,5.0,1.0,45000000.0,10.0,P-ANMF1-N16,152,130,130,130,130,24477,24477,-40634,123,0,7
1450_16_rot2,1450_16,VV,2,speed5|band1|scr20,5.0,1.0,45000000.0,20.0,P-ANMF1-N16,152,147,147,147,143,5161,5174,-68826,146,0,1
1450_16_rot2,1450_16,VV,2,speed15|band0.5|scr0,15.0,0.5,22500000.0,0.0,P-ANMF1-N16,152,1,0,0,0,1011,0,0,0,0,0
1450_16_rot2,1450_16,VV,2,speed15|band0.5|scr10,15.0,0.5,22500000.0,10.0,P-ANMF1-N16,152,0,0,0,0,0,0,0,0,0,0
1450_16_rot2,1450_16,VV,2,speed15|band0.5|scr20,15.0,0.5,22500000.0,20.0,P-ANMF1-N16,152,0,0,0,0,0,0,0,0,0,0
1450_16_rot2,1450_16,VV,2,speed15|band1|scr0,15.0,1.0,45000000.0,0.0,P-ANMF1-N16,152,1,0,0,0,1010,0,0,0,0,0
1450_16_rot2,1450_16,VV,2,speed15|band1|scr10,15.0,1.0,45000000.0,10.0,P-ANMF1-N16,152,0,0,0,0,0,0,0,0,0,0
1450_16_rot2,1450_16,VV,2,speed15|band1|scr20,15.0,1.0,45000000.0,20.0,P-ANMF1-N16,152,0,0,0,0,0,0,0,0,0,0
1450_16_rot3,1450_16,VV,3,speed-15|band0.5|scr0,-15.0,0.5,22500000.0,0.0,IN-G0,152,0,0,0,0,0,0,0,0,0,0
1450_16_rot3,1450_16,VV,3,speed-15|band0.5|scr10,-15.0,0.5,22500000.0,10.0,IN-G0,152,0,0,0,0,0,0,0,0,0,0
1450_16_rot3,1450_16,VV,3,speed-15|band0.5|scr20,-15.0,0.5,22500000.0,20.0,IN-G0,152,0,0,0,0,0,0,0,0,0,0
1450_16_rot3,1450_16,VV,3,speed-15|band1|scr0,-15.0,1.0,45000000.0,0.0,IN-G0,152,0,0,0,0,0,0,0,0,0,0
1450_16_rot3,1450_16,VV,3,speed-15|band1|scr10,-15.0,1.0,45000000.0,10.0,IN-G0,152,0,0,0,0,0,0,0,0,0,0
1450_16_rot3,1450_16,VV,3,speed-15|band1|scr20,-15.0,1.0,45000000.0,20.0,IN-G0,152,0,0,0,0,0,0,0,0,0,0
1450_16_rot3,1450_16,VV,3,speed-5|band0.5|scr0,-5.0,0.5,22500000.0,0.0,IN-G0,152,0,0,0,0,0,0,0,0,0,0
1450_16_rot3,1450_16,VV,3,speed-5|band0.5|scr10,-5.0,0.5,22500000.0,10.0,IN-G0,152,0,0,0,0,0,0,0,0,0,0
1450_16_rot3,1450_16,VV,3,speed-5|band0.5|scr20,-5.0,0.5,22500000.0,20.0,IN-G0,152,0,0,0,0,0,0,0,0,0,0
1450_16_rot3,1450_16,VV,3,speed-5|band1|scr0,-5.0,1.0,45000000.0,0.0,IN-G0,152,0,0,0,0,0,0,0,0,0,0
1450_16_rot3,1450_16,VV,3,speed-5|band1|scr10,-5.0,1.0,45000000.0,10.0,IN-G0,152,0,0,0,0,0,0,0,0,0,0
1450_16_rot3,1450_16,VV,3,speed-5|band1|scr20,-5.0,1.0,45000000.0,20.0,IN-G0,152,0,0,0,0,0,0,0,0,0,0
1450_16_rot3,1450_16,VV,3,speed5|band0.5|scr0,5.0,0.5,22500000.0,0.0,IN-G0,152,0,0,0,0,0,0,0,0,0,0
1450_16_rot3,1450_16,VV,3,speed5|band0.5|scr10,5.0,0.5,22500000.0,10.0,IN-G0,152,0,0,0,0,0,0,0,0,0,0
1450_16_rot3,1450_16,VV,3,speed5|band0.5|scr20,5.0,0.5,22500000.0,20.0,IN-G0,152,0,0,0,0,0,0,0,0,0,0
1450_16_rot3,1450_16,VV,3,speed5|band1|scr0,5.0,1.0,45000000.0,0.0,IN-G0,152,0,0,0,0,0,0,0,0,0,0
1450_16_rot3,1450_16,VV,3,speed5|band1|scr10,5.0,1.0,45000000.0,10.0,IN-G0,152,0,0,0,0,0,0,0,0,0,0
1450_16_rot3,1450_16,VV,3,speed5|band1|scr20,5.0,1.0,45000000.0,20.0,IN-G0,152,0,0,0,0,0,0,0,0,0,0
1450_16_rot3,1450_16,VV,3,speed15|band0.5|scr0,15.0,0.5,22500000.0,0.0,IN-G0,152,0,0,0,0,0,0,0,0,0,0
1450_16_rot3,1450_16,VV,3,speed15|band0.5|scr10,15.0,0.5,22500000.0,10.0,IN-G0,152,0,0,0,0,0,0,0,0,0,0
1450_16_rot3,1450_16,VV,3,speed15|band0.5|scr20,15.0,0.5,22500000.0,20.0,IN-G0,152,0,0,0,0,0,0,0,0,0,0
1450_16_rot3,1450_16,VV,3,speed15|band1|scr0,15.0,1.0,45000000.0,0.0,IN-G0,152,0,0,0,0,0,0,0,0,0,0
1450_16_rot3,1450_16,VV,3,speed15|band1|scr10,15.0,1.0,45000000.0,10.0,IN-G0,152,0,0,0,0,0,0,0,0,0,0
1450_16_rot3,1450_16,VV,3,speed15|band1|scr20,15.0,1.0,45000000.0,20.0,IN-G0,152,0,0,0,0,0,0,0,0,0,0
1450_16_rot3,1450_16,VV,3,speed-15|band0.5|scr0,-15.0,0.5,22500000.0,0.0,CA-G0,152,1,1,1,0,625,854,316,0,0,1
1450_16_rot3,1450_16,VV,3,speed-15|band0.5|scr10,-15.0,0.5,22500000.0,10.0,CA-G0,152,1,0,0,0,625,0,0,0,0,0
1450_16_rot3,1450_16,VV,3,speed-15|band0.5|scr20,-15.0,0.5,22500000.0,20.0,CA-G0,152,0,0,0,0,0,0,0,0,0,0
1450_16_rot3,1450_16,VV,3,speed-15|band1|scr0,-15.0,1.0,45000000.0,0.0,CA-G0,152,1,1,1,0,475,854,316,0,0,1
1450_16_rot3,1450_16,VV,3,speed-15|band1|scr10,-15.0,1.0,45000000.0,10.0,CA-G0,152,1,1,1,0,475,854,316,0,0,1
1450_16_rot3,1450_16,VV,3,speed-15|band1|scr20,-15.0,1.0,45000000.0,20.0,CA-G0,152,1,0,0,0,475,0,0,0,0,0
1450_16_rot3,1450_16,VV,3,speed-5|band0.5|scr0,-5.0,0.5,22500000.0,0.0,CA-G0,152,1,1,1,1,475,475,-63,1,0,0
1450_16_rot3,1450_16,VV,3,speed-5|band0.5|scr10,-5.0,0.5,22500000.0,10.0,CA-G0,152,1,0,0,0,475,0,0,0,0,0
1450_16_rot3,1450_16,VV,3,speed-5|band0.5|scr20,-5.0,0.5,22500000.0,20.0,CA-G0,152,1,1,1,0,475,670,132,0,0,1
1450_16_rot3,1450_16,VV,3,speed-5|band1|scr0,-5.0,1.0,45000000.0,0.0,CA-G0,152,2,2,2,2,1145,1145,379,1,0,1
1450_16_rot3,1450_16,VV,3,speed-5|band1|scr10,-5.0,1.0,45000000.0,10.0,CA-G0,152,2,1,1,1,1100,475,6,0,0,1
1450_16_rot3,1450_16,VV,3,speed-5|band1|scr20,-5.0,1.0,45000000.0,20.0,CA-G0,152,1,0,0,0,854,0,0,0,0,0
1450_16_rot3,1450_16,VV,3,speed5|band0.5|scr0,5.0,0.5,22500000.0,0.0,CA-G0,152,1,1,1,1,475,475,-63,1,0,0
1450_16_rot3,1450_16,VV,3,speed5|band0.5|scr10,5.0,0.5,22500000.0,10.0,CA-G0,152,1,1,1,1,475,475,-63,1,0,0
1450_16_rot3,1450_16,VV,3,speed5|band0.5|scr20,5.0,0.5,22500000.0,20.0,CA-G0,152,0,0,0,0,0,0,0,0,0,0
1450_16_rot3,1450_16,VV,3,speed5|band1|scr0,5.0,1.0,45000000.0,0.0,CA-G0,152,2,1,1,1,1295,625,87,0,0,1
1450_16_rot3,1450_16,VV,3,speed5|band1|scr10,5.0,1.0,45000000.0,10.0,CA-G0,152,1,1,1,1,854,854,316,0,0,1
1450_16_rot3,1450_16,VV,3,speed5|band1|scr20,5.0,1.0,45000000.0,20.0,CA-G0,152,0,0,0,0,0,0,0,0,0,0
1450_16_rot3,1450_16,VV,3,speed15|band0.5|scr0,15.0,0.5,22500000.0,0.0,CA-G0,152,2,1,1,1,1145,475,-63,1,0,0
1450_16_rot3,1450_16,VV,3,speed15|band0.5|scr10,15.0,0.5,22500000.0,10.0,CA-G0,152,1,1,1,1,475,475,-63,1,0,0
1450_16_rot3,1450_16,VV,3,speed15|band0.5|scr20,15.0,0.5,22500000.0,20.0,CA-G0,152,0,0,0,0,0,0,0,0,0,0
1450_16_rot3,1450_16,VV,3,speed15|band1|scr0,15.0,1.0,45000000.0,0.0,CA-G0,152,2,1,1,1,1295,625,87,0,0,1
1450_16_rot3,1450_16,VV,3,speed15|band1|scr10,15.0,1.0,45000000.0,10.0,CA-G0,152,2,2,2,2,1846,1846,548,0,0,2
1450_16_rot3,1450_16,VV,3,speed15|band1|scr20,15.0,1.0,45000000.0,20.0,CA-G0,152,1,1,1,1,992,992,232,0,0,1
1450_16_rot3,1450_16,VV,3,speed-15|band0.5|scr0,-15.0,0.5,22500000.0,0.0,OS8-G0,152,0,0,0,0,0,0,0,0,0,0
1450_16_rot3,1450_16,VV,3,speed-15|band0.5|scr10,-15.0,0.5,22500000.0,10.0,OS8-G0,152,0,0,0,0,0,0,0,0,0,0
1450_16_rot3,1450_16,VV,3,speed-15|band0.5|scr20,-15.0,0.5,22500000.0,20.0,OS8-G0,152,0,0,0,0,0,0,0,0,0,0
1450_16_rot3,1450_16,VV,3,speed-15|band1|scr0,-15.0,1.0,45000000.0,0.0,OS8-G0,152,0,0,0,0,0,0,0,0,0,0
1450_16_rot3,1450_16,VV,3,speed-15|band1|scr10,-15.0,1.0,45000000.0,10.0,OS8-G0,152,0,0,0,0,0,0,0,0,0,0
1450_16_rot3,1450_16,VV,3,speed-15|band1|scr20,-15.0,1.0,45000000.0,20.0,OS8-G0,152,0,0,0,0,0,0,0,0,0,0
1450_16_rot3,1450_16,VV,3,speed-5|band0.5|scr0,-5.0,0.5,22500000.0,0.0,OS8-G0,152,5,4,4,4,1782,1345,-10,3,0,1
1450_16_rot3,1450_16,VV,3,speed-5|band0.5|scr10,-5.0,0.5,22500000.0,10.0,OS8-G0,152,4,2,2,2,2598,1460,567,1,0,1
1450_16_rot3,1450_16,VV,3,speed-5|band0.5|scr20,-5.0,0.5,22500000.0,20.0,OS8-G0,152,1,1,1,1,508,508,-27,1,0,0
1450_16_rot3,1450_16,VV,3,speed-5|band1|scr0,-5.0,1.0,45000000.0,0.0,OS8-G0,152,6,5,5,5,3139,2886,304,2,0,3
1450_16_rot3,1450_16,VV,3,speed-5|band1|scr10,-5.0,1.0,45000000.0,10.0,OS8-G0,152,4,3,3,3,1529,1354,-46,2,0,1
1450_16_rot3,1450_16,VV,3,speed-5|band1|scr20,-5.0,1.0,45000000.0,20.0,OS8-G0,152,1,1,1,1,406,406,-129,1,0,0
1450_16_rot3,1450_16,VV,3,speed5|band0.5|scr0,5.0,0.5,22500000.0,0.0,OS8-G0,152,0,0,0,0,0,0,0,0,0,0
1450_16_rot3,1450_16,VV,3,speed5|band0.5|scr10,5.0,0.5,22500000.0,10.0,OS8-G0,152,0,0,0,0,0,0,0,0,0,0
1450_16_rot3,1450_16,VV,3,speed5|band0.5|scr20,5.0,0.5,22500000.0,20.0,OS8-G0,152,0,0,0,0,0,0,0,0,0,0
1450_16_rot3,1450_16,VV,3,speed5|band1|scr0,5.0,1.0,45000000.0,0.0,OS8-G0,152,0,0,0,0,0,0,0,0,0,0
1450_16_rot3,1450_16,VV,3,speed5|band1|scr10,5.0,1.0,45000000.0,10.0,OS8-G0,152,0,0,0,0,0,0,0,0,0,0
1450_16_rot3,1450_16,VV,3,speed5|band1|scr20,5.0,1.0,45000000.0,20.0,OS8-G0,152,0,0,0,0,0,0,0,0,0,0
1450_16_rot3,1450_16,VV,3,speed15|band0.5|scr0,15.0,0.5,22500000.0,0.0,OS8-G0,152,0,0,0,0,0,0,0,0,0,0
1450_16_rot3,1450_16,VV,3,speed15|band0.5|scr10,15.0,0.5,22500000.0,10.0,OS8-G0,152,0,0,0,0,0,0,0,0,0,0
1450_16_rot3,1450_16,VV,3,speed15|band0.5|scr20,15.0,0.5,22500000.0,20.0,OS8-G0,152,0,0,0,0,0,0,0,0,0,0
1450_16_rot3,1450_16,VV,3,speed15|band1|scr0,15.0,1.0,45000000.0,0.0,OS8-G0,152,0,0,0,0,0,0,0,0,0,0
1450_16_rot3,1450_16,VV,3,speed15|band1|scr10,15.0,1.0,45000000.0,10.0,OS8-G0,152,0,0,0,0,0,0,0,0,0,0
1450_16_rot3,1450_16,VV,3,speed15|band1|scr20,15.0,1.0,45000000.0,20.0,OS8-G0,152,0,0,0,0,0,0,0,0,0,0
1450_16_rot3,1450_16,VV,3,speed-15|band0.5|scr0,-15.0,0.5,22500000.0,0.0,IN-G8,152,0,0,0,0,0,0,0,0,0,0
1450_16_rot3,1450_16,VV,3,speed-15|band0.5|scr10,-15.0,0.5,22500000.0,10.0,IN-G8,152,0,0,0,0,0,0,0,0,0,0
1450_16_rot3,1450_16,VV,3,speed-15|band0.5|scr20,-15.0,0.5,22500000.0,20.0,IN-G8,152,0,0,0,0,0,0,0,0,0,0
1450_16_rot3,1450_16,VV,3,speed-15|band1|scr0,-15.0,1.0,45000000.0,0.0,IN-G8,152,0,0,0,0,0,0,0,0,0,0
1450_16_rot3,1450_16,VV,3,speed-15|band1|scr10,-15.0,1.0,45000000.0,10.0,IN-G8,152,0,0,0,0,0,0,0,0,0,0
1450_16_rot3,1450_16,VV,3,speed-15|band1|scr20,-15.0,1.0,45000000.0,20.0,IN-G8,152,0,0,0,0,0,0,0,0,0,0
1450_16_rot3,1450_16,VV,3,speed-5|band0.5|scr0,-5.0,0.5,22500000.0,0.0,IN-G8,152,0,0,0,0,0,0,0,0,0,0
1450_16_rot3,1450_16,VV,3,speed-5|band0.5|scr10,-5.0,0.5,22500000.0,10.0,IN-G8,152,0,0,0,0,0,0,0,0,0,0
1450_16_rot3,1450_16,VV,3,speed-5|band0.5|scr20,-5.0,0.5,22500000.0,20.0,IN-G8,152,0,0,0,0,0,0,0,0,0,0
1450_16_rot3,1450_16,VV,3,speed-5|band1|scr0,-5.0,1.0,45000000.0,0.0,IN-G8,152,0,0,0,0,0,0,0,0,0,0
1450_16_rot3,1450_16,VV,3,speed-5|band1|scr10,-5.0,1.0,45000000.0,10.0,IN-G8,152,0,0,0,0,0,0,0,0,0,0
1450_16_rot3,1450_16,VV,3,speed-5|band1|scr20,-5.0,1.0,45000000.0,20.0,IN-G8,152,0,0,0,0,0,0,0,0,0,0
1450_16_rot3,1450_16,VV,3,speed5|band0.5|scr0,5.0,0.5,22500000.0,0.0,IN-G8,152,0,0,0,0,0,0,0,0,0,0
1450_16_rot3,1450_16,VV,3,speed5|band0.5|scr10,5.0,0.5,22500000.0,10.0,IN-G8,152,0,0,0,0,0,0,0,0,0,0
1450_16_rot3,1450_16,VV,3,speed5|band0.5|scr20,5.0,0.5,22500000.0,20.0,IN-G8,152,0,0,0,0,0,0,0,0,0,0
1450_16_rot3,1450_16,VV,3,speed5|band1|scr0,5.0,1.0,45000000.0,0.0,IN-G8,152,0,0,0,0,0,0,0,0,0,0
1450_16_rot3,1450_16,VV,3,speed5|band1|scr10,5.0,1.0,45000000.0,10.0,IN-G8,152,0,0,0,0,0,0,0,0,0,0
1450_16_rot3,1450_16,VV,3,speed5|band1|scr20,5.0,1.0,45000000.0,20.0,IN-G8,152,0,0,0,0,0,0,0,0,0,0
1450_16_rot3,1450_16,VV,3,speed15|band0.5|scr0,15.0,0.5,22500000.0,0.0,IN-G8,152,0,0,0,0,0,0,0,0,0,0
1450_16_rot3,1450_16,VV,3,speed15|band0.5|scr10,15.0,0.5,22500000.0,10.0,IN-G8,152,0,0,0,0,0,0,0,0,0,0
1450_16_rot3,1450_16,VV,3,speed15|band0.5|scr20,15.0,0.5,22500000.0,20.0,IN-G8,152,0,0,0,0,0,0,0,0,0,0
1450_16_rot3,1450_16,VV,3,speed15|band1|scr0,15.0,1.0,45000000.0,0.0,IN-G8,152,0,0,0,0,0,0,0,0,0,0
1450_16_rot3,1450_16,VV,3,speed15|band1|scr10,15.0,1.0,45000000.0,10.0,IN-G8,152,0,0,0,0,0,0,0,0,0,0
1450_16_rot3,1450_16,VV,3,speed15|band1|scr20,15.0,1.0,45000000.0,20.0,IN-G8,152,0,0,0,0,0,0,0,0,0,0
1450_16_rot3,1450_16,VV,3,speed-15|band0.5|scr0,-15.0,0.5,22500000.0,0.0,CA-G8,152,0,0,0,0,0,0,0,0,0,0
1450_16_rot3,1450_16,VV,3,speed-15|band0.5|scr10,-15.0,0.5,22500000.0,10.0,CA-G8,152,0,0,0,0,0,0,0,0,0,0
1450_16_rot3,1450_16,VV,3,speed-15|band0.5|scr20,-15.0,0.5,22500000.0,20.0,CA-G8,152,0,0,0,0,0,0,0,0,0,0
1450_16_rot3,1450_16,VV,3,speed-15|band1|scr0,-15.0,1.0,45000000.0,0.0,CA-G8,152,0,0,0,0,0,0,0,0,0,0
1450_16_rot3,1450_16,VV,3,speed-15|band1|scr10,-15.0,1.0,45000000.0,10.0,CA-G8,152,0,0,0,0,0,0,0,0,0,0
1450_16_rot3,1450_16,VV,3,speed-15|band1|scr20,-15.0,1.0,45000000.0,20.0,CA-G8,152,0,0,0,0,0,0,0,0,0,0
1450_16_rot3,1450_16,VV,3,speed-5|band0.5|scr0,-5.0,0.5,22500000.0,0.0,CA-G8,152,1,1,1,1,17,17,-168,1,0,0
1450_16_rot3,1450_16,VV,3,speed-5|band0.5|scr10,-5.0,0.5,22500000.0,10.0,CA-G8,152,0,0,0,0,0,0,0,0,0,0
1450_16_rot3,1450_16,VV,3,speed-5|band0.5|scr20,-5.0,0.5,22500000.0,20.0,CA-G8,152,0,0,0,0,0,0,0,0,0,0
1450_16_rot3,1450_16,VV,3,speed-5|band1|scr0,-5.0,1.0,45000000.0,0.0,CA-G8,152,0,0,0,0,0,0,0,0,0,0
1450_16_rot3,1450_16,VV,3,speed-5|band1|scr10,-5.0,1.0,45000000.0,10.0,CA-G8,152,0,0,0,0,0,0,0,0,0,0
1450_16_rot3,1450_16,VV,3,speed-5|band1|scr20,-5.0,1.0,45000000.0,20.0,CA-G8,152,0,0,0,0,0,0,0,0,0,0
1450_16_rot3,1450_16,VV,3,speed5|band0.5|scr0,5.0,0.5,22500000.0,0.0,CA-G8,152,0,0,0,0,0,0,0,0,0,0
1450_16_rot3,1450_16,VV,3,speed5|band0.5|scr10,5.0,0.5,22500000.0,10.0,CA-G8,152,0,0,0,0,0,0,0,0,0,0
1450_16_rot3,1450_16,VV,3,speed5|band0.5|scr20,5.0,0.5,22500000.0,20.0,CA-G8,152,0,0,0,0,0,0,0,0,0,0
1450_16_rot3,1450_16,VV,3,speed5|band1|scr0,5.0,1.0,45000000.0,0.0,CA-G8,152,0,0,0,0,0,0,0,0,0,0
1450_16_rot3,1450_16,VV,3,speed5|band1|scr10,5.0,1.0,45000000.0,10.0,CA-G8,152,0,0,0,0,0,0,0,0,0,0
1450_16_rot3,1450_16,VV,3,speed5|band1|scr20,5.0,1.0,45000000.0,20.0,CA-G8,152,0,0,0,0,0,0,0,0,0,0
1450_16_rot3,1450_16,VV,3,speed15|band0.5|scr0,15.0,0.5,22500000.0,0.0,CA-G8,152,0,0,0,0,0,0,0,0,0,0
1450_16_rot3,1450_16,VV,3,speed15|band0.5|scr10,15.0,0.5,22500000.0,10.0,CA-G8,152,0,0,0,0,0,0,0,0,0,0
1450_16_rot3,1450_16,VV,3,speed15|band0.5|scr20,15.0,0.5,22500000.0,20.0,CA-G8,152,0,0,0,0,0,0,0,0,0,0
1450_16_rot3,1450_16,VV,3,speed15|band1|scr0,15.0,1.0,45000000.0,0.0,CA-G8,152,0,0,0,0,0,0,0,0,0,0
1450_16_rot3,1450_16,VV,3,speed15|band1|scr10,15.0,1.0,45000000.0,10.0,CA-G8,152,0,0,0,0,0,0,0,0,0,0
1450_16_rot3,1450_16,VV,3,speed15|band1|scr20,15.0,1.0,45000000.0,20.0,CA-G8,152,0,0,0,0,0,0,0,0,0,0
1450_16_rot3,1450_16,VV,3,speed-15|band0.5|scr0,-15.0,0.5,22500000.0,0.0,OS8-G8,152,0,0,0,0,0,0,0,0,0,0
1450_16_rot3,1450_16,VV,3,speed-15|band0.5|scr10,-15.0,0.5,22500000.0,10.0,OS8-G8,152,0,0,0,0,0,0,0,0,0,0
1450_16_rot3,1450_16,VV,3,speed-15|band0.5|scr20,-15.0,0.5,22500000.0,20.0,OS8-G8,152,0,0,0,0,0,0,0,0,0,0
1450_16_rot3,1450_16,VV,3,speed-15|band1|scr0,-15.0,1.0,45000000.0,0.0,OS8-G8,152,0,0,0,0,0,0,0,0,0,0
1450_16_rot3,1450_16,VV,3,speed-15|band1|scr10,-15.0,1.0,45000000.0,10.0,OS8-G8,152,0,0,0,0,0,0,0,0,0,0
1450_16_rot3,1450_16,VV,3,speed-15|band1|scr20,-15.0,1.0,45000000.0,20.0,OS8-G8,152,0,0,0,0,0,0,0,0,0,0
1450_16_rot3,1450_16,VV,3,speed-5|band0.5|scr0,-5.0,0.5,22500000.0,0.0,OS8-G8,152,0,0,0,0,0,0,0,0,0,0
1450_16_rot3,1450_16,VV,3,speed-5|band0.5|scr10,-5.0,0.5,22500000.0,10.0,OS8-G8,152,0,0,0,0,0,0,0,0,0,0
1450_16_rot3,1450_16,VV,3,speed-5|band0.5|scr20,-5.0,0.5,22500000.0,20.0,OS8-G8,152,0,0,0,0,0,0,0,0,0,0
1450_16_rot3,1450_16,VV,3,speed-5|band1|scr0,-5.0,1.0,45000000.0,0.0,OS8-G8,152,0,0,0,0,0,0,0,0,0,0
1450_16_rot3,1450_16,VV,3,speed-5|band1|scr10,-5.0,1.0,45000000.0,10.0,OS8-G8,152,0,0,0,0,0,0,0,0,0,0
1450_16_rot3,1450_16,VV,3,speed-5|band1|scr20,-5.0,1.0,45000000.0,20.0,OS8-G8,152,0,0,0,0,0,0,0,0,0,0
1450_16_rot3,1450_16,VV,3,speed5|band0.5|scr0,5.0,0.5,22500000.0,0.0,OS8-G8,152,0,0,0,0,0,0,0,0,0,0
1450_16_rot3,1450_16,VV,3,speed5|band0.5|scr10,5.0,0.5,22500000.0,10.0,OS8-G8,152,0,0,0,0,0,0,0,0,0,0
1450_16_rot3,1450_16,VV,3,speed5|band0.5|scr20,5.0,0.5,22500000.0,20.0,OS8-G8,152,0,0,0,0,0,0,0,0,0,0
1450_16_rot3,1450_16,VV,3,speed5|band1|scr0,5.0,1.0,45000000.0,0.0,OS8-G8,152,0,0,0,0,0,0,0,0,0,0
1450_16_rot3,1450_16,VV,3,speed5|band1|scr10,5.0,1.0,45000000.0,10.0,OS8-G8,152,0,0,0,0,0,0,0,0,0,0
1450_16_rot3,1450_16,VV,3,speed5|band1|scr20,5.0,1.0,45000000.0,20.0,OS8-G8,152,0,0,0,0,0,0,0,0,0,0
1450_16_rot3,1450_16,VV,3,speed15|band0.5|scr0,15.0,0.5,22500000.0,0.0,OS8-G8,152,0,0,0,0,0,0,0,0,0,0
1450_16_rot3,1450_16,VV,3,speed15|band0.5|scr10,15.0,0.5,22500000.0,10.0,OS8-G8,152,0,0,0,0,0,0,0,0,0,0
1450_16_rot3,1450_16,VV,3,speed15|band0.5|scr20,15.0,0.5,22500000.0,20.0,OS8-G8,152,0,0,0,0,0,0,0,0,0,0
1450_16_rot3,1450_16,VV,3,speed15|band1|scr0,15.0,1.0,45000000.0,0.0,OS8-G8,152,0,0,0,0,0,0,0,0,0,0
1450_16_rot3,1450_16,VV,3,speed15|band1|scr10,15.0,1.0,45000000.0,10.0,OS8-G8,152,0,0,0,0,0,0,0,0,0,0
1450_16_rot3,1450_16,VV,3,speed15|band1|scr20,15.0,1.0,45000000.0,20.0,OS8-G8,152,0,0,0,0,0,0,0,0,0,0
1450_16_rot3,1450_16,VV,3,speed-15|band0.5|scr0,-15.0,0.5,22500000.0,0.0,PAMF-H1-K8-G8,152,0,0,0,0,0,0,0,0,0,0
1450_16_rot3,1450_16,VV,3,speed-15|band0.5|scr10,-15.0,0.5,22500000.0,10.0,PAMF-H1-K8-G8,152,0,0,0,0,0,0,0,0,0,0
1450_16_rot3,1450_16,VV,3,speed-15|band0.5|scr20,-15.0,0.5,22500000.0,20.0,PAMF-H1-K8-G8,152,0,0,0,0,0,0,0,0,0,0
1450_16_rot3,1450_16,VV,3,speed-15|band1|scr0,-15.0,1.0,45000000.0,0.0,PAMF-H1-K8-G8,152,0,0,0,0,0,0,0,0,0,0
1450_16_rot3,1450_16,VV,3,speed-15|band1|scr10,-15.0,1.0,45000000.0,10.0,PAMF-H1-K8-G8,152,0,0,0,0,0,0,0,0,0,0
1450_16_rot3,1450_16,VV,3,speed-15|band1|scr20,-15.0,1.0,45000000.0,20.0,PAMF-H1-K8-G8,152,0,0,0,0,0,0,0,0,0,0
1450_16_rot3,1450_16,VV,3,speed-5|band0.5|scr0,-5.0,0.5,22500000.0,0.0,PAMF-H1-K8-G8,152,0,0,0,0,0,0,0,0,0,0
1450_16_rot3,1450_16,VV,3,speed-5|band0.5|scr10,-5.0,0.5,22500000.0,10.0,PAMF-H1-K8-G8,152,0,0,0,0,0,0,0,0,0,0
1450_16_rot3,1450_16,VV,3,speed-5|band0.5|scr20,-5.0,0.5,22500000.0,20.0,PAMF-H1-K8-G8,152,0,0,0,0,0,0,0,0,0,0
1450_16_rot3,1450_16,VV,3,speed-5|band1|scr0,-5.0,1.0,45000000.0,0.0,PAMF-H1-K8-G8,152,0,0,0,0,0,0,0,0,0,0
1450_16_rot3,1450_16,VV,3,speed-5|band1|scr10,-5.0,1.0,45000000.0,10.0,PAMF-H1-K8-G8,152,0,0,0,0,0,0,0,0,0,0
1450_16_rot3,1450_16,VV,3,speed-5|band1|scr20,-5.0,1.0,45000000.0,20.0,PAMF-H1-K8-G8,152,0,0,0,0,0,0,0,0,0,0
1450_16_rot3,1450_16,VV,3,speed5|band0.5|scr0,5.0,0.5,22500000.0,0.0,PAMF-H1-K8-G8,152,0,0,0,0,0,0,0,0,0,0
1450_16_rot3,1450_16,VV,3,speed5|band0.5|scr10,5.0,0.5,22500000.0,10.0,PAMF-H1-K8-G8,152,0,0,0,0,0,0,0,0,0,0
1450_16_rot3,1450_16,VV,3,speed5|band0.5|scr20,5.0,0.5,22500000.0,20.0,PAMF-H1-K8-G8,152,0,0,0,0,0,0,0,0,0,0
1450_16_rot3,1450_16,VV,3,speed5|band1|scr0,5.0,1.0,45000000.0,0.0,PAMF-H1-K8-G8,152,0,0,0,0,0,0,0,0,0,0
1450_16_rot3,1450_16,VV,3,speed5|band1|scr10,5.0,1.0,45000000.0,10.0,PAMF-H1-K8-G8,152,0,0,0,0,0,0,0,0,0,0
1450_16_rot3,1450_16,VV,3,speed5|band1|scr20,5.0,1.0,45000000.0,20.0,PAMF-H1-K8-G8,152,0,0,0,0,0,0,0,0,0,0
1450_16_rot3,1450_16,VV,3,speed15|band0.5|scr0,15.0,0.5,22500000.0,0.0,PAMF-H1-K8-G8,152,0,0,0,0,0,0,0,0,0,0
1450_16_rot3,1450_16,VV,3,speed15|band0.5|scr10,15.0,0.5,22500000.0,10.0,PAMF-H1-K8-G8,152,0,0,0,0,0,0,0,0,0,0
1450_16_rot3,1450_16,VV,3,speed15|band0.5|scr20,15.0,0.5,22500000.0,20.0,PAMF-H1-K8-G8,152,0,0,0,0,0,0,0,0,0,0
1450_16_rot3,1450_16,VV,3,speed15|band1|scr0,15.0,1.0,45000000.0,0.0,PAMF-H1-K8-G8,152,0,0,0,0,0,0,0,0,0,0
1450_16_rot3,1450_16,VV,3,speed15|band1|scr10,15.0,1.0,45000000.0,10.0,PAMF-H1-K8-G8,152,0,0,0,0,0,0,0,0,0,0
1450_16_rot3,1450_16,VV,3,speed15|band1|scr20,15.0,1.0,45000000.0,20.0,PAMF-H1-K8-G8,152,0,0,0,0,0,0,0,0,0,0
1450_16_rot3,1450_16,VV,3,speed-15|band0.5|scr0,-15.0,0.5,22500000.0,0.0,P-ANMF1-N16,152,0,0,0,0,0,0,0,0,0,0
1450_16_rot3,1450_16,VV,3,speed-15|band0.5|scr10,-15.0,0.5,22500000.0,10.0,P-ANMF1-N16,152,0,0,0,0,0,0,0,0,0,0
1450_16_rot3,1450_16,VV,3,speed-15|band0.5|scr20,-15.0,0.5,22500000.0,20.0,P-ANMF1-N16,152,0,0,0,0,0,0,0,0,0,0
1450_16_rot3,1450_16,VV,3,speed-15|band1|scr0,-15.0,1.0,45000000.0,0.0,P-ANMF1-N16,152,0,0,0,0,0,0,0,0,0,0
1450_16_rot3,1450_16,VV,3,speed-15|band1|scr10,-15.0,1.0,45000000.0,10.0,P-ANMF1-N16,152,0,0,0,0,0,0,0,0,0,0
1450_16_rot3,1450_16,VV,3,speed-15|band1|scr20,-15.0,1.0,45000000.0,20.0,P-ANMF1-N16,152,0,0,0,0,0,0,0,0,0,0
1450_16_rot3,1450_16,VV,3,speed-5|band0.5|scr0,-5.0,0.5,22500000.0,0.0,P-ANMF1-N16,152,17,17,17,17,5405,5405,-2168,13,0,4
1450_16_rot3,1450_16,VV,3,speed-5|band0.5|scr10,-5.0,0.5,22500000.0,10.0,P-ANMF1-N16,152,84,84,84,84,9404,9404,-30809,73,0,11
1450_16_rot3,1450_16,VV,3,speed-5|band0.5|scr20,-5.0,0.5,22500000.0,20.0,P-ANMF1-N16,152,144,144,144,144,3280,3280,-68175,143,0,1
1450_16_rot3,1450_16,VV,3,speed-5|band1|scr0,-5.0,1.0,45000000.0,0.0,P-ANMF1-N16,152,11,11,11,11,3607,3607,-980,8,0,3
1450_16_rot3,1450_16,VV,3,speed-5|band1|scr10,-5.0,1.0,45000000.0,10.0,P-ANMF1-N16,152,78,78,78,78,17641,17641,-19824,70,0,8
1450_16_rot3,1450_16,VV,3,speed-5|band1|scr20,-5.0,1.0,45000000.0,20.0,P-ANMF1-N16,152,144,144,144,144,14121,14121,-57334,143,0,1
1450_16_rot3,1450_16,VV,3,speed5|band0.5|scr0,5.0,0.5,22500000.0,0.0,P-ANMF1-N16,152,46,46,46,46,6811,6811,-16790,43,0,3
1450_16_rot3,1450_16,VV,3,speed5|band0.5|scr10,5.0,0.5,22500000.0,10.0,P-ANMF1-N16,152,131,131,131,131,8401,8401,-56674,126,0,5
1450_16_rot3,1450_16,VV,3,speed5|band0.5|scr20,5.0,0.5,22500000.0,20.0,P-ANMF1-N16,152,149,149,149,149,1246,1246,-72460,148,0,1
1450_16_rot3,1450_16,VV,3,speed5|band1|scr0,5.0,1.0,45000000.0,0.0,P-ANMF1-N16,152,44,44,44,44,14624,14624,-8429,41,0,3
1450_16_rot3,1450_16,VV,3,speed5|band1|scr10,5.0,1.0,45000000.0,10.0,P-ANMF1-N16,152,126,126,126,126,21113,21113,-41384,124,0,2
1450_16_rot3,1450_16,VV,3,speed5|band1|scr20,5.0,1.0,45000000.0,20.0,P-ANMF1-N16,152,149,149,149,147,5861,5890,-67816,148,0,1
1450_16_rot3,1450_16,VV,3,speed15|band0.5|scr0,15.0,0.5,22500000.0,0.0,P-ANMF1-N16,152,0,0,0,0,0,0,0,0,0,0
1450_16_rot3,1450_16,VV,3,speed15|band0.5|scr10,15.0,0.5,22500000.0,10.0,P-ANMF1-N16,152,0,0,0,0,0,0,0,0,0,0
1450_16_rot3,1450_16,VV,3,speed15|band0.5|scr20,15.0,0.5,22500000.0,20.0,P-ANMF1-N16,152,0,0,0,0,0,0,0,0,0,0
1450_16_rot3,1450_16,VV,3,speed15|band1|scr0,15.0,1.0,45000000.0,0.0,P-ANMF1-N16,152,0,0,0,0,0,0,0,0,0,0
1450_16_rot3,1450_16,VV,3,speed15|band1|scr10,15.0,1.0,45000000.0,10.0,P-ANMF1-N16,152,0,0,0,0,0,0,0,0,0,0
1450_16_rot3,1450_16,VV,3,speed15|band1|scr20,15.0,1.0,45000000.0,20.0,P-ANMF1-N16,152,0,0,0,0,0,0,0,0,0,0
1457_22_rot2,1457_22,VV,2,speed-15|band0.5|scr0,-15.0,0.5,22500000.0,0.0,IN-G0,152,0,0,0,0,0,0,0,0,0,0
1457_22_rot2,1457_22,VV,2,speed-15|band0.5|scr10,-15.0,0.5,22500000.0,10.0,IN-G0,152,0,0,0,0,0,0,0,0,0,0
1457_22_rot2,1457_22,VV,2,speed-15|band0.5|scr20,-15.0,0.5,22500000.0,20.0,IN-G0,152,0,0,0,0,0,0,0,0,0,0
1457_22_rot2,1457_22,VV,2,speed-15|band1|scr0,-15.0,1.0,45000000.0,0.0,IN-G0,152,0,0,0,0,0,0,0,0,0,0
1457_22_rot2,1457_22,VV,2,speed-15|band1|scr10,-15.0,1.0,45000000.0,10.0,IN-G0,152,0,0,0,0,0,0,0,0,0,0
1457_22_rot2,1457_22,VV,2,speed-15|band1|scr20,-15.0,1.0,45000000.0,20.0,IN-G0,152,1,1,1,1,413,413,-209,1,0,0
1457_22_rot2,1457_22,VV,2,speed-5|band0.5|scr0,-5.0,0.5,22500000.0,0.0,IN-G0,152,0,0,0,0,0,0,0,0,0,0
1457_22_rot2,1457_22,VV,2,speed-5|band0.5|scr10,-5.0,0.5,22500000.0,10.0,IN-G0,152,0,0,0,0,0,0,0,0,0,0
1457_22_rot2,1457_22,VV,2,speed-5|band0.5|scr20,-5.0,0.5,22500000.0,20.0,IN-G0,152,0,0,0,0,0,0,0,0,0,0
1457_22_rot2,1457_22,VV,2,speed-5|band1|scr0,-5.0,1.0,45000000.0,0.0,IN-G0,152,0,0,0,0,0,0,0,0,0,0
1457_22_rot2,1457_22,VV,2,speed-5|band1|scr10,-5.0,1.0,45000000.0,10.0,IN-G0,152,0,0,0,0,0,0,0,0,0,0
1457_22_rot2,1457_22,VV,2,speed-5|band1|scr20,-5.0,1.0,45000000.0,20.0,IN-G0,152,0,0,0,0,0,0,0,0,0,0
1457_22_rot2,1457_22,VV,2,speed5|band0.5|scr0,5.0,0.5,22500000.0,0.0,IN-G0,152,0,0,0,0,0,0,0,0,0,0
1457_22_rot2,1457_22,VV,2,speed5|band0.5|scr10,5.0,0.5,22500000.0,10.0,IN-G0,152,0,0,0,0,0,0,0,0,0,0
1457_22_rot2,1457_22,VV,2,speed5|band0.5|scr20,5.0,0.5,22500000.0,20.0,IN-G0,152,0,0,0,0,0,0,0,0,0,0
1457_22_rot2,1457_22,VV,2,speed5|band1|scr0,5.0,1.0,45000000.0,0.0,IN-G0,152,0,0,0,0,0,0,0,0,0,0
1457_22_rot2,1457_22,VV,2,speed5|band1|scr10,5.0,1.0,45000000.0,10.0,IN-G0,152,0,0,0,0,0,0,0,0,0,0
1457_22_rot2,1457_22,VV,2,speed5|band1|scr20,5.0,1.0,45000000.0,20.0,IN-G0,152,0,0,0,0,0,0,0,0,0,0
1457_22_rot2,1457_22,VV,2,speed15|band0.5|scr0,15.0,0.5,22500000.0,0.0,IN-G0,152,0,0,0,0,0,0,0,0,0,0
1457_22_rot2,1457_22,VV,2,speed15|band0.5|scr10,15.0,0.5,22500000.0,10.0,IN-G0,152,0,0,0,0,0,0,0,0,0,0
1457_22_rot2,1457_22,VV,2,speed15|band0.5|scr20,15.0,0.5,22500000.0,20.0,IN-G0,152,0,0,0,0,0,0,0,0,0,0
1457_22_rot2,1457_22,VV,2,speed15|band1|scr0,15.0,1.0,45000000.0,0.0,IN-G0,152,0,0,0,0,0,0,0,0,0,0
1457_22_rot2,1457_22,VV,2,speed15|band1|scr10,15.0,1.0,45000000.0,10.0,IN-G0,152,0,0,0,0,0,0,0,0,0,0
1457_22_rot2,1457_22,VV,2,speed15|band1|scr20,15.0,1.0,45000000.0,20.0,IN-G0,152,1,0,0,0,554,0,0,0,0,0
1457_22_rot2,1457_22,VV,2,speed-15|band0.5|scr0,-15.0,0.5,22500000.0,0.0,CA-G0,152,0,0,0,0,0,0,0,0,0,0
1457_22_rot2,1457_22,VV,2,speed-15|band0.5|scr10,-15.0,0.5,22500000.0,10.0,CA-G0,152,0,0,0,0,0,0,0,0,0,0
1457_22_rot2,1457_22,VV,2,speed-15|band0.5|scr20,-15.0,0.5,22500000.0,20.0,CA-G0,152,0,0,0,0,0,0,0,0,0,0
1457_22_rot2,1457_22,VV,2,speed-15|band1|scr0,-15.0,1.0,45000000.0,0.0,CA-G0,152,0,0,0,0,0,0,0,0,0,0
1457_22_rot2,1457_22,VV,2,speed-15|band1|scr10,-15.0,1.0,45000000.0,10.0,CA-G0,152,0,0,0,0,0,0,0,0,0,0
1457_22_rot2,1457_22,VV,2,speed-15|band1|scr20,-15.0,1.0,45000000.0,20.0,CA-G0,152,0,0,0,0,0,0,0,0,0,0
1457_22_rot2,1457_22,VV,2,speed-5|band0.5|scr0,-5.0,0.5,22500000.0,0.0,CA-G0,152,2,0,0,0,1047,0,0,0,0,0
1457_22_rot2,1457_22,VV,2,speed-5|band0.5|scr10,-5.0,0.5,22500000.0,10.0,CA-G0,152,1,0,0,0,396,0,0,0,0,0
1457_22_rot2,1457_22,VV,2,speed-5|band0.5|scr20,-5.0,0.5,22500000.0,20.0,CA-G0,152,1,0,0,0,396,0,0,0,0,0
1457_22_rot2,1457_22,VV,2,speed-5|band1|scr0,-5.0,1.0,45000000.0,0.0,CA-G0,152,2,1,1,1,1002,198,-481,1,0,0
1457_22_rot2,1457_22,VV,2,speed-5|band1|scr10,-5.0,1.0,45000000.0,10.0,CA-G0,152,0,0,0,0,0,0,0,0,0,0
1457_22_rot2,1457_22,VV,2,speed-5|band1|scr20,-5.0,1.0,45000000.0,20.0,CA-G0,152,0,0,0,0,0,0,0,0,0,0
1457_22_rot2,1457_22,VV,2,speed5|band0.5|scr0,5.0,0.5,22500000.0,0.0,CA-G0,152,0,0,0,0,0,0,0,0,0,0
1457_22_rot2,1457_22,VV,2,speed5|band0.5|scr10,5.0,0.5,22500000.0,10.0,CA-G0,152,0,0,0,0,0,0,0,0,0,0
1457_22_rot2,1457_22,VV,2,speed5|band0.5|scr20,5.0,0.5,22500000.0,20.0,CA-G0,152,0,0,0,0,0,0,0,0,0,0
1457_22_rot2,1457_22,VV,2,speed5|band1|scr0,5.0,1.0,45000000.0,0.0,CA-G0,152,1,1,1,1,396,396,-83,1,0,0
1457_22_rot2,1457_22,VV,2,speed5|band1|scr10,5.0,1.0,45000000.0,10.0,CA-G0,152,0,0,0,0,0,0,0,0,0,0
1457_22_rot2,1457_22,VV,2,speed5|band1|scr20,5.0,1.0,45000000.0,20.0,CA-G0,152,0,0,0,0,0,0,0,0,0,0
1457_22_rot2,1457_22,VV,2,speed15|band0.5|scr0,15.0,0.5,22500000.0,0.0,CA-G0,152,0,0,0,0,0,0,0,0,0,0
1457_22_rot2,1457_22,VV,2,speed15|band0.5|scr10,15.0,0.5,22500000.0,10.0,CA-G0,152,0,0,0,0,0,0,0,0,0,0
1457_22_rot2,1457_22,VV,2,speed15|band0.5|scr20,15.0,0.5,22500000.0,20.0,CA-G0,152,0,0,0,0,0,0,0,0,0,0
1457_22_rot2,1457_22,VV,2,speed15|band1|scr0,15.0,1.0,45000000.0,0.0,CA-G0,152,0,0,0,0,0,0,0,0,0,0
1457_22_rot2,1457_22,VV,2,speed15|band1|scr10,15.0,1.0,45000000.0,10.0,CA-G0,152,0,0,0,0,0,0,0,0,0,0
1457_22_rot2,1457_22,VV,2,speed15|band1|scr20,15.0,1.0,45000000.0,20.0,CA-G0,152,0,0,0,0,0,0,0,0,0,0
1457_22_rot2,1457_22,VV,2,speed-15|band0.5|scr0,-15.0,0.5,22500000.0,0.0,OS8-G0,152,0,0,0,0,0,0,0,0,0,0
1457_22_rot2,1457_22,VV,2,speed-15|band0.5|scr10,-15.0,0.5,22500000.0,10.0,OS8-G0,152,0,0,0,0,0,0,0,0,0,0
1457_22_rot2,1457_22,VV,2,speed-15|band0.5|scr20,-15.0,0.5,22500000.0,20.0,OS8-G0,152,0,0,0,0,0,0,0,0,0,0
1457_22_rot2,1457_22,VV,2,speed-15|band1|scr0,-15.0,1.0,45000000.0,0.0,OS8-G0,152,0,0,0,0,0,0,0,0,0,0
1457_22_rot2,1457_22,VV,2,speed-15|band1|scr10,-15.0,1.0,45000000.0,10.0,OS8-G0,152,0,0,0,0,0,0,0,0,0,0
1457_22_rot2,1457_22,VV,2,speed-15|band1|scr20,-15.0,1.0,45000000.0,20.0,OS8-G0,152,0,0,0,0,0,0,0,0,0,0
1457_22_rot2,1457_22,VV,2,speed-5|band0.5|scr0,-5.0,0.5,22500000.0,0.0,OS8-G0,152,2,2,2,2,1413,1413,543,1,0,1
1457_22_rot2,1457_22,VV,2,speed-5|band0.5|scr10,-5.0,0.5,22500000.0,10.0,OS8-G0,152,1,0,0,0,283,0,0,0,0,0
1457_22_rot2,1457_22,VV,2,speed-5|band0.5|scr20,-5.0,0.5,22500000.0,20.0,OS8-G0,152,2,0,0,0,1358,0,0,0,0,0
1457_22_rot2,1457_22,VV,2,speed-5|band1|scr0,-5.0,1.0,45000000.0,0.0,OS8-G0,152,6,3,3,3,2441,1689,397,1,0,2
1457_22_rot2,1457_22,VV,2,speed-5|band1|scr10,-5.0,1.0,45000000.0,10.0,OS8-G0,152,2,1,1,1,611,179,-605,1,0,0
1457_22_rot2,1457_22,VV,2,speed-5|band1|scr20,-5.0,1.0,45000000.0,20.0,OS8-G0,152,3,0,0,0,1739,0,0,0,0,0
1457_22_rot2,1457_22,VV,2,speed5|band0.5|scr0,5.0,0.5,22500000.0,0.0,OS8-G0,152,0,0,0,0,0,0,0,0,0,0
1457_22_rot2,1457_22,VV,2,speed5|band0.5|scr10,5.0,0.5,22500000.0,10.0,OS8-G0,152,0,0,0,0,0,0,0,0,0,0
1457_22_rot2,1457_22,VV,2,speed5|band0.5|scr20,5.0,0.5,22500000.0,20.0,OS8-G0,152,0,0,0,0,0,0,0,0,0,0
1457_22_rot2,1457_22,VV,2,speed5|band1|scr0,5.0,1.0,45000000.0,0.0,OS8-G0,152,0,0,0,0,0,0,0,0,0,0
1457_22_rot2,1457_22,VV,2,speed5|band1|scr10,5.0,1.0,45000000.0,10.0,OS8-G0,152,0,0,0,0,0,0,0,0,0,0
1457_22_rot2,1457_22,VV,2,speed5|band1|scr20,5.0,1.0,45000000.0,20.0,OS8-G0,152,0,0,0,0,0,0,0,0,0,0
1457_22_rot2,1457_22,VV,2,speed15|band0.5|scr0,15.0,0.5,22500000.0,0.0,OS8-G0,152,0,0,0,0,0,0,0,0,0,0
1457_22_rot2,1457_22,VV,2,speed15|band0.5|scr10,15.0,0.5,22500000.0,10.0,OS8-G0,152,0,0,0,0,0,0,0,0,0,0
1457_22_rot2,1457_22,VV,2,speed15|band0.5|scr20,15.0,0.5,22500000.0,20.0,OS8-G0,152,0,0,0,0,0,0,0,0,0,0
1457_22_rot2,1457_22,VV,2,speed15|band1|scr0,15.0,1.0,45000000.0,0.0,OS8-G0,152,0,0,0,0,0,0,0,0,0,0
1457_22_rot2,1457_22,VV,2,speed15|band1|scr10,15.0,1.0,45000000.0,10.0,OS8-G0,152,0,0,0,0,0,0,0,0,0,0
1457_22_rot2,1457_22,VV,2,speed15|band1|scr20,15.0,1.0,45000000.0,20.0,OS8-G0,152,0,0,0,0,0,0,0,0,0,0
1457_22_rot2,1457_22,VV,2,speed-15|band0.5|scr0,-15.0,0.5,22500000.0,0.0,IN-G8,152,0,0,0,0,0,0,0,0,0,0
1457_22_rot2,1457_22,VV,2,speed-15|band0.5|scr10,-15.0,0.5,22500000.0,10.0,IN-G8,152,0,0,0,0,0,0,0,0,0,0
1457_22_rot2,1457_22,VV,2,speed-15|band0.5|scr20,-15.0,0.5,22500000.0,20.0,IN-G8,152,8,0,0,0,2135,0,0,0,0,0
1457_22_rot2,1457_22,VV,2,speed-15|band1|scr0,-15.0,1.0,45000000.0,0.0,IN-G8,152,3,2,2,2,1600,800,-8,1,0,1
1457_22_rot2,1457_22,VV,2,speed-15|band1|scr10,-15.0,1.0,45000000.0,10.0,IN-G8,152,10,8,8,8,4393,3848,98,4,0,4
1457_22_rot2,1457_22,VV,2,speed-15|band1|scr20,-15.0,1.0,45000000.0,20.0,IN-G8,152,23,16,16,16,9174,6156,-1183,10,0,6
1457_22_rot2,1457_22,VV,2,speed-5|band0.5|scr0,-5.0,0.5,22500000.0,0.0,IN-G8,152,6,4,4,4,2801,1201,-569,3,0,1
1457_22_rot2,1457_22,VV,2,speed-5|band0.5|scr10,-5.0,0.5,22500000.0,10.0,IN-G8,152,1,1,1,1,207,207,-41,1,0,0
1457_22_rot2,1457_22,VV,2,speed-5|band0.5|scr20,-5.0,0.5,22500000.0,20.0,IN-G8,152,1,0,0,0,521,0,0,0,0,0
1457_22_rot2,1457_22,VV,2,speed-5|band1|scr0,-5.0,1.0,45000000.0,0.0,IN-G8,152,2,1,1,1,1403,603,236,0,0,1
1457_22_rot2,1457_22,VV,2,speed-5|band1|scr10,-5.0,1.0,45000000.0,10.0,IN-G8,152,4,3,3,2,1796,1163,-128,1,0,2
1457_22_rot2,1457_22,VV,2,speed-5|band1|scr20,-5.0,1.0,45000000.0,20.0,IN-G8,152,6,4,4,4,2396,1296,-841,3,0,1
1457_22_rot2,1457_22,VV,2,speed5|band0.5|scr0,5.0,0.5,22500000.0,0.0,IN-G8,152,0,0,0,0,0,0,0,0,0,0
1457_22_rot2,1457_22,VV,2,speed5|band0.5|scr10,5.0,0.5,22500000.0,10.0,IN-G8,152,0,0,0,0,0,0,0,0,0,0
1457_22_rot2,1457_22,VV,2,speed5|band0.5|scr20,5.0,0.5,22500000.0,20.0,IN-G8,152,0,0,0,0,0,0,0,0,0,0
1457_22_rot2,1457_22,VV,2,speed5|band1|scr0,5.0,1.0,45000000.0,0.0,IN-G8,152,1,0,0,0,998,0,0,0,0,0
1457_22_rot2,1457_22,VV,2,speed5|band1|scr10,5.0,1.0,45000000.0,10.0,IN-G8,152,0,0,0,0,0,0,0,0,0,0
1457_22_rot2,1457_22,VV,2,speed5|band1|scr20,5.0,1.0,45000000.0,20.0,IN-G8,152,1,1,1,1,111,111,-515,1,0,0
1457_22_rot2,1457_22,VV,2,speed15|band0.5|scr0,15.0,0.5,22500000.0,0.0,IN-G8,152,0,0,0,0,0,0,0,0,0,0
1457_22_rot2,1457_22,VV,2,speed15|band0.5|scr10,15.0,0.5,22500000.0,10.0,IN-G8,152,4,0,0,0,1085,0,0,0,0,0
1457_22_rot2,1457_22,VV,2,speed15|band0.5|scr20,15.0,0.5,22500000.0,20.0,IN-G8,152,4,0,0,0,1670,0,0,0,0,0
1457_22_rot2,1457_22,VV,2,speed15|band1|scr0,15.0,1.0,45000000.0,0.0,IN-G8,152,3,2,2,2,814,710,36,1,0,1
1457_22_rot2,1457_22,VV,2,speed15|band1|scr10,15.0,1.0,45000000.0,10.0,IN-G8,152,18,11,11,11,8783,5704,-208,5,0,6
1457_22_rot2,1457_22,VV,2,speed15|band1|scr20,15.0,1.0,45000000.0,20.0,IN-G8,152,20,11,11,11,7407,4119,-2165,8,0,3
1457_22_rot2,1457_22,VV,2,speed-15|band0.5|scr0,-15.0,0.5,22500000.0,0.0,CA-G8,152,0,0,0,0,0,0,0,0,0,0
1457_22_rot2,1457_22,VV,2,speed-15|band0.5|scr10,-15.0,0.5,22500000.0,10.0,CA-G8,152,0,0,0,0,0,0,0,0,0,0
1457_22_rot2,1457_22,VV,2,speed-15|band0.5|scr20,-15.0,0.5,22500000.0,20.0,CA-G8,152,0,0,0,0,0,0,0,0,0,0
1457_22_rot2,1457_22,VV,2,speed-15|band1|scr0,-15.0,1.0,45000000.0,0.0,CA-G8,152,0,0,0,0,0,0,0,0,0,0
1457_22_rot2,1457_22,VV,2,speed-15|band1|scr10,-15.0,1.0,45000000.0,10.0,CA-G8,152,0,0,0,0,0,0,0,0,0,0
1457_22_rot2,1457_22,VV,2,speed-15|band1|scr20,-15.0,1.0,45000000.0,20.0,CA-G8,152,0,0,0,0,0,0,0,0,0,0
1457_22_rot2,1457_22,VV,2,speed-5|band0.5|scr0,-5.0,0.5,22500000.0,0.0,CA-G8,152,2,1,1,1,999,606,239,0,0,1
1457_22_rot2,1457_22,VV,2,speed-5|band0.5|scr10,-5.0,0.5,22500000.0,10.0,CA-G8,152,0,0,0,0,0,0,0,0,0,0
1457_22_rot2,1457_22,VV,2,speed-5|band0.5|scr20,-5.0,0.5,22500000.0,20.0,CA-G8,152,0,0,0,0,0,0,0,0,0,0
1457_22_rot2,1457_22,VV,2,speed-5|band1|scr0,-5.0,1.0,45000000.0,0.0,CA-G8,152,2,2,2,2,807,807,-239,1,0,1
1457_22_rot2,1457_22,VV,2,speed-5|band1|scr10,-5.0,1.0,45000000.0,10.0,CA-G8,152,1,0,0,0,575,0,0,0,0,0
1457_22_rot2,1457_22,VV,2,speed-5|band1|scr20,-5.0,1.0,45000000.0,20.0,CA-G8,152,0,0,0,0,0,0,0,0,0,0
1457_22_rot2,1457_22,VV,2,speed5|band0.5|scr0,5.0,0.5,22500000.0,0.0,CA-G8,152,0,0,0,0,0,0,0,0,0,0
1457_22_rot2,1457_22,VV,2,speed5|band0.5|scr10,5.0,0.5,22500000.0,10.0,CA-G8,152,0,0,0,0,0,0,0,0,0,0
1457_22_rot2,1457_22,VV,2,speed5|band0.5|scr20,5.0,0.5,22500000.0,20.0,CA-G8,152,0,0,0,0,0,0,0,0,0,0
1457_22_rot2,1457_22,VV,2,speed5|band1|scr0,5.0,1.0,45000000.0,0.0,CA-G8,152,0,0,0,0,0,0,0,0,0,0
1457_22_rot2,1457_22,VV,2,speed5|band1|scr10,5.0,1.0,45000000.0,10.0,CA-G8,152,0,0,0,0,0,0,0,0,0,0
1457_22_rot2,1457_22,VV,2,speed5|band1|scr20,5.0,1.0,45000000.0,20.0,CA-G8,152,0,0,0,0,0,0,0,0,0,0
1457_22_rot2,1457_22,VV,2,speed15|band0.5|scr0,15.0,0.5,22500000.0,0.0,CA-G8,152,0,0,0,0,0,0,0,0,0,0
1457_22_rot2,1457_22,VV,2,speed15|band0.5|scr10,15.0,0.5,22500000.0,10.0,CA-G8,152,0,0,0,0,0,0,0,0,0,0
1457_22_rot2,1457_22,VV,2,speed15|band0.5|scr20,15.0,0.5,22500000.0,20.0,CA-G8,152,0,0,0,0,0,0,0,0,0,0
1457_22_rot2,1457_22,VV,2,speed15|band1|scr0,15.0,1.0,45000000.0,0.0,CA-G8,152,0,0,0,0,0,0,0,0,0,0
1457_22_rot2,1457_22,VV,2,speed15|band1|scr10,15.0,1.0,45000000.0,10.0,CA-G8,152,0,0,0,0,0,0,0,0,0,0
1457_22_rot2,1457_22,VV,2,speed15|band1|scr20,15.0,1.0,45000000.0,20.0,CA-G8,152,0,0,0,0,0,0,0,0,0,0
1457_22_rot2,1457_22,VV,2,speed-15|band0.5|scr0,-15.0,0.5,22500000.0,0.0,OS8-G8,152,0,0,0,0,0,0,0,0,0,0
1457_22_rot2,1457_22,VV,2,speed-15|band0.5|scr10,-15.0,0.5,22500000.0,10.0,OS8-G8,152,0,0,0,0,0,0,0,0,0,0
1457_22_rot2,1457_22,VV,2,speed-15|band0.5|scr20,-15.0,0.5,22500000.0,20.0,OS8-G8,152,0,0,0,0,0,0,0,0,0,0
1457_22_rot2,1457_22,VV,2,speed-15|band1|scr0,-15.0,1.0,45000000.0,0.0,OS8-G8,152,0,0,0,0,0,0,0,0,0,0
1457_22_rot2,1457_22,VV,2,speed-15|band1|scr10,-15.0,1.0,45000000.0,10.0,OS8-G8,152,0,0,0,0,0,0,0,0,0,0
1457_22_rot2,1457_22,VV,2,speed-15|band1|scr20,-15.0,1.0,45000000.0,20.0,OS8-G8,152,0,0,0,0,0,0,0,0,0,0
1457_22_rot2,1457_22,VV,2,speed-5|band0.5|scr0,-5.0,0.5,22500000.0,0.0,OS8-G8,152,2,2,2,2,1061,1061,72,1,0,1
1457_22_rot2,1457_22,VV,2,speed-5|band0.5|scr10,-5.0,0.5,22500000.0,10.0,OS8-G8,152,1,0,0,0,288,0,0,0,0,0
1457_22_rot2,1457_22,VV,2,speed-5|band0.5|scr20,-5.0,0.5,22500000.0,20.0,OS8-G8,152,1,0,0,0,883,0,0,0,0,0
1457_22_rot2,1457_22,VV,2,speed-5|band1|scr0,-5.0,1.0,45000000.0,0.0,OS8-G8,152,2,1,1,1,1099,607,240,0,0,1
1457_22_rot2,1457_22,VV,2,speed-5|band1|scr10,-5.0,1.0,45000000.0,10.0,OS8-G8,152,1,1,1,1,185,185,-599,1,0,0
1457_22_rot2,1457_22,VV,2,speed-5|band1|scr20,-5.0,1.0,45000000.0,20.0,OS8-G8,152,1,0,0,0,600,0,0,0,0,0
1457_22_rot2,1457_22,VV,2,speed5|band0.5|scr0,5.0,0.5,22500000.0,0.0,OS8-G8,152,0,0,0,0,0,0,0,0,0,0
1457_22_rot2,1457_22,VV,2,speed5|band0.5|scr10,5.0,0.5,22500000.0,10.0,OS8-G8,152,0,0,0,0,0,0,0,0,0,0
1457_22_rot2,1457_22,VV,2,speed5|band0.5|scr20,5.0,0.5,22500000.0,20.0,OS8-G8,152,0,0,0,0,0,0,0,0,0,0
1457_22_rot2,1457_22,VV,2,speed5|band1|scr0,5.0,1.0,45000000.0,0.0,OS8-G8,152,0,0,0,0,0,0,0,0,0,0
1457_22_rot2,1457_22,VV,2,speed5|band1|scr10,5.0,1.0,45000000.0,10.0,OS8-G8,152,0,0,0,0,0,0,0,0,0,0
1457_22_rot2,1457_22,VV,2,speed5|band1|scr20,5.0,1.0,45000000.0,20.0,OS8-G8,152,0,0,0,0,0,0,0,0,0,0
1457_22_rot2,1457_22,VV,2,speed15|band0.5|scr0,15.0,0.5,22500000.0,0.0,OS8-G8,152,0,0,0,0,0,0,0,0,0,0
1457_22_rot2,1457_22,VV,2,speed15|band0.5|scr10,15.0,0.5,22500000.0,10.0,OS8-G8,152,0,0,0,0,0,0,0,0,0,0
1457_22_rot2,1457_22,VV,2,speed15|band0.5|scr20,15.0,0.5,22500000.0,20.0,OS8-G8,152,0,0,0,0,0,0,0,0,0,0
1457_22_rot2,1457_22,VV,2,speed15|band1|scr0,15.0,1.0,45000000.0,0.0,OS8-G8,152,0,0,0,0,0,0,0,0,0,0
1457_22_rot2,1457_22,VV,2,speed15|band1|scr10,15.0,1.0,45000000.0,10.0,OS8-G8,152,0,0,0,0,0,0,0,0,0,0
1457_22_rot2,1457_22,VV,2,speed15|band1|scr20,15.0,1.0,45000000.0,20.0,OS8-G8,152,0,0,0,0,0,0,0,0,0,0
1457_22_rot2,1457_22,VV,2,speed-15|band0.5|scr0,-15.0,0.5,22500000.0,0.0,PAMF-H1-K8-G8,152,0,0,0,0,0,0,0,0,0,0
1457_22_rot2,1457_22,VV,2,speed-15|band0.5|scr10,-15.0,0.5,22500000.0,10.0,PAMF-H1-K8-G8,152,1,0,0,0,170,0,0,0,0,0
1457_22_rot2,1457_22,VV,2,speed-15|band0.5|scr20,-15.0,0.5,22500000.0,20.0,PAMF-H1-K8-G8,152,36,0,0,0,13699,0,0,0,0,0
1457_22_rot2,1457_22,VV,2,speed-15|band1|scr0,-15.0,1.0,45000000.0,0.0,PAMF-H1-K8-G8,152,0,0,0,0,0,0,0,0,0,0
1457_22_rot2,1457_22,VV,2,speed-15|band1|scr10,-15.0,1.0,45000000.0,10.0,PAMF-H1-K8-G8,152,22,22,22,22,8429,8429,-3159,14,0,8
1457_22_rot2,1457_22,VV,2,speed-15|band1|scr20,-15.0,1.0,45000000.0,20.0,PAMF-H1-K8-G8,152,100,100,100,90,24963,27044,-25040,80,0,20
1457_22_rot2,1457_22,VV,2,speed-5|band0.5|scr0,-5.0,0.5,22500000.0,0.0,PAMF-H1-K8-G8,152,2,2,2,2,893,893,-100,1,0,1
1457_22_rot2,1457_22,VV,2,speed-5|band0.5|scr10,-5.0,0.5,22500000.0,10.0,PAMF-H1-K8-G8,152,0,0,0,0,0,0,0,0,0,0
1457_22_rot2,1457_22,VV,2,speed-5|band0.5|scr20,-5.0,0.5,22500000.0,20.0,PAMF-H1-K8-G8,152,0,0,0,0,0,0,0,0,0,0
1457_22_rot2,1457_22,VV,2,speed-5|band1|scr0,-5.0,1.0,45000000.0,0.0,PAMF-H1-K8-G8,152,1,1,1,1,607,607,240,0,0,1
1457_22_rot2,1457_22,VV,2,speed-5|band1|scr10,-5.0,1.0,45000000.0,10.0,PAMF-H1-K8-G8,152,3,2,2,1,1249,958,390,0,0,2
1457_22_rot2,1457_22,VV,2,speed-5|band1|scr20,-5.0,1.0,45000000.0,20.0,PAMF-H1-K8-G8,152,1,0,0,0,451,0,0,0,0,0
1457_22_rot2,1457_22,VV,2,speed5|band0.5|scr0,5.0,0.5,22500000.0,0.0,PAMF-H1-K8-G8,152,0,0,0,0,0,0,0,0,0,0
1457_22_rot2,1457_22,VV,2,speed5|band0.5|scr10,5.0,0.5,22500000.0,10.0,PAMF-H1-K8-G8,152,0,0,0,0,0,0,0,0,0,0
1457_22_rot2,1457_22,VV,2,speed5|band0.5|scr20,5.0,0.5,22500000.0,20.0,PAMF-H1-K8-G8,152,0,0,0,0,0,0,0,0,0,0
1457_22_rot2,1457_22,VV,2,speed5|band1|scr0,5.0,1.0,45000000.0,0.0,PAMF-H1-K8-G8,152,0,0,0,0,0,0,0,0,0,0
1457_22_rot2,1457_22,VV,2,speed5|band1|scr10,5.0,1.0,45000000.0,10.0,PAMF-H1-K8-G8,152,0,0,0,0,0,0,0,0,0,0
1457_22_rot2,1457_22,VV,2,speed5|band1|scr20,5.0,1.0,45000000.0,20.0,PAMF-H1-K8-G8,152,0,0,0,0,0,0,0,0,0,0
1457_22_rot2,1457_22,VV,2,speed15|band0.5|scr0,15.0,0.5,22500000.0,0.0,PAMF-H1-K8-G8,152,0,0,0,0,0,0,0,0,0,0
1457_22_rot2,1457_22,VV,2,speed15|band0.5|scr10,15.0,0.5,22500000.0,10.0,PAMF-H1-K8-G8,152,3,0,0,0,425,0,0,0,0,0
1457_22_rot2,1457_22,VV,2,speed15|band0.5|scr20,15.0,0.5,22500000.0,20.0,PAMF-H1-K8-G8,152,49,0,0,0,15825,0,0,0,0,0
1457_22_rot2,1457_22,VV,2,speed15|band1|scr0,15.0,1.0,45000000.0,0.0,PAMF-H1-K8-G8,152,1,1,1,1,626,626,202,0,0,1
1457_22_rot2,1457_22,VV,2,speed15|band1|scr10,15.0,1.0,45000000.0,10.0,PAMF-H1-K8-G8,152,31,31,31,29,11761,12204,-3695,19,0,12
1457_22_rot2,1457_22,VV,2,speed15|band1|scr20,15.0,1.0,45000000.0,20.0,PAMF-H1-K8-G8,152,112,110,110,94,23205,25077,-30169,93,0,17
1457_22_rot2,1457_22,VV,2,speed-15|band0.5|scr0,-15.0,0.5,22500000.0,0.0,P-ANMF1-N16,152,0,0,0,0,0,0,0,0,0,0
1457_22_rot2,1457_22,VV,2,speed-15|band0.5|scr10,-15.0,0.5,22500000.0,10.0,P-ANMF1-N16,152,0,0,0,0,0,0,0,0,0,0
1457_22_rot2,1457_22,VV,2,speed-15|band0.5|scr20,-15.0,0.5,22500000.0,20.0,P-ANMF1-N16,152,0,0,0,0,0,0,0,0,0,0
1457_22_rot2,1457_22,VV,2,speed-15|band1|scr0,-15.0,1.0,45000000.0,0.0,P-ANMF1-N16,152,0,0,0,0,0,0,0,0,0,0
1457_22_rot2,1457_22,VV,2,speed-15|band1|scr10,-15.0,1.0,45000000.0,10.0,P-ANMF1-N16,152,0,0,0,0,0,0,0,0,0,0
1457_22_rot2,1457_22,VV,2,speed-15|band1|scr20,-15.0,1.0,45000000.0,20.0,P-ANMF1-N16,152,0,0,0,0,0,0,0,0,0,0
1457_22_rot2,1457_22,VV,2,speed-5|band0.5|scr0,-5.0,0.5,22500000.0,0.0,P-ANMF1-N16,152,32,32,32,31,8742,8867,-6835,27,0,5
1457_22_rot2,1457_22,VV,2,speed-5|band0.5|scr10,-5.0,0.5,22500000.0,10.0,P-ANMF1-N16,152,109,109,109,109,7518,7518,-47773,106,0,3
1457_22_rot2,1457_22,VV,2,speed-5|band0.5|scr20,-5.0,0.5,22500000.0,20.0,P-ANMF1-N16,152,149,149,149,148,2004,2004,-73251,148,0,1
1457_22_rot2,1457_22,VV,2,speed-5|band1|scr0,-5.0,1.0,45000000.0,0.0,P-ANMF1-N16,152,27,27,27,26,10597,10722,-1900,22,0,5
1457_22_rot2,1457_22,VV,2,speed-5|band1|scr10,-5.0,1.0,45000000.0,10.0,P-ANMF1-N16,152,105,105,105,104,21237,21246,-31682,101,0,4
1457_22_rot2,1457_22,VV,2,speed-5|band1|scr20,-5.0,1.0,45000000.0,20.0,P-ANMF1-N16,152,148,148,148,146,9305,9308,-65555,147,0,1
1457_22_rot2,1457_22,VV,2,speed5|band0.5|scr0,5.0,0.5,22500000.0,0.0,P-ANMF1-N16,152,67,67,67,67,10044,10044,-24330,62,0,5
1457_22_rot2,1457_22,VV,2,speed5|band0.5|scr10,5.0,0.5,22500000.0,10.0,P-ANMF1-N16,152,140,140,140,140,5900,5900,-64766,137,0,3
1457_22_rot2,1457_22,VV,2,speed5|band0.5|scr20,5.0,0.5,22500000.0,20.0,P-ANMF1-N16,152,151,151,151,151,481,481,-75802,151,0,0
1457_22_rot2,1457_22,VV,2,speed5|band1|scr0,5.0,1.0,45000000.0,0.0,P-ANMF1-N16,152,64,63,63,63,19983,19519,-12986,58,0,5
1457_22_rot2,1457_22,VV,2,speed5|band1|scr10,5.0,1.0,45000000.0,10.0,P-ANMF1-N16,152,136,136,136,135,18724,18728,-50693,132,0,4
1457_22_rot2,1457_22,VV,2,speed5|band1|scr20,5.0,1.0,45000000.0,20.0,P-ANMF1-N16,152,150,150,150,146,3133,3158,-72576,150,0,0
1457_22_rot2,1457_22,VV,2,speed15|band0.5|scr0,15.0,0.5,22500000.0,0.0,P-ANMF1-N16,152,0,0,0,0,0,0,0,0,0,0
1457_22_rot2,1457_22,VV,2,speed15|band0.5|scr10,15.0,0.5,22500000.0,10.0,P-ANMF1-N16,152,0,0,0,0,0,0,0,0,0,0
1457_22_rot2,1457_22,VV,2,speed15|band0.5|scr20,15.0,0.5,22500000.0,20.0,P-ANMF1-N16,152,0,0,0,0,0,0,0,0,0,0
1457_22_rot2,1457_22,VV,2,speed15|band1|scr0,15.0,1.0,45000000.0,0.0,P-ANMF1-N16,152,0,0,0,0,0,0,0,0,0,0
1457_22_rot2,1457_22,VV,2,speed15|band1|scr10,15.0,1.0,45000000.0,10.0,P-ANMF1-N16,152,0,0,0,0,0,0,0,0,0,0
1457_22_rot2,1457_22,VV,2,speed15|band1|scr20,15.0,1.0,45000000.0,20.0,P-ANMF1-N16,152,0,0,0,0,0,0,0,0,0,0
1457_22_rot3,1457_22,VV,3,speed-15|band0.5|scr0,-15.0,0.5,22500000.0,0.0,IN-G0,152,1,0,0,0,330,0,0,0,0,0
1457_22_rot3,1457_22,VV,3,speed-15|band0.5|scr10,-15.0,0.5,22500000.0,10.0,IN-G0,152,0,0,0,0,0,0,0,0,0,0
1457_22_rot3,1457_22,VV,3,speed-15|band0.5|scr20,-15.0,0.5,22500000.0,20.0,IN-G0,152,0,0,0,0,0,0,0,0,0,0
1457_22_rot3,1457_22,VV,3,speed-15|band1|scr0,-15.0,1.0,45000000.0,0.0,IN-G0,152,0,0,0,0,0,0,0,0,0,0
1457_22_rot3,1457_22,VV,3,speed-15|band1|scr10,-15.0,1.0,45000000.0,10.0,IN-G0,152,1,0,0,0,876,0,0,0,0,0
1457_22_rot3,1457_22,VV,3,speed-15|band1|scr20,-15.0,1.0,45000000.0,20.0,IN-G0,152,0,0,0,0,0,0,0,0,0,0
1457_22_rot3,1457_22,VV,3,speed-5|band0.5|scr0,-5.0,0.5,22500000.0,0.0,IN-G0,152,0,0,0,0,0,0,0,0,0,0
1457_22_rot3,1457_22,VV,3,speed-5|band0.5|scr10,-5.0,0.5,22500000.0,10.0,IN-G0,152,0,0,0,0,0,0,0,0,0,0
1457_22_rot3,1457_22,VV,3,speed-5|band0.5|scr20,-5.0,0.5,22500000.0,20.0,IN-G0,152,0,0,0,0,0,0,0,0,0,0
1457_22_rot3,1457_22,VV,3,speed-5|band1|scr0,-5.0,1.0,45000000.0,0.0,IN-G0,152,0,0,0,0,0,0,0,0,0,0
1457_22_rot3,1457_22,VV,3,speed-5|band1|scr10,-5.0,1.0,45000000.0,10.0,IN-G0,152,0,0,0,0,0,0,0,0,0,0
1457_22_rot3,1457_22,VV,3,speed-5|band1|scr20,-5.0,1.0,45000000.0,20.0,IN-G0,152,0,0,0,0,0,0,0,0,0,0
1457_22_rot3,1457_22,VV,3,speed5|band0.5|scr0,5.0,0.5,22500000.0,0.0,IN-G0,152,1,0,0,0,337,0,0,0,0,0
1457_22_rot3,1457_22,VV,3,speed5|band0.5|scr10,5.0,0.5,22500000.0,10.0,IN-G0,152,0,0,0,0,0,0,0,0,0,0
1457_22_rot3,1457_22,VV,3,speed5|band0.5|scr20,5.0,0.5,22500000.0,20.0,IN-G0,152,0,0,0,0,0,0,0,0,0,0
1457_22_rot3,1457_22,VV,3,speed5|band1|scr0,5.0,1.0,45000000.0,0.0,IN-G0,152,1,0,0,0,859,0,0,0,0,0
1457_22_rot3,1457_22,VV,3,speed5|band1|scr10,5.0,1.0,45000000.0,10.0,IN-G0,152,1,0,0,0,859,0,0,0,0,0
1457_22_rot3,1457_22,VV,3,speed5|band1|scr20,5.0,1.0,45000000.0,20.0,IN-G0,152,0,0,0,0,0,0,0,0,0,0
1457_22_rot3,1457_22,VV,3,speed15|band0.5|scr0,15.0,0.5,22500000.0,0.0,IN-G0,152,0,0,0,0,0,0,0,0,0,0
1457_22_rot3,1457_22,VV,3,speed15|band0.5|scr10,15.0,0.5,22500000.0,10.0,IN-G0,152,1,0,0,0,797,0,0,0,0,0
1457_22_rot3,1457_22,VV,3,speed15|band0.5|scr20,15.0,0.5,22500000.0,20.0,IN-G0,152,0,0,0,0,0,0,0,0,0,0
1457_22_rot3,1457_22,VV,3,speed15|band1|scr0,15.0,1.0,45000000.0,0.0,IN-G0,152,0,0,0,0,0,0,0,0,0,0
1457_22_rot3,1457_22,VV,3,speed15|band1|scr10,15.0,1.0,45000000.0,10.0,IN-G0,152,0,0,0,0,0,0,0,0,0,0
1457_22_rot3,1457_22,VV,3,speed15|band1|scr20,15.0,1.0,45000000.0,20.0,IN-G0,152,1,0,0,0,319,0,0,0,0,0
1457_22_rot3,1457_22,VV,3,speed-15|band0.5|scr0,-15.0,0.5,22500000.0,0.0,CA-G0,152,1,1,1,1,489,489,42,0,0,1
1457_22_rot3,1457_22,VV,3,speed-15|band0.5|scr10,-15.0,0.5,22500000.0,10.0,CA-G0,152,0,0,0,0,0,0,0,0,0,0
1457_22_rot3,1457_22,VV,3,speed-15|band0.5|scr20,-15.0,0.5,22500000.0,20.0,CA-G0,152,1,0,0,0,103,0,0,0,0,0
1457_22_rot3,1457_22,VV,3,speed-15|band1|scr0,-15.0,1.0,45000000.0,0.0,CA-G0,152,1,1,1,1,489,489,42,0,0,1
1457_22_rot3,1457_22,VV,3,speed-15|band1|scr10,-15.0,1.0,45000000.0,10.0,CA-G0,152,1,1,1,1,380,380,236,0,0,1
1457_22_rot3,1457_22,VV,3,speed-15|band1|scr20,-15.0,1.0,45000000.0,20.0,CA-G0,152,0,0,0,0,0,0,0,0,0,0
1457_22_rot3,1457_22,VV,3,speed-5|band0.5|scr0,-5.0,0.5,22500000.0,0.0,CA-G0,152,2,2,2,2,516,516,-87,1,0,1
1457_22_rot3,1457_22,VV,3,speed-5|band0.5|scr10,-5.0,0.5,22500000.0,10.0,CA-G0,152,1,1,1,1,489,489,42,0,0,1
1457_22_rot3,1457_22,VV,3,speed-5|band0.5|scr20,-5.0,0.5,22500000.0,20.0,CA-G0,152,0,0,0,0,0,0,0,0,0,0
1457_22_rot3,1457_22,VV,3,speed-5|band1|scr0,-5.0,1.0,45000000.0,0.0,CA-G0,152,1,1,1,1,31,31,-416,1,0,0
1457_22_rot3,1457_22,VV,3,speed-5|band1|scr10,-5.0,1.0,45000000.0,10.0,CA-G0,152,1,0,0,0,873,0,0,0,0,0
1457_22_rot3,1457_22,VV,3,speed-5|band1|scr20,-5.0,1.0,45000000.0,20.0,CA-G0,152,0,0,0,0,0,0,0,0,0,0
1457_22_rot3,1457_22,VV,3,speed5|band0.5|scr0,5.0,0.5,22500000.0,0.0,CA-G0,152,3,1,1,1,1222,396,-360,1,0,0
1457_22_rot3,1457_22,VV,3,speed5|band0.5|scr10,5.0,0.5,22500000.0,10.0,CA-G0,152,1,0,0,0,489,0,0,0,0,0
1457_22_rot3,1457_22,VV,3,speed5|band0.5|scr20,5.0,0.5,22500000.0,20.0,CA-G0,152,0,0,0,0,0,0,0,0,0,0
1457_22_rot3,1457_22,VV,3,speed5|band1|scr0,5.0,1.0,45000000.0,0.0,CA-G0,152,1,0,0,0,489,0,0,0,0,0
1457_22_rot3,1457_22,VV,3,speed5|band1|scr10,5.0,1.0,45000000.0,10.0,CA-G0,152,2,0,0,0,516,0,0,0,0,0
1457_22_rot3,1457_22,VV,3,speed5|band1|scr20,5.0,1.0,45000000.0,20.0,CA-G0,152,2,0,0,0,516,0,0,0,0,0
1457_22_rot3,1457_22,VV,3,speed15|band0.5|scr0,15.0,0.5,22500000.0,0.0,CA-G0,152,1,0,0,0,489,0,0,0,0,0
1457_22_rot3,1457_22,VV,3,speed15|band0.5|scr10,15.0,0.5,22500000.0,10.0,CA-G0,152,1,0,0,0,489,0,0,0,0,0
1457_22_rot3,1457_22,VV,3,speed15|band0.5|scr20,15.0,0.5,22500000.0,20.0,CA-G0,152,1,0,0,0,489,0,0,0,0,0
1457_22_rot3,1457_22,VV,3,speed15|band1|scr0,15.0,1.0,45000000.0,0.0,CA-G0,152,2,1,1,1,1215,726,141,0,0,1
1457_22_rot3,1457_22,VV,3,speed15|band1|scr10,15.0,1.0,45000000.0,10.0,CA-G0,152,1,0,0,0,489,0,0,0,0,0
1457_22_rot3,1457_22,VV,3,speed15|band1|scr20,15.0,1.0,45000000.0,20.0,CA-G0,152,1,0,0,0,489,0,0,0,0,0
1457_22_rot3,1457_22,VV,3,speed-15|band0.5|scr0,-15.0,0.5,22500000.0,0.0,OS8-G0,152,0,0,0,0,0,0,0,0,0,0
1457_22_rot3,1457_22,VV,3,speed-15|band0.5|scr10,-15.0,0.5,22500000.0,10.0,OS8-G0,152,0,0,0,0,0,0,0,0,0,0
1457_22_rot3,1457_22,VV,3,speed-15|band0.5|scr20,-15.0,0.5,22500000.0,20.0,OS8-G0,152,0,0,0,0,0,0,0,0,0,0
1457_22_rot3,1457_22,VV,3,speed-15|band1|scr0,-15.0,1.0,45000000.0,0.0,OS8-G0,152,0,0,0,0,0,0,0,0,0,0
1457_22_rot3,1457_22,VV,3,speed-15|band1|scr10,-15.0,1.0,45000000.0,10.0,OS8-G0,152,0,0,0,0,0,0,0,0,0,0
1457_22_rot3,1457_22,VV,3,speed-15|band1|scr20,-15.0,1.0,45000000.0,20.0,OS8-G0,152,0,0,0,0,0,0,0,0,0,0
1457_22_rot3,1457_22,VV,3,speed-5|band0.5|scr0,-5.0,0.5,22500000.0,0.0,OS8-G0,152,0,0,0,0,0,0,0,0,0,0
1457_22_rot3,1457_22,VV,3,speed-5|band0.5|scr10,-5.0,0.5,22500000.0,10.0,OS8-G0,152,0,0,0,0,0,0,0,0,0,0
1457_22_rot3,1457_22,VV,3,speed-5|band0.5|scr20,-5.0,0.5,22500000.0,20.0,OS8-G0,152,0,0,0,0,0,0,0,0,0,0
1457_22_rot3,1457_22,VV,3,speed-5|band1|scr0,-5.0,1.0,45000000.0,0.0,OS8-G0,152,1,0,0,0,103,0,0,0,0,0
1457_22_rot3,1457_22,VV,3,speed-5|band1|scr10,-5.0,1.0,45000000.0,10.0,OS8-G0,152,0,0,0,0,0,0,0,0,0,0
1457_22_rot3,1457_22,VV,3,speed-5|band1|scr20,-5.0,1.0,45000000.0,20.0,OS8-G0,152,0,0,0,0,0,0,0,0,0,0
1457_22_rot3,1457_22,VV,3,speed5|band0.5|scr0,5.0,0.5,22500000.0,0.0,OS8-G0,152,0,0,0,0,0,0,0,0,0,0
1457_22_rot3,1457_22,VV,3,speed5|band0.5|scr10,5.0,0.5,22500000.0,10.0,OS8-G0,152,0,0,0,0,0,0,0,0,0,0
1457_22_rot3,1457_22,VV,3,speed5|band0.5|scr20,5.0,0.5,22500000.0,20.0,OS8-G0,152,0,0,0,0,0,0,0,0,0,0
1457_22_rot3,1457_22,VV,3,speed5|band1|scr0,5.0,1.0,45000000.0,0.0,OS8-G0,152,0,0,0,0,0,0,0,0,0,0
1457_22_rot3,1457_22,VV,3,speed5|band1|scr10,5.0,1.0,45000000.0,10.0,OS8-G0,152,0,0,0,0,0,0,0,0,0,0
1457_22_rot3,1457_22,VV,3,speed5|band1|scr20,5.0,1.0,45000000.0,20.0,OS8-G0,152,0,0,0,0,0,0,0,0,0,0
1457_22_rot3,1457_22,VV,3,speed15|band0.5|scr0,15.0,0.5,22500000.0,0.0,OS8-G0,152,0,0,0,0,0,0,0,0,0,0
1457_22_rot3,1457_22,VV,3,speed15|band0.5|scr10,15.0,0.5,22500000.0,10.0,OS8-G0,152,0,0,0,0,0,0,0,0,0,0
1457_22_rot3,1457_22,VV,3,speed15|band0.5|scr20,15.0,0.5,22500000.0,20.0,OS8-G0,152,0,0,0,0,0,0,0,0,0,0
1457_22_rot3,1457_22,VV,3,speed15|band1|scr0,15.0,1.0,45000000.0,0.0,OS8-G0,152,0,0,0,0,0,0,0,0,0,0
1457_22_rot3,1457_22,VV,3,speed15|band1|scr10,15.0,1.0,45000000.0,10.0,OS8-G0,152,0,0,0,0,0,0,0,0,0,0
1457_22_rot3,1457_22,VV,3,speed15|band1|scr20,15.0,1.0,45000000.0,20.0,OS8-G0,152,0,0,0,0,0,0,0,0,0,0
1457_22_rot3,1457_22,VV,3,speed-15|band0.5|scr0,-15.0,0.5,22500000.0,0.0,IN-G8,152,0,0,0,0,0,0,0,0,0,0
1457_22_rot3,1457_22,VV,3,speed-15|band0.5|scr10,-15.0,0.5,22500000.0,10.0,IN-G8,152,0,0,0,0,0,0,0,0,0,0
1457_22_rot3,1457_22,VV,3,speed-15|band0.5|scr20,-15.0,0.5,22500000.0,20.0,IN-G8,152,0,0,0,0,0,0,0,0,0,0
1457_22_rot3,1457_22,VV,3,speed-15|band1|scr0,-15.0,1.0,45000000.0,0.0,IN-G8,152,0,0,0,0,0,0,0,0,0,0
1457_22_rot3,1457_22,VV,3,speed-15|band1|scr10,-15.0,1.0,45000000.0,10.0,IN-G8,152,0,0,0,0,0,0,0,0,0,0
1457_22_rot3,1457_22,VV,3,speed-15|band1|scr20,-15.0,1.0,45000000.0,20.0,IN-G8,152,0,0,0,0,0,0,0,0,0,0
1457_22_rot3,1457_22,VV,3,speed-5|band0.5|scr0,-5.0,0.5,22500000.0,0.0,IN-G8,152,1,1,1,1,362,362,189,0,0,1
1457_22_rot3,1457_22,VV,3,speed-5|band0.5|scr10,-5.0,0.5,22500000.0,10.0,IN-G8,152,0,0,0,0,0,0,0,0,0,0
1457_22_rot3,1457_22,VV,3,speed-5|band0.5|scr20,-5.0,0.5,22500000.0,20.0,IN-G8,152,0,0,0,0,0,0,0,0,0,0
1457_22_rot3,1457_22,VV,3,speed-5|band1|scr0,-5.0,1.0,45000000.0,0.0,IN-G8,152,0,0,0,0,0,0,0,0,0,0
1457_22_rot3,1457_22,VV,3,speed-5|band1|scr10,-5.0,1.0,45000000.0,10.0,IN-G8,152,0,0,0,0,0,0,0,0,0,0
1457_22_rot3,1457_22,VV,3,speed-5|band1|scr20,-5.0,1.0,45000000.0,20.0,IN-G8,152,0,0,0,0,0,0,0,0,0,0
1457_22_rot3,1457_22,VV,3,speed5|band0.5|scr0,5.0,0.5,22500000.0,0.0,IN-G8,152,0,0,0,0,0,0,0,0,0,0
1457_22_rot3,1457_22,VV,3,speed5|band0.5|scr10,5.0,0.5,22500000.0,10.0,IN-G8,152,0,0,0,0,0,0,0,0,0,0
1457_22_rot3,1457_22,VV,3,speed5|band0.5|scr20,5.0,0.5,22500000.0,20.0,IN-G8,152,0,0,0,0,0,0,0,0,0,0
1457_22_rot3,1457_22,VV,3,speed5|band1|scr0,5.0,1.0,45000000.0,0.0,IN-G8,152,0,0,0,0,0,0,0,0,0,0
1457_22_rot3,1457_22,VV,3,speed5|band1|scr10,5.0,1.0,45000000.0,10.0,IN-G8,152,0,0,0,0,0,0,0,0,0,0
1457_22_rot3,1457_22,VV,3,speed5|band1|scr20,5.0,1.0,45000000.0,20.0,IN-G8,152,0,0,0,0,0,0,0,0,0,0
1457_22_rot3,1457_22,VV,3,speed15|band0.5|scr0,15.0,0.5,22500000.0,0.0,IN-G8,152,0,0,0,0,0,0,0,0,0,0
1457_22_rot3,1457_22,VV,3,speed15|band0.5|scr10,15.0,0.5,22500000.0,10.0,IN-G8,152,0,0,0,0,0,0,0,0,0,0
1457_22_rot3,1457_22,VV,3,speed15|band0.5|scr20,15.0,0.5,22500000.0,20.0,IN-G8,152,0,0,0,0,0,0,0,0,0,0
1457_22_rot3,1457_22,VV,3,speed15|band1|scr0,15.0,1.0,45000000.0,0.0,IN-G8,152,0,0,0,0,0,0,0,0,0,0
1457_22_rot3,1457_22,VV,3,speed15|band1|scr10,15.0,1.0,45000000.0,10.0,IN-G8,152,0,0,0,0,0,0,0,0,0,0
1457_22_rot3,1457_22,VV,3,speed15|band1|scr20,15.0,1.0,45000000.0,20.0,IN-G8,152,0,0,0,0,0,0,0,0,0,0
1457_22_rot3,1457_22,VV,3,speed-15|band0.5|scr0,-15.0,0.5,22500000.0,0.0,CA-G8,152,1,0,0,0,709,0,0,0,0,0
1457_22_rot3,1457_22,VV,3,speed-15|band0.5|scr10,-15.0,0.5,22500000.0,10.0,CA-G8,152,0,0,0,0,0,0,0,0,0,0
1457_22_rot3,1457_22,VV,3,speed-15|band0.5|scr20,-15.0,0.5,22500000.0,20.0,CA-G8,152,0,0,0,0,0,0,0,0,0,0
1457_22_rot3,1457_22,VV,3,speed-15|band1|scr0,-15.0,1.0,45000000.0,0.0,CA-G8,152,1,0,0,0,709,0,0,0,0,0
1457_22_rot3,1457_22,VV,3,speed-15|band1|scr10,-15.0,1.0,45000000.0,10.0,CA-G8,152,1,0,0,0,709,0,0,0,0,0
1457_22_rot3,1457_22,VV,3,speed-15|band1|scr20,-15.0,1.0,45000000.0,20.0,CA-G8,152,0,0,0,0,0,0,0,0,0,0
1457_22_rot3,1457_22,VV,3,speed-5|band0.5|scr0,-5.0,0.5,22500000.0,0.0,CA-G8,152,0,0,0,0,0,0,0,0,0,0
1457_22_rot3,1457_22,VV,3,speed-5|band0.5|scr10,-5.0,0.5,22500000.0,10.0,CA-G8,152,0,0,0,0,0,0,0,0,0,0
1457_22_rot3,1457_22,VV,3,speed-5|band0.5|scr20,-5.0,0.5,22500000.0,20.0,CA-G8,152,0,0,0,0,0,0,0,0,0,0
1457_22_rot3,1457_22,VV,3,speed-5|band1|scr0,-5.0,1.0,45000000.0,0.0,CA-G8,152,2,0,0,0,1685,0,0,0,0,0
1457_22_rot3,1457_22,VV,3,speed-5|band1|scr10,-5.0,1.0,45000000.0,10.0,CA-G8,152,1,0,0,0,709,0,0,0,0,0
1457_22_rot3,1457_22,VV,3,speed-5|band1|scr20,-5.0,1.0,45000000.0,20.0,CA-G8,152,0,0,0,0,0,0,0,0,0,0
1457_22_rot3,1457_22,VV,3,speed5|band0.5|scr0,5.0,0.5,22500000.0,0.0,CA-G8,152,0,0,0,0,0,0,0,0,0,0
1457_22_rot3,1457_22,VV,3,speed5|band0.5|scr10,5.0,0.5,22500000.0,10.0,CA-G8,152,0,0,0,0,0,0,0,0,0,0
1457_22_rot3,1457_22,VV,3,speed5|band0.5|scr20,5.0,0.5,22500000.0,20.0,CA-G8,152,0,0,0,0,0,0,0,0,0,0
1457_22_rot3,1457_22,VV,3,speed5|band1|scr0,5.0,1.0,45000000.0,0.0,CA-G8,152,1,1,1,1,709,709,345,0,0,1
1457_22_rot3,1457_22,VV,3,speed5|band1|scr10,5.0,1.0,45000000.0,10.0,CA-G8,152,0,0,0,0,0,0,0,0,0,0
1457_22_rot3,1457_22,VV,3,speed5|band1|scr20,5.0,1.0,45000000.0,20.0,CA-G8,152,0,0,0,0,0,0,0,0,0,0
1457_22_rot3,1457_22,VV,3,speed15|band0.5|scr0,15.0,0.5,22500000.0,0.0,CA-G8,152,0,0,0,0,0,0,0,0,0,0
1457_22_rot3,1457_22,VV,3,speed15|band0.5|scr10,15.0,0.5,22500000.0,10.0,CA-G8,152,0,0,0,0,0,0,0,0,0,0
1457_22_rot3,1457_22,VV,3,speed15|band0.5|scr20,15.0,0.5,22500000.0,20.0,CA-G8,152,0,0,0,0,0,0,0,0,0,0
1457_22_rot3,1457_22,VV,3,speed15|band1|scr0,15.0,1.0,45000000.0,0.0,CA-G8,152,0,0,0,0,0,0,0,0,0,0
1457_22_rot3,1457_22,VV,3,speed15|band1|scr10,15.0,1.0,45000000.0,10.0,CA-G8,152,0,0,0,0,0,0,0,0,0,0
1457_22_rot3,1457_22,VV,3,speed15|band1|scr20,15.0,1.0,45000000.0,20.0,CA-G8,152,0,0,0,0,0,0,0,0,0,0
1457_22_rot3,1457_22,VV,3,speed-15|band0.5|scr0,-15.0,0.5,22500000.0,0.0,OS8-G8,152,0,0,0,0,0,0,0,0,0,0
1457_22_rot3,1457_22,VV,3,speed-15|band0.5|scr10,-15.0,0.5,22500000.0,10.0,OS8-G8,152,0,0,0,0,0,0,0,0,0,0
1457_22_rot3,1457_22,VV,3,speed-15|band0.5|scr20,-15.0,0.5,22500000.0,20.0,OS8-G8,152,0,0,0,0,0,0,0,0,0,0
1457_22_rot3,1457_22,VV,3,speed-15|band1|scr0,-15.0,1.0,45000000.0,0.0,OS8-G8,152,0,0,0,0,0,0,0,0,0,0
1457_22_rot3,1457_22,VV,3,speed-15|band1|scr10,-15.0,1.0,45000000.0,10.0,OS8-G8,152,0,0,0,0,0,0,0,0,0,0
1457_22_rot3,1457_22,VV,3,speed-15|band1|scr20,-15.0,1.0,45000000.0,20.0,OS8-G8,152,0,0,0,0,0,0,0,0,0,0
1457_22_rot3,1457_22,VV,3,speed-5|band0.5|scr0,-5.0,0.5,22500000.0,0.0,OS8-G8,152,1,1,1,1,463,463,150,0,0,1
1457_22_rot3,1457_22,VV,3,speed-5|band0.5|scr10,-5.0,0.5,22500000.0,10.0,OS8-G8,152,0,0,0,0,0,0,0,0,0,0
1457_22_rot3,1457_22,VV,3,speed-5|band0.5|scr20,-5.0,0.5,22500000.0,20.0,OS8-G8,152,0,0,0,0,0,0,0,0,0,0
1457_22_rot3,1457_22,VV,3,speed-5|band1|scr0,-5.0,1.0,45000000.0,0.0,OS8-G8,152,2,0,0,0,1085,0,0,0,0,0
1457_22_rot3,1457_22,VV,3,speed-5|band1|scr10,-5.0,1.0,45000000.0,10.0,OS8-G8,152,0,0,0,0,0,0,0,0,0,0
1457_22_rot3,1457_22,VV,3,speed-5|band1|scr20,-5.0,1.0,45000000.0,20.0,OS8-G8,152,0,0,0,0,0,0,0,0,0,0
1457_22_rot3,1457_22,VV,3,speed5|band0.5|scr0,5.0,0.5,22500000.0,0.0,OS8-G8,152,0,0,0,0,0,0,0,0,0,0
1457_22_rot3,1457_22,VV,3,speed5|band0.5|scr10,5.0,0.5,22500000.0,10.0,OS8-G8,152,0,0,0,0,0,0,0,0,0,0
1457_22_rot3,1457_22,VV,3,speed5|band0.5|scr20,5.0,0.5,22500000.0,20.0,OS8-G8,152,0,0,0,0,0,0,0,0,0,0
1457_22_rot3,1457_22,VV,3,speed5|band1|scr0,5.0,1.0,45000000.0,0.0,OS8-G8,152,0,0,0,0,0,0,0,0,0,0
1457_22_rot3,1457_22,VV,3,speed5|band1|scr10,5.0,1.0,45000000.0,10.0,OS8-G8,152,0,0,0,0,0,0,0,0,0,0
1457_22_rot3,1457_22,VV,3,speed5|band1|scr20,5.0,1.0,45000000.0,20.0,OS8-G8,152,0,0,0,0,0,0,0,0,0,0
1457_22_rot3,1457_22,VV,3,speed15|band0.5|scr0,15.0,0.5,22500000.0,0.0,OS8-G8,152,0,0,0,0,0,0,0,0,0,0
1457_22_rot3,1457_22,VV,3,speed15|band0.5|scr10,15.0,0.5,22500000.0,10.0,OS8-G8,152,0,0,0,0,0,0,0,0,0,0
1457_22_rot3,1457_22,VV,3,speed15|band0.5|scr20,15.0,0.5,22500000.0,20.0,OS8-G8,152,0,0,0,0,0,0,0,0,0,0
1457_22_rot3,1457_22,VV,3,speed15|band1|scr0,15.0,1.0,45000000.0,0.0,OS8-G8,152,0,0,0,0,0,0,0,0,0,0
1457_22_rot3,1457_22,VV,3,speed15|band1|scr10,15.0,1.0,45000000.0,10.0,OS8-G8,152,0,0,0,0,0,0,0,0,0,0
1457_22_rot3,1457_22,VV,3,speed15|band1|scr20,15.0,1.0,45000000.0,20.0,OS8-G8,152,0,0,0,0,0,0,0,0,0,0
1457_22_rot3,1457_22,VV,3,speed-15|band0.5|scr0,-15.0,0.5,22500000.0,0.0,PAMF-H1-K8-G8,152,0,0,0,0,0,0,0,0,0,0
1457_22_rot3,1457_22,VV,3,speed-15|band0.5|scr10,-15.0,0.5,22500000.0,10.0,PAMF-H1-K8-G8,152,0,0,0,0,0,0,0,0,0,0
1457_22_rot3,1457_22,VV,3,speed-15|band0.5|scr20,-15.0,0.5,22500000.0,20.0,PAMF-H1-K8-G8,152,0,0,0,0,0,0,0,0,0,0
1457_22_rot3,1457_22,VV,3,speed-15|band1|scr0,-15.0,1.0,45000000.0,0.0,PAMF-H1-K8-G8,152,0,0,0,0,0,0,0,0,0,0
1457_22_rot3,1457_22,VV,3,speed-15|band1|scr10,-15.0,1.0,45000000.0,10.0,PAMF-H1-K8-G8,152,1,1,1,1,455,455,-197,1,0,0
1457_22_rot3,1457_22,VV,3,speed-15|band1|scr20,-15.0,1.0,45000000.0,20.0,PAMF-H1-K8-G8,152,1,1,1,1,245,245,-598,1,0,0
1457_22_rot3,1457_22,VV,3,speed-5|band0.5|scr0,-5.0,0.5,22500000.0,0.0,PAMF-H1-K8-G8,152,1,1,1,1,365,365,192,0,0,1
1457_22_rot3,1457_22,VV,3,speed-5|band0.5|scr10,-5.0,0.5,22500000.0,10.0,PAMF-H1-K8-G8,152,0,0,0,0,0,0,0,0,0,0
1457_22_rot3,1457_22,VV,3,speed-5|band0.5|scr20,-5.0,0.5,22500000.0,20.0,PAMF-H1-K8-G8,152,0,0,0,0,0,0,0,0,0,0
1457_22_rot3,1457_22,VV,3,speed-5|band1|scr0,-5.0,1.0,45000000.0,0.0,PAMF-H1-K8-G8,152,0,0,0,0,0,0,0,0,0,0
1457_22_rot3,1457_22,VV,3,speed-5|band1|scr10,-5.0,1.0,45000000.0,10.0,PAMF-H1-K8-G8,152,0,0,0,0,0,0,0,0,0,0
1457_22_rot3,1457_22,VV,3,speed-5|band1|scr20,-5.0,1.0,45000000.0,20.0,PAMF-H1-K8-G8,152,0,0,0,0,0,0,0,0,0,0
1457_22_rot3,1457_22,VV,3,speed5|band0.5|scr0,5.0,0.5,22500000.0,0.0,PAMF-H1-K8-G8,152,0,0,0,0,0,0,0,0,0,0
1457_22_rot3,1457_22,VV,3,speed5|band0.5|scr10,5.0,0.5,22500000.0,10.0,PAMF-H1-K8-G8,152,0,0,0,0,0,0,0,0,0,0
1457_22_rot3,1457_22,VV,3,speed5|band0.5|scr20,5.0,0.5,22500000.0,20.0,PAMF-H1-K8-G8,152,0,0,0,0,0,0,0,0,0,0
1457_22_rot3,1457_22,VV,3,speed5|band1|scr0,5.0,1.0,45000000.0,0.0,PAMF-H1-K8-G8,152,0,0,0,0,0,0,0,0,0,0
1457_22_rot3,1457_22,VV,3,speed5|band1|scr10,5.0,1.0,45000000.0,10.0,PAMF-H1-K8-G8,152,0,0,0,0,0,0,0,0,0,0
1457_22_rot3,1457_22,VV,3,speed5|band1|scr20,5.0,1.0,45000000.0,20.0,PAMF-H1-K8-G8,152,0,0,0,0,0,0,0,0,0,0
1457_22_rot3,1457_22,VV,3,speed15|band0.5|scr0,15.0,0.5,22500000.0,0.0,PAMF-H1-K8-G8,152,0,0,0,0,0,0,0,0,0,0
1457_22_rot3,1457_22,VV,3,speed15|band0.5|scr10,15.0,0.5,22500000.0,10.0,PAMF-H1-K8-G8,152,0,0,0,0,0,0,0,0,0,0
1457_22_rot3,1457_22,VV,3,speed15|band0.5|scr20,15.0,0.5,22500000.0,20.0,PAMF-H1-K8-G8,152,1,0,0,0,44,0,0,0,0,0
1457_22_rot3,1457_22,VV,3,speed15|band1|scr0,15.0,1.0,45000000.0,0.0,PAMF-H1-K8-G8,152,0,0,0,0,0,0,0,0,0,0
1457_22_rot3,1457_22,VV,3,speed15|band1|scr10,15.0,1.0,45000000.0,10.0,PAMF-H1-K8-G8,152,0,0,0,0,0,0,0,0,0,0
1457_22_rot3,1457_22,VV,3,speed15|band1|scr20,15.0,1.0,45000000.0,20.0,PAMF-H1-K8-G8,152,3,3,3,3,948,948,-1395,3,0,0
1457_22_rot3,1457_22,VV,3,speed-15|band0.5|scr0,-15.0,0.5,22500000.0,0.0,P-ANMF1-N16,152,0,0,0,0,0,0,0,0,0,0
1457_22_rot3,1457_22,VV,3,speed-15|band0.5|scr10,-15.0,0.5,22500000.0,10.0,P-ANMF1-N16,152,0,0,0,0,0,0,0,0,0,0
1457_22_rot3,1457_22,VV,3,speed-15|band0.5|scr20,-15.0,0.5,22500000.0,20.0,P-ANMF1-N16,152,0,0,0,0,0,0,0,0,0,0
1457_22_rot3,1457_22,VV,3,speed-15|band1|scr0,-15.0,1.0,45000000.0,0.0,P-ANMF1-N16,152,0,0,0,0,0,0,0,0,0,0
1457_22_rot3,1457_22,VV,3,speed-15|band1|scr10,-15.0,1.0,45000000.0,10.0,P-ANMF1-N16,152,0,0,0,0,0,0,0,0,0,0
1457_22_rot3,1457_22,VV,3,speed-15|band1|scr20,-15.0,1.0,45000000.0,20.0,P-ANMF1-N16,152,0,0,0,0,0,0,0,0,0,0
1457_22_rot3,1457_22,VV,3,speed-5|band0.5|scr0,-5.0,0.5,22500000.0,0.0,P-ANMF1-N16,152,7,7,7,7,2421,2421,-898,5,0,2
1457_22_rot3,1457_22,VV,3,speed-5|band0.5|scr10,-5.0,0.5,22500000.0,10.0,P-ANMF1-N16,152,90,90,90,90,13320,13320,-33998,85,0,5
1457_22_rot3,1457_22,VV,3,speed-5|band0.5|scr20,-5.0,0.5,22500000.0,20.0,P-ANMF1-N16,152,141,141,141,141,2448,2448,-73212,141,0,0
1457_22_rot3,1457_22,VV,3,speed-5|band1|scr0,-5.0,1.0,45000000.0,0.0,P-ANMF1-N16,152,6,6,6,6,2022,2022,-405,4,0,2
1457_22_rot3,1457_22,VV,3,speed-5|band1|scr10,-5.0,1.0,45000000.0,10.0,P-ANMF1-N16,152,79,79,79,79,21931,21931,-18234,76,0,3
1457_22_rot3,1457_22,VV,3,speed-5|band1|scr20,-5.0,1.0,45000000.0,20.0,P-ANMF1-N16,152,141,141,141,141,14622,14622,-61038,141,0,0
1457_22_rot3,1457_22,VV,3,speed5|band0.5|scr0,5.0,0.5,22500000.0,0.0,P-ANMF1-N16,152,38,38,38,38,8976,8976,-10145,34,0,4
1457_22_rot3,1457_22,VV,3,speed5|band0.5|scr10,5.0,0.5,22500000.0,10.0,P-ANMF1-N16,152,130,130,130,130,7042,7042,-62377,127,0,3
1457_22_rot3,1457_22,VV,3,speed5|band0.5|scr20,5.0,0.5,22500000.0,20.0,P-ANMF1-N16,152,151,151,151,151,2205,2205,-77890,149,0,2
1457_22_rot3,1457_22,VV,3,speed5|band1|scr0,5.0,1.0,45000000.0,0.0,P-ANMF1-N16,152,35,35,35,35,12046,12046,-5189,33,0,2
1457_22_rot3,1457_22,VV,3,speed5|band1|scr10,5.0,1.0,45000000.0,10.0,P-ANMF1-N16,152,126,126,126,126,24458,24458,-42998,123,0,3
1457_22_rot3,1457_22,VV,3,speed5|band1|scr20,5.0,1.0,45000000.0,20.0,P-ANMF1-N16,152,151,151,151,150,7584,7584,-72511,148,0,3
1457_22_rot3,1457_22,VV,3,speed15|band0.5|scr0,15.0,0.5,22500000.0,0.0,P-ANMF1-N16,152,0,0,0,0,0,0,0,0,0,0
1457_22_rot3,1457_22,VV,3,speed15|band0.5|scr10,15.0,0.5,22500000.0,10.0,P-ANMF1-N16,152,0,0,0,0,0,0,0,0,0,0
1457_22_rot3,1457_22,VV,3,speed15|band0.5|scr20,15.0,0.5,22500000.0,20.0,P-ANMF1-N16,152,0,0,0,0,0,0,0,0,0,0
1457_22_rot3,1457_22,VV,3,speed15|band1|scr0,15.0,1.0,45000000.0,0.0,P-ANMF1-N16,152,0,0,0,0,0,0,0,0,0,0
1457_22_rot3,1457_22,VV,3,speed15|band1|scr10,15.0,1.0,45000000.0,10.0,P-ANMF1-N16,152,0,0,0,0,0,0,0,0,0,0
1457_22_rot3,1457_22,VV,3,speed15|band1|scr20,15.0,1.0,45000000.0,20.0,P-ANMF1-N16,152,0,0,0,0,0,0,0,0,0,0
1501_53_rot2,1501_53,VV,2,speed-15|band0.5|scr0,-15.0,0.5,22500000.0,0.0,IN-G0,152,4,1,1,1,2383,781,-51,1,0,0
1501_53_rot2,1501_53,VV,2,speed-15|band0.5|scr10,-15.0,0.5,22500000.0,10.0,IN-G0,152,2,1,1,0,1315,781,-51,1,0,0
1501_53_rot2,1501_53,VV,2,speed-15|band0.5|scr20,-15.0,0.5,22500000.0,20.0,IN-G0,152,0,0,0,0,0,0,0,0,0,0
1501_53_rot2,1501_53,VV,2,speed-15|band1|scr0,-15.0,1.0,45000000.0,0.0,IN-G0,152,6,5,5,3,3698,3164,-474,4,0,1
1501_53_rot2,1501_53,VV,2,speed-15|band1|scr10,-15.0,1.0,45000000.0,10.0,IN-G0,152,3,2,2,0,1849,1315,-260,2,0,0
1501_53_rot2,1501_53,VV,2,speed-15|band1|scr20,-15.0,1.0,45000000.0,20.0,IN-G0,152,2,1,1,1,1315,534,-209,1,0,0
1501_53_rot2,1501_53,VV,2,speed-5|band0.5|scr0,-5.0,0.5,22500000.0,0.0,IN-G0,152,7,5,5,4,4479,3164,-474,4,0,1
1501_53_rot2,1501_53,VV,2,speed-5|band0.5|scr10,-5.0,0.5,22500000.0,10.0,IN-G0,152,5,2,2,2,3164,1315,-100,2,0,0
1501_53_rot2,1501_53,VV,2,speed-5|band0.5|scr20,-5.0,0.5,22500000.0,20.0,IN-G0,152,4,1,1,0,2630,781,-51,1,0,0
1501_53_rot2,1501_53,VV,2,speed-5|band1|scr0,-5.0,1.0,45000000.0,0.0,IN-G0,152,7,7,7,6,4479,4479,259,4,0,3
1501_53_rot2,1501_53,VV,2,speed-5|band1|scr10,-5.0,1.0,45000000.0,10.0,IN-G0,152,6,6,6,4,3698,3699,-82,4,0,2
1501_53_rot2,1501_53,VV,2,speed-5|band1|scr20,-5.0,1.0,45000000.0,20.0,IN-G0,152,3,1,1,1,2096,781,-51,1,0,0
1501_53_rot2,1501_53,VV,2,speed5|band0.5|scr0,5.0,0.5,22500000.0,0.0,IN-G0,152,6,3,3,1,3698,1850,-569,3,0,0
1501_53_rot2,1501_53,VV,2,speed5|band0.5|scr10,5.0,0.5,22500000.0,10.0,IN-G0,152,5,2,2,1,3164,1315,-260,2,0,0
1501_53_rot2,1501_53,VV,2,speed5|band0.5|scr20,5.0,0.5,22500000.0,20.0,IN-G0,152,2,0,0,0,1562,0,0,0,0,0
1501_53_rot2,1501_53,VV,2,speed5|band1|scr0,5.0,1.0,45000000.0,0.0,IN-G0,152,7,4,4,1,4479,2630,-425,3,0,1
1501_53_rot2,1501_53,VV,2,speed5|band1|scr10,5.0,1.0,45000000.0,10.0,IN-G0,152,5,3,3,1,3164,1849,-570,3,0,0
1501_53_rot2,1501_53,VV,2,speed5|band1|scr20,5.0,1.0,45000000.0,20.0,IN-G0,152,2,0,0,0,1562,0,0,0,0,0
1501_53_rot2,1501_53,VV,2,speed15|band0.5|scr0,15.0,0.5,22500000.0,0.0,IN-G0,152,5,2,2,1,2917,1315,-260,2,0,0
1501_53_rot2,1501_53,VV,2,speed15|band0.5|scr10,15.0,0.5,22500000.0,10.0,IN-G0,152,2,0,0,0,1315,0,0,0,0,0
1501_53_rot2,1501_53,VV,2,speed15|band0.5|scr20,15.0,0.5,22500000.0,20.0,IN-G0,152,1,0,0,0,781,0,0,0,0,0
1501_53_rot2,1501_53,VV,2,speed15|band1|scr0,15.0,1.0,45000000.0,0.0,IN-G0,152,6,3,3,1,3698,1849,-570,3,0,0
1501_53_rot2,1501_53,VV,2,speed15|band1|scr10,15.0,1.0,45000000.0,10.0,IN-G0,152,4,1,1,1,2383,534,-209,1,0,0
1501_53_rot2,1501_53,VV,2,speed15|band1|scr20,15.0,1.0,45000000.0,20.0,IN-G0,152,2,1,1,1,1315,534,-209,1,0,0
1501_53_rot2,1501_53,VV,2,speed-15|band0.5|scr0,-15.0,0.5,22500000.0,0.0,CA-G0,152,0,0,0,0,0,0,0,0,0,0
1501_53_rot2,1501_53,VV,2,speed-15|band0.5|scr10,-15.0,0.5,22500000.0,10.0,CA-G0,152,0,0,0,0,0,0,0,0,0,0
1501_53_rot2,1501_53,VV,2,speed-15|band0.5|scr20,-15.0,0.5,22500000.0,20.0,CA-G0,152,1,0,0,0,192,0,0,0,0,0
1501_53_rot2,1501_53,VV,2,speed-15|band1|scr0,-15.0,1.0,45000000.0,0.0,CA-G0,152,0,0,0,0,0,0,0,0,0,0
1501_53_rot2,1501_53,VV,2,speed-15|band1|scr10,-15.0,1.0,45000000.0,10.0,CA-G0,152,0,0,0,0,0,0,0,0,0,0
1501_53_rot2,1501_53,VV,2,speed-15|band1|scr20,-15.0,1.0,45000000.0,20.0,CA-G0,152,0,0,0,0,0,0,0,0,0,0
1501_53_rot2,1501_53,VV,2,speed-5|band0.5|scr0,-5.0,0.5,22500000.0,0.0,CA-G0,152,0,0,0,0,0,0,0,0,0,0
1501_53_rot2,1501_53,VV,2,speed-5|band0.5|scr10,-5.0,0.5,22500000.0,10.0,CA-G0,152,0,0,0,0,0,0,0,0,0,0
1501_53_rot2,1501_53,VV,2,speed-5|band0.5|scr20,-5.0,0.5,22500000.0,20.0,CA-G0,152,0,0,0,0,0,0,0,0,0,0
1501_53_rot2,1501_53,VV,2,speed-5|band1|scr0,-5.0,1.0,45000000.0,0.0,CA-G0,152,0,0,0,0,0,0,0,0,0,0
1501_53_rot2,1501_53,VV,2,speed-5|band1|scr10,-5.0,1.0,45000000.0,10.0,CA-G0,152,0,0,0,0,0,0,0,0,0,0
1501_53_rot2,1501_53,VV,2,speed-5|band1|scr20,-5.0,1.0,45000000.0,20.0,CA-G0,152,0,0,0,0,0,0,0,0,0,0
1501_53_rot2,1501_53,VV,2,speed5|band0.5|scr0,5.0,0.5,22500000.0,0.0,CA-G0,152,0,0,0,0,0,0,0,0,0,0
1501_53_rot2,1501_53,VV,2,speed5|band0.5|scr10,5.0,0.5,22500000.0,10.0,CA-G0,152,0,0,0,0,0,0,0,0,0,0
1501_53_rot2,1501_53,VV,2,speed5|band0.5|scr20,5.0,0.5,22500000.0,20.0,CA-G0,152,0,0,0,0,0,0,0,0,0,0
1501_53_rot2,1501_53,VV,2,speed5|band1|scr0,5.0,1.0,45000000.0,0.0,CA-G0,152,0,0,0,0,0,0,0,0,0,0
1501_53_rot2,1501_53,VV,2,speed5|band1|scr10,5.0,1.0,45000000.0,10.0,CA-G0,152,0,0,0,0,0,0,0,0,0,0
1501_53_rot2,1501_53,VV,2,speed5|band1|scr20,5.0,1.0,45000000.0,20.0,CA-G0,152,0,0,0,0,0,0,0,0,0,0
1501_53_rot2,1501_53,VV,2,speed15|band0.5|scr0,15.0,0.5,22500000.0,0.0,CA-G0,152,0,0,0,0,0,0,0,0,0,0
1501_53_rot2,1501_53,VV,2,speed15|band0.5|scr10,15.0,0.5,22500000.0,10.0,CA-G0,152,0,0,0,0,0,0,0,0,0,0
1501_53_rot2,1501_53,VV,2,speed15|band0.5|scr20,15.0,0.5,22500000.0,20.0,CA-G0,152,0,0,0,0,0,0,0,0,0,0
1501_53_rot2,1501_53,VV,2,speed15|band1|scr0,15.0,1.0,45000000.0,0.0,CA-G0,152,0,0,0,0,0,0,0,0,0,0
1501_53_rot2,1501_53,VV,2,speed15|band1|scr10,15.0,1.0,45000000.0,10.0,CA-G0,152,0,0,0,0,0,0,0,0,0,0
1501_53_rot2,1501_53,VV,2,speed15|band1|scr20,15.0,1.0,45000000.0,20.0,CA-G0,152,0,0,0,0,0,0,0,0,0,0
1501_53_rot2,1501_53,VV,2,speed-15|band0.5|scr0,-15.0,0.5,22500000.0,0.0,OS8-G0,152,0,0,0,0,0,0,0,0,0,0
1501_53_rot2,1501_53,VV,2,speed-15|band0.5|scr10,-15.0,0.5,22500000.0,10.0,OS8-G0,152,0,0,0,0,0,0,0,0,0,0
1501_53_rot2,1501_53,VV,2,speed-15|band0.5|scr20,-15.0,0.5,22500000.0,20.0,OS8-G0,152,0,0,0,0,0,0,0,0,0,0
1501_53_rot2,1501_53,VV,2,speed-15|band1|scr0,-15.0,1.0,45000000.0,0.0,OS8-G0,152,0,0,0,0,0,0,0,0,0,0
1501_53_rot2,1501_53,VV,2,speed-15|band1|scr10,-15.0,1.0,45000000.0,10.0,OS8-G0,152,0,0,0,0,0,0,0,0,0,0
1501_53_rot2,1501_53,VV,2,speed-15|band1|scr20,-15.0,1.0,45000000.0,20.0,OS8-G0,152,0,0,0,0,0,0,0,0,0,0
1501_53_rot2,1501_53,VV,2,speed-5|band0.5|scr0,-5.0,0.5,22500000.0,0.0,OS8-G0,152,0,0,0,0,0,0,0,0,0,0
1501_53_rot2,1501_53,VV,2,speed-5|band0.5|scr10,-5.0,0.5,22500000.0,10.0,OS8-G0,152,0,0,0,0,0,0,0,0,0,0
1501_53_rot2,1501_53,VV,2,speed-5|band0.5|scr20,-5.0,0.5,22500000.0,20.0,OS8-G0,152,0,0,0,0,0,0,0,0,0,0
1501_53_rot2,1501_53,VV,2,speed-5|band1|scr0,-5.0,1.0,45000000.0,0.0,OS8-G0,152,0,0,0,0,0,0,0,0,0,0
1501_53_rot2,1501_53,VV,2,speed-5|band1|scr10,-5.0,1.0,45000000.0,10.0,OS8-G0,152,0,0,0,0,0,0,0,0,0,0
1501_53_rot2,1501_53,VV,2,speed-5|band1|scr20,-5.0,1.0,45000000.0,20.0,OS8-G0,152,0,0,0,0,0,0,0,0,0,0
1501_53_rot2,1501_53,VV,2,speed5|band0.5|scr0,5.0,0.5,22500000.0,0.0,OS8-G0,152,0,0,0,0,0,0,0,0,0,0
1501_53_rot2,1501_53,VV,2,speed5|band0.5|scr10,5.0,0.5,22500000.0,10.0,OS8-G0,152,0,0,0,0,0,0,0,0,0,0
1501_53_rot2,1501_53,VV,2,speed5|band0.5|scr20,5.0,0.5,22500000.0,20.0,OS8-G0,152,0,0,0,0,0,0,0,0,0,0
1501_53_rot2,1501_53,VV,2,speed5|band1|scr0,5.0,1.0,45000000.0,0.0,OS8-G0,152,0,0,0,0,0,0,0,0,0,0
1501_53_rot2,1501_53,VV,2,speed5|band1|scr10,5.0,1.0,45000000.0,10.0,OS8-G0,152,0,0,0,0,0,0,0,0,0,0
1501_53_rot2,1501_53,VV,2,speed5|band1|scr20,5.0,1.0,45000000.0,20.0,OS8-G0,152,0,0,0,0,0,0,0,0,0,0
1501_53_rot2,1501_53,VV,2,speed15|band0.5|scr0,15.0,0.5,22500000.0,0.0,OS8-G0,152,0,0,0,0,0,0,0,0,0,0
1501_53_rot2,1501_53,VV,2,speed15|band0.5|scr10,15.0,0.5,22500000.0,10.0,OS8-G0,152,0,0,0,0,0,0,0,0,0,0
1501_53_rot2,1501_53,VV,2,speed15|band0.5|scr20,15.0,0.5,22500000.0,20.0,OS8-G0,152,0,0,0,0,0,0,0,0,0,0
1501_53_rot2,1501_53,VV,2,speed15|band1|scr0,15.0,1.0,45000000.0,0.0,OS8-G0,152,0,0,0,0,0,0,0,0,0,0
1501_53_rot2,1501_53,VV,2,speed15|band1|scr10,15.0,1.0,45000000.0,10.0,OS8-G0,152,0,0,0,0,0,0,0,0,0,0
1501_53_rot2,1501_53,VV,2,speed15|band1|scr20,15.0,1.0,45000000.0,20.0,OS8-G0,152,0,0,0,0,0,0,0,0,0,0
1501_53_rot2,1501_53,VV,2,speed-15|band0.5|scr0,-15.0,0.5,22500000.0,0.0,IN-G8,152,3,1,1,1,1849,781,-51,1,0,0
1501_53_rot2,1501_53,VV,2,speed-15|band0.5|scr10,-15.0,0.5,22500000.0,10.0,IN-G8,152,2,1,1,1,1316,782,-50,1,0,0
1501_53_rot2,1501_53,VV,2,speed-15|band0.5|scr20,-15.0,0.5,22500000.0,20.0,IN-G8,152,0,0,0,0,0,0,0,0,0,0
1501_53_rot2,1501_53,VV,2,speed-15|band1|scr0,-15.0,1.0,45000000.0,0.0,IN-G8,152,6,5,5,3,3698,3164,-474,4,0,1
1501_53_rot2,1501_53,VV,2,speed-15|band1|scr10,-15.0,1.0,45000000.0,10.0,IN-G8,152,4,3,3,2,2039,1504,-865,3,0,0
1501_53_rot2,1501_53,VV,2,speed-15|band1|scr20,-15.0,1.0,45000000.0,20.0,IN-G8,152,5,5,5,5,2218,2218,-1030,4,0,1
1501_53_rot2,1501_53,VV,2,speed-5|band0.5|scr0,-5.0,0.5,22500000.0,0.0,IN-G8,152,6,5,5,3,3698,3165,-473,4,0,1
1501_53_rot2,1501_53,VV,2,speed-5|band0.5|scr10,-5.0,0.5,22500000.0,10.0,IN-G8,152,6,3,3,2,3699,2097,46,2,0,1
1501_53_rot2,1501_53,VV,2,speed-5|band0.5|scr20,-5.0,0.5,22500000.0,20.0,IN-G8,152,3,1,1,1,2096,781,-51,1,0,0
1501_53_rot2,1501_53,VV,2,speed-5|band1|scr0,-5.0,1.0,45000000.0,0.0,IN-G8,152,7,7,7,6,4479,4479,259,4,0,3
1501_53_rot2,1501_53,VV,2,speed-5|band1|scr10,-5.0,1.0,45000000.0,10.0,IN-G8,152,6,6,6,5,3699,3700,-81,4,0,2
1501_53_rot2,1501_53,VV,2,speed-5|band1|scr20,-5.0,1.0,45000000.0,20.0,IN-G8,152,4,1,1,1,2631,781,-51,1,0,0
1501_53_rot2,1501_53,VV,2,speed5|band0.5|scr0,5.0,0.5,22500000.0,0.0,IN-G8,152,6,3,3,1,3698,1851,-568,3,0,0
1501_53_rot2,1501_53,VV,2,speed5|band0.5|scr10,5.0,0.5,22500000.0,10.0,IN-G8,152,5,2,2,1,3164,1316,-259,2,0,0
1501_53_rot2,1501_53,VV,2,speed5|band0.5|scr20,5.0,0.5,22500000.0,20.0,IN-G8,152,2,0,0,0,1562,0,0,0,0,0
1501_53_rot2,1501_53,VV,2,speed5|band1|scr0,5.0,1.0,45000000.0,0.0,IN-G8,152,7,4,4,1,4479,2385,-177,3,0,1
1501_53_rot2,1501_53,VV,2,speed5|band1|scr10,5.0,1.0,45000000.0,10.0,IN-G8,152,5,2,2,1,3164,1068,-519,2,0,0
1501_53_rot2,1501_53,VV,2,speed5|band1|scr20,5.0,1.0,45000000.0,20.0,IN-G8,152,2,0,0,0,1562,0,0,0,0,0
1501_53_rot2,1501_53,VV,2,speed15|band0.5|scr0,15.0,0.5,22500000.0,0.0,IN-G8,152,5,1,1,1,3166,535,-208,1,0,0
1501_53_rot2,1501_53,VV,2,speed15|band0.5|scr10,15.0,0.5,22500000.0,10.0,IN-G8,152,2,0,0,0,1315,0,0,0,0,0
1501_53_rot2,1501_53,VV,2,speed15|band0.5|scr20,15.0,0.5,22500000.0,20.0,IN-G8,152,5,0,0,0,2269,0,0,0,0,0
1501_53_rot2,1501_53,VV,2,speed15|band1|scr0,15.0,1.0,45000000.0,0.0,IN-G8,152,6,2,2,1,3699,1068,-519,2,0,0
1501_53_rot2,1501_53,VV,2,speed15|band1|scr10,15.0,1.0,45000000.0,10.0,IN-G8,152,6,3,3,3,3404,1555,-618,2,0,1
1501_53_rot2,1501_53,VV,2,speed15|band1|scr20,15.0,1.0,45000000.0,20.0,IN-G8,152,9,5,5,5,3637,1261,-1429,4,0,1
1501_53_rot2,1501_53,VV,2,speed-15|band0.5|scr0,-15.0,0.5,22500000.0,0.0,CA-G8,152,0,0,0,0,0,0,0,0,0,0
1501_53_rot2,1501_53,VV,2,speed-15|band0.5|scr10,-15.0,0.5,22500000.0,10.0,CA-G8,152,0,0,0,0,0,0,0,0,0,0
1501_53_rot2,1501_53,VV,2,speed-15|band0.5|scr20,-15.0,0.5,22500000.0,20.0,CA-G8,152,0,0,0,0,0,0,0,0,0,0
1501_53_rot2,1501_53,VV,2,speed-15|band1|scr0,-15.0,1.0,45000000.0,0.0,CA-G8,152,0,0,0,0,0,0,0,0,0,0
1501_53_rot2,1501_53,VV,2,speed-15|band1|scr10,-15.0,1.0,45000000.0,10.0,CA-G8,152,0,0,0,0,0,0,0,0,0,0
1501_53_rot2,1501_53,VV,2,speed-15|band1|scr20,-15.0,1.0,45000000.0,20.0,CA-G8,152,0,0,0,0,0,0,0,0,0,0
1501_53_rot2,1501_53,VV,2,speed-5|band0.5|scr0,-5.0,0.5,22500000.0,0.0,CA-G8,152,0,0,0,0,0,0,0,0,0,0
1501_53_rot2,1501_53,VV,2,speed-5|band0.5|scr10,-5.0,0.5,22500000.0,10.0,CA-G8,152,0,0,0,0,0,0,0,0,0,0
1501_53_rot2,1501_53,VV,2,speed-5|band0.5|scr20,-5.0,0.5,22500000.0,20.0,CA-G8,152,0,0,0,0,0,0,0,0,0,0
1501_53_rot2,1501_53,VV,2,speed-5|band1|scr0,-5.0,1.0,45000000.0,0.0,CA-G8,152,0,0,0,0,0,0,0,0,0,0
1501_53_rot2,1501_53,VV,2,speed-5|band1|scr10,-5.0,1.0,45000000.0,10.0,CA-G8,152,0,0,0,0,0,0,0,0,0,0
1501_53_rot2,1501_53,VV,2,speed-5|band1|scr20,-5.0,1.0,45000000.0,20.0,CA-G8,152,0,0,0,0,0,0,0,0,0,0
1501_53_rot2,1501_53,VV,2,speed5|band0.5|scr0,5.0,0.5,22500000.0,0.0,CA-G8,152,0,0,0,0,0,0,0,0,0,0
1501_53_rot2,1501_53,VV,2,speed5|band0.5|scr10,5.0,0.5,22500000.0,10.0,CA-G8,152,0,0,0,0,0,0,0,0,0,0
1501_53_rot2,1501_53,VV,2,speed5|band0.5|scr20,5.0,0.5,22500000.0,20.0,CA-G8,152,0,0,0,0,0,0,0,0,0,0
1501_53_rot2,1501_53,VV,2,speed5|band1|scr0,5.0,1.0,45000000.0,0.0,CA-G8,152,0,0,0,0,0,0,0,0,0,0
1501_53_rot2,1501_53,VV,2,speed5|band1|scr10,5.0,1.0,45000000.0,10.0,CA-G8,152,0,0,0,0,0,0,0,0,0,0
1501_53_rot2,1501_53,VV,2,speed5|band1|scr20,5.0,1.0,45000000.0,20.0,CA-G8,152,0,0,0,0,0,0,0,0,0,0
1501_53_rot2,1501_53,VV,2,speed15|band0.5|scr0,15.0,0.5,22500000.0,0.0,CA-G8,152,0,0,0,0,0,0,0,0,0,0
1501_53_rot2,1501_53,VV,2,speed15|band0.5|scr10,15.0,0.5,22500000.0,10.0,CA-G8,152,0,0,0,0,0,0,0,0,0,0
1501_53_rot2,1501_53,VV,2,speed15|band0.5|scr20,15.0,0.5,22500000.0,20.0,CA-G8,152,0,0,0,0,0,0,0,0,0,0
1501_53_rot2,1501_53,VV,2,speed15|band1|scr0,15.0,1.0,45000000.0,0.0,CA-G8,152,0,0,0,0,0,0,0,0,0,0
1501_53_rot2,1501_53,VV,2,speed15|band1|scr10,15.0,1.0,45000000.0,10.0,CA-G8,152,0,0,0,0,0,0,0,0,0,0
1501_53_rot2,1501_53,VV,2,speed15|band1|scr20,15.0,1.0,45000000.0,20.0,CA-G8,152,0,0,0,0,0,0,0,0,0,0
1501_53_rot2,1501_53,VV,2,speed-15|band0.5|scr0,-15.0,0.5,22500000.0,0.0,OS8-G8,152,0,0,0,0,0,0,0,0,0,0
1501_53_rot2,1501_53,VV,2,speed-15|band0.5|scr10,-15.0,0.5,22500000.0,10.0,OS8-G8,152,0,0,0,0,0,0,0,0,0,0
1501_53_rot2,1501_53,VV,2,speed-15|band0.5|scr20,-15.0,0.5,22500000.0,20.0,OS8-G8,152,0,0,0,0,0,0,0,0,0,0
1501_53_rot2,1501_53,VV,2,speed-15|band1|scr0,-15.0,1.0,45000000.0,0.0,OS8-G8,152,0,0,0,0,0,0,0,0,0,0
1501_53_rot2,1501_53,VV,2,speed-15|band1|scr10,-15.0,1.0,45000000.0,10.0,OS8-G8,152,0,0,0,0,0,0,0,0,0,0
1501_53_rot2,1501_53,VV,2,speed-15|band1|scr20,-15.0,1.0,45000000.0,20.0,OS8-G8,152,0,0,0,0,0,0,0,0,0,0
1501_53_rot2,1501_53,VV,2,speed-5|band0.5|scr0,-5.0,0.5,22500000.0,0.0,OS8-G8,152,0,0,0,0,0,0,0,0,0,0
1501_53_rot2,1501_53,VV,2,speed-5|band0.5|scr10,-5.0,0.5,22500000.0,10.0,OS8-G8,152,0,0,0,0,0,0,0,0,0,0
1501_53_rot2,1501_53,VV,2,speed-5|band0.5|scr20,-5.0,0.5,22500000.0,20.0,OS8-G8,152,0,0,0,0,0,0,0,0,0,0
1501_53_rot2,1501_53,VV,2,speed-5|band1|scr0,-5.0,1.0,45000000.0,0.0,OS8-G8,152,0,0,0,0,0,0,0,0,0,0
1501_53_rot2,1501_53,VV,2,speed-5|band1|scr10,-5.0,1.0,45000000.0,10.0,OS8-G8,152,0,0,0,0,0,0,0,0,0,0
1501_53_rot2,1501_53,VV,2,speed-5|band1|scr20,-5.0,1.0,45000000.0,20.0,OS8-G8,152,0,0,0,0,0,0,0,0,0,0
1501_53_rot2,1501_53,VV,2,speed5|band0.5|scr0,5.0,0.5,22500000.0,0.0,OS8-G8,152,0,0,0,0,0,0,0,0,0,0
1501_53_rot2,1501_53,VV,2,speed5|band0.5|scr10,5.0,0.5,22500000.0,10.0,OS8-G8,152,0,0,0,0,0,0,0,0,0,0
1501_53_rot2,1501_53,VV,2,speed5|band0.5|scr20,5.0,0.5,22500000.0,20.0,OS8-G8,152,0,0,0,0,0,0,0,0,0,0
1501_53_rot2,1501_53,VV,2,speed5|band1|scr0,5.0,1.0,45000000.0,0.0,OS8-G8,152,0,0,0,0,0,0,0,0,0,0
1501_53_rot2,1501_53,VV,2,speed5|band1|scr10,5.0,1.0,45000000.0,10.0,OS8-G8,152,0,0,0,0,0,0,0,0,0,0
1501_53_rot2,1501_53,VV,2,speed5|band1|scr20,5.0,1.0,45000000.0,20.0,OS8-G8,152,0,0,0,0,0,0,0,0,0,0
1501_53_rot2,1501_53,VV,2,speed15|band0.5|scr0,15.0,0.5,22500000.0,0.0,OS8-G8,152,0,0,0,0,0,0,0,0,0,0
1501_53_rot2,1501_53,VV,2,speed15|band0.5|scr10,15.0,0.5,22500000.0,10.0,OS8-G8,152,0,0,0,0,0,0,0,0,0,0
1501_53_rot2,1501_53,VV,2,speed15|band0.5|scr20,15.0,0.5,22500000.0,20.0,OS8-G8,152,0,0,0,0,0,0,0,0,0,0
1501_53_rot2,1501_53,VV,2,speed15|band1|scr0,15.0,1.0,45000000.0,0.0,OS8-G8,152,0,0,0,0,0,0,0,0,0,0
1501_53_rot2,1501_53,VV,2,speed15|band1|scr10,15.0,1.0,45000000.0,10.0,OS8-G8,152,0,0,0,0,0,0,0,0,0,0
1501_53_rot2,1501_53,VV,2,speed15|band1|scr20,15.0,1.0,45000000.0,20.0,OS8-G8,152,0,0,0,0,0,0,0,0,0,0
1501_53_rot2,1501_53,VV,2,speed-15|band0.5|scr0,-15.0,0.5,22500000.0,0.0,PAMF-H1-K8-G8,152,2,0,0,0,0,0,0,0,0,0
1501_53_rot2,1501_53,VV,2,speed-15|band0.5|scr10,-15.0,0.5,22500000.0,10.0,PAMF-H1-K8-G8,152,1,0,0,0,0,0,0,0,0,0
1501_53_rot2,1501_53,VV,2,speed-15|band0.5|scr20,-15.0,0.5,22500000.0,20.0,PAMF-H1-K8-G8,152,5,0,0,0,1712,0,0,0,0,0
1501_53_rot2,1501_53,VV,2,speed-15|band1|scr0,-15.0,1.0,45000000.0,0.0,PAMF-H1-K8-G8,152,1,0,0,0,0,0,0,0,0,0
1501_53_rot2,1501_53,VV,2,speed-15|band1|scr10,-15.0,1.0,45000000.0,10.0,PAMF-H1-K8-G8,152,6,5,5,5,1337,1337,-591,3,0,2
1501_53_rot2,1501_53,VV,2,speed-15|band1|scr20,-15.0,1.0,45000000.0,20.0,PAMF-H1-K8-G8,152,65,62,62,60,22222,21870,-14682,49,0,13
1501_53_rot2,1501_53,VV,2,speed-5|band0.5|scr0,-5.0,0.5,22500000.0,0.0,PAMF-H1-K8-G8,152,1,0,0,0,0,0,0,0,0,0
1501_53_rot2,1501_53,VV,2,speed-5|band0.5|scr10,-5.0,0.5,22500000.0,10.0,PAMF-H1-K8-G8,152,0,0,0,0,0,0,0,0,0,0
1501_53_rot2,1501_53,VV,2,speed-5|band0.5|scr20,-5.0,0.5,22500000.0,20.0,PAMF-H1-K8-G8,152,0,0,0,0,0,0,0,0,0,0
1501_53_rot2,1501_53,VV,2,speed-5|band1|scr0,-5.0,1.0,45000000.0,0.0,PAMF-H1-K8-G8,152,1,0,0,0,0,0,0,0,0,0
1501_53_rot2,1501_53,VV,2,speed-5|band1|scr10,-5.0,1.0,45000000.0,10.0,PAMF-H1-K8-G8,152,0,0,0,0,0,0,0,0,0,0
1501_53_rot2,1501_53,VV,2,speed-5|band1|scr20,-5.0,1.0,45000000.0,20.0,PAMF-H1-K8-G8,152,1,1,1,1,941,941,143,0,0,1
1501_53_rot2,1501_53,VV,2,speed5|band0.5|scr0,5.0,0.5,22500000.0,0.0,PAMF-H1-K8-G8,152,0,0,0,0,0,0,0,0,0,0
1501_53_rot2,1501_53,VV,2,speed5|band0.5|scr10,5.0,0.5,22500000.0,10.0,PAMF-H1-K8-G8,152,0,0,0,0,0,0,0,0,0,0
1501_53_rot2,1501_53,VV,2,speed5|band0.5|scr20,5.0,0.5,22500000.0,20.0,PAMF-H1-K8-G8,152,0,0,0,0,0,0,0,0,0,0
1501_53_rot2,1501_53,VV,2,speed5|band1|scr0,5.0,1.0,45000000.0,0.0,PAMF-H1-K8-G8,152,2,1,1,1,0,0,-478,1,0,0
1501_53_rot2,1501_53,VV,2,speed5|band1|scr10,5.0,1.0,45000000.0,10.0,PAMF-H1-K8-G8,152,0,0,0,0,0,0,0,0,0,0
1501_53_rot2,1501_53,VV,2,speed5|band1|scr20,5.0,1.0,45000000.0,20.0,PAMF-H1-K8-G8,152,0,0,0,0,0,0,0,0,0,0
1501_53_rot2,1501_53,VV,2,speed15|band0.5|scr0,15.0,0.5,22500000.0,0.0,PAMF-H1-K8-G8,152,0,0,0,0,0,0,0,0,0,0
1501_53_rot2,1501_53,VV,2,speed15|band0.5|scr10,15.0,0.5,22500000.0,10.0,PAMF-H1-K8-G8,152,0,0,0,0,0,0,0,0,0,0
1501_53_rot2,1501_53,VV,2,speed15|band0.5|scr20,15.0,0.5,22500000.0,20.0,PAMF-H1-K8-G8,152,18,0,0,0,7218,0,0,0,0,0
1501_53_rot2,1501_53,VV,2,speed15|band1|scr0,15.0,1.0,45000000.0,0.0,PAMF-H1-K8-G8,152,1,1,1,1,91,91,-198,1,0,0
1501_53_rot2,1501_53,VV,2,speed15|band1|scr10,15.0,1.0,45000000.0,10.0,PAMF-H1-K8-G8,152,17,17,17,17,7677,7677,-1721,10,0,7
1501_53_rot2,1501_53,VV,2,speed15|band1|scr20,15.0,1.0,45000000.0,20.0,PAMF-H1-K8-G8,152,90,89,89,83,27383,28285,-21999,68,0,21
1501_53_rot2,1501_53,VV,2,speed-15|band0.5|scr0,-15.0,0.5,22500000.0,0.0,P-ANMF1-N16,152,0,0,0,0,0,0,0,0,0,0
1501_53_rot2,1501_53,VV,2,speed-15|band0.5|scr10,-15.0,0.5,22500000.0,10.0,P-ANMF1-N16,152,0,0,0,0,0,0,0,0,0,0
1501_53_rot2,1501_53,VV,2,speed-15|band0.5|scr20,-15.0,0.5,22500000.0,20.0,P-ANMF1-N16,152,0,0,0,0,0,0,0,0,0,0
1501_53_rot2,1501_53,VV,2,speed-15|band1|scr0,-15.0,1.0,45000000.0,0.0,P-ANMF1-N16,152,0,0,0,0,0,0,0,0,0,0
1501_53_rot2,1501_53,VV,2,speed-15|band1|scr10,-15.0,1.0,45000000.0,10.0,P-ANMF1-N16,152,0,0,0,0,0,0,0,0,0,0
1501_53_rot2,1501_53,VV,2,speed-15|band1|scr20,-15.0,1.0,45000000.0,20.0,P-ANMF1-N16,152,0,0,0,0,0,0,0,0,0,0
1501_53_rot2,1501_53,VV,2,speed-5|band0.5|scr0,-5.0,0.5,22500000.0,0.0,P-ANMF1-N16,152,11,11,11,11,5186,5186,-418,8,0,3
1501_53_rot2,1501_53,VV,2,speed-5|band0.5|scr10,-5.0,0.5,22500000.0,10.0,P-ANMF1-N16,152,105,105,105,105,9079,9079,-47305,100,0,5
1501_53_rot2,1501_53,VV,2,speed-5|band0.5|scr20,-5.0,0.5,22500000.0,20.0,P-ANMF1-N16,152,145,145,145,145,1313,1313,-76160,145,0,0
1501_53_rot2,1501_53,VV,2,speed-5|band1|scr0,-5.0,1.0,45000000.0,0.0,P-ANMF1-N16,152,8,8,8,8,3408,3408,-602,7,0,1
1501_53_rot2,1501_53,VV,2,speed-5|band1|scr10,-5.0,1.0,45000000.0,10.0,P-ANMF1-N16,152,103,103,103,103,25506,25506,-29547,97,0,6
1501_53_rot2,1501_53,VV,2,speed-5|band1|scr20,-5.0,1.0,45000000.0,20.0,P-ANMF1-N16,152,145,145,145,145,9984,9984,-67489,145,0,0
1501_53_rot2,1501_53,VV,2,speed5|band0.5|scr0,5.0,0.5,22500000.0,0.0,P-ANMF1-N16,152,69,69,69,69,11732,11732,-25258,65,0,4
1501_53_rot2,1501_53,VV,2,speed5|band0.5|scr10,5.0,0.5,22500000.0,10.0,P-ANMF1-N16,152,140,140,140,140,3795,3795,-70629,138,0,2
1501_53_rot2,1501_53,VV,2,speed5|band0.5|scr20,5.0,0.5,22500000.0,20.0,P-ANMF1-N16,152,151,151,151,151,315,315,-80159,151,0,0
1501_53_rot2,1501_53,VV,2,speed5|band1|scr0,5.0,1.0,45000000.0,0.0,P-ANMF1-N16,152,62,62,62,62,22231,22231,-12017,59,0,3
1501_53_rot2,1501_53,VV,2,speed5|band1|scr10,5.0,1.0,45000000.0,10.0,P-ANMF1-N16,152,139,139,139,139,17594,17594,-56323,136,0,3
1501_53_rot2,1501_53,VV,2,speed5|band1|scr20,5.0,1.0,45000000.0,20.0,P-ANMF1-N16,152,151,151,151,151,4387,4387,-76087,151,0,0
1501_53_rot2,1501_53,VV,2,speed15|band0.5|scr0,15.0,0.5,22500000.0,0.0,P-ANMF1-N16,152,0,0,0,0,0,0,0,0,0,0
1501_53_rot2,1501_53,VV,2,speed15|band0.5|scr10,15.0,0.5,22500000.0,10.0,P-ANMF1-N16,152,0,0,0,0,0,0,0,0,0,0
1501_53_rot2,1501_53,VV,2,speed15|band0.5|scr20,15.0,0.5,22500000.0,20.0,P-ANMF1-N16,152,0,0,0,0,0,0,0,0,0,0
1501_53_rot2,1501_53,VV,2,speed15|band1|scr0,15.0,1.0,45000000.0,0.0,P-ANMF1-N16,152,0,0,0,0,0,0,0,0,0,0
1501_53_rot2,1501_53,VV,2,speed15|band1|scr10,15.0,1.0,45000000.0,10.0,P-ANMF1-N16,152,0,0,0,0,0,0,0,0,0,0
1501_53_rot2,1501_53,VV,2,speed15|band1|scr20,15.0,1.0,45000000.0,20.0,P-ANMF1-N16,152,0,0,0,0,0,0,0,0,0,0
1501_53_rot3,1501_53,VV,3,speed-15|band0.5|scr0,-15.0,0.5,22500000.0,0.0,IN-G0,152,0,0,0,0,0,0,0,0,0,0
1501_53_rot3,1501_53,VV,3,speed-15|band0.5|scr10,-15.0,0.5,22500000.0,10.0,IN-G0,152,0,0,0,0,0,0,0,0,0,0
1501_53_rot3,1501_53,VV,3,speed-15|band0.5|scr20,-15.0,0.5,22500000.0,20.0,IN-G0,152,0,0,0,0,0,0,0,0,0,0
1501_53_rot3,1501_53,VV,3,speed-15|band1|scr0,-15.0,1.0,45000000.0,0.0,IN-G0,152,0,0,0,0,0,0,0,0,0,0
1501_53_rot3,1501_53,VV,3,speed-15|band1|scr10,-15.0,1.0,45000000.0,10.0,IN-G0,152,0,0,0,0,0,0,0,0,0,0
1501_53_rot3,1501_53,VV,3,speed-15|band1|scr20,-15.0,1.0,45000000.0,20.0,IN-G0,152,0,0,0,0,0,0,0,0,0,0
1501_53_rot3,1501_53,VV,3,speed-5|band0.5|scr0,-5.0,0.5,22500000.0,0.0,IN-G0,152,1,0,0,0,863,0,0,0,0,0
1501_53_rot3,1501_53,VV,3,speed-5|band0.5|scr10,-5.0,0.5,22500000.0,10.0,IN-G0,152,0,0,0,0,0,0,0,0,0,0
1501_53_rot3,1501_53,VV,3,speed-5|band0.5|scr20,-5.0,0.5,22500000.0,20.0,IN-G0,152,0,0,0,0,0,0,0,0,0,0
1501_53_rot3,1501_53,VV,3,speed-5|band1|scr0,-5.0,1.0,45000000.0,0.0,IN-G0,152,0,0,0,0,0,0,0,0,0,0
1501_53_rot3,1501_53,VV,3,speed-5|band1|scr10,-5.0,1.0,45000000.0,10.0,IN-G0,152,0,0,0,0,0,0,0,0,0,0
1501_53_rot3,1501_53,VV,3,speed-5|band1|scr20,-5.0,1.0,45000000.0,20.0,IN-G0,152,0,0,0,0,0,0,0,0,0,0
1501_53_rot3,1501_53,VV,3,speed5|band0.5|scr0,5.0,0.5,22500000.0,0.0,IN-G0,152,0,0,0,0,0,0,0,0,0,0
1501_53_rot3,1501_53,VV,3,speed5|band0.5|scr10,5.0,0.5,22500000.0,10.0,IN-G0,152,0,0,0,0,0,0,0,0,0,0
1501_53_rot3,1501_53,VV,3,speed5|band0.5|scr20,5.0,0.5,22500000.0,20.0,IN-G0,152,0,0,0,0,0,0,0,0,0,0
1501_53_rot3,1501_53,VV,3,speed5|band1|scr0,5.0,1.0,45000000.0,0.0,IN-G0,152,0,0,0,0,0,0,0,0,0,0
1501_53_rot3,1501_53,VV,3,speed5|band1|scr10,5.0,1.0,45000000.0,10.0,IN-G0,152,0,0,0,0,0,0,0,0,0,0
1501_53_rot3,1501_53,VV,3,speed5|band1|scr20,5.0,1.0,45000000.0,20.0,IN-G0,152,0,0,0,0,0,0,0,0,0,0
1501_53_rot3,1501_53,VV,3,speed15|band0.5|scr0,15.0,0.5,22500000.0,0.0,IN-G0,152,0,0,0,0,0,0,0,0,0,0
1501_53_rot3,1501_53,VV,3,speed15|band0.5|scr10,15.0,0.5,22500000.0,10.0,IN-G0,152,0,0,0,0,0,0,0,0,0,0
1501_53_rot3,1501_53,VV,3,speed15|band0.5|scr20,15.0,0.5,22500000.0,20.0,IN-G0,152,0,0,0,0,0,0,0,0,0,0
1501_53_rot3,1501_53,VV,3,speed15|band1|scr0,15.0,1.0,45000000.0,0.0,IN-G0,152,0,0,0,0,0,0,0,0,0,0
1501_53_rot3,1501_53,VV,3,speed15|band1|scr10,15.0,1.0,45000000.0,10.0,IN-G0,152,0,0,0,0,0,0,0,0,0,0
1501_53_rot3,1501_53,VV,3,speed15|band1|scr20,15.0,1.0,45000000.0,20.0,IN-G0,152,0,0,0,0,0,0,0,0,0,0
1501_53_rot3,1501_53,VV,3,speed-15|band0.5|scr0,-15.0,0.5,22500000.0,0.0,CA-G0,152,0,0,0,0,0,0,0,0,0,0
1501_53_rot3,1501_53,VV,3,speed-15|band0.5|scr10,-15.0,0.5,22500000.0,10.0,CA-G0,152,0,0,0,0,0,0,0,0,0,0
1501_53_rot3,1501_53,VV,3,speed-15|band0.5|scr20,-15.0,0.5,22500000.0,20.0,CA-G0,152,0,0,0,0,0,0,0,0,0,0
1501_53_rot3,1501_53,VV,3,speed-15|band1|scr0,-15.0,1.0,45000000.0,0.0,CA-G0,152,2,2,2,2,931,931,-208,1,0,1
1501_53_rot3,1501_53,VV,3,speed-15|band1|scr10,-15.0,1.0,45000000.0,10.0,CA-G0,152,1,1,1,1,2,2,-164,1,0,0
1501_53_rot3,1501_53,VV,3,speed-15|band1|scr20,-15.0,1.0,45000000.0,20.0,CA-G0,152,1,0,0,0,309,0,0,0,0,0
1501_53_rot3,1501_53,VV,3,speed-5|band0.5|scr0,-5.0,0.5,22500000.0,0.0,CA-G0,152,3,1,1,1,1406,186,-74,1,0,0
1501_53_rot3,1501_53,VV,3,speed-5|band0.5|scr10,-5.0,0.5,22500000.0,10.0,CA-G0,152,1,0,0,0,112,0,0,0,0,0
1501_53_rot3,1501_53,VV,3,speed-5|band0.5|scr20,-5.0,0.5,22500000.0,20.0,CA-G0,152,0,0,0,0,0,0,0,0,0,0
1501_53_rot3,1501_53,VV,3,speed-5|band1|scr0,-5.0,1.0,45000000.0,0.0,CA-G0,152,3,2,2,2,2058,1162,319,1,0,1
1501_53_rot3,1501_53,VV,3,speed-5|band1|scr10,-5.0,1.0,45000000.0,10.0,CA-G0,152,3,3,3,3,2112,2112,448,1,0,2
1501_53_rot3,1501_53,VV,3,speed-5|band1|scr20,-5.0,1.0,45000000.0,20.0,CA-G0,152,1,1,1,1,159,159,-658,1,0,0
1501_53_rot3,1501_53,VV,3,speed5|band0.5|scr0,5.0,0.5,22500000.0,0.0,CA-G0,152,0,0,0,0,0,0,0,0,0,0
1501_53_rot3,1501_53,VV,3,speed5|band0.5|scr10,5.0,0.5,22500000.0,10.0,CA-G0,152,0,0,0,0,0,0,0,0,0,0
1501_53_rot3,1501_53,VV,3,speed5|band0.5|scr20,5.0,0.5,22500000.0,20.0,CA-G0,152,0,0,0,0,0,0,0,0,0,0
1501_53_rot3,1501_53,VV,3,speed5|band1|scr0,5.0,1.0,45000000.0,0.0,CA-G0,152,3,0,0,0,1615,0,0,0,0,0
1501_53_rot3,1501_53,VV,3,speed5|band1|scr10,5.0,1.0,45000000.0,10.0,CA-G0,152,2,0,0,0,774,0,0,0,0,0
1501_53_rot3,1501_53,VV,3,speed5|band1|scr20,5.0,1.0,45000000.0,20.0,CA-G0,152,0,0,0,0,0,0,0,0,0,0
1501_53_rot3,1501_53,VV,3,speed15|band0.5|scr0,15.0,0.5,22500000.0,0.0,CA-G0,152,0,0,0,0,0,0,0,0,0,0
1501_53_rot3,1501_53,VV,3,speed15|band0.5|scr10,15.0,0.5,22500000.0,10.0,CA-G0,152,0,0,0,0,0,0,0,0,0,0
1501_53_rot3,1501_53,VV,3,speed15|band0.5|scr20,15.0,0.5,22500000.0,20.0,CA-G0,152,0,0,0,0,0,0,0,0,0,0
1501_53_rot3,1501_53,VV,3,speed15|band1|scr0,15.0,1.0,45000000.0,0.0,CA-G0,152,3,0,0,0,1653,0,0,0,0,0
1501_53_rot3,1501_53,VV,3,speed15|band1|scr10,15.0,1.0,45000000.0,10.0,CA-G0,152,3,1,1,1,1245,109,-213,1,0,0
1501_53_rot3,1501_53,VV,3,speed15|band1|scr20,15.0,1.0,45000000.0,20.0,CA-G0,152,2,1,1,1,707,603,186,0,0,1
1501_53_rot3,1501_53,VV,3,speed-15|band0.5|scr0,-15.0,0.5,22500000.0,0.0,OS8-G0,152,1,0,0,0,376,0,0,0,0,0
1501_53_rot3,1501_53,VV,3,speed-15|band0.5|scr10,-15.0,0.5,22500000.0,10.0,OS8-G0,152,0,0,0,0,0,0,0,0,0,0
1501_53_rot3,1501_53,VV,3,speed-15|band0.5|scr20,-15.0,0.5,22500000.0,20.0,OS8-G0,152,0,0,0,0,0,0,0,0,0,0
1501_53_rot3,1501_53,VV,3,speed-15|band1|scr0,-15.0,1.0,45000000.0,0.0,OS8-G0,152,0,0,0,0,0,0,0,0,0,0
1501_53_rot3,1501_53,VV,3,speed-15|band1|scr10,-15.0,1.0,45000000.0,10.0,OS8-G0,152,0,0,0,0,0,0,0,0,0,0
1501_53_rot3,1501_53,VV,3,speed-15|band1|scr20,-15.0,1.0,45000000.0,20.0,OS8-G0,152,1,1,1,1,551,551,191,0,0,1
1501_53_rot3,1501_53,VV,3,speed-5|band0.5|scr0,-5.0,0.5,22500000.0,0.0,OS8-G0,152,3,2,2,2,1757,1006,-127,1,0,1
1501_53_rot3,1501_53,VV,3,speed-5|band0.5|scr10,-5.0,0.5,22500000.0,10.0,OS8-G0,152,0,0,0,0,0,0,0,0,0,0
1501_53_rot3,1501_53,VV,3,speed-5|band0.5|scr20,-5.0,0.5,22500000.0,20.0,OS8-G0,152,2,1,1,1,1320,807,22,0,0,1
1501_53_rot3,1501_53,VV,3,speed-5|band1|scr0,-5.0,1.0,45000000.0,0.0,OS8-G0,152,8,6,6,6,4294,4135,839,2,0,4
1501_53_rot3,1501_53,VV,3,speed-5|band1|scr10,-5.0,1.0,45000000.0,10.0,OS8-G0,152,8,6,6,6,3611,3218,491,2,0,4
1501_53_rot3,1501_53,VV,3,speed-5|band1|scr20,-5.0,1.0,45000000.0,20.0,OS8-G0,152,2,0,0,0,811,0,0,0,0,0
1501_53_rot3,1501_53,VV,3,speed5|band0.5|scr0,5.0,0.5,22500000.0,0.0,OS8-G0,152,1,0,0,0,252,0,0,0,0,0
1501_53_rot3,1501_53,VV,3,speed5|band0.5|scr10,5.0,0.5,22500000.0,10.0,OS8-G0,152,0,0,0,0,0,0,0,0,0,0
1501_53_rot3,1501_53,VV,3,speed5|band0.5|scr20,5.0,0.5,22500000.0,20.0,OS8-G0,152,0,0,0,0,0,0,0,0,0,0
1501_53_rot3,1501_53,VV,3,speed5|band1|scr0,5.0,1.0,45000000.0,0.0,OS8-G0,152,2,0,0,0,486,0,0,0,0,0
1501_53_rot3,1501_53,VV,3,speed5|band1|scr10,5.0,1.0,45000000.0,10.0,OS8-G0,152,0,0,0,0,0,0,0,0,0,0
1501_53_rot3,1501_53,VV,3,speed5|band1|scr20,5.0,1.0,45000000.0,20.0,OS8-G0,152,0,0,0,0,0,0,0,0,0,0
1501_53_rot3,1501_53,VV,3,speed15|band0.5|scr0,15.0,0.5,22500000.0,0.0,OS8-G0,152,0,0,0,0,0,0,0,0,0,0
1501_53_rot3,1501_53,VV,3,speed15|band0.5|scr10,15.0,0.5,22500000.0,10.0,OS8-G0,152,0,0,0,0,0,0,0,0,0,0
1501_53_rot3,1501_53,VV,3,speed15|band0.5|scr20,15.0,0.5,22500000.0,20.0,OS8-G0,152,1,0,0,0,873,0,0,0,0,0
1501_53_rot3,1501_53,VV,3,speed15|band1|scr0,15.0,1.0,45000000.0,0.0,OS8-G0,152,1,0,0,0,256,0,0,0,0,0
1501_53_rot3,1501_53,VV,3,speed15|band1|scr10,15.0,1.0,45000000.0,10.0,OS8-G0,152,0,0,0,0,0,0,0,0,0,0
1501_53_rot3,1501_53,VV,3,speed15|band1|scr20,15.0,1.0,45000000.0,20.0,OS8-G0,152,1,0,0,0,873,0,0,0,0,0
1501_53_rot3,1501_53,VV,3,speed-15|band0.5|scr0,-15.0,0.5,22500000.0,0.0,IN-G8,152,1,0,0,0,864,0,0,0,0,0
1501_53_rot3,1501_53,VV,3,speed-15|band0.5|scr10,-15.0,0.5,22500000.0,10.0,IN-G8,152,0,0,0,0,0,0,0,0,0,0
1501_53_rot3,1501_53,VV,3,speed-15|band0.5|scr20,-15.0,0.5,22500000.0,20.0,IN-G8,152,0,0,0,0,0,0,0,0,0,0
1501_53_rot3,1501_53,VV,3,speed-15|band1|scr0,-15.0,1.0,45000000.0,0.0,IN-G8,152,1,0,0,0,863,0,0,0,0,0
1501_53_rot3,1501_53,VV,3,speed-15|band1|scr10,-15.0,1.0,45000000.0,10.0,IN-G8,152,0,0,0,0,0,0,0,0,0,0
1501_53_rot3,1501_53,VV,3,speed-15|band1|scr20,-15.0,1.0,45000000.0,20.0,IN-G8,152,0,0,0,0,0,0,0,0,0,0
1501_53_rot3,1501_53,VV,3,speed-5|band0.5|scr0,-5.0,0.5,22500000.0,0.0,IN-G8,152,1,0,0,0,863,0,0,0,0,0
1501_53_rot3,1501_53,VV,3,speed-5|band0.5|scr10,-5.0,0.5,22500000.0,10.0,IN-G8,152,0,0,0,0,0,0,0,0,0,0
1501_53_rot3,1501_53,VV,3,speed-5|band0.5|scr20,-5.0,0.5,22500000.0,20.0,IN-G8,152,0,0,0,0,0,0,0,0,0,0
1501_53_rot3,1501_53,VV,3,speed-5|band1|scr0,-5.0,1.0,45000000.0,0.0,IN-G8,152,1,0,0,0,863,0,0,0,0,0
1501_53_rot3,1501_53,VV,3,speed-5|band1|scr10,-5.0,1.0,45000000.0,10.0,IN-G8,152,0,0,0,0,0,0,0,0,0,0
1501_53_rot3,1501_53,VV,3,speed-5|band1|scr20,-5.0,1.0,45000000.0,20.0,IN-G8,152,0,0,0,0,0,0,0,0,0,0
1501_53_rot3,1501_53,VV,3,speed5|band0.5|scr0,5.0,0.5,22500000.0,0.0,IN-G8,152,0,0,0,0,0,0,0,0,0,0
1501_53_rot3,1501_53,VV,3,speed5|band0.5|scr10,5.0,0.5,22500000.0,10.0,IN-G8,152,0,0,0,0,0,0,0,0,0,0
1501_53_rot3,1501_53,VV,3,speed5|band0.5|scr20,5.0,0.5,22500000.0,20.0,IN-G8,152,0,0,0,0,0,0,0,0,0,0
1501_53_rot3,1501_53,VV,3,speed5|band1|scr0,5.0,1.0,45000000.0,0.0,IN-G8,152,0,0,0,0,0,0,0,0,0,0
1501_53_rot3,1501_53,VV,3,speed5|band1|scr10,5.0,1.0,45000000.0,10.0,IN-G8,152,0,0,0,0,0,0,0,0,0,0
1501_53_rot3,1501_53,VV,3,speed5|band1|scr20,5.0,1.0,45000000.0,20.0,IN-G8,152,0,0,0,0,0,0,0,0,0,0
1501_53_rot3,1501_53,VV,3,speed15|band0.5|scr0,15.0,0.5,22500000.0,0.0,IN-G8,152,0,0,0,0,0,0,0,0,0,0
1501_53_rot3,1501_53,VV,3,speed15|band0.5|scr10,15.0,0.5,22500000.0,10.0,IN-G8,152,0,0,0,0,0,0,0,0,0,0
1501_53_rot3,1501_53,VV,3,speed15|band0.5|scr20,15.0,0.5,22500000.0,20.0,IN-G8,152,0,0,0,0,0,0,0,0,0,0
1501_53_rot3,1501_53,VV,3,speed15|band1|scr0,15.0,1.0,45000000.0,0.0,IN-G8,152,0,0,0,0,0,0,0,0,0,0
1501_53_rot3,1501_53,VV,3,speed15|band1|scr10,15.0,1.0,45000000.0,10.0,IN-G8,152,0,0,0,0,0,0,0,0,0,0
1501_53_rot3,1501_53,VV,3,speed15|band1|scr20,15.0,1.0,45000000.0,20.0,IN-G8,152,0,0,0,0,0,0,0,0,0,0
1501_53_rot3,1501_53,VV,3,speed-15|band0.5|scr0,-15.0,0.5,22500000.0,0.0,CA-G8,152,1,1,1,1,828,828,392,0,0,1
1501_53_rot3,1501_53,VV,3,speed-15|band0.5|scr10,-15.0,0.5,22500000.0,10.0,CA-G8,152,0,0,0,0,0,0,0,0,0,0
1501_53_rot3,1501_53,VV,3,speed-15|band0.5|scr20,-15.0,0.5,22500000.0,20.0,CA-G8,152,0,0,0,0,0,0,0,0,0,0
1501_53_rot3,1501_53,VV,3,speed-15|band1|scr0,-15.0,1.0,45000000.0,0.0,CA-G8,152,1,1,1,1,828,828,392,0,0,1
1501_53_rot3,1501_53,VV,3,speed-15|band1|scr10,-15.0,1.0,45000000.0,10.0,CA-G8,152,0,0,0,0,0,0,0,0,0,0
1501_53_rot3,1501_53,VV,3,speed-15|band1|scr20,-15.0,1.0,45000000.0,20.0,CA-G8,152,0,0,0,0,0,0,0,0,0,0
1501_53_rot3,1501_53,VV,3,speed-5|band0.5|scr0,-5.0,0.5,22500000.0,0.0,CA-G8,152,3,0,0,0,1649,0,0,0,0,0
1501_53_rot3,1501_53,VV,3,speed-5|band0.5|scr10,-5.0,0.5,22500000.0,10.0,CA-G8,152,0,0,0,0,0,0,0,0,0,0
1501_53_rot3,1501_53,VV,3,speed-5|band0.5|scr20,-5.0,0.5,22500000.0,20.0,CA-G8,152,1,0,0,0,363,0,0,0,0,0
1501_53_rot3,1501_53,VV,3,speed-5|band1|scr0,-5.0,1.0,45000000.0,0.0,CA-G8,152,2,2,2,2,1702,1702,909,0,0,2
1501_53_rot3,1501_53,VV,3,speed-5|band1|scr10,-5.0,1.0,45000000.0,10.0,CA-G8,152,3,3,3,3,2127,2127,463,1,0,2
1501_53_rot3,1501_53,VV,3,speed-5|band1|scr20,-5.0,1.0,45000000.0,20.0,CA-G8,152,0,0,0,0,0,0,0,0,0,0
1501_53_rot3,1501_53,VV,3,speed5|band0.5|scr0,5.0,0.5,22500000.0,0.0,CA-G8,152,0,0,0,0,0,0,0,0,0,0
1501_53_rot3,1501_53,VV,3,speed5|band0.5|scr10,5.0,0.5,22500000.0,10.0,CA-G8,152,0,0,0,0,0,0,0,0,0,0
1501_53_rot3,1501_53,VV,3,speed5|band0.5|scr20,5.0,0.5,22500000.0,20.0,CA-G8,152,0,0,0,0,0,0,0,0,0,0
1501_53_rot3,1501_53,VV,3,speed5|band1|scr0,5.0,1.0,45000000.0,0.0,CA-G8,152,0,0,0,0,0,0,0,0,0,0
1501_53_rot3,1501_53,VV,3,speed5|band1|scr10,5.0,1.0,45000000.0,10.0,CA-G8,152,0,0,0,0,0,0,0,0,0,0
1501_53_rot3,1501_53,VV,3,speed5|band1|scr20,5.0,1.0,45000000.0,20.0,CA-G8,152,0,0,0,0,0,0,0,0,0,0
1501_53_rot3,1501_53,VV,3,speed15|band0.5|scr0,15.0,0.5,22500000.0,0.0,CA-G8,152,0,0,0,0,0,0,0,0,0,0
1501_53_rot3,1501_53,VV,3,speed15|band0.5|scr10,15.0,0.5,22500000.0,10.0,CA-G8,152,1,0,0,0,873,0,0,0,0,0
1501_53_rot3,1501_53,VV,3,speed15|band0.5|scr20,15.0,0.5,22500000.0,20.0,CA-G8,152,2,0,0,0,1610,0,0,0,0,0
1501_53_rot3,1501_53,VV,3,speed15|band1|scr0,15.0,1.0,45000000.0,0.0,CA-G8,152,1,1,1,1,828,828,392,0,0,1
1501_53_rot3,1501_53,VV,3,speed15|band1|scr10,15.0,1.0,45000000.0,10.0,CA-G8,152,1,0,0,0,873,0,0,0,0,0
1501_53_rot3,1501_53,VV,3,speed15|band1|scr20,15.0,1.0,45000000.0,20.0,CA-G8,152,2,0,0,0,1610,0,0,0,0,0
1501_53_rot3,1501_53,VV,3,speed-15|band0.5|scr0,-15.0,0.5,22500000.0,0.0,OS8-G8,152,0,0,0,0,0,0,0,0,0,0
1501_53_rot3,1501_53,VV,3,speed-15|band0.5|scr10,-15.0,0.5,22500000.0,10.0,OS8-G8,152,0,0,0,0,0,0,0,0,0,0
1501_53_rot3,1501_53,VV,3,speed-15|band0.5|scr20,-15.0,0.5,22500000.0,20.0,OS8-G8,152,0,0,0,0,0,0,0,0,0,0
1501_53_rot3,1501_53,VV,3,speed-15|band1|scr0,-15.0,1.0,45000000.0,0.0,OS8-G8,152,0,0,0,0,0,0,0,0,0,0
1501_53_rot3,1501_53,VV,3,speed-15|band1|scr10,-15.0,1.0,45000000.0,10.0,OS8-G8,152,0,0,0,0,0,0,0,0,0,0
1501_53_rot3,1501_53,VV,3,speed-15|band1|scr20,-15.0,1.0,45000000.0,20.0,OS8-G8,152,0,0,0,0,0,0,0,0,0,0
1501_53_rot3,1501_53,VV,3,speed-5|band0.5|scr0,-5.0,0.5,22500000.0,0.0,OS8-G8,152,0,0,0,0,0,0,0,0,0,0
1501_53_rot3,1501_53,VV,3,speed-5|band0.5|scr10,-5.0,0.5,22500000.0,10.0,OS8-G8,152,0,0,0,0,0,0,0,0,0,0
1501_53_rot3,1501_53,VV,3,speed-5|band0.5|scr20,-5.0,0.5,22500000.0,20.0,OS8-G8,152,0,0,0,0,0,0,0,0,0,0
1501_53_rot3,1501_53,VV,3,speed-5|band1|scr0,-5.0,1.0,45000000.0,0.0,OS8-G8,152,1,1,1,1,1009,1009,573,0,0,1
1501_53_rot3,1501_53,VV,3,speed-5|band1|scr10,-5.0,1.0,45000000.0,10.0,OS8-G8,152,1,1,1,1,248,248,-623,1,0,0
1501_53_rot3,1501_53,VV,3,speed-5|band1|scr20,-5.0,1.0,45000000.0,20.0,OS8-G8,152,1,0,0,0,762,0,0,0,0,0
1501_53_rot3,1501_53,VV,3,speed5|band0.5|scr0,5.0,0.5,22500000.0,0.0,OS8-G8,152,1,0,0,0,261,0,0,0,0,0
1501_53_rot3,1501_53,VV,3,speed5|band0.5|scr10,5.0,0.5,22500000.0,10.0,OS8-G8,152,0,0,0,0,0,0,0,0,0,0
1501_53_rot3,1501_53,VV,3,speed5|band0.5|scr20,5.0,0.5,22500000.0,20.0,OS8-G8,152,0,0,0,0,0,0,0,0,0,0
1501_53_rot3,1501_53,VV,3,speed5|band1|scr0,5.0,1.0,45000000.0,0.0,OS8-G8,152,0,0,0,0,0,0,0,0,0,0
1501_53_rot3,1501_53,VV,3,speed5|band1|scr10,5.0,1.0,45000000.0,10.0,OS8-G8,152,0,0,0,0,0,0,0,0,0,0
1501_53_rot3,1501_53,VV,3,speed5|band1|scr20,5.0,1.0,45000000.0,20.0,OS8-G8,152,0,0,0,0,0,0,0,0,0,0
1501_53_rot3,1501_53,VV,3,speed15|band0.5|scr0,15.0,0.5,22500000.0,0.0,OS8-G8,152,0,0,0,0,0,0,0,0,0,0
1501_53_rot3,1501_53,VV,3,speed15|band0.5|scr10,15.0,0.5,22500000.0,10.0,OS8-G8,152,0,0,0,0,0,0,0,0,0,0
1501_53_rot3,1501_53,VV,3,speed15|band0.5|scr20,15.0,0.5,22500000.0,20.0,OS8-G8,152,0,0,0,0,0,0,0,0,0,0
1501_53_rot3,1501_53,VV,3,speed15|band1|scr0,15.0,1.0,45000000.0,0.0,OS8-G8,152,0,0,0,0,0,0,0,0,0,0
1501_53_rot3,1501_53,VV,3,speed15|band1|scr10,15.0,1.0,45000000.0,10.0,OS8-G8,152,0,0,0,0,0,0,0,0,0,0
1501_53_rot3,1501_53,VV,3,speed15|band1|scr20,15.0,1.0,45000000.0,20.0,OS8-G8,152,0,0,0,0,0,0,0,0,0,0
1501_53_rot3,1501_53,VV,3,speed-15|band0.5|scr0,-15.0,0.5,22500000.0,0.0,PAMF-H1-K8-G8,152,0,0,0,0,0,0,0,0,0,0
1501_53_rot3,1501_53,VV,3,speed-15|band0.5|scr10,-15.0,0.5,22500000.0,10.0,PAMF-H1-K8-G8,152,0,0,0,0,0,0,0,0,0,0
1501_53_rot3,1501_53,VV,3,speed-15|band0.5|scr20,-15.0,0.5,22500000.0,20.0,PAMF-H1-K8-G8,152,0,0,0,0,0,0,0,0,0,0
1501_53_rot3,1501_53,VV,3,speed-15|band1|scr0,-15.0,1.0,45000000.0,0.0,PAMF-H1-K8-G8,152,0,0,0,0,0,0,0,0,0,0
1501_53_rot3,1501_53,VV,3,speed-15|band1|scr10,-15.0,1.0,45000000.0,10.0,PAMF-H1-K8-G8,152,0,0,0,0,0,0,0,0,0,0
1501_53_rot3,1501_53,VV,3,speed-15|band1|scr20,-15.0,1.0,45000000.0,20.0,PAMF-H1-K8-G8,152,0,0,0,0,0,0,0,0,0,0
1501_53_rot3,1501_53,VV,3,speed-5|band0.5|scr0,-5.0,0.5,22500000.0,0.0,PAMF-H1-K8-G8,152,0,0,0,0,0,0,0,0,0,0
1501_53_rot3,1501_53,VV,3,speed-5|band0.5|scr10,-5.0,0.5,22500000.0,10.0,PAMF-H1-K8-G8,152,1,0,0,0,722,0,0,0,0,0
1501_53_rot3,1501_53,VV,3,speed-5|band0.5|scr20,-5.0,0.5,22500000.0,20.0,PAMF-H1-K8-G8,152,0,0,0,0,0,0,0,0,0,0
1501_53_rot3,1501_53,VV,3,speed-5|band1|scr0,-5.0,1.0,45000000.0,0.0,PAMF-H1-K8-G8,152,0,0,0,0,0,0,0,0,0,0
1501_53_rot3,1501_53,VV,3,speed-5|band1|scr10,-5.0,1.0,45000000.0,10.0,PAMF-H1-K8-G8,152,0,0,0,0,0,0,0,0,0,0
1501_53_rot3,1501_53,VV,3,speed-5|band1|scr20,-5.0,1.0,45000000.0,20.0,PAMF-H1-K8-G8,152,0,0,0,0,0,0,0,0,0,0
1501_53_rot3,1501_53,VV,3,speed5|band0.5|scr0,5.0,0.5,22500000.0,0.0,PAMF-H1-K8-G8,152,0,0,0,0,0,0,0,0,0,0
1501_53_rot3,1501_53,VV,3,speed5|band0.5|scr10,5.0,0.5,22500000.0,10.0,PAMF-H1-K8-G8,152,0,0,0,0,0,0,0,0,0,0
1501_53_rot3,1501_53,VV,3,speed5|band0.5|scr20,5.0,0.5,22500000.0,20.0,PAMF-H1-K8-G8,152,0,0,0,0,0,0,0,0,0,0
1501_53_rot3,1501_53,VV,3,speed5|band1|scr0,5.0,1.0,45000000.0,0.0,PAMF-H1-K8-G8,152,0,0,0,0,0,0,0,0,0,0
1501_53_rot3,1501_53,VV,3,speed5|band1|scr10,5.0,1.0,45000000.0,10.0,PAMF-H1-K8-G8,152,0,0,0,0,0,0,0,0,0,0
1501_53_rot3,1501_53,VV,3,speed5|band1|scr20,5.0,1.0,45000000.0,20.0,PAMF-H1-K8-G8,152,0,0,0,0,0,0,0,0,0,0
1501_53_rot3,1501_53,VV,3,speed15|band0.5|scr0,15.0,0.5,22500000.0,0.0,PAMF-H1-K8-G8,152,0,0,0,0,0,0,0,0,0,0
1501_53_rot3,1501_53,VV,3,speed15|band0.5|scr10,15.0,0.5,22500000.0,10.0,PAMF-H1-K8-G8,152,0,0,0,0,0,0,0,0,0,0
1501_53_rot3,1501_53,VV,3,speed15|band0.5|scr20,15.0,0.5,22500000.0,20.0,PAMF-H1-K8-G8,152,0,0,0,0,0,0,0,0,0,0
1501_53_rot3,1501_53,VV,3,speed15|band1|scr0,15.0,1.0,45000000.0,0.0,PAMF-H1-K8-G8,152,0,0,0,0,0,0,0,0,0,0
1501_53_rot3,1501_53,VV,3,speed15|band1|scr10,15.0,1.0,45000000.0,10.0,PAMF-H1-K8-G8,152,1,1,1,1,164,164,-598,1,0,0
1501_53_rot3,1501_53,VV,3,speed15|band1|scr20,15.0,1.0,45000000.0,20.0,PAMF-H1-K8-G8,152,1,1,1,1,668,668,-197,1,0,0
1501_53_rot3,1501_53,VV,3,speed-15|band0.5|scr0,-15.0,0.5,22500000.0,0.0,P-ANMF1-N16,152,8,7,7,7,4017,3946,1204,2,0,5
1501_53_rot3,1501_53,VV,3,speed-15|band0.5|scr10,-15.0,0.5,22500000.0,10.0,P-ANMF1-N16,152,16,8,8,8,6139,3264,-1003,7,0,1
1501_53_rot3,1501_53,VV,3,speed-15|band0.5|scr20,-15.0,0.5,22500000.0,20.0,P-ANMF1-N16,152,10,2,2,2,3831,539,-571,1,0,1
1501_53_rot3,1501_53,VV,3,speed-15|band1|scr0,-15.0,1.0,45000000.0,0.0,P-ANMF1-N16,152,4,3,3,3,2589,2518,1528,0,0,3
1501_53_rot3,1501_53,VV,3,speed-15|band1|scr10,-15.0,1.0,45000000.0,10.0,P-ANMF1-N16,152,8,7,7,7,3793,3722,125,4,0,3
1501_53_rot3,1501_53,VV,3,speed-15|band1|scr20,-15.0,1.0,45000000.0,20.0,P-ANMF1-N16,152,11,4,4,4,5503,2208,-600,3,0,1
1501_53_rot3,1501_53,VV,3,speed-5|band0.5|scr0,-5.0,0.5,22500000.0,0.0,P-ANMF1-N16,152,35,34,34,34,6028,5957,-12482,32,0,2
1501_53_rot3,1501_53,VV,3,speed-5|band0.5|scr10,-5.0,0.5,22500000.0,10.0,P-ANMF1-N16,152,122,122,122,121,6959,7062,-53338,118,0,4
1501_53_rot3,1501_53,VV,3,speed-5|band0.5|scr20,-5.0,0.5,22500000.0,20.0,P-ANMF1-N16,152,146,146,146,145,1408,1408,-71798,146,0,0
1501_53_rot3,1501_53,VV,3,speed-5|band1|scr0,-5.0,1.0,45000000.0,0.0,P-ANMF1-N16,152,34,32,32,32,11701,11043,-6475,32,0,0
1501_53_rot3,1501_53,VV,3,speed-5|band1|scr10,-5.0,1.0,45000000.0,10.0,P-ANMF1-N16,152,120,120,120,119,20006,20095,-39494,114,0,6
1501_53_rot3,1501_53,VV,3,speed-5|band1|scr20,-5.0,1.0,45000000.0,20.0,P-ANMF1-N16,152,146,146,146,144,6757,6761,-66445,146,0,0
1501_53_rot3,1501_53,VV,3,speed5|band0.5|scr0,5.0,0.5,22500000.0,0.0,P-ANMF1-N16,152,82,82,82,82,9687,9687,-32134,74,0,8
1501_53_rot3,1501_53,VV,3,speed5|band0.5|scr10,5.0,0.5,22500000.0,10.0,P-ANMF1-N16,152,141,141,141,141,1478,1478,-68646,141,0,0
1501_53_rot3,1501_53,VV,3,speed5|band0.5|scr20,5.0,0.5,22500000.0,20.0,P-ANMF1-N16,152,149,149,149,148,159,159,-74798,149,0,0
1501_53_rot3,1501_53,VV,3,speed5|band1|scr0,5.0,1.0,45000000.0,0.0,P-ANMF1-N16,152,76,76,76,76,17401,17401,-21443,70,0,6
1501_53_rot3,1501_53,VV,3,speed5|band1|scr10,5.0,1.0,45000000.0,10.0,P-ANMF1-N16,152,141,141,141,141,11885,11885,-58239,140,0,1
1501_53_rot3,1501_53,VV,3,speed5|band1|scr20,5.0,1.0,45000000.0,20.0,P-ANMF1-N16,152,149,149,149,147,2521,2521,-72436,149,0,0
1501_53_rot3,1501_53,VV,3,speed15|band0.5|scr0,15.0,0.5,22500000.0,0.0,P-ANMF1-N16,152,28,28,28,28,14664,14664,161,15,0,13
1501_53_rot3,1501_53,VV,3,speed15|band0.5|scr10,15.0,0.5,22500000.0,10.0,P-ANMF1-N16,152,26,16,16,15,13731,8873,79,7,0,9
1501_53_rot3,1501_53,VV,3,speed15|band0.5|scr20,15.0,0.5,22500000.0,20.0,P-ANMF1-N16,152,18,2,2,2,10026,1444,-33,1,0,1
1501_53_rot3,1501_53,VV,3,speed15|band1|scr0,15.0,1.0,45000000.0,0.0,P-ANMF1-N16,152,11,10,10,10,5141,4790,-35,5,0,5
1501_53_rot3,1501_53,VV,3,speed15|band1|scr10,15.0,1.0,45000000.0,10.0,P-ANMF1-N16,152,10,7,7,7,5665,3451,-88,4,0,3
1501_53_rot3,1501_53,VV,3,speed15|band1|scr20,15.0,1.0,45000000.0,20.0,P-ANMF1-N16,152,14,4,4,4,8784,2535,-158,3,0,1
1508_24_rot2,1508_24,VV,2,speed-15|band0.5|scr0,-15.0,0.5,22500000.0,0.0,IN-G0,152,3,2,2,1,1178,727,194,0,0,2
1508_24_rot2,1508_24,VV,2,speed-15|band0.5|scr10,-15.0,0.5,22500000.0,10.0,IN-G0,152,1,0,0,0,451,0,0,0,0,0
1508_24_rot2,1508_24,VV,2,speed-15|band0.5|scr20,-15.0,0.5,22500000.0,20.0,IN-G0,152,0,0,0,0,0,0,0,0,0,0
1508_24_rot2,1508_24,VV,2,speed-15|band1|scr0,-15.0,1.0,45000000.0,0.0,IN-G0,152,7,5,5,5,2457,1555,-117,2,0,3
1508_24_rot2,1508_24,VV,2,speed-15|band1|scr10,-15.0,1.0,45000000.0,10.0,IN-G0,152,5,3,3,3,1730,1003,-19,1,0,2
1508_24_rot2,1508_24,VV,2,speed-15|band1|scr20,-15.0,1.0,45000000.0,20.0,IN-G0,152,1,1,1,1,451,451,191,0,0,1
1508_24_rot2,1508_24,VV,2,speed-5|band0.5|scr0,-5.0,0.5,22500000.0,0.0,IN-G0,152,7,7,7,3,2457,2457,-192,3,0,4
1508_24_rot2,1508_24,VV,2,speed-5|band0.5|scr10,-5.0,0.5,22500000.0,10.0,IN-G0,152,5,4,4,2,1730,1454,-35,1,0,3
1508_24_rot2,1508_24,VV,2,speed-5|band0.5|scr20,-5.0,0.5,22500000.0,20.0,IN-G0,152,3,0,0,0,1178,0,0,0,0,0
1508_24_rot2,1508_24,VV,2,speed-5|band1|scr0,-5.0,1.0,45000000.0,0.0,IN-G0,152,8,8,8,7,2908,2908,-503,4,0,4
1508_24_rot2,1508_24,VV,2,speed-5|band1|scr10,-5.0,1.0,45000000.0,10.0,IN-G0,152,6,4,4,3,2006,1454,-35,1,0,3
1508_24_rot2,1508_24,VV,2,speed-5|band1|scr20,-5.0,1.0,45000000.0,20.0,IN-G0,152,4,3,3,2,1454,1178,-137,1,0,2
1508_24_rot2,1508_24,VV,2,speed5|band0.5|scr0,5.0,0.5,22500000.0,0.0,IN-G0,152,7,3,3,0,2457,1178,-340,2,0,1
1508_24_rot2,1508_24,VV,2,speed5|band0.5|scr10,5.0,0.5,22500000.0,10.0,IN-G0,152,6,1,1,0,2006,451,191,0,0,1
1508_24_rot2,1508_24,VV,2,speed5|band0.5|scr20,5.0,0.5,22500000.0,20.0,IN-G0,152,3,0,0,0,1178,0,0,0,0,0
1508_24_rot2,1508_24,VV,2,speed5|band1|scr0,5.0,1.0,45000000.0,0.0,IN-G0,152,7,4,4,0,2457,1454,-337,2,0,2
1508_24_rot2,1508_24,VV,2,speed5|band1|scr10,5.0,1.0,45000000.0,10.0,IN-G0,152,5,2,2,0,1730,902,-140,1,0,1
1508_24_rot2,1508_24,VV,2,speed5|band1|scr20,5.0,1.0,45000000.0,20.0,IN-G0,152,3,1,1,0,1178,451,191,0,0,1
1508_24_rot2,1508_24,VV,2,speed15|band0.5|scr0,15.0,0.5,22500000.0,0.0,IN-G0,152,4,1,1,0,1454,451,191,0,0,1
1508_24_rot2,1508_24,VV,2,speed15|band0.5|scr10,15.0,0.5,22500000.0,10.0,IN-G0,152,1,0,0,0,451,0,0,0,0,0
1508_24_rot2,1508_24,VV,2,speed15|band0.5|scr20,15.0,0.5,22500000.0,20.0,IN-G0,152,0,0,0,0,0,0,0,0,0,0
1508_24_rot2,1508_24,VV,2,speed15|band1|scr0,15.0,1.0,45000000.0,0.0,IN-G0,152,7,4,4,3,2457,1454,34,2,0,2
1508_24_rot2,1508_24,VV,2,speed15|band1|scr10,15.0,1.0,45000000.0,10.0,IN-G0,152,5,3,3,3,1905,1003,-222,2,0,1
1508_24_rot2,1508_24,VV,2,speed15|band1|scr20,15.0,1.0,45000000.0,20.0,IN-G0,152,2,1,1,1,902,451,191,0,0,1
1508_24_rot2,1508_24,VV,2,speed-15|band0.5|scr0,-15.0,0.5,22500000.0,0.0,CA-G0,152,0,0,0,0,0,0,0,0,0,0
1508_24_rot2,1508_24,VV,2,speed-15|band0.5|scr10,-15.0,0.5,22500000.0,10.0,CA-G0,152,0,0,0,0,0,0,0,0,0,0
1508_24_rot2,1508_24,VV,2,speed-15|band0.5|scr20,-15.0,0.5,22500000.0,20.0,CA-G0,152,1,0,0,0,90,0,0,0,0,0
1508_24_rot2,1508_24,VV,2,speed-15|band1|scr0,-15.0,1.0,45000000.0,0.0,CA-G0,152,0,0,0,0,0,0,0,0,0,0
1508_24_rot2,1508_24,VV,2,speed-15|band1|scr10,-15.0,1.0,45000000.0,10.0,CA-G0,152,0,0,0,0,0,0,0,0,0,0
1508_24_rot2,1508_24,VV,2,speed-15|band1|scr20,-15.0,1.0,45000000.0,20.0,CA-G0,152,2,0,0,0,784,0,0,0,0,0
1508_24_rot2,1508_24,VV,2,speed-5|band0.5|scr0,-5.0,0.5,22500000.0,0.0,CA-G0,152,2,1,1,1,397,324,54,0,0,1
1508_24_rot2,1508_24,VV,2,speed-5|band0.5|scr10,-5.0,0.5,22500000.0,10.0,CA-G0,152,1,0,0,0,309,0,0,0,0,0
1508_24_rot2,1508_24,VV,2,speed-5|band0.5|scr20,-5.0,0.5,22500000.0,20.0,CA-G0,152,0,0,0,0,0,0,0,0,0,0
1508_24_rot2,1508_24,VV,2,speed-5|band1|scr0,-5.0,1.0,45000000.0,0.0,CA-G0,152,0,0,0,0,0,0,0,0,0,0
1508_24_rot2,1508_24,VV,2,speed-5|band1|scr10,-5.0,1.0,45000000.0,10.0,CA-G0,152,2,2,2,2,1329,1329,193,1,0,1
1508_24_rot2,1508_24,VV,2,speed-5|band1|scr20,-5.0,1.0,45000000.0,20.0,CA-G0,152,0,0,0,0,0,0,0,0,0,0
1508_24_rot2,1508_24,VV,2,speed5|band0.5|scr0,5.0,0.5,22500000.0,0.0,CA-G0,152,0,0,0,0,0,0,0,0,0,0
1508_24_rot2,1508_24,VV,2,speed5|band0.5|scr10,5.0,0.5,22500000.0,10.0,CA-G0,152,0,0,0,0,0,0,0,0,0,0
1508_24_rot2,1508_24,VV,2,speed5|band0.5|scr20,5.0,0.5,22500000.0,20.0,CA-G0,152,0,0,0,0,0,0,0,0,0,0
1508_24_rot2,1508_24,VV,2,speed5|band1|scr0,5.0,1.0,45000000.0,0.0,CA-G0,152,1,0,0,0,810,0,0,0,0,0
1508_24_rot2,1508_24,VV,2,speed5|band1|scr10,5.0,1.0,45000000.0,10.0,CA-G0,152,1,0,0,0,810,0,0,0,0,0
1508_24_rot2,1508_24,VV,2,speed5|band1|scr20,5.0,1.0,45000000.0,20.0,CA-G0,152,0,0,0,0,0,0,0,0,0,0
1508_24_rot2,1508_24,VV,2,speed15|band0.5|scr0,15.0,0.5,22500000.0,0.0,CA-G0,152,0,0,0,0,0,0,0,0,0,0
1508_24_rot2,1508_24,VV,2,speed15|band0.5|scr10,15.0,0.5,22500000.0,10.0,CA-G0,152,1,1,1,1,795,795,31,0,0,1
1508_24_rot2,1508_24,VV,2,speed15|band0.5|scr20,15.0,0.5,22500000.0,20.0,CA-G0,152,1,0,0,0,408,0,0,0,0,0
1508_24_rot2,1508_24,VV,2,speed15|band1|scr0,15.0,1.0,45000000.0,0.0,CA-G0,152,1,1,1,1,116,116,-173,1,0,0
1508_24_rot2,1508_24,VV,2,speed15|band1|scr10,15.0,1.0,45000000.0,10.0,CA-G0,152,0,0,0,0,0,0,0,0,0,0
1508_24_rot2,1508_24,VV,2,speed15|band1|scr20,15.0,1.0,45000000.0,20.0,CA-G0,152,0,0,0,0,0,0,0,0,0,0
1508_24_rot2,1508_24,VV,2,speed-15|band0.5|scr0,-15.0,0.5,22500000.0,0.0,OS8-G0,152,0,0,0,0,0,0,0,0,0,0
1508_24_rot2,1508_24,VV,2,speed-15|band0.5|scr10,-15.0,0.5,22500000.0,10.0,OS8-G0,152,0,0,0,0,0,0,0,0,0,0
1508_24_rot2,1508_24,VV,2,speed-15|band0.5|scr20,-15.0,0.5,22500000.0,20.0,OS8-G0,152,0,0,0,0,0,0,0,0,0,0
1508_24_rot2,1508_24,VV,2,speed-15|band1|scr0,-15.0,1.0,45000000.0,0.0,OS8-G0,152,0,0,0,0,0,0,0,0,0,0
1508_24_rot2,1508_24,VV,2,speed-15|band1|scr10,-15.0,1.0,45000000.0,10.0,OS8-G0,152,0,0,0,0,0,0,0,0,0,0
1508_24_rot2,1508_24,VV,2,speed-15|band1|scr20,-15.0,1.0,45000000.0,20.0,OS8-G0,152,0,0,0,0,0,0,0,0,0,0
1508_24_rot2,1508_24,VV,2,speed-5|band0.5|scr0,-5.0,0.5,22500000.0,0.0,OS8-G0,152,4,3,3,3,1596,1372,-466,2,0,1
1508_24_rot2,1508_24,VV,2,speed-5|band0.5|scr10,-5.0,0.5,22500000.0,10.0,OS8-G0,152,3,1,1,1,1243,314,2,0,0,1
1508_24_rot2,1508_24,VV,2,speed-5|band0.5|scr20,-5.0,0.5,22500000.0,20.0,OS8-G0,152,0,0,0,0,0,0,0,0,0,0
1508_24_rot2,1508_24,VV,2,speed-5|band1|scr0,-5.0,1.0,45000000.0,0.0,OS8-G0,152,5,4,4,4,2806,2433,1223,1,0,3
1508_24_rot2,1508_24,VV,2,speed-5|band1|scr10,-5.0,1.0,45000000.0,10.0,OS8-G0,152,2,0,0,0,383,0,0,0,0,0
1508_24_rot2,1508_24,VV,2,speed-5|band1|scr20,-5.0,1.0,45000000.0,20.0,OS8-G0,152,1,1,1,1,299,299,10,0,0,1
1508_24_rot2,1508_24,VV,2,speed5|band0.5|scr0,5.0,0.5,22500000.0,0.0,OS8-G0,152,2,0,0,0,715,0,0,0,0,0
1508_24_rot2,1508_24,VV,2,speed5|band0.5|scr10,5.0,0.5,22500000.0,10.0,OS8-G0,152,1,0,0,0,406,0,0,0,0,0
1508_24_rot2,1508_24,VV,2,speed5|band0.5|scr20,5.0,0.5,22500000.0,20.0,OS8-G0,152,1,0,0,0,405,0,0,0,0,0
1508_24_rot2,1508_24,VV,2,speed5|band1|scr0,5.0,1.0,45000000.0,0.0,OS8-G0,152,1,0,0,0,810,0,0,0,0,0
1508_24_rot2,1508_24,VV,2,speed5|band1|scr10,5.0,1.0,45000000.0,10.0,OS8-G0,152,0,0,0,0,0,0,0,0,0,0
1508_24_rot2,1508_24,VV,2,speed5|band1|scr20,5.0,1.0,45000000.0,20.0,OS8-G0,152,0,0,0,0,0,0,0,0,0,0
1508_24_rot2,1508_24,VV,2,speed15|band0.5|scr0,15.0,0.5,22500000.0,0.0,OS8-G0,152,2,0,0,0,1221,0,0,0,0,0
1508_24_rot2,1508_24,VV,2,speed15|band0.5|scr10,15.0,0.5,22500000.0,10.0,OS8-G0,152,0,0,0,0,0,0,0,0,0,0
1508_24_rot2,1508_24,VV,2,speed15|band0.5|scr20,15.0,0.5,22500000.0,20.0,OS8-G0,152,0,0,0,0,0,0,0,0,0,0
1508_24_rot2,1508_24,VV,2,speed15|band1|scr0,15.0,1.0,45000000.0,0.0,OS8-G0,152,1,0,0,0,814,0,0,0,0,0
1508_24_rot2,1508_24,VV,2,speed15|band1|scr10,15.0,1.0,45000000.0,10.0,OS8-G0,152,0,0,0,0,0,0,0,0,0,0
1508_24_rot2,1508_24,VV,2,speed15|band1|scr20,15.0,1.0,45000000.0,20.0,OS8-G0,152,0,0,0,0,0,0,0,0,0,0
1508_24_rot2,1508_24,VV,2,speed-15|band0.5|scr0,-15.0,0.5,22500000.0,0.0,IN-G8,152,4,3,3,2,1454,1003,296,0,0,3
1508_24_rot2,1508_24,VV,2,speed-15|band0.5|scr10,-15.0,0.5,22500000.0,10.0,IN-G8,152,3,1,1,1,1178,276,3,0,0,1
1508_24_rot2,1508_24,VV,2,speed-15|band0.5|scr20,-15.0,0.5,22500000.0,20.0,IN-G8,152,3,0,0,0,1316,0,0,0,0,0
1508_24_rot2,1508_24,VV,2,speed-15|band1|scr0,-15.0,1.0,45000000.0,0.0,IN-G8,152,7,6,6,3,2457,2006,139,2,0,4
1508_24_rot2,1508_24,VV,2,speed-15|band1|scr10,-15.0,1.0,45000000.0,10.0,IN-G8,152,12,11,11,11,4080,3629,-848,7,0,4
1508_24_rot2,1508_24,VV,2,speed-15|band1|scr20,-15.0,1.0,45000000.0,20.0,IN-G8,152,7,6,6,6,2987,2823,414,2,0,4
1508_24_rot2,1508_24,VV,2,speed-5|band0.5|scr0,-5.0,0.5,22500000.0,0.0,IN-G8,152,8,7,7,3,3243,2457,-192,3,0,4
1508_24_rot2,1508_24,VV,2,speed-5|band0.5|scr10,-5.0,0.5,22500000.0,10.0,IN-G8,152,7,4,4,1,2337,1454,-35,1,0,3
1508_24_rot2,1508_24,VV,2,speed-5|band0.5|scr20,-5.0,0.5,22500000.0,20.0,IN-G8,152,4,2,2,1,1454,727,194,0,0,2
1508_24_rot2,1508_24,VV,2,speed-5|band1|scr0,-5.0,1.0,45000000.0,0.0,IN-G8,152,8,7,7,5,3269,2993,158,2,0,5
1508_24_rot2,1508_24,VV,2,speed-5|band1|scr10,-5.0,1.0,45000000.0,10.0,IN-G8,152,6,4,4,3,2006,1454,-35,1,0,3
1508_24_rot2,1508_24,VV,2,speed-5|band1|scr20,-5.0,1.0,45000000.0,20.0,IN-G8,152,6,4,4,3,2406,1853,254,1,0,3
1508_24_rot2,1508_24,VV,2,speed5|band0.5|scr0,5.0,0.5,22500000.0,0.0,IN-G8,152,7,5,5,1,2457,1731,-234,2,0,3
1508_24_rot2,1508_24,VV,2,speed5|band0.5|scr10,5.0,0.5,22500000.0,10.0,IN-G8,152,5,1,1,0,1730,451,191,0,0,1
1508_24_rot2,1508_24,VV,2,speed5|band0.5|scr20,5.0,0.5,22500000.0,20.0,IN-G8,152,3,1,1,0,1178,452,192,0,0,1
1508_24_rot2,1508_24,VV,2,speed5|band1|scr0,5.0,1.0,45000000.0,0.0,IN-G8,152,7,4,4,2,2457,1454,-337,2,0,2
1508_24_rot2,1508_24,VV,2,speed5|band1|scr10,5.0,1.0,45000000.0,10.0,IN-G8,152,5,2,2,0,1905,902,-140,1,0,1
1508_24_rot2,1508_24,VV,2,speed5|band1|scr20,5.0,1.0,45000000.0,20.0,IN-G8,152,3,1,1,0,1178,451,191,0,0,1
1508_24_rot2,1508_24,VV,2,speed15|band0.5|scr0,15.0,0.5,22500000.0,0.0,IN-G8,152,4,1,1,0,1454,451,191,0,0,1
1508_24_rot2,1508_24,VV,2,speed15|band0.5|scr10,15.0,0.5,22500000.0,10.0,IN-G8,152,3,0,0,0,1178,0,0,0,0,0
1508_24_rot2,1508_24,VV,2,speed15|band0.5|scr20,15.0,0.5,22500000.0,20.0,IN-G8,152,3,0,0,0,1088,0,0,0,0,0
1508_24_rot2,1508_24,VV,2,speed15|band1|scr0,15.0,1.0,45000000.0,0.0,IN-G8,152,8,6,6,4,2655,1928,-126,3,0,3
1508_24_rot2,1508_24,VV,2,speed15|band1|scr10,15.0,1.0,45000000.0,10.0,IN-G8,152,11,8,8,8,5304,3904,-2,3,0,5
1508_24_rot2,1508_24,VV,2,speed15|band1|scr20,15.0,1.0,45000000.0,20.0,IN-G8,152,11,6,6,5,5876,3544,374,2,0,4
1508_24_rot2,1508_24,VV,2,speed-15|band0.5|scr0,-15.0,0.5,22500000.0,0.0,CA-G8,152,0,0,0,0,0,0,0,0,0,0
1508_24_rot2,1508_24,VV,2,speed-15|band0.5|scr10,-15.0,0.5,22500000.0,10.0,CA-G8,152,0,0,0,0,0,0,0,0,0,0
1508_24_rot2,1508_24,VV,2,speed-15|band0.5|scr20,-15.0,0.5,22500000.0,20.0,CA-G8,152,0,0,0,0,0,0,0,0,0,0
1508_24_rot2,1508_24,VV,2,speed-15|band1|scr0,-15.0,1.0,45000000.0,0.0,CA-G8,152,0,0,0,0,0,0,0,0,0,0
1508_24_rot2,1508_24,VV,2,speed-15|band1|scr10,-15.0,1.0,45000000.0,10.0,CA-G8,152,0,0,0,0,0,0,0,0,0,0
1508_24_rot2,1508_24,VV,2,speed-15|band1|scr20,-15.0,1.0,45000000.0,20.0,CA-G8,152,0,0,0,0,0,0,0,0,0,0
1508_24_rot2,1508_24,VV,2,speed-5|band0.5|scr0,-5.0,0.5,22500000.0,0.0,CA-G8,152,1,1,1,1,330,330,60,0,0,1
1508_24_rot2,1508_24,VV,2,speed-5|band0.5|scr10,-5.0,0.5,22500000.0,10.0,CA-G8,152,2,1,1,1,468,314,2,0,0,1
1508_24_rot2,1508_24,VV,2,speed-5|band0.5|scr20,-5.0,0.5,22500000.0,20.0,CA-G8,152,0,0,0,0,0,0,0,0,0,0
1508_24_rot2,1508_24,VV,2,speed-5|band1|scr0,-5.0,1.0,45000000.0,0.0,CA-G8,152,2,1,1,1,1324,950,677,0,0,1
1508_24_rot2,1508_24,VV,2,speed-5|band1|scr10,-5.0,1.0,45000000.0,10.0,CA-G8,152,2,1,1,1,807,434,-425,1,0,0
1508_24_rot2,1508_24,VV,2,speed-5|band1|scr20,-5.0,1.0,45000000.0,20.0,CA-G8,152,0,0,0,0,0,0,0,0,0,0
1508_24_rot2,1508_24,VV,2,speed5|band0.5|scr0,5.0,0.5,22500000.0,0.0,CA-G8,152,0,0,0,0,0,0,0,0,0,0
1508_24_rot2,1508_24,VV,2,speed5|band0.5|scr10,5.0,0.5,22500000.0,10.0,CA-G8,152,0,0,0,0,0,0,0,0,0,0
1508_24_rot2,1508_24,VV,2,speed5|band0.5|scr20,5.0,0.5,22500000.0,20.0,CA-G8,152,0,0,0,0,0,0,0,0,0,0
1508_24_rot2,1508_24,VV,2,speed5|band1|scr0,5.0,1.0,45000000.0,0.0,CA-G8,152,0,0,0,0,0,0,0,0,0,0
1508_24_rot2,1508_24,VV,2,speed5|band1|scr10,5.0,1.0,45000000.0,10.0,CA-G8,152,0,0,0,0,0,0,0,0,0,0
1508_24_rot2,1508_24,VV,2,speed5|band1|scr20,5.0,1.0,45000000.0,20.0,CA-G8,152,0,0,0,0,0,0,0,0,0,0
1508_24_rot2,1508_24,VV,2,speed15|band0.5|scr0,15.0,0.5,22500000.0,0.0,CA-G8,152,0,0,0,0,0,0,0,0,0,0
1508_24_rot2,1508_24,VV,2,speed15|band0.5|scr10,15.0,0.5,22500000.0,10.0,CA-G8,152,0,0,0,0,0,0,0,0,0,0
1508_24_rot2,1508_24,VV,2,speed15|band0.5|scr20,15.0,0.5,22500000.0,20.0,CA-G8,152,0,0,0,0,0,0,0,0,0,0
1508_24_rot2,1508_24,VV,2,speed15|band1|scr0,15.0,1.0,45000000.0,0.0,CA-G8,152,0,0,0,0,0,0,0,0,0,0
1508_24_rot2,1508_24,VV,2,speed15|band1|scr10,15.0,1.0,45000000.0,10.0,CA-G8,152,0,0,0,0,0,0,0,0,0,0
1508_24_rot2,1508_24,VV,2,speed15|band1|scr20,15.0,1.0,45000000.0,20.0,CA-G8,152,0,0,0,0,0,0,0,0,0,0
1508_24_rot2,1508_24,VV,2,speed-15|band0.5|scr0,-15.0,0.5,22500000.0,0.0,OS8-G8,152,0,0,0,0,0,0,0,0,0,0
1508_24_rot2,1508_24,VV,2,speed-15|band0.5|scr10,-15.0,0.5,22500000.0,10.0,OS8-G8,152,0,0,0,0,0,0,0,0,0,0
1508_24_rot2,1508_24,VV,2,speed-15|band0.5|scr20,-15.0,0.5,22500000.0,20.0,OS8-G8,152,0,0,0,0,0,0,0,0,0,0
1508_24_rot2,1508_24,VV,2,speed-15|band1|scr0,-15.0,1.0,45000000.0,0.0,OS8-G8,152,0,0,0,0,0,0,0,0,0,0
1508_24_rot2,1508_24,VV,2,speed-15|band1|scr10,-15.0,1.0,45000000.0,10.0,OS8-G8,152,0,0,0,0,0,0,0,0,0,0
1508_24_rot2,1508_24,VV,2,speed-15|band1|scr20,-15.0,1.0,45000000.0,20.0,OS8-G8,152,0,0,0,0,0,0,0,0,0,0
1508_24_rot2,1508_24,VV,2,speed-5|band0.5|scr0,-5.0,0.5,22500000.0,0.0,OS8-G8,152,0,0,0,0,0,0,0,0,0,0
1508_24_rot2,1508_24,VV,2,speed-5|band0.5|scr10,-5.0,0.5,22500000.0,10.0,OS8-G8,152,1,1,1,1,315,315,3,0,0,1
1508_24_rot2,1508_24,VV,2,speed-5|band0.5|scr20,-5.0,0.5,22500000.0,20.0,OS8-G8,152,0,0,0,0,0,0,0,0,0,0
1508_24_rot2,1508_24,VV,2,speed-5|band1|scr0,-5.0,1.0,45000000.0,0.0,OS8-G8,152,2,1,1,1,1327,949,676,0,0,1
1508_24_rot2,1508_24,VV,2,speed-5|band1|scr10,-5.0,1.0,45000000.0,10.0,OS8-G8,152,1,0,0,0,373,0,0,0,0,0
1508_24_rot2,1508_24,VV,2,speed-5|band1|scr20,-5.0,1.0,45000000.0,20.0,OS8-G8,152,0,0,0,0,0,0,0,0,0,0
1508_24_rot2,1508_24,VV,2,speed5|band0.5|scr0,5.0,0.5,22500000.0,0.0,OS8-G8,152,1,0,0,0,315,0,0,0,0,0
1508_24_rot2,1508_24,VV,2,speed5|band0.5|scr10,5.0,0.5,22500000.0,10.0,OS8-G8,152,0,0,0,0,0,0,0,0,0,0
1508_24_rot2,1508_24,VV,2,speed5|band0.5|scr20,5.0,0.5,22500000.0,20.0,OS8-G8,152,0,0,0,0,0,0,0,0,0,0
1508_24_rot2,1508_24,VV,2,speed5|band1|scr0,5.0,1.0,45000000.0,0.0,OS8-G8,152,1,0,0,0,818,0,0,0,0,0
1508_24_rot2,1508_24,VV,2,speed5|band1|scr10,5.0,1.0,45000000.0,10.0,OS8-G8,152,0,0,0,0,0,0,0,0,0,0
1508_24_rot2,1508_24,VV,2,speed5|band1|scr20,5.0,1.0,45000000.0,20.0,OS8-G8,152,0,0,0,0,0,0,0,0,0,0
1508_24_rot2,1508_24,VV,2,speed15|band0.5|scr0,15.0,0.5,22500000.0,0.0,OS8-G8,152,0,0,0,0,0,0,0,0,0,0
1508_24_rot2,1508_24,VV,2,speed15|band0.5|scr10,15.0,0.5,22500000.0,10.0,OS8-G8,152,0,0,0,0,0,0,0,0,0,0
1508_24_rot2,1508_24,VV,2,speed15|band0.5|scr20,15.0,0.5,22500000.0,20.0,OS8-G8,152,0,0,0,0,0,0,0,0,0,0
1508_24_rot2,1508_24,VV,2,speed15|band1|scr0,15.0,1.0,45000000.0,0.0,OS8-G8,152,0,0,0,0,0,0,0,0,0,0
1508_24_rot2,1508_24,VV,2,speed15|band1|scr10,15.0,1.0,45000000.0,10.0,OS8-G8,152,0,0,0,0,0,0,0,0,0,0
1508_24_rot2,1508_24,VV,2,speed15|band1|scr20,15.0,1.0,45000000.0,20.0,OS8-G8,152,0,0,0,0,0,0,0,0,0,0
1508_24_rot2,1508_24,VV,2,speed-15|band0.5|scr0,-15.0,0.5,22500000.0,0.0,PAMF-H1-K8-G8,152,2,1,1,1,728,277,4,0,0,1
1508_24_rot2,1508_24,VV,2,speed-15|band0.5|scr10,-15.0,0.5,22500000.0,10.0,PAMF-H1-K8-G8,152,26,0,0,0,10628,0,0,0,0,0
1508_24_rot2,1508_24,VV,2,speed-15|band0.5|scr20,-15.0,0.5,22500000.0,20.0,PAMF-H1-K8-G8,152,113,0,0,0,24401,0,0,0,0,0
1508_24_rot2,1508_24,VV,2,speed-15|band1|scr0,-15.0,1.0,45000000.0,0.0,PAMF-H1-K8-G8,152,13,12,12,11,4615,3823,-1331,7,0,5
1508_24_rot2,1508_24,VV,2,speed-15|band1|scr10,-15.0,1.0,45000000.0,10.0,PAMF-H1-K8-G8,152,85,85,85,80,18649,19384,-24064,74,0,11
1508_24_rot2,1508_24,VV,2,speed-15|band1|scr20,-15.0,1.0,45000000.0,20.0,PAMF-H1-K8-G8,152,141,141,141,85,15168,23353,-51062,138,0,3
1508_24_rot2,1508_24,VV,2,speed-5|band0.5|scr0,-5.0,0.5,22500000.0,0.0,PAMF-H1-K8-G8,152,12,7,7,5,6910,2945,-59,2,0,5
1508_24_rot2,1508_24,VV,2,speed-5|band0.5|scr10,-5.0,0.5,22500000.0,10.0,PAMF-H1-K8-G8,152,10,4,4,1,3553,1487,-112,1,0,3
1508_24_rot2,1508_24,VV,2,speed-5|band0.5|scr20,-5.0,0.5,22500000.0,20.0,PAMF-H1-K8-G8,152,5,0,0,0,2330,0,0,0,0,0
1508_24_rot2,1508_24,VV,2,speed-5|band1|scr0,-5.0,1.0,45000000.0,0.0,PAMF-H1-K8-G8,152,15,13,13,10,7810,6706,1037,5,0,8
1508_24_rot2,1508_24,VV,2,speed-5|band1|scr10,-5.0,1.0,45000000.0,10.0,PAMF-H1-K8-G8,152,15,9,9,5,7448,4418,618,3,0,6
1508_24_rot2,1508_24,VV,2,speed-5|band1|scr20,-5.0,1.0,45000000.0,20.0,PAMF-H1-K8-G8,152,16,12,12,11,5631,4993,-872,7,0,5
1508_24_rot2,1508_24,VV,2,speed5|band0.5|scr0,5.0,0.5,22500000.0,0.0,PAMF-H1-K8-G8,152,5,1,1,1,1917,451,191,0,0,1
1508_24_rot2,1508_24,VV,2,speed5|band0.5|scr10,5.0,0.5,22500000.0,10.0,PAMF-H1-K8-G8,152,3,1,1,0,824,452,192,0,0,1
1508_24_rot2,1508_24,VV,2,speed5|band0.5|scr20,5.0,0.5,22500000.0,20.0,PAMF-H1-K8-G8,152,6,0,0,0,2695,0,0,0,0,0
1508_24_rot2,1508_24,VV,2,speed5|band1|scr0,5.0,1.0,45000000.0,0.0,PAMF-H1-K8-G8,152,7,3,3,2,3463,2110,1394,0,0,3
1508_24_rot2,1508_24,VV,2,speed5|band1|scr10,5.0,1.0,45000000.0,10.0,PAMF-H1-K8-G8,152,6,3,3,3,2674,1484,372,1,0,2
1508_24_rot2,1508_24,VV,2,speed5|band1|scr20,5.0,1.0,45000000.0,20.0,PAMF-H1-K8-G8,152,28,25,25,23,13795,13097,1672,11,0,14
1508_24_rot2,1508_24,VV,2,speed15|band0.5|scr0,15.0,0.5,22500000.0,0.0,PAMF-H1-K8-G8,152,5,0,0,0,1866,0,0,0,0,0
1508_24_rot2,1508_24,VV,2,speed15|band0.5|scr10,15.0,0.5,22500000.0,10.0,PAMF-H1-K8-G8,152,41,0,0,0,14096,0,0,0,0,0
1508_24_rot2,1508_24,VV,2,speed15|band0.5|scr20,15.0,0.5,22500000.0,20.0,PAMF-H1-K8-G8,152,129,0,0,0,29239,0,0,0,0,0
1508_24_rot2,1508_24,VV,2,speed15|band1|scr0,15.0,1.0,45000000.0,0.0,PAMF-H1-K8-G8,152,22,21,21,20,8025,7861,-2007,14,0,7
1508_24_rot2,1508_24,VV,2,speed15|band1|scr10,15.0,1.0,45000000.0,10.0,PAMF-H1-K8-G8,152,103,103,103,93,24884,26187,-26879,88,0,15
1508_24_rot2,1508_24,VV,2,speed15|band1|scr20,15.0,1.0,45000000.0,20.0,PAMF-H1-K8-G8,152,143,143,143,68,13391,24509,-50455,137,0,6
1508_24_rot2,1508_24,VV,2,speed-15|band0.5|scr0,-15.0,0.5,22500000.0,0.0,P-ANMF1-N16,152,0,0,0,0,0,0,0,0,0,0
1508_24_rot2,1508_24,VV,2,speed-15|band0.5|scr10,-15.0,0.5,22500000.0,10.0,P-ANMF1-N16,152,0,0,0,0,0,0,0,0,0,0
1508_24_rot2,1508_24,VV,2,speed-15|band0.5|scr20,-15.0,0.5,22500000.0,20.0,P-ANMF1-N16,152,0,0,0,0,0,0,0,0,0,0
1508_24_rot2,1508_24,VV,2,speed-15|band1|scr0,-15.0,1.0,45000000.0,0.0,P-ANMF1-N16,152,1,1,1,1,919,919,635,0,0,1
1508_24_rot2,1508_24,VV,2,speed-15|band1|scr10,-15.0,1.0,45000000.0,10.0,P-ANMF1-N16,152,0,0,0,0,0,0,0,0,0,0
1508_24_rot2,1508_24,VV,2,speed-15|band1|scr20,-15.0,1.0,45000000.0,20.0,P-ANMF1-N16,152,0,0,0,0,0,0,0,0,0,0
1508_24_rot2,1508_24,VV,2,speed-5|band0.5|scr0,-5.0,0.5,22500000.0,0.0,P-ANMF1-N16,152,32,32,32,32,7337,7337,-8252,28,0,4
1508_24_rot2,1508_24,VV,2,speed-5|band0.5|scr10,-5.0,0.5,22500000.0,10.0,P-ANMF1-N16,152,120,120,120,120,12889,12889,-48944,113,0,7
1508_24_rot2,1508_24,VV,2,speed-5|band0.5|scr20,-5.0,0.5,22500000.0,20.0,P-ANMF1-N16,152,148,148,148,146,1032,1063,-76087,148,0,0
1508_24_rot2,1508_24,VV,2,speed-5|band1|scr0,-5.0,1.0,45000000.0,0.0,P-ANMF1-N16,152,27,27,27,27,9270,9270,-3682,24,0,3
1508_24_rot2,1508_24,VV,2,speed-5|band1|scr10,-5.0,1.0,45000000.0,10.0,P-ANMF1-N16,152,113,113,113,113,24104,24104,-33310,107,0,6
1508_24_rot2,1508_24,VV,2,speed-5|band1|scr20,-5.0,1.0,45000000.0,20.0,P-ANMF1-N16,152,148,148,148,144,8549,8553,-68597,147,0,1
1508_24_rot2,1508_24,VV,2,speed5|band0.5|scr0,5.0,0.5,22500000.0,0.0,P-ANMF1-N16,152,79,78,78,78,8527,7607,-31893,73,0,5
1508_24_rot2,1508_24,VV,2,speed5|band0.5|scr10,5.0,0.5,22500000.0,10.0,P-ANMF1-N16,152,142,142,142,142,3984,3984,-70905,141,0,1
1508_24_rot2,1508_24,VV,2,speed5|band0.5|scr20,5.0,0.5,22500000.0,20.0,P-ANMF1-N16,152,151,151,151,150,875,875,-78383,151,0,0
1508_24_rot2,1508_24,VV,2,speed5|band1|scr0,5.0,1.0,45000000.0,0.0,P-ANMF1-N16,152,76,75,75,75,21286,20367,-17570,69,1,5
1508_24_rot2,1508_24,VV,2,speed5|band1|scr10,5.0,1.0,45000000.0,10.0,P-ANMF1-N16,152,140,140,140,140,17146,17146,-56980,140,0,0
1508_24_rot2,1508_24,VV,2,speed5|band1|scr20,5.0,1.0,45000000.0,20.0,P-ANMF1-N16,152,151,151,151,149,3708,3763,-75495,151,0,0
1508_24_rot2,1508_24,VV,2,speed15|band0.5|scr0,15.0,0.5,22500000.0,0.0,P-ANMF1-N16,152,0,0,0,0,0,0,0,0,0,0
1508_24_rot2,1508_24,VV,2,speed15|band0.5|scr10,15.0,0.5,22500000.0,10.0,P-ANMF1-N16,152,0,0,0,0,0,0,0,0,0,0
1508_24_rot2,1508_24,VV,2,speed15|band0.5|scr20,15.0,0.5,22500000.0,20.0,P-ANMF1-N16,152,0,0,0,0,0,0,0,0,0,0
1508_24_rot2,1508_24,VV,2,speed15|band1|scr0,15.0,1.0,45000000.0,0.0,P-ANMF1-N16,152,1,0,0,0,920,0,0,0,0,0
1508_24_rot2,1508_24,VV,2,speed15|band1|scr10,15.0,1.0,45000000.0,10.0,P-ANMF1-N16,152,0,0,0,0,0,0,0,0,0,0
1508_24_rot2,1508_24,VV,2,speed15|band1|scr20,15.0,1.0,45000000.0,20.0,P-ANMF1-N16,152,0,0,0,0,0,0,0,0,0,0
1508_24_rot3,1508_24,VV,3,speed-15|band0.5|scr0,-15.0,0.5,22500000.0,0.0,IN-G0,152,0,0,0,0,0,0,0,0,0,0
1508_24_rot3,1508_24,VV,3,speed-15|band0.5|scr10,-15.0,0.5,22500000.0,10.0,IN-G0,152,0,0,0,0,0,0,0,0,0,0
1508_24_rot3,1508_24,VV,3,speed-15|band0.5|scr20,-15.0,0.5,22500000.0,20.0,IN-G0,152,0,0,0,0,0,0,0,0,0,0
1508_24_rot3,1508_24,VV,3,speed-15|band1|scr0,-15.0,1.0,45000000.0,0.0,IN-G0,152,0,0,0,0,0,0,0,0,0,0
1508_24_rot3,1508_24,VV,3,speed-15|band1|scr10,-15.0,1.0,45000000.0,10.0,IN-G0,152,0,0,0,0,0,0,0,0,0,0
1508_24_rot3,1508_24,VV,3,speed-15|band1|scr20,-15.0,1.0,45000000.0,20.0,IN-G0,152,0,0,0,0,0,0,0,0,0,0
1508_24_rot3,1508_24,VV,3,speed-5|band0.5|scr0,-5.0,0.5,22500000.0,0.0,IN-G0,152,0,0,0,0,0,0,0,0,0,0
1508_24_rot3,1508_24,VV,3,speed-5|band0.5|scr10,-5.0,0.5,22500000.0,10.0,IN-G0,152,0,0,0,0,0,0,0,0,0,0
1508_24_rot3,1508_24,VV,3,speed-5|band0.5|scr20,-5.0,0.5,22500000.0,20.0,IN-G0,152,0,0,0,0,0,0,0,0,0,0
1508_24_rot3,1508_24,VV,3,speed-5|band1|scr0,-5.0,1.0,45000000.0,0.0,IN-G0,152,0,0,0,0,0,0,0,0,0,0
1508_24_rot3,1508_24,VV,3,speed-5|band1|scr10,-5.0,1.0,45000000.0,10.0,IN-G0,152,0,0,0,0,0,0,0,0,0,0
1508_24_rot3,1508_24,VV,3,speed-5|band1|scr20,-5.0,1.0,45000000.0,20.0,IN-G0,152,0,0,0,0,0,0,0,0,0,0
1508_24_rot3,1508_24,VV,3,speed5|band0.5|scr0,5.0,0.5,22500000.0,0.0,IN-G0,152,0,0,0,0,0,0,0,0,0,0
1508_24_rot3,1508_24,VV,3,speed5|band0.5|scr10,5.0,0.5,22500000.0,10.0,IN-G0,152,0,0,0,0,0,0,0,0,0,0
1508_24_rot3,1508_24,VV,3,speed5|band0.5|scr20,5.0,0.5,22500000.0,20.0,IN-G0,152,0,0,0,0,0,0,0,0,0,0
1508_24_rot3,1508_24,VV,3,speed5|band1|scr0,5.0,1.0,45000000.0,0.0,IN-G0,152,0,0,0,0,0,0,0,0,0,0
1508_24_rot3,1508_24,VV,3,speed5|band1|scr10,5.0,1.0,45000000.0,10.0,IN-G0,152,0,0,0,0,0,0,0,0,0,0
1508_24_rot3,1508_24,VV,3,speed5|band1|scr20,5.0,1.0,45000000.0,20.0,IN-G0,152,0,0,0,0,0,0,0,0,0,0
1508_24_rot3,1508_24,VV,3,speed15|band0.5|scr0,15.0,0.5,22500000.0,0.0,IN-G0,152,0,0,0,0,0,0,0,0,0,0
1508_24_rot3,1508_24,VV,3,speed15|band0.5|scr10,15.0,0.5,22500000.0,10.0,IN-G0,152,0,0,0,0,0,0,0,0,0,0
1508_24_rot3,1508_24,VV,3,speed15|band0.5|scr20,15.0,0.5,22500000.0,20.0,IN-G0,152,0,0,0,0,0,0,0,0,0,0
1508_24_rot3,1508_24,VV,3,speed15|band1|scr0,15.0,1.0,45000000.0,0.0,IN-G0,152,0,0,0,0,0,0,0,0,0,0
1508_24_rot3,1508_24,VV,3,speed15|band1|scr10,15.0,1.0,45000000.0,10.0,IN-G0,152,0,0,0,0,0,0,0,0,0,0
1508_24_rot3,1508_24,VV,3,speed15|band1|scr20,15.0,1.0,45000000.0,20.0,IN-G0,152,0,0,0,0,0,0,0,0,0,0
1508_24_rot3,1508_24,VV,3,speed-15|band0.5|scr0,-15.0,0.5,22500000.0,0.0,CA-G0,152,0,0,0,0,0,0,0,0,0,0
1508_24_rot3,1508_24,VV,3,speed-15|band0.5|scr10,-15.0,0.5,22500000.0,10.0,CA-G0,152,0,0,0,0,0,0,0,0,0,0
1508_24_rot3,1508_24,VV,3,speed-15|band0.5|scr20,-15.0,0.5,22500000.0,20.0,CA-G0,152,1,0,0,0,492,0,0,0,0,0
1508_24_rot3,1508_24,VV,3,speed-15|band1|scr0,-15.0,1.0,45000000.0,0.0,CA-G0,152,1,0,0,0,464,0,0,0,0,0
1508_24_rot3,1508_24,VV,3,speed-15|band1|scr10,-15.0,1.0,45000000.0,10.0,CA-G0,152,2,0,0,0,825,0,0,0,0,0
1508_24_rot3,1508_24,VV,3,speed-15|band1|scr20,-15.0,1.0,45000000.0,20.0,CA-G0,152,1,1,1,1,625,625,188,0,0,1
1508_24_rot3,1508_24,VV,3,speed-5|band0.5|scr0,-5.0,0.5,22500000.0,0.0,CA-G0,152,1,0,0,0,490,0,0,0,0,0
1508_24_rot3,1508_24,VV,3,speed-5|band0.5|scr10,-5.0,0.5,22500000.0,10.0,CA-G0,152,2,0,0,0,1427,0,0,0,0,0
1508_24_rot3,1508_24,VV,3,speed-5|band0.5|scr20,-5.0,0.5,22500000.0,20.0,CA-G0,152,1,0,0,0,686,0,0,0,0,0
1508_24_rot3,1508_24,VV,3,speed-5|band1|scr0,-5.0,1.0,45000000.0,0.0,CA-G0,152,1,0,0,0,360,0,0,0,0,0
1508_24_rot3,1508_24,VV,3,speed-5|band1|scr10,-5.0,1.0,45000000.0,10.0,CA-G0,152,2,2,2,2,283,283,-1349,2,0,0
1508_24_rot3,1508_24,VV,3,speed-5|band1|scr20,-5.0,1.0,45000000.0,20.0,CA-G0,152,0,0,0,0,0,0,0,0,0,0
1508_24_rot3,1508_24,VV,3,speed5|band0.5|scr0,5.0,0.5,22500000.0,0.0,CA-G0,152,2,1,1,1,1420,631,-232,1,0,0
1508_24_rot3,1508_24,VV,3,speed5|band0.5|scr10,5.0,0.5,22500000.0,10.0,CA-G0,152,0,0,0,0,0,0,0,0,0,0
1508_24_rot3,1508_24,VV,3,speed5|band0.5|scr20,5.0,0.5,22500000.0,20.0,CA-G0,152,0,0,0,0,0,0,0,0,0,0
1508_24_rot3,1508_24,VV,3,speed5|band1|scr0,5.0,1.0,45000000.0,0.0,CA-G0,152,2,0,0,0,508,0,0,0,0,0
1508_24_rot3,1508_24,VV,3,speed5|band1|scr10,5.0,1.0,45000000.0,10.0,CA-G0,152,1,0,0,0,900,0,0,0,0,0
1508_24_rot3,1508_24,VV,3,speed5|band1|scr20,5.0,1.0,45000000.0,20.0,CA-G0,152,1,1,1,1,152,152,-521,1,0,0
1508_24_rot3,1508_24,VV,3,speed15|band0.5|scr0,15.0,0.5,22500000.0,0.0,CA-G0,152,1,0,0,0,583,0,0,0,0,0
1508_24_rot3,1508_24,VV,3,speed15|band0.5|scr10,15.0,0.5,22500000.0,10.0,CA-G0,152,0,0,0,0,0,0,0,0,0,0
1508_24_rot3,1508_24,VV,3,speed15|band0.5|scr20,15.0,0.5,22500000.0,20.0,CA-G0,152,0,0,0,0,0,0,0,0,0,0
1508_24_rot3,1508_24,VV,3,speed15|band1|scr0,15.0,1.0,45000000.0,0.0,CA-G0,152,0,0,0,0,0,0,0,0,0,0
1508_24_rot3,1508_24,VV,3,speed15|band1|scr10,15.0,1.0,45000000.0,10.0,CA-G0,152,1,0,0,0,716,0,0,0,0,0
1508_24_rot3,1508_24,VV,3,speed15|band1|scr20,15.0,1.0,45000000.0,20.0,CA-G0,152,2,1,1,1,796,80,-208,1,0,0
1508_24_rot3,1508_24,VV,3,speed-15|band0.5|scr0,-15.0,0.5,22500000.0,0.0,OS8-G0,152,0,0,0,0,0,0,0,0,0,0
1508_24_rot3,1508_24,VV,3,speed-15|band0.5|scr10,-15.0,0.5,22500000.0,10.0,OS8-G0,152,0,0,0,0,0,0,0,0,0,0
1508_24_rot3,1508_24,VV,3,speed-15|band0.5|scr20,-15.0,0.5,22500000.0,20.0,OS8-G0,152,0,0,0,0,0,0,0,0,0,0
1508_24_rot3,1508_24,VV,3,speed-15|band1|scr0,-15.0,1.0,45000000.0,0.0,OS8-G0,152,0,0,0,0,0,0,0,0,0,0
1508_24_rot3,1508_24,VV,3,speed-15|band1|scr10,-15.0,1.0,45000000.0,10.0,OS8-G0,152,0,0,0,0,0,0,0,0,0,0
1508_24_rot3,1508_24,VV,3,speed-15|band1|scr20,-15.0,1.0,45000000.0,20.0,OS8-G0,152,0,0,0,0,0,0,0,0,0,0
1508_24_rot3,1508_24,VV,3,speed-5|band0.5|scr0,-5.0,0.5,22500000.0,0.0,OS8-G0,152,2,1,1,1,676,184,-54,1,0,0
1508_24_rot3,1508_24,VV,3,speed-5|band0.5|scr10,-5.0,0.5,22500000.0,10.0,OS8-G0,152,0,0,0,0,0,0,0,0,0,0
1508_24_rot3,1508_24,VV,3,speed-5|band0.5|scr20,-5.0,0.5,22500000.0,20.0,OS8-G0,152,0,0,0,0,0,0,0,0,0,0
1508_24_rot3,1508_24,VV,3,speed-5|band1|scr0,-5.0,1.0,45000000.0,0.0,OS8-G0,152,1,1,1,1,184,184,-54,1,0,0
1508_24_rot3,1508_24,VV,3,speed-5|band1|scr10,-5.0,1.0,45000000.0,10.0,OS8-G0,152,0,0,0,0,0,0,0,0,0,0
1508_24_rot3,1508_24,VV,3,speed-5|band1|scr20,-5.0,1.0,45000000.0,20.0,OS8-G0,152,0,0,0,0,0,0,0,0,0,0
1508_24_rot3,1508_24,VV,3,speed5|band0.5|scr0,5.0,0.5,22500000.0,0.0,OS8-G0,152,0,0,0,0,0,0,0,0,0,0
1508_24_rot3,1508_24,VV,3,speed5|band0.5|scr10,5.0,0.5,22500000.0,10.0,OS8-G0,152,0,0,0,0,0,0,0,0,0,0
1508_24_rot3,1508_24,VV,3,speed5|band0.5|scr20,5.0,0.5,22500000.0,20.0,OS8-G0,152,0,0,0,0,0,0,0,0,0,0
1508_24_rot3,1508_24,VV,3,speed5|band1|scr0,5.0,1.0,45000000.0,0.0,OS8-G0,152,1,0,0,0,249,0,0,0,0,0
1508_24_rot3,1508_24,VV,3,speed5|band1|scr10,5.0,1.0,45000000.0,10.0,OS8-G0,152,0,0,0,0,0,0,0,0,0,0
1508_24_rot3,1508_24,VV,3,speed5|band1|scr20,5.0,1.0,45000000.0,20.0,OS8-G0,152,0,0,0,0,0,0,0,0,0,0
1508_24_rot3,1508_24,VV,3,speed15|band0.5|scr0,15.0,0.5,22500000.0,0.0,OS8-G0,152,0,0,0,0,0,0,0,0,0,0
1508_24_rot3,1508_24,VV,3,speed15|band0.5|scr10,15.0,0.5,22500000.0,10.0,OS8-G0,152,0,0,0,0,0,0,0,0,0,0
1508_24_rot3,1508_24,VV,3,speed15|band0.5|scr20,15.0,0.5,22500000.0,20.0,OS8-G0,152,0,0,0,0,0,0,0,0,0,0
1508_24_rot3,1508_24,VV,3,speed15|band1|scr0,15.0,1.0,45000000.0,0.0,OS8-G0,152,0,0,0,0,0,0,0,0,0,0
1508_24_rot3,1508_24,VV,3,speed15|band1|scr10,15.0,1.0,45000000.0,10.0,OS8-G0,152,0,0,0,0,0,0,0,0,0,0
1508_24_rot3,1508_24,VV,3,speed15|band1|scr20,15.0,1.0,45000000.0,20.0,OS8-G0,152,0,0,0,0,0,0,0,0,0,0
1508_24_rot3,1508_24,VV,3,speed-15|band0.5|scr0,-15.0,0.5,22500000.0,0.0,IN-G8,152,0,0,0,0,0,0,0,0,0,0
1508_24_rot3,1508_24,VV,3,speed-15|band0.5|scr10,-15.0,0.5,22500000.0,10.0,IN-G8,152,0,0,0,0,0,0,0,0,0,0
1508_24_rot3,1508_24,VV,3,speed-15|band0.5|scr20,-15.0,0.5,22500000.0,20.0,IN-G8,152,0,0,0,0,0,0,0,0,0,0
1508_24_rot3,1508_24,VV,3,speed-15|band1|scr0,-15.0,1.0,45000000.0,0.0,IN-G8,152,0,0,0,0,0,0,0,0,0,0
1508_24_rot3,1508_24,VV,3,speed-15|band1|scr10,-15.0,1.0,45000000.0,10.0,IN-G8,152,0,0,0,0,0,0,0,0,0,0
1508_24_rot3,1508_24,VV,3,speed-15|band1|scr20,-15.0,1.0,45000000.0,20.0,IN-G8,152,0,0,0,0,0,0,0,0,0,0
1508_24_rot3,1508_24,VV,3,speed-5|band0.5|scr0,-5.0,0.5,22500000.0,0.0,IN-G8,152,0,0,0,0,0,0,0,0,0,0
1508_24_rot3,1508_24,VV,3,speed-5|band0.5|scr10,-5.0,0.5,22500000.0,10.0,IN-G8,152,0,0,0,0,0,0,0,0,0,0
1508_24_rot3,1508_24,VV,3,speed-5|band0.5|scr20,-5.0,0.5,22500000.0,20.0,IN-G8,152,0,0,0,0,0,0,0,0,0,0
1508_24_rot3,1508_24,VV,3,speed-5|band1|scr0,-5.0,1.0,45000000.0,0.0,IN-G8,152,0,0,0,0,0,0,0,0,0,0
1508_24_rot3,1508_24,VV,3,speed-5|band1|scr10,-5.0,1.0,45000000.0,10.0,IN-G8,152,0,0,0,0,0,0,0,0,0,0
1508_24_rot3,1508_24,VV,3,speed-5|band1|scr20,-5.0,1.0,45000000.0,20.0,IN-G8,152,0,0,0,0,0,0,0,0,0,0
1508_24_rot3,1508_24,VV,3,speed5|band0.5|scr0,5.0,0.5,22500000.0,0.0,IN-G8,152,0,0,0,0,0,0,0,0,0,0
1508_24_rot3,1508_24,VV,3,speed5|band0.5|scr10,5.0,0.5,22500000.0,10.0,IN-G8,152,0,0,0,0,0,0,0,0,0,0
1508_24_rot3,1508_24,VV,3,speed5|band0.5|scr20,5.0,0.5,22500000.0,20.0,IN-G8,152,0,0,0,0,0,0,0,0,0,0
1508_24_rot3,1508_24,VV,3,speed5|band1|scr0,5.0,1.0,45000000.0,0.0,IN-G8,152,0,0,0,0,0,0,0,0,0,0
1508_24_rot3,1508_24,VV,3,speed5|band1|scr10,5.0,1.0,45000000.0,10.0,IN-G8,152,0,0,0,0,0,0,0,0,0,0
1508_24_rot3,1508_24,VV,3,speed5|band1|scr20,5.0,1.0,45000000.0,20.0,IN-G8,152,0,0,0,0,0,0,0,0,0,0
1508_24_rot3,1508_24,VV,3,speed15|band0.5|scr0,15.0,0.5,22500000.0,0.0,IN-G8,152,0,0,0,0,0,0,0,0,0,0
1508_24_rot3,1508_24,VV,3,speed15|band0.5|scr10,15.0,0.5,22500000.0,10.0,IN-G8,152,0,0,0,0,0,0,0,0,0,0
1508_24_rot3,1508_24,VV,3,speed15|band0.5|scr20,15.0,0.5,22500000.0,20.0,IN-G8,152,0,0,0,0,0,0,0,0,0,0
1508_24_rot3,1508_24,VV,3,speed15|band1|scr0,15.0,1.0,45000000.0,0.0,IN-G8,152,0,0,0,0,0,0,0,0,0,0
1508_24_rot3,1508_24,VV,3,speed15|band1|scr10,15.0,1.0,45000000.0,10.0,IN-G8,152,0,0,0,0,0,0,0,0,0,0
1508_24_rot3,1508_24,VV,3,speed15|band1|scr20,15.0,1.0,45000000.0,20.0,IN-G8,152,0,0,0,0,0,0,0,0,0,0
1508_24_rot3,1508_24,VV,3,speed-15|band0.5|scr0,-15.0,0.5,22500000.0,0.0,CA-G8,152,0,0,0,0,0,0,0,0,0,0
1508_24_rot3,1508_24,VV,3,speed-15|band0.5|scr10,-15.0,0.5,22500000.0,10.0,CA-G8,152,0,0,0,0,0,0,0,0,0,0
1508_24_rot3,1508_24,VV,3,speed-15|band0.5|scr20,-15.0,0.5,22500000.0,20.0,CA-G8,152,0,0,0,0,0,0,0,0,0,0
1508_24_rot3,1508_24,VV,3,speed-15|band1|scr0,-15.0,1.0,45000000.0,0.0,CA-G8,152,0,0,0,0,0,0,0,0,0,0
1508_24_rot3,1508_24,VV,3,speed-15|band1|scr10,-15.0,1.0,45000000.0,10.0,CA-G8,152,0,0,0,0,0,0,0,0,0,0
1508_24_rot3,1508_24,VV,3,speed-15|band1|scr20,-15.0,1.0,45000000.0,20.0,CA-G8,152,0,0,0,0,0,0,0,0,0,0
1508_24_rot3,1508_24,VV,3,speed-5|band0.5|scr0,-5.0,0.5,22500000.0,0.0,CA-G8,152,0,0,0,0,0,0,0,0,0,0
1508_24_rot3,1508_24,VV,3,speed-5|band0.5|scr10,-5.0,0.5,22500000.0,10.0,CA-G8,152,0,0,0,0,0,0,0,0,0,0
1508_24_rot3,1508_24,VV,3,speed-5|band0.5|scr20,-5.0,0.5,22500000.0,20.0,CA-G8,152,1,0,0,0,391,0,0,0,0,0
1508_24_rot3,1508_24,VV,3,speed-5|band1|scr0,-5.0,1.0,45000000.0,0.0,CA-G8,152,2,2,2,2,1076,1076,294,0,0,2
1508_24_rot3,1508_24,VV,3,speed-5|band1|scr10,-5.0,1.0,45000000.0,10.0,CA-G8,152,1,0,0,0,985,0,0,0,0,0
1508_24_rot3,1508_24,VV,3,speed-5|band1|scr20,-5.0,1.0,45000000.0,20.0,CA-G8,152,0,0,0,0,0,0,0,0,0,0
1508_24_rot3,1508_24,VV,3,speed5|band0.5|scr0,5.0,0.5,22500000.0,0.0,CA-G8,152,1,0,0,0,905,0,0,0,0,0
1508_24_rot3,1508_24,VV,3,speed5|band0.5|scr10,5.0,0.5,22500000.0,10.0,CA-G8,152,1,0,0,0,905,0,0,0,0,0
1508_24_rot3,1508_24,VV,3,speed5|band0.5|scr20,5.0,0.5,22500000.0,20.0,CA-G8,152,0,0,0,0,0,0,0,0,0,0
1508_24_rot3,1508_24,VV,3,speed5|band1|scr0,5.0,1.0,45000000.0,0.0,CA-G8,152,1,0,0,0,905,0,0,0,0,0
1508_24_rot3,1508_24,VV,3,speed5|band1|scr10,5.0,1.0,45000000.0,10.0,CA-G8,152,1,0,0,0,906,0,0,0,0,0
1508_24_rot3,1508_24,VV,3,speed5|band1|scr20,5.0,1.0,45000000.0,20.0,CA-G8,152,0,0,0,0,0,0,0,0,0,0
1508_24_rot3,1508_24,VV,3,speed15|band0.5|scr0,15.0,0.5,22500000.0,0.0,CA-G8,152,0,0,0,0,0,0,0,0,0,0
1508_24_rot3,1508_24,VV,3,speed15|band0.5|scr10,15.0,0.5,22500000.0,10.0,CA-G8,152,0,0,0,0,0,0,0,0,0,0
1508_24_rot3,1508_24,VV,3,speed15|band0.5|scr20,15.0,0.5,22500000.0,20.0,CA-G8,152,0,0,0,0,0,0,0,0,0,0
1508_24_rot3,1508_24,VV,3,speed15|band1|scr0,15.0,1.0,45000000.0,0.0,CA-G8,152,0,0,0,0,0,0,0,0,0,0
1508_24_rot3,1508_24,VV,3,speed15|band1|scr10,15.0,1.0,45000000.0,10.0,CA-G8,152,0,0,0,0,0,0,0,0,0,0
1508_24_rot3,1508_24,VV,3,speed15|band1|scr20,15.0,1.0,45000000.0,20.0,CA-G8,152,0,0,0,0,0,0,0,0,0,0
1508_24_rot3,1508_24,VV,3,speed-15|band0.5|scr0,-15.0,0.5,22500000.0,0.0,OS8-G8,152,0,0,0,0,0,0,0,0,0,0
1508_24_rot3,1508_24,VV,3,speed-15|band0.5|scr10,-15.0,0.5,22500000.0,10.0,OS8-G8,152,0,0,0,0,0,0,0,0,0,0
1508_24_rot3,1508_24,VV,3,speed-15|band0.5|scr20,-15.0,0.5,22500000.0,20.0,OS8-G8,152,0,0,0,0,0,0,0,0,0,0
1508_24_rot3,1508_24,VV,3,speed-15|band1|scr0,-15.0,1.0,45000000.0,0.0,OS8-G8,152,0,0,0,0,0,0,0,0,0,0
1508_24_rot3,1508_24,VV,3,speed-15|band1|scr10,-15.0,1.0,45000000.0,10.0,OS8-G8,152,0,0,0,0,0,0,0,0,0,0
1508_24_rot3,1508_24,VV,3,speed-15|band1|scr20,-15.0,1.0,45000000.0,20.0,OS8-G8,152,0,0,0,0,0,0,0,0,0,0
1508_24_rot3,1508_24,VV,3,speed-5|band0.5|scr0,-5.0,0.5,22500000.0,0.0,OS8-G8,152,1,0,0,0,498,0,0,0,0,0
1508_24_rot3,1508_24,VV,3,speed-5|band0.5|scr10,-5.0,0.5,22500000.0,10.0,OS8-G8,152,0,0,0,0,0,0,0,0,0,0
1508_24_rot3,1508_24,VV,3,speed-5|band0.5|scr20,-5.0,0.5,22500000.0,20.0,OS8-G8,152,0,0,0,0,0,0,0,0,0,0
1508_24_rot3,1508_24,VV,3,speed-5|band1|scr0,-5.0,1.0,45000000.0,0.0,OS8-G8,152,0,0,0,0,0,0,0,0,0,0
1508_24_rot3,1508_24,VV,3,speed-5|band1|scr10,-5.0,1.0,45000000.0,10.0,OS8-G8,152,0,0,0,0,0,0,0,0,0,0
1508_24_rot3,1508_24,VV,3,speed-5|band1|scr20,-5.0,1.0,45000000.0,20.0,OS8-G8,152,0,0,0,0,0,0,0,0,0,0
1508_24_rot3,1508_24,VV,3,speed5|band0.5|scr0,5.0,0.5,22500000.0,0.0,OS8-G8,152,0,0,0,0,0,0,0,0,0,0
1508_24_rot3,1508_24,VV,3,speed5|band0.5|scr10,5.0,0.5,22500000.0,10.0,OS8-G8,152,0,0,0,0,0,0,0,0,0,0
1508_24_rot3,1508_24,VV,3,speed5|band0.5|scr20,5.0,0.5,22500000.0,20.0,OS8-G8,152,0,0,0,0,0,0,0,0,0,0
1508_24_rot3,1508_24,VV,3,speed5|band1|scr0,5.0,1.0,45000000.0,0.0,OS8-G8,152,1,0,0,0,909,0,0,0,0,0
1508_24_rot3,1508_24,VV,3,speed5|band1|scr10,5.0,1.0,45000000.0,10.0,OS8-G8,152,0,0,0,0,0,0,0,0,0,0
1508_24_rot3,1508_24,VV,3,speed5|band1|scr20,5.0,1.0,45000000.0,20.0,OS8-G8,152,0,0,0,0,0,0,0,0,0,0
1508_24_rot3,1508_24,VV,3,speed15|band0.5|scr0,15.0,0.5,22500000.0,0.0,OS8-G8,152,0,0,0,0,0,0,0,0,0,0
1508_24_rot3,1508_24,VV,3,speed15|band0.5|scr10,15.0,0.5,22500000.0,10.0,OS8-G8,152,0,0,0,0,0,0,0,0,0,0
1508_24_rot3,1508_24,VV,3,speed15|band0.5|scr20,15.0,0.5,22500000.0,20.0,OS8-G8,152,0,0,0,0,0,0,0,0,0,0
1508_24_rot3,1508_24,VV,3,speed15|band1|scr0,15.0,1.0,45000000.0,0.0,OS8-G8,152,0,0,0,0,0,0,0,0,0,0
1508_24_rot3,1508_24,VV,3,speed15|band1|scr10,15.0,1.0,45000000.0,10.0,OS8-G8,152,0,0,0,0,0,0,0,0,0,0
1508_24_rot3,1508_24,VV,3,speed15|band1|scr20,15.0,1.0,45000000.0,20.0,OS8-G8,152,0,0,0,0,0,0,0,0,0,0
1508_24_rot3,1508_24,VV,3,speed-15|band0.5|scr0,-15.0,0.5,22500000.0,0.0,PAMF-H1-K8-G8,152,0,0,0,0,0,0,0,0,0,0
1508_24_rot3,1508_24,VV,3,speed-15|band0.5|scr10,-15.0,0.5,22500000.0,10.0,PAMF-H1-K8-G8,152,0,0,0,0,0,0,0,0,0,0
1508_24_rot3,1508_24,VV,3,speed-15|band0.5|scr20,-15.0,0.5,22500000.0,20.0,PAMF-H1-K8-G8,152,0,0,0,0,0,0,0,0,0,0
1508_24_rot3,1508_24,VV,3,speed-15|band1|scr0,-15.0,1.0,45000000.0,0.0,PAMF-H1-K8-G8,152,0,0,0,0,0,0,0,0,0,0
1508_24_rot3,1508_24,VV,3,speed-15|band1|scr10,-15.0,1.0,45000000.0,10.0,PAMF-H1-K8-G8,152,0,0,0,0,0,0,0,0,0,0
1508_24_rot3,1508_24,VV,3,speed-15|band1|scr20,-15.0,1.0,45000000.0,20.0,PAMF-H1-K8-G8,152,0,0,0,0,0,0,0,0,0,0
1508_24_rot3,1508_24,VV,3,speed-5|band0.5|scr0,-5.0,0.5,22500000.0,0.0,PAMF-H1-K8-G8,152,0,0,0,0,0,0,0,0,0,0
1508_24_rot3,1508_24,VV,3,speed-5|band0.5|scr10,-5.0,0.5,22500000.0,10.0,PAMF-H1-K8-G8,152,0,0,0,0,0,0,0,0,0,0
1508_24_rot3,1508_24,VV,3,speed-5|band0.5|scr20,-5.0,0.5,22500000.0,20.0,PAMF-H1-K8-G8,152,0,0,0,0,0,0,0,0,0,0
1508_24_rot3,1508_24,VV,3,speed-5|band1|scr0,-5.0,1.0,45000000.0,0.0,PAMF-H1-K8-G8,152,0,0,0,0,0,0,0,0,0,0
1508_24_rot3,1508_24,VV,3,speed-5|band1|scr10,-5.0,1.0,45000000.0,10.0,PAMF-H1-K8-G8,152,0,0,0,0,0,0,0,0,0,0
1508_24_rot3,1508_24,VV,3,speed-5|band1|scr20,-5.0,1.0,45000000.0,20.0,PAMF-H1-K8-G8,152,0,0,0,0,0,0,0,0,0,0
1508_24_rot3,1508_24,VV,3,speed5|band0.5|scr0,5.0,0.5,22500000.0,0.0,PAMF-H1-K8-G8,152,0,0,0,0,0,0,0,0,0,0
1508_24_rot3,1508_24,VV,3,speed5|band0.5|scr10,5.0,0.5,22500000.0,10.0,PAMF-H1-K8-G8,152,0,0,0,0,0,0,0,0,0,0
1508_24_rot3,1508_24,VV,3,speed5|band0.5|scr20,5.0,0.5,22500000.0,20.0,PAMF-H1-K8-G8,152,0,0,0,0,0,0,0,0,0,0
1508_24_rot3,1508_24,VV,3,speed5|band1|scr0,5.0,1.0,45000000.0,0.0,PAMF-H1-K8-G8,152,0,0,0,0,0,0,0,0,0,0
1508_24_rot3,1508_24,VV,3,speed5|band1|scr10,5.0,1.0,45000000.0,10.0,PAMF-H1-K8-G8,152,0,0,0,0,0,0,0,0,0,0
1508_24_rot3,1508_24,VV,3,speed5|band1|scr20,5.0,1.0,45000000.0,20.0,PAMF-H1-K8-G8,152,0,0,0,0,0,0,0,0,0,0
1508_24_rot3,1508_24,VV,3,speed15|band0.5|scr0,15.0,0.5,22500000.0,0.0,PAMF-H1-K8-G8,152,0,0,0,0,0,0,0,0,0,0
1508_24_rot3,1508_24,VV,3,speed15|band0.5|scr10,15.0,0.5,22500000.0,10.0,PAMF-H1-K8-G8,152,0,0,0,0,0,0,0,0,0,0
1508_24_rot3,1508_24,VV,3,speed15|band0.5|scr20,15.0,0.5,22500000.0,20.0,PAMF-H1-K8-G8,152,0,0,0,0,0,0,0,0,0,0
1508_24_rot3,1508_24,VV,3,speed15|band1|scr0,15.0,1.0,45000000.0,0.0,PAMF-H1-K8-G8,152,0,0,0,0,0,0,0,0,0,0
1508_24_rot3,1508_24,VV,3,speed15|band1|scr10,15.0,1.0,45000000.0,10.0,PAMF-H1-K8-G8,152,0,0,0,0,0,0,0,0,0,0
1508_24_rot3,1508_24,VV,3,speed15|band1|scr20,15.0,1.0,45000000.0,20.0,PAMF-H1-K8-G8,152,0,0,0,0,0,0,0,0,0,0
1508_24_rot3,1508_24,VV,3,speed-15|band0.5|scr0,-15.0,0.5,22500000.0,0.0,P-ANMF1-N16,152,0,0,0,0,0,0,0,0,0,0
1508_24_rot3,1508_24,VV,3,speed-15|band0.5|scr10,-15.0,0.5,22500000.0,10.0,P-ANMF1-N16,152,0,0,0,0,0,0,0,0,0,0
1508_24_rot3,1508_24,VV,3,speed-15|band0.5|scr20,-15.0,0.5,22500000.0,20.0,P-ANMF1-N16,152,0,0,0,0,0,0,0,0,0,0
1508_24_rot3,1508_24,VV,3,speed-15|band1|scr0,-15.0,1.0,45000000.0,0.0,P-ANMF1-N16,152,0,0,0,0,0,0,0,0,0,0
1508_24_rot3,1508_24,VV,3,speed-15|band1|scr10,-15.0,1.0,45000000.0,10.0,P-ANMF1-N16,152,0,0,0,0,0,0,0,0,0,0
1508_24_rot3,1508_24,VV,3,speed-15|band1|scr20,-15.0,1.0,45000000.0,20.0,P-ANMF1-N16,152,0,0,0,0,0,0,0,0,0,0
1508_24_rot3,1508_24,VV,3,speed-5|band0.5|scr0,-5.0,0.5,22500000.0,0.0,P-ANMF1-N16,152,12,12,12,12,3224,3224,-2039,8,0,4
1508_24_rot3,1508_24,VV,3,speed-5|band0.5|scr10,-5.0,0.5,22500000.0,10.0,P-ANMF1-N16,152,85,85,85,85,12460,12460,-32465,79,0,6
1508_24_rot3,1508_24,VV,3,speed-5|band0.5|scr20,-5.0,0.5,22500000.0,20.0,P-ANMF1-N16,152,146,146,146,145,1648,1648,-75537,146,0,0
1508_24_rot3,1508_24,VV,3,speed-5|band1|scr0,-5.0,1.0,45000000.0,0.0,P-ANMF1-N16,152,10,10,10,10,3630,3630,-398,3,0,7
1508_24_rot3,1508_24,VV,3,speed-5|band1|scr10,-5.0,1.0,45000000.0,10.0,P-ANMF1-N16,152,81,81,81,81,24607,24607,-17466,73,0,8
1508_24_rot3,1508_24,VV,3,speed-5|band1|scr20,-5.0,1.0,45000000.0,20.0,P-ANMF1-N16,152,146,146,146,145,15853,15858,-61327,146,0,0
1508_24_rot3,1508_24,VV,3,speed5|band0.5|scr0,5.0,0.5,22500000.0,0.0,P-ANMF1-N16,152,39,39,39,39,10387,10387,-10697,32,0,7
1508_24_rot3,1508_24,VV,3,speed5|band0.5|scr10,5.0,0.5,22500000.0,10.0,P-ANMF1-N16,152,130,130,130,130,7546,7546,-61663,127,0,3
1508_24_rot3,1508_24,VV,3,speed5|band0.5|scr20,5.0,0.5,22500000.0,20.0,P-ANMF1-N16,152,150,150,150,150,622,622,-79160,150,0,0
1508_24_rot3,1508_24,VV,3,speed5|band1|scr0,5.0,1.0,45000000.0,0.0,P-ANMF1-N16,152,34,34,34,34,14670,14670,-4777,28,0,6
1508_24_rot3,1508_24,VV,3,speed5|band1|scr10,5.0,1.0,45000000.0,10.0,P-ANMF1-N16,152,127,127,127,127,26505,26505,-40124,121,0,6
1508_24_rot3,1508_24,VV,3,speed5|band1|scr20,5.0,1.0,45000000.0,20.0,P-ANMF1-N16,152,150,150,150,147,5534,5575,-74207,150,0,0
1508_24_rot3,1508_24,VV,3,speed15|band0.5|scr0,15.0,0.5,22500000.0,0.0,P-ANMF1-N16,152,0,0,0,0,0,0,0,0,0,0
1508_24_rot3,1508_24,VV,3,speed15|band0.5|scr10,15.0,0.5,22500000.0,10.0,P-ANMF1-N16,152,0,0,0,0,0,0,0,0,0,0
1508_24_rot3,1508_24,VV,3,speed15|band0.5|scr20,15.0,0.5,22500000.0,20.0,P-ANMF1-N16,152,0,0,0,0,0,0,0,0,0,0
1508_24_rot3,1508_24,VV,3,speed15|band1|scr0,15.0,1.0,45000000.0,0.0,P-ANMF1-N16,152,0,0,0,0,0,0,0,0,0,0
1508_24_rot3,1508_24,VV,3,speed15|band1|scr10,15.0,1.0,45000000.0,10.0,P-ANMF1-N16,152,0,0,0,0,0,0,0,0,0,0
1508_24_rot3,1508_24,VV,3,speed15|band1|scr20,15.0,1.0,45000000.0,20.0,P-ANMF1-N16,152,0,0,0,0,0,0,0,0,0,0
1512_14_rot2,1512_14,VV,2,speed-15|band0.5|scr0,-15.0,0.5,22500000.0,0.0,IN-G0,152,0,0,0,0,0,0,0,0,0,0
1512_14_rot2,1512_14,VV,2,speed-15|band0.5|scr10,-15.0,0.5,22500000.0,10.0,IN-G0,152,0,0,0,0,0,0,0,0,0,0
1512_14_rot2,1512_14,VV,2,speed-15|band0.5|scr20,-15.0,0.5,22500000.0,20.0,IN-G0,152,0,0,0,0,0,0,0,0,0,0
1512_14_rot2,1512_14,VV,2,speed-15|band1|scr0,-15.0,1.0,45000000.0,0.0,IN-G0,152,0,0,0,0,0,0,0,0,0,0
1512_14_rot2,1512_14,VV,2,speed-15|band1|scr10,-15.0,1.0,45000000.0,10.0,IN-G0,152,0,0,0,0,0,0,0,0,0,0
1512_14_rot2,1512_14,VV,2,speed-15|band1|scr20,-15.0,1.0,45000000.0,20.0,IN-G0,152,0,0,0,0,0,0,0,0,0,0
1512_14_rot2,1512_14,VV,2,speed-5|band0.5|scr0,-5.0,0.5,22500000.0,0.0,IN-G0,152,0,0,0,0,0,0,0,0,0,0
1512_14_rot2,1512_14,VV,2,speed-5|band0.5|scr10,-5.0,0.5,22500000.0,10.0,IN-G0,152,0,0,0,0,0,0,0,0,0,0
1512_14_rot2,1512_14,VV,2,speed-5|band0.5|scr20,-5.0,0.5,22500000.0,20.0,IN-G0,152,0,0,0,0,0,0,0,0,0,0
1512_14_rot2,1512_14,VV,2,speed-5|band1|scr0,-5.0,1.0,45000000.0,0.0,IN-G0,152,0,0,0,0,0,0,0,0,0,0
1512_14_rot2,1512_14,VV,2,speed-5|band1|scr10,-5.0,1.0,45000000.0,10.0,IN-G0,152,0,0,0,0,0,0,0,0,0,0
1512_14_rot2,1512_14,VV,2,speed-5|band1|scr20,-5.0,1.0,45000000.0,20.0,IN-G0,152,0,0,0,0,0,0,0,0,0,0
1512_14_rot2,1512_14,VV,2,speed5|band0.5|scr0,5.0,0.5,22500000.0,0.0,IN-G0,152,0,0,0,0,0,0,0,0,0,0
1512_14_rot2,1512_14,VV,2,speed5|band0.5|scr10,5.0,0.5,22500000.0,10.0,IN-G0,152,0,0,0,0,0,0,0,0,0,0
1512_14_rot2,1512_14,VV,2,speed5|band0.5|scr20,5.0,0.5,22500000.0,20.0,IN-G0,152,0,0,0,0,0,0,0,0,0,0
1512_14_rot2,1512_14,VV,2,speed5|band1|scr0,5.0,1.0,45000000.0,0.0,IN-G0,152,0,0,0,0,0,0,0,0,0,0
1512_14_rot2,1512_14,VV,2,speed5|band1|scr10,5.0,1.0,45000000.0,10.0,IN-G0,152,0,0,0,0,0,0,0,0,0,0
1512_14_rot2,1512_14,VV,2,speed5|band1|scr20,5.0,1.0,45000000.0,20.0,IN-G0,152,0,0,0,0,0,0,0,0,0,0
1512_14_rot2,1512_14,VV,2,speed15|band0.5|scr0,15.0,0.5,22500000.0,0.0,IN-G0,152,0,0,0,0,0,0,0,0,0,0
1512_14_rot2,1512_14,VV,2,speed15|band0.5|scr10,15.0,0.5,22500000.0,10.0,IN-G0,152,0,0,0,0,0,0,0,0,0,0
1512_14_rot2,1512_14,VV,2,speed15|band0.5|scr20,15.0,0.5,22500000.0,20.0,IN-G0,152,0,0,0,0,0,0,0,0,0,0
1512_14_rot2,1512_14,VV,2,speed15|band1|scr0,15.0,1.0,45000000.0,0.0,IN-G0,152,0,0,0,0,0,0,0,0,0,0
1512_14_rot2,1512_14,VV,2,speed15|band1|scr10,15.0,1.0,45000000.0,10.0,IN-G0,152,0,0,0,0,0,0,0,0,0,0
1512_14_rot2,1512_14,VV,2,speed15|band1|scr20,15.0,1.0,45000000.0,20.0,IN-G0,152,0,0,0,0,0,0,0,0,0,0
1512_14_rot2,1512_14,VV,2,speed-15|band0.5|scr0,-15.0,0.5,22500000.0,0.0,CA-G0,152,0,0,0,0,0,0,0,0,0,0
1512_14_rot2,1512_14,VV,2,speed-15|band0.5|scr10,-15.0,0.5,22500000.0,10.0,CA-G0,152,0,0,0,0,0,0,0,0,0,0
1512_14_rot2,1512_14,VV,2,speed-15|band0.5|scr20,-15.0,0.5,22500000.0,20.0,CA-G0,152,0,0,0,0,0,0,0,0,0,0
1512_14_rot2,1512_14,VV,2,speed-15|band1|scr0,-15.0,1.0,45000000.0,0.0,CA-G0,152,0,0,0,0,0,0,0,0,0,0
1512_14_rot2,1512_14,VV,2,speed-15|band1|scr10,-15.0,1.0,45000000.0,10.0,CA-G0,152,0,0,0,0,0,0,0,0,0,0
1512_14_rot2,1512_14,VV,2,speed-15|band1|scr20,-15.0,1.0,45000000.0,20.0,CA-G0,152,0,0,0,0,0,0,0,0,0,0
1512_14_rot2,1512_14,VV,2,speed-5|band0.5|scr0,-5.0,0.5,22500000.0,0.0,CA-G0,152,0,0,0,0,0,0,0,0,0,0
1512_14_rot2,1512_14,VV,2,speed-5|band0.5|scr10,-5.0,0.5,22500000.0,10.0,CA-G0,152,0,0,0,0,0,0,0,0,0,0
1512_14_rot2,1512_14,VV,2,speed-5|band0.5|scr20,-5.0,0.5,22500000.0,20.0,CA-G0,152,0,0,0,0,0,0,0,0,0,0
1512_14_rot2,1512_14,VV,2,speed-5|band1|scr0,-5.0,1.0,45000000.0,0.0,CA-G0,152,0,0,0,0,0,0,0,0,0,0
1512_14_rot2,1512_14,VV,2,speed-5|band1|scr10,-5.0,1.0,45000000.0,10.0,CA-G0,152,0,0,0,0,0,0,0,0,0,0
1512_14_rot2,1512_14,VV,2,speed-5|band1|scr20,-5.0,1.0,45000000.0,20.0,CA-G0,152,0,0,0,0,0,0,0,0,0,0
1512_14_rot2,1512_14,VV,2,speed5|band0.5|scr0,5.0,0.5,22500000.0,0.0,CA-G0,152,0,0,0,0,0,0,0,0,0,0
1512_14_rot2,1512_14,VV,2,speed5|band0.5|scr10,5.0,0.5,22500000.0,10.0,CA-G0,152,1,0,0,0,546,0,0,0,0,0
1512_14_rot2,1512_14,VV,2,speed5|band0.5|scr20,5.0,0.5,22500000.0,20.0,CA-G0,152,0,0,0,0,0,0,0,0,0,0
1512_14_rot2,1512_14,VV,2,speed5|band1|scr0,5.0,1.0,45000000.0,0.0,CA-G0,152,0,0,0,0,0,0,0,0,0,0
1512_14_rot2,1512_14,VV,2,speed5|band1|scr10,5.0,1.0,45000000.0,10.0,CA-G0,152,0,0,0,0,0,0,0,0,0,0
1512_14_rot2,1512_14,VV,2,speed5|band1|scr20,5.0,1.0,45000000.0,20.0,CA-G0,152,0,0,0,0,0,0,0,0,0,0
1512_14_rot2,1512_14,VV,2,speed15|band0.5|scr0,15.0,0.5,22500000.0,0.0,CA-G0,152,0,0,0,0,0,0,0,0,0,0
1512_14_rot2,1512_14,VV,2,speed15|band0.5|scr10,15.0,0.5,22500000.0,10.0,CA-G0,152,0,0,0,0,0,0,0,0,0,0
1512_14_rot2,1512_14,VV,2,speed15|band0.5|scr20,15.0,0.5,22500000.0,20.0,CA-G0,152,0,0,0,0,0,0,0,0,0,0
1512_14_rot2,1512_14,VV,2,speed15|band1|scr0,15.0,1.0,45000000.0,0.0,CA-G0,152,0,0,0,0,0,0,0,0,0,0
1512_14_rot2,1512_14,VV,2,speed15|band1|scr10,15.0,1.0,45000000.0,10.0,CA-G0,152,0,0,0,0,0,0,0,0,0,0
1512_14_rot2,1512_14,VV,2,speed15|band1|scr20,15.0,1.0,45000000.0,20.0,CA-G0,152,0,0,0,0,0,0,0,0,0,0
1512_14_rot2,1512_14,VV,2,speed-15|band0.5|scr0,-15.0,0.5,22500000.0,0.0,OS8-G0,152,0,0,0,0,0,0,0,0,0,0
1512_14_rot2,1512_14,VV,2,speed-15|band0.5|scr10,-15.0,0.5,22500000.0,10.0,OS8-G0,152,0,0,0,0,0,0,0,0,0,0
1512_14_rot2,1512_14,VV,2,speed-15|band0.5|scr20,-15.0,0.5,22500000.0,20.0,OS8-G0,152,0,0,0,0,0,0,0,0,0,0
1512_14_rot2,1512_14,VV,2,speed-15|band1|scr0,-15.0,1.0,45000000.0,0.0,OS8-G0,152,0,0,0,0,0,0,0,0,0,0
1512_14_rot2,1512_14,VV,2,speed-15|band1|scr10,-15.0,1.0,45000000.0,10.0,OS8-G0,152,0,0,0,0,0,0,0,0,0,0
1512_14_rot2,1512_14,VV,2,speed-15|band1|scr20,-15.0,1.0,45000000.0,20.0,OS8-G0,152,0,0,0,0,0,0,0,0,0,0
1512_14_rot2,1512_14,VV,2,speed-5|band0.5|scr0,-5.0,0.5,22500000.0,0.0,OS8-G0,152,0,0,0,0,0,0,0,0,0,0
1512_14_rot2,1512_14,VV,2,speed-5|band0.5|scr10,-5.0,0.5,22500000.0,10.0,OS8-G0,152,0,0,0,0,0,0,0,0,0,0
1512_14_rot2,1512_14,VV,2,speed-5|band0.5|scr20,-5.0,0.5,22500000.0,20.0,OS8-G0,152,0,0,0,0,0,0,0,0,0,0
1512_14_rot2,1512_14,VV,2,speed-5|band1|scr0,-5.0,1.0,45000000.0,0.0,OS8-G0,152,1,1,1,1,964,964,661,0,0,1
1512_14_rot2,1512_14,VV,2,speed-5|band1|scr10,-5.0,1.0,45000000.0,10.0,OS8-G0,152,0,0,0,0,0,0,0,0,0,0
1512_14_rot2,1512_14,VV,2,speed-5|band1|scr20,-5.0,1.0,45000000.0,20.0,OS8-G0,152,0,0,0,0,0,0,0,0,0,0
1512_14_rot2,1512_14,VV,2,speed5|band0.5|scr0,5.0,0.5,22500000.0,0.0,OS8-G0,152,0,0,0,0,0,0,0,0,0,0
1512_14_rot2,1512_14,VV,2,speed5|band0.5|scr10,5.0,0.5,22500000.0,10.0,OS8-G0,152,0,0,0,0,0,0,0,0,0,0
1512_14_rot2,1512_14,VV,2,speed5|band0.5|scr20,5.0,0.5,22500000.0,20.0,OS8-G0,152,0,0,0,0,0,0,0,0,0,0
1512_14_rot2,1512_14,VV,2,speed5|band1|scr0,5.0,1.0,45000000.0,0.0,OS8-G0,152,0,0,0,0,0,0,0,0,0,0
1512_14_rot2,1512_14,VV,2,speed5|band1|scr10,5.0,1.0,45000000.0,10.0,OS8-G0,152,0,0,0,0,0,0,0,0,0,0
1512_14_rot2,1512_14,VV,2,speed5|band1|scr20,5.0,1.0,45000000.0,20.0,OS8-G0,152,0,0,0,0,0,0,0,0,0,0
1512_14_rot2,1512_14,VV,2,speed15|band0.5|scr0,15.0,0.5,22500000.0,0.0,OS8-G0,152,0,0,0,0,0,0,0,0,0,0
1512_14_rot2,1512_14,VV,2,speed15|band0.5|scr10,15.0,0.5,22500000.0,10.0,OS8-G0,152,0,0,0,0,0,0,0,0,0,0
1512_14_rot2,1512_14,VV,2,speed15|band0.5|scr20,15.0,0.5,22500000.0,20.0,OS8-G0,152,0,0,0,0,0,0,0,0,0,0
1512_14_rot2,1512_14,VV,2,speed15|band1|scr0,15.0,1.0,45000000.0,0.0,OS8-G0,152,0,0,0,0,0,0,0,0,0,0
1512_14_rot2,1512_14,VV,2,speed15|band1|scr10,15.0,1.0,45000000.0,10.0,OS8-G0,152,0,0,0,0,0,0,0,0,0,0
1512_14_rot2,1512_14,VV,2,speed15|band1|scr20,15.0,1.0,45000000.0,20.0,OS8-G0,152,0,0,0,0,0,0,0,0,0,0
1512_14_rot2,1512_14,VV,2,speed-15|band0.5|scr0,-15.0,0.5,22500000.0,0.0,IN-G8,152,0,0,0,0,0,0,0,0,0,0
1512_14_rot2,1512_14,VV,2,speed-15|band0.5|scr10,-15.0,0.5,22500000.0,10.0,IN-G8,152,0,0,0,0,0,0,0,0,0,0
1512_14_rot2,1512_14,VV,2,speed-15|band0.5|scr20,-15.0,0.5,22500000.0,20.0,IN-G8,152,0,0,0,0,0,0,0,0,0,0
1512_14_rot2,1512_14,VV,2,speed-15|band1|scr0,-15.0,1.0,45000000.0,0.0,IN-G8,152,0,0,0,0,0,0,0,0,0,0
1512_14_rot2,1512_14,VV,2,speed-15|band1|scr10,-15.0,1.0,45000000.0,10.0,IN-G8,152,0,0,0,0,0,0,0,0,0,0
1512_14_rot2,1512_14,VV,2,speed-15|band1|scr20,-15.0,1.0,45000000.0,20.0,IN-G8,152,0,0,0,0,0,0,0,0,0,0
1512_14_rot2,1512_14,VV,2,speed-5|band0.5|scr0,-5.0,0.5,22500000.0,0.0,IN-G8,152,0,0,0,0,0,0,0,0,0,0
1512_14_rot2,1512_14,VV,2,speed-5|band0.5|scr10,-5.0,0.5,22500000.0,10.0,IN-G8,152,0,0,0,0,0,0,0,0,0,0
1512_14_rot2,1512_14,VV,2,speed-5|band0.5|scr20,-5.0,0.5,22500000.0,20.0,IN-G8,152,0,0,0,0,0,0,0,0,0,0
1512_14_rot2,1512_14,VV,2,speed-5|band1|scr0,-5.0,1.0,45000000.0,0.0,IN-G8,152,0,0,0,0,0,0,0,0,0,0
1512_14_rot2,1512_14,VV,2,speed-5|band1|scr10,-5.0,1.0,45000000.0,10.0,IN-G8,152,0,0,0,0,0,0,0,0,0,0
1512_14_rot2,1512_14,VV,2,speed-5|band1|scr20,-5.0,1.0,45000000.0,20.0,IN-G8,152,0,0,0,0,0,0,0,0,0,0
1512_14_rot2,1512_14,VV,2,speed5|band0.5|scr0,5.0,0.5,22500000.0,0.0,IN-G8,152,0,0,0,0,0,0,0,0,0,0
1512_14_rot2,1512_14,VV,2,speed5|band0.5|scr10,5.0,0.5,22500000.0,10.0,IN-G8,152,0,0,0,0,0,0,0,0,0,0
1512_14_rot2,1512_14,VV,2,speed5|band0.5|scr20,5.0,0.5,22500000.0,20.0,IN-G8,152,0,0,0,0,0,0,0,0,0,0
1512_14_rot2,1512_14,VV,2,speed5|band1|scr0,5.0,1.0,45000000.0,0.0,IN-G8,152,0,0,0,0,0,0,0,0,0,0
1512_14_rot2,1512_14,VV,2,speed5|band1|scr10,5.0,1.0,45000000.0,10.0,IN-G8,152,0,0,0,0,0,0,0,0,0,0
1512_14_rot2,1512_14,VV,2,speed5|band1|scr20,5.0,1.0,45000000.0,20.0,IN-G8,152,0,0,0,0,0,0,0,0,0,0
1512_14_rot2,1512_14,VV,2,speed15|band0.5|scr0,15.0,0.5,22500000.0,0.0,IN-G8,152,0,0,0,0,0,0,0,0,0,0
1512_14_rot2,1512_14,VV,2,speed15|band0.5|scr10,15.0,0.5,22500000.0,10.0,IN-G8,152,0,0,0,0,0,0,0,0,0,0
1512_14_rot2,1512_14,VV,2,speed15|band0.5|scr20,15.0,0.5,22500000.0,20.0,IN-G8,152,0,0,0,0,0,0,0,0,0,0
1512_14_rot2,1512_14,VV,2,speed15|band1|scr0,15.0,1.0,45000000.0,0.0,IN-G8,152,0,0,0,0,0,0,0,0,0,0
1512_14_rot2,1512_14,VV,2,speed15|band1|scr10,15.0,1.0,45000000.0,10.0,IN-G8,152,0,0,0,0,0,0,0,0,0,0
1512_14_rot2,1512_14,VV,2,speed15|band1|scr20,15.0,1.0,45000000.0,20.0,IN-G8,152,0,0,0,0,0,0,0,0,0,0
1512_14_rot2,1512_14,VV,2,speed-15|band0.5|scr0,-15.0,0.5,22500000.0,0.0,CA-G8,152,0,0,0,0,0,0,0,0,0,0
1512_14_rot2,1512_14,VV,2,speed-15|band0.5|scr10,-15.0,0.5,22500000.0,10.0,CA-G8,152,0,0,0,0,0,0,0,0,0,0
1512_14_rot2,1512_14,VV,2,speed-15|band0.5|scr20,-15.0,0.5,22500000.0,20.0,CA-G8,152,0,0,0,0,0,0,0,0,0,0
1512_14_rot2,1512_14,VV,2,speed-15|band1|scr0,-15.0,1.0,45000000.0,0.0,CA-G8,152,0,0,0,0,0,0,0,0,0,0
1512_14_rot2,1512_14,VV,2,speed-15|band1|scr10,-15.0,1.0,45000000.0,10.0,CA-G8,152,0,0,0,0,0,0,0,0,0,0
1512_14_rot2,1512_14,VV,2,speed-15|band1|scr20,-15.0,1.0,45000000.0,20.0,CA-G8,152,0,0,0,0,0,0,0,0,0,0
1512_14_rot2,1512_14,VV,2,speed-5|band0.5|scr0,-5.0,0.5,22500000.0,0.0,CA-G8,152,0,0,0,0,0,0,0,0,0,0
1512_14_rot2,1512_14,VV,2,speed-5|band0.5|scr10,-5.0,0.5,22500000.0,10.0,CA-G8,152,0,0,0,0,0,0,0,0,0,0
1512_14_rot2,1512_14,VV,2,speed-5|band0.5|scr20,-5.0,0.5,22500000.0,20.0,CA-G8,152,0,0,0,0,0,0,0,0,0,0
1512_14_rot2,1512_14,VV,2,speed-5|band1|scr0,-5.0,1.0,45000000.0,0.0,CA-G8,152,0,0,0,0,0,0,0,0,0,0
1512_14_rot2,1512_14,VV,2,speed-5|band1|scr10,-5.0,1.0,45000000.0,10.0,CA-G8,152,0,0,0,0,0,0,0,0,0,0
1512_14_rot2,1512_14,VV,2,speed-5|band1|scr20,-5.0,1.0,45000000.0,20.0,CA-G8,152,0,0,0,0,0,0,0,0,0,0
1512_14_rot2,1512_14,VV,2,speed5|band0.5|scr0,5.0,0.5,22500000.0,0.0,CA-G8,152,0,0,0,0,0,0,0,0,0,0
1512_14_rot2,1512_14,VV,2,speed5|band0.5|scr10,5.0,0.5,22500000.0,10.0,CA-G8,152,0,0,0,0,0,0,0,0,0,0
1512_14_rot2,1512_14,VV,2,speed5|band0.5|scr20,5.0,0.5,22500000.0,20.0,CA-G8,152,0,0,0,0,0,0,0,0,0,0
1512_14_rot2,1512_14,VV,2,speed5|band1|scr0,5.0,1.0,45000000.0,0.0,CA-G8,152,0,0,0,0,0,0,0,0,0,0
1512_14_rot2,1512_14,VV,2,speed5|band1|scr10,5.0,1.0,45000000.0,10.0,CA-G8,152,0,0,0,0,0,0,0,0,0,0
1512_14_rot2,1512_14,VV,2,speed5|band1|scr20,5.0,1.0,45000000.0,20.0,CA-G8,152,0,0,0,0,0,0,0,0,0,0
1512_14_rot2,1512_14,VV,2,speed15|band0.5|scr0,15.0,0.5,22500000.0,0.0,CA-G8,152,0,0,0,0,0,0,0,0,0,0
1512_14_rot2,1512_14,VV,2,speed15|band0.5|scr10,15.0,0.5,22500000.0,10.0,CA-G8,152,0,0,0,0,0,0,0,0,0,0
1512_14_rot2,1512_14,VV,2,speed15|band0.5|scr20,15.0,0.5,22500000.0,20.0,CA-G8,152,0,0,0,0,0,0,0,0,0,0
1512_14_rot2,1512_14,VV,2,speed15|band1|scr0,15.0,1.0,45000000.0,0.0,CA-G8,152,0,0,0,0,0,0,0,0,0,0
1512_14_rot2,1512_14,VV,2,speed15|band1|scr10,15.0,1.0,45000000.0,10.0,CA-G8,152,0,0,0,0,0,0,0,0,0,0
1512_14_rot2,1512_14,VV,2,speed15|band1|scr20,15.0,1.0,45000000.0,20.0,CA-G8,152,0,0,0,0,0,0,0,0,0,0
1512_14_rot2,1512_14,VV,2,speed-15|band0.5|scr0,-15.0,0.5,22500000.0,0.0,OS8-G8,152,0,0,0,0,0,0,0,0,0,0
1512_14_rot2,1512_14,VV,2,speed-15|band0.5|scr10,-15.0,0.5,22500000.0,10.0,OS8-G8,152,0,0,0,0,0,0,0,0,0,0
1512_14_rot2,1512_14,VV,2,speed-15|band0.5|scr20,-15.0,0.5,22500000.0,20.0,OS8-G8,152,0,0,0,0,0,0,0,0,0,0
1512_14_rot2,1512_14,VV,2,speed-15|band1|scr0,-15.0,1.0,45000000.0,0.0,OS8-G8,152,0,0,0,0,0,0,0,0,0,0
1512_14_rot2,1512_14,VV,2,speed-15|band1|scr10,-15.0,1.0,45000000.0,10.0,OS8-G8,152,0,0,0,0,0,0,0,0,0,0
1512_14_rot2,1512_14,VV,2,speed-15|band1|scr20,-15.0,1.0,45000000.0,20.0,OS8-G8,152,0,0,0,0,0,0,0,0,0,0
1512_14_rot2,1512_14,VV,2,speed-5|band0.5|scr0,-5.0,0.5,22500000.0,0.0,OS8-G8,152,0,0,0,0,0,0,0,0,0,0
1512_14_rot2,1512_14,VV,2,speed-5|band0.5|scr10,-5.0,0.5,22500000.0,10.0,OS8-G8,152,0,0,0,0,0,0,0,0,0,0
1512_14_rot2,1512_14,VV,2,speed-5|band0.5|scr20,-5.0,0.5,22500000.0,20.0,OS8-G8,152,0,0,0,0,0,0,0,0,0,0
1512_14_rot2,1512_14,VV,2,speed-5|band1|scr0,-5.0,1.0,45000000.0,0.0,OS8-G8,152,0,0,0,0,0,0,0,0,0,0
1512_14_rot2,1512_14,VV,2,speed-5|band1|scr10,-5.0,1.0,45000000.0,10.0,OS8-G8,152,0,0,0,0,0,0,0,0,0,0
1512_14_rot2,1512_14,VV,2,speed-5|band1|scr20,-5.0,1.0,45000000.0,20.0,OS8-G8,152,0,0,0,0,0,0,0,0,0,0
1512_14_rot2,1512_14,VV,2,speed5|band0.5|scr0,5.0,0.5,22500000.0,0.0,OS8-G8,152,0,0,0,0,0,0,0,0,0,0
1512_14_rot2,1512_14,VV,2,speed5|band0.5|scr10,5.0,0.5,22500000.0,10.0,OS8-G8,152,0,0,0,0,0,0,0,0,0,0
1512_14_rot2,1512_14,VV,2,speed5|band0.5|scr20,5.0,0.5,22500000.0,20.0,OS8-G8,152,0,0,0,0,0,0,0,0,0,0
1512_14_rot2,1512_14,VV,2,speed5|band1|scr0,5.0,1.0,45000000.0,0.0,OS8-G8,152,0,0,0,0,0,0,0,0,0,0
1512_14_rot2,1512_14,VV,2,speed5|band1|scr10,5.0,1.0,45000000.0,10.0,OS8-G8,152,0,0,0,0,0,0,0,0,0,0
1512_14_rot2,1512_14,VV,2,speed5|band1|scr20,5.0,1.0,45000000.0,20.0,OS8-G8,152,0,0,0,0,0,0,0,0,0,0
1512_14_rot2,1512_14,VV,2,speed15|band0.5|scr0,15.0,0.5,22500000.0,0.0,OS8-G8,152,0,0,0,0,0,0,0,0,0,0
1512_14_rot2,1512_14,VV,2,speed15|band0.5|scr10,15.0,0.5,22500000.0,10.0,OS8-G8,152,0,0,0,0,0,0,0,0,0,0
1512_14_rot2,1512_14,VV,2,speed15|band0.5|scr20,15.0,0.5,22500000.0,20.0,OS8-G8,152,0,0,0,0,0,0,0,0,0,0
1512_14_rot2,1512_14,VV,2,speed15|band1|scr0,15.0,1.0,45000000.0,0.0,OS8-G8,152,0,0,0,0,0,0,0,0,0,0
1512_14_rot2,1512_14,VV,2,speed15|band1|scr10,15.0,1.0,45000000.0,10.0,OS8-G8,152,0,0,0,0,0,0,0,0,0,0
1512_14_rot2,1512_14,VV,2,speed15|band1|scr20,15.0,1.0,45000000.0,20.0,OS8-G8,152,0,0,0,0,0,0,0,0,0,0
1512_14_rot2,1512_14,VV,2,speed-15|band0.5|scr0,-15.0,0.5,22500000.0,0.0,PAMF-H1-K8-G8,152,0,0,0,0,0,0,0,0,0,0
1512_14_rot2,1512_14,VV,2,speed-15|band0.5|scr10,-15.0,0.5,22500000.0,10.0,PAMF-H1-K8-G8,152,0,0,0,0,0,0,0,0,0,0
1512_14_rot2,1512_14,VV,2,speed-15|band0.5|scr20,-15.0,0.5,22500000.0,20.0,PAMF-H1-K8-G8,152,0,0,0,0,0,0,0,0,0,0
1512_14_rot2,1512_14,VV,2,speed-15|band1|scr0,-15.0,1.0,45000000.0,0.0,PAMF-H1-K8-G8,152,0,0,0,0,0,0,0,0,0,0
1512_14_rot2,1512_14,VV,2,speed-15|band1|scr10,-15.0,1.0,45000000.0,10.0,PAMF-H1-K8-G8,152,0,0,0,0,0,0,0,0,0,0
1512_14_rot2,1512_14,VV,2,speed-15|band1|scr20,-15.0,1.0,45000000.0,20.0,PAMF-H1-K8-G8,152,0,0,0,0,0,0,0,0,0,0
1512_14_rot2,1512_14,VV,2,speed-5|band0.5|scr0,-5.0,0.5,22500000.0,0.0,PAMF-H1-K8-G8,152,0,0,0,0,0,0,0,0,0,0
1512_14_rot2,1512_14,VV,2,speed-5|band0.5|scr10,-5.0,0.5,22500000.0,10.0,PAMF-H1-K8-G8,152,0,0,0,0,0,0,0,0,0,0
1512_14_rot2,1512_14,VV,2,speed-5|band0.5|scr20,-5.0,0.5,22500000.0,20.0,PAMF-H1-K8-G8,152,0,0,0,0,0,0,0,0,0,0
1512_14_rot2,1512_14,VV,2,speed-5|band1|scr0,-5.0,1.0,45000000.0,0.0,PAMF-H1-K8-G8,152,1,1,1,1,649,649,38,0,0,1
1512_14_rot2,1512_14,VV,2,speed-5|band1|scr10,-5.0,1.0,45000000.0,10.0,PAMF-H1-K8-G8,152,0,0,0,0,0,0,0,0,0,0
1512_14_rot2,1512_14,VV,2,speed-5|band1|scr20,-5.0,1.0,45000000.0,20.0,PAMF-H1-K8-G8,152,0,0,0,0,0,0,0,0,0,0
1512_14_rot2,1512_14,VV,2,speed5|band0.5|scr0,5.0,0.5,22500000.0,0.0,PAMF-H1-K8-G8,152,0,0,0,0,0,0,0,0,0,0
1512_14_rot2,1512_14,VV,2,speed5|band0.5|scr10,5.0,0.5,22500000.0,10.0,PAMF-H1-K8-G8,152,0,0,0,0,0,0,0,0,0,0
1512_14_rot2,1512_14,VV,2,speed5|band0.5|scr20,5.0,0.5,22500000.0,20.0,PAMF-H1-K8-G8,152,0,0,0,0,0,0,0,0,0,0
1512_14_rot2,1512_14,VV,2,speed5|band1|scr0,5.0,1.0,45000000.0,0.0,PAMF-H1-K8-G8,152,0,0,0,0,0,0,0,0,0,0
1512_14_rot2,1512_14,VV,2,speed5|band1|scr10,5.0,1.0,45000000.0,10.0,PAMF-H1-K8-G8,152,0,0,0,0,0,0,0,0,0,0
1512_14_rot2,1512_14,VV,2,speed5|band1|scr20,5.0,1.0,45000000.0,20.0,PAMF-H1-K8-G8,152,0,0,0,0,0,0,0,0,0,0
1512_14_rot2,1512_14,VV,2,speed15|band0.5|scr0,15.0,0.5,22500000.0,0.0,PAMF-H1-K8-G8,152,0,0,0,0,0,0,0,0,0,0
1512_14_rot2,1512_14,VV,2,speed15|band0.5|scr10,15.0,0.5,22500000.0,10.0,PAMF-H1-K8-G8,152,0,0,0,0,0,0,0,0,0,0
1512_14_rot2,1512_14,VV,2,speed15|band0.5|scr20,15.0,0.5,22500000.0,20.0,PAMF-H1-K8-G8,152,0,0,0,0,0,0,0,0,0,0
1512_14_rot2,1512_14,VV,2,speed15|band1|scr0,15.0,1.0,45000000.0,0.0,PAMF-H1-K8-G8,152,0,0,0,0,0,0,0,0,0,0
1512_14_rot2,1512_14,VV,2,speed15|band1|scr10,15.0,1.0,45000000.0,10.0,PAMF-H1-K8-G8,152,0,0,0,0,0,0,0,0,0,0
1512_14_rot2,1512_14,VV,2,speed15|band1|scr20,15.0,1.0,45000000.0,20.0,PAMF-H1-K8-G8,152,0,0,0,0,0,0,0,0,0,0
1512_14_rot2,1512_14,VV,2,speed-15|band0.5|scr0,-15.0,0.5,22500000.0,0.0,P-ANMF1-N16,152,7,6,6,6,2235,2105,-1366,5,0,1
1512_14_rot2,1512_14,VV,2,speed-15|band0.5|scr10,-15.0,0.5,22500000.0,10.0,P-ANMF1-N16,152,5,0,0,0,1681,0,0,0,0,0
1512_14_rot2,1512_14,VV,2,speed-15|band0.5|scr20,-15.0,0.5,22500000.0,20.0,P-ANMF1-N16,152,4,2,2,2,2399,1202,98,1,0,1
1512_14_rot2,1512_14,VV,2,speed-15|band1|scr0,-15.0,1.0,45000000.0,0.0,P-ANMF1-N16,152,5,2,2,2,3028,1526,943,0,0,2
1512_14_rot2,1512_14,VV,2,speed-15|band1|scr10,-15.0,1.0,45000000.0,10.0,P-ANMF1-N16,152,1,1,1,1,483,483,316,0,0,1
1512_14_rot2,1512_14,VV,2,speed-15|band1|scr20,-15.0,1.0,45000000.0,20.0,P-ANMF1-N16,152,2,0,0,0,994,0,0,0,0,0
1512_14_rot2,1512_14,VV,2,speed-5|band0.5|scr0,-5.0,0.5,22500000.0,0.0,P-ANMF1-N16,152,69,69,69,69,11456,11456,-23497,61,1,7
1512_14_rot2,1512_14,VV,2,speed-5|band0.5|scr10,-5.0,0.5,22500000.0,10.0,P-ANMF1-N16,152,143,143,143,143,6383,6383,-66359,141,0,2
1512_14_rot2,1512_14,VV,2,speed-5|band0.5|scr20,-5.0,0.5,22500000.0,20.0,P-ANMF1-N16,152,149,149,149,149,63,63,-75523,149,0,0
1512_14_rot2,1512_14,VV,2,speed-5|band1|scr0,-5.0,1.0,45000000.0,0.0,P-ANMF1-N16,152,68,68,68,68,21802,21802,-12715,60,1,7
1512_14_rot2,1512_14,VV,2,speed-5|band1|scr10,-5.0,1.0,45000000.0,10.0,P-ANMF1-N16,152,140,140,140,140,18343,18343,-52496,139,0,1
1512_14_rot2,1512_14,VV,2,speed-5|band1|scr20,-5.0,1.0,45000000.0,20.0,P-ANMF1-N16,152,149,149,149,146,2652,2677,-72909,149,0,0
1512_14_rot2,1512_14,VV,2,speed5|band0.5|scr0,5.0,0.5,22500000.0,0.0,P-ANMF1-N16,152,112,111,111,111,9297,8332,-48423,109,0,2
1512_14_rot2,1512_14,VV,2,speed5|band0.5|scr10,5.0,0.5,22500000.0,10.0,P-ANMF1-N16,152,148,148,148,148,1577,1577,-73160,148,0,0
1512_14_rot2,1512_14,VV,2,speed5|band0.5|scr20,5.0,0.5,22500000.0,20.0,P-ANMF1-N16,152,151,151,151,150,295,295,-76084,151,0,0
1512_14_rot2,1512_14,VV,2,speed5|band1|scr0,5.0,1.0,45000000.0,0.0,P-ANMF1-N16,152,112,110,110,109,25971,24625,-31327,107,0,3
1512_14_rot2,1512_14,VV,2,speed5|band1|scr10,5.0,1.0,45000000.0,10.0,P-ANMF1-N16,152,147,147,147,146,9767,9767,-64620,147,0,0
1512_14_rot2,1512_14,VV,2,speed5|band1|scr20,5.0,1.0,45000000.0,20.0,P-ANMF1-N16,152,151,151,151,147,1092,1114,-75265,151,0,0
1512_14_rot2,1512_14,VV,2,speed15|band0.5|scr0,15.0,0.5,22500000.0,0.0,P-ANMF1-N16,152,7,3,3,3,3415,589,-1227,3,0,0
1512_14_rot2,1512_14,VV,2,speed15|band0.5|scr10,15.0,0.5,22500000.0,10.0,P-ANMF1-N16,152,2,1,1,1,681,32,-250,1,0,0
1512_14_rot2,1512_14,VV,2,speed15|band0.5|scr20,15.0,0.5,22500000.0,20.0,P-ANMF1-N16,152,1,0,0,0,182,0,0,0,0,0
1512_14_rot2,1512_14,VV,2,speed15|band1|scr0,15.0,1.0,45000000.0,0.0,P-ANMF1-N16,152,6,2,2,2,4369,1193,-202,1,0,1
1512_14_rot2,1512_14,VV,2,speed15|band1|scr10,15.0,1.0,45000000.0,10.0,P-ANMF1-N16,152,1,1,1,1,1018,1018,394,0,0,1
1512_14_rot2,1512_14,VV,2,speed15|band1|scr20,15.0,1.0,45000000.0,20.0,P-ANMF1-N16,152,2,0,0,0,423,0,0,0,0,0
1512_14_rot3,1512_14,VV,3,speed-15|band0.5|scr0,-15.0,0.5,22500000.0,0.0,IN-G0,152,0,0,0,0,0,0,0,0,0,0
1512_14_rot3,1512_14,VV,3,speed-15|band0.5|scr10,-15.0,0.5,22500000.0,10.0,IN-G0,152,0,0,0,0,0,0,0,0,0,0
1512_14_rot3,1512_14,VV,3,speed-15|band0.5|scr20,-15.0,0.5,22500000.0,20.0,IN-G0,152,0,0,0,0,0,0,0,0,0,0
1512_14_rot3,1512_14,VV,3,speed-15|band1|scr0,-15.0,1.0,45000000.0,0.0,IN-G0,152,0,0,0,0,0,0,0,0,0,0
1512_14_rot3,1512_14,VV,3,speed-15|band1|scr10,-15.0,1.0,45000000.0,10.0,IN-G0,152,0,0,0,0,0,0,0,0,0,0
1512_14_rot3,1512_14,VV,3,speed-15|band1|scr20,-15.0,1.0,45000000.0,20.0,IN-G0,152,0,0,0,0,0,0,0,0,0,0
1512_14_rot3,1512_14,VV,3,speed-5|band0.5|scr0,-5.0,0.5,22500000.0,0.0,IN-G0,152,0,0,0,0,0,0,0,0,0,0
1512_14_rot3,1512_14,VV,3,speed-5|band0.5|scr10,-5.0,0.5,22500000.0,10.0,IN-G0,152,0,0,0,0,0,0,0,0,0,0
1512_14_rot3,1512_14,VV,3,speed-5|band0.5|scr20,-5.0,0.5,22500000.0,20.0,IN-G0,152,0,0,0,0,0,0,0,0,0,0
1512_14_rot3,1512_14,VV,3,speed-5|band1|scr0,-5.0,1.0,45000000.0,0.0,IN-G0,152,1,0,0,0,674,0,0,0,0,0
1512_14_rot3,1512_14,VV,3,speed-5|band1|scr10,-5.0,1.0,45000000.0,10.0,IN-G0,152,0,0,0,0,0,0,0,0,0,0
1512_14_rot3,1512_14,VV,3,speed-5|band1|scr20,-5.0,1.0,45000000.0,20.0,IN-G0,152,0,0,0,0,0,0,0,0,0,0
1512_14_rot3,1512_14,VV,3,speed5|band0.5|scr0,5.0,0.5,22500000.0,0.0,IN-G0,152,0,0,0,0,0,0,0,0,0,0
1512_14_rot3,1512_14,VV,3,speed5|band0.5|scr10,5.0,0.5,22500000.0,10.0,IN-G0,152,0,0,0,0,0,0,0,0,0,0
1512_14_rot3,1512_14,VV,3,speed5|band0.5|scr20,5.0,0.5,22500000.0,20.0,IN-G0,152,0,0,0,0,0,0,0,0,0,0
1512_14_rot3,1512_14,VV,3,speed5|band1|scr0,5.0,1.0,45000000.0,0.0,IN-G0,152,0,0,0,0,0,0,0,0,0,0
1512_14_rot3,1512_14,VV,3,speed5|band1|scr10,5.0,1.0,45000000.0,10.0,IN-G0,152,0,0,0,0,0,0,0,0,0,0
1512_14_rot3,1512_14,VV,3,speed5|band1|scr20,5.0,1.0,45000000.0,20.0,IN-G0,152,0,0,0,0,0,0,0,0,0,0
1512_14_rot3,1512_14,VV,3,speed15|band0.5|scr0,15.0,0.5,22500000.0,0.0,IN-G0,152,0,0,0,0,0,0,0,0,0,0
1512_14_rot3,1512_14,VV,3,speed15|band0.5|scr10,15.0,0.5,22500000.0,10.0,IN-G0,152,0,0,0,0,0,0,0,0,0,0
1512_14_rot3,1512_14,VV,3,speed15|band0.5|scr20,15.0,0.5,22500000.0,20.0,IN-G0,152,0,0,0,0,0,0,0,0,0,0
1512_14_rot3,1512_14,VV,3,speed15|band1|scr0,15.0,1.0,45000000.0,0.0,IN-G0,152,0,0,0,0,0,0,0,0,0,0
1512_14_rot3,1512_14,VV,3,speed15|band1|scr10,15.0,1.0,45000000.0,10.0,IN-G0,152,0,0,0,0,0,0,0,0,0,0
1512_14_rot3,1512_14,VV,3,speed15|band1|scr20,15.0,1.0,45000000.0,20.0,IN-G0,152,0,0,0,0,0,0,0,0,0,0
1512_14_rot3,1512_14,VV,3,speed-15|band0.5|scr0,-15.0,0.5,22500000.0,0.0,CA-G0,152,0,0,0,0,0,0,0,0,0,0
1512_14_rot3,1512_14,VV,3,speed-15|band0.5|scr10,-15.0,0.5,22500000.0,10.0,CA-G0,152,0,0,0,0,0,0,0,0,0,0
1512_14_rot3,1512_14,VV,3,speed-15|band0.5|scr20,-15.0,0.5,22500000.0,20.0,CA-G0,152,1,0,0,0,417,0,0,0,0,0
1512_14_rot3,1512_14,VV,3,speed-15|band1|scr0,-15.0,1.0,45000000.0,0.0,CA-G0,152,0,0,0,0,0,0,0,0,0,0
1512_14_rot3,1512_14,VV,3,speed-15|band1|scr10,-15.0,1.0,45000000.0,10.0,CA-G0,152,0,0,0,0,0,0,0,0,0,0
1512_14_rot3,1512_14,VV,3,speed-15|band1|scr20,-15.0,1.0,45000000.0,20.0,CA-G0,152,1,0,0,0,417,0,0,0,0,0
1512_14_rot3,1512_14,VV,3,speed-5|band0.5|scr0,-5.0,0.5,22500000.0,0.0,CA-G0,152,0,0,0,0,0,0,0,0,0,0
1512_14_rot3,1512_14,VV,3,speed-5|band0.5|scr10,-5.0,0.5,22500000.0,10.0,CA-G0,152,0,0,0,0,0,0,0,0,0,0
1512_14_rot3,1512_14,VV,3,speed-5|band0.5|scr20,-5.0,0.5,22500000.0,20.0,CA-G0,152,0,0,0,0,0,0,0,0,0,0
1512_14_rot3,1512_14,VV,3,speed-5|band1|scr0,-5.0,1.0,45000000.0,0.0,CA-G0,152,1,1,1,1,308,308,-142,1,0,0
1512_14_rot3,1512_14,VV,3,speed-5|band1|scr10,-5.0,1.0,45000000.0,10.0,CA-G0,152,0,0,0,0,0,0,0,0,0,0
1512_14_rot3,1512_14,VV,3,speed-5|band1|scr20,-5.0,1.0,45000000.0,20.0,CA-G0,152,0,0,0,0,0,0,0,0,0,0
1512_14_rot3,1512_14,VV,3,speed5|band0.5|scr0,5.0,0.5,22500000.0,0.0,CA-G0,152,0,0,0,0,0,0,0,0,0,0
1512_14_rot3,1512_14,VV,3,speed5|band0.5|scr10,5.0,0.5,22500000.0,10.0,CA-G0,152,0,0,0,0,0,0,0,0,0,0
1512_14_rot3,1512_14,VV,3,speed5|band0.5|scr20,5.0,0.5,22500000.0,20.0,CA-G0,152,0,0,0,0,0,0,0,0,0,0
1512_14_rot3,1512_14,VV,3,speed5|band1|scr0,5.0,1.0,45000000.0,0.0,CA-G0,152,0,0,0,0,0,0,0,0,0,0
1512_14_rot3,1512_14,VV,3,speed5|band1|scr10,5.0,1.0,45000000.0,10.0,CA-G0,152,0,0,0,0,0,0,0,0,0,0
1512_14_rot3,1512_14,VV,3,speed5|band1|scr20,5.0,1.0,45000000.0,20.0,CA-G0,152,0,0,0,0,0,0,0,0,0,0
1512_14_rot3,1512_14,VV,3,speed15|band0.5|scr0,15.0,0.5,22500000.0,0.0,CA-G0,152,0,0,0,0,0,0,0,0,0,0
1512_14_rot3,1512_14,VV,3,speed15|band0.5|scr10,15.0,0.5,22500000.0,10.0,CA-G0,152,0,0,0,0,0,0,0,0,0,0
1512_14_rot3,1512_14,VV,3,speed15|band0.5|scr20,15.0,0.5,22500000.0,20.0,CA-G0,152,0,0,0,0,0,0,0,0,0,0
1512_14_rot3,1512_14,VV,3,speed15|band1|scr0,15.0,1.0,45000000.0,0.0,CA-G0,152,0,0,0,0,0,0,0,0,0,0
1512_14_rot3,1512_14,VV,3,speed15|band1|scr10,15.0,1.0,45000000.0,10.0,CA-G0,152,0,0,0,0,0,0,0,0,0,0
1512_14_rot3,1512_14,VV,3,speed15|band1|scr20,15.0,1.0,45000000.0,20.0,CA-G0,152,0,0,0,0,0,0,0,0,0,0
1512_14_rot3,1512_14,VV,3,speed-15|band0.5|scr0,-15.0,0.5,22500000.0,0.0,OS8-G0,152,0,0,0,0,0,0,0,0,0,0
1512_14_rot3,1512_14,VV,3,speed-15|band0.5|scr10,-15.0,0.5,22500000.0,10.0,OS8-G0,152,0,0,0,0,0,0,0,0,0,0
1512_14_rot3,1512_14,VV,3,speed-15|band0.5|scr20,-15.0,0.5,22500000.0,20.0,OS8-G0,152,0,0,0,0,0,0,0,0,0,0
1512_14_rot3,1512_14,VV,3,speed-15|band1|scr0,-15.0,1.0,45000000.0,0.0,OS8-G0,152,0,0,0,0,0,0,0,0,0,0
1512_14_rot3,1512_14,VV,3,speed-15|band1|scr10,-15.0,1.0,45000000.0,10.0,OS8-G0,152,0,0,0,0,0,0,0,0,0,0
1512_14_rot3,1512_14,VV,3,speed-15|band1|scr20,-15.0,1.0,45000000.0,20.0,OS8-G0,152,1,0,0,0,921,0,0,0,0,0
1512_14_rot3,1512_14,VV,3,speed-5|band0.5|scr0,-5.0,0.5,22500000.0,0.0,OS8-G0,152,0,0,0,0,0,0,0,0,0,0
1512_14_rot3,1512_14,VV,3,speed-5|band0.5|scr10,-5.0,0.5,22500000.0,10.0,OS8-G0,152,0,0,0,0,0,0,0,0,0,0
1512_14_rot3,1512_14,VV,3,speed-5|band0.5|scr20,-5.0,0.5,22500000.0,20.0,OS8-G0,152,0,0,0,0,0,0,0,0,0,0
1512_14_rot3,1512_14,VV,3,speed-5|band1|scr0,-5.0,1.0,45000000.0,0.0,OS8-G0,152,0,0,0,0,0,0,0,0,0,0
1512_14_rot3,1512_14,VV,3,speed-5|band1|scr10,-5.0,1.0,45000000.0,10.0,OS8-G0,152,1,0,0,0,123,0,0,0,0,0
1512_14_rot3,1512_14,VV,3,speed-5|band1|scr20,-5.0,1.0,45000000.0,20.0,OS8-G0,152,1,0,0,0,228,0,0,0,0,0
1512_14_rot3,1512_14,VV,3,speed5|band0.5|scr0,5.0,0.5,22500000.0,0.0,OS8-G0,152,0,0,0,0,0,0,0,0,0,0
1512_14_rot3,1512_14,VV,3,speed5|band0.5|scr10,5.0,0.5,22500000.0,10.0,OS8-G0,152,0,0,0,0,0,0,0,0,0,0
1512_14_rot3,1512_14,VV,3,speed5|band0.5|scr20,5.0,0.5,22500000.0,20.0,OS8-G0,152,0,0,0,0,0,0,0,0,0,0
1512_14_rot3,1512_14,VV,3,speed5|band1|scr0,5.0,1.0,45000000.0,0.0,OS8-G0,152,0,0,0,0,0,0,0,0,0,0
1512_14_rot3,1512_14,VV,3,speed5|band1|scr10,5.0,1.0,45000000.0,10.0,OS8-G0,152,0,0,0,0,0,0,0,0,0,0
1512_14_rot3,1512_14,VV,3,speed5|band1|scr20,5.0,1.0,45000000.0,20.0,OS8-G0,152,0,0,0,0,0,0,0,0,0,0
1512_14_rot3,1512_14,VV,3,speed15|band0.5|scr0,15.0,0.5,22500000.0,0.0,OS8-G0,152,0,0,0,0,0,0,0,0,0,0
1512_14_rot3,1512_14,VV,3,speed15|band0.5|scr10,15.0,0.5,22500000.0,10.0,OS8-G0,152,0,0,0,0,0,0,0,0,0,0
1512_14_rot3,1512_14,VV,3,speed15|band0.5|scr20,15.0,0.5,22500000.0,20.0,OS8-G0,152,0,0,0,0,0,0,0,0,0,0
1512_14_rot3,1512_14,VV,3,speed15|band1|scr0,15.0,1.0,45000000.0,0.0,OS8-G0,152,0,0,0,0,0,0,0,0,0,0
1512_14_rot3,1512_14,VV,3,speed15|band1|scr10,15.0,1.0,45000000.0,10.0,OS8-G0,152,0,0,0,0,0,0,0,0,0,0
1512_14_rot3,1512_14,VV,3,speed15|band1|scr20,15.0,1.0,45000000.0,20.0,OS8-G0,152,0,0,0,0,0,0,0,0,0,0
1512_14_rot3,1512_14,VV,3,speed-15|band0.5|scr0,-15.0,0.5,22500000.0,0.0,IN-G8,152,0,0,0,0,0,0,0,0,0,0
1512_14_rot3,1512_14,VV,3,speed-15|band0.5|scr10,-15.0,0.5,22500000.0,10.0,IN-G8,152,0,0,0,0,0,0,0,0,0,0
1512_14_rot3,1512_14,VV,3,speed-15|band0.5|scr20,-15.0,0.5,22500000.0,20.0,IN-G8,152,0,0,0,0,0,0,0,0,0,0
1512_14_rot3,1512_14,VV,3,speed-15|band1|scr0,-15.0,1.0,45000000.0,0.0,IN-G8,152,0,0,0,0,0,0,0,0,0,0
1512_14_rot3,1512_14,VV,3,speed-15|band1|scr10,-15.0,1.0,45000000.0,10.0,IN-G8,152,0,0,0,0,0,0,0,0,0,0
1512_14_rot3,1512_14,VV,3,speed-15|band1|scr20,-15.0,1.0,45000000.0,20.0,IN-G8,152,0,0,0,0,0,0,0,0,0,0
1512_14_rot3,1512_14,VV,3,speed-5|band0.5|scr0,-5.0,0.5,22500000.0,0.0,IN-G8,152,0,0,0,0,0,0,0,0,0,0
1512_14_rot3,1512_14,VV,3,speed-5|band0.5|scr10,-5.0,0.5,22500000.0,10.0,IN-G8,152,0,0,0,0,0,0,0,0,0,0
1512_14_rot3,1512_14,VV,3,speed-5|band0.5|scr20,-5.0,0.5,22500000.0,20.0,IN-G8,152,1,0,0,0,7,0,0,0,0,0
1512_14_rot3,1512_14,VV,3,speed-5|band1|scr0,-5.0,1.0,45000000.0,0.0,IN-G8,152,0,0,0,0,0,0,0,0,0,0
1512_14_rot3,1512_14,VV,3,speed-5|band1|scr10,-5.0,1.0,45000000.0,10.0,IN-G8,152,0,0,0,0,0,0,0,0,0,0
1512_14_rot3,1512_14,VV,3,speed-5|band1|scr20,-5.0,1.0,45000000.0,20.0,IN-G8,152,0,0,0,0,0,0,0,0,0,0
1512_14_rot3,1512_14,VV,3,speed5|band0.5|scr0,5.0,0.5,22500000.0,0.0,IN-G8,152,0,0,0,0,0,0,0,0,0,0
1512_14_rot3,1512_14,VV,3,speed5|band0.5|scr10,5.0,0.5,22500000.0,10.0,IN-G8,152,0,0,0,0,0,0,0,0,0,0
1512_14_rot3,1512_14,VV,3,speed5|band0.5|scr20,5.0,0.5,22500000.0,20.0,IN-G8,152,0,0,0,0,0,0,0,0,0,0
1512_14_rot3,1512_14,VV,3,speed5|band1|scr0,5.0,1.0,45000000.0,0.0,IN-G8,152,0,0,0,0,0,0,0,0,0,0
1512_14_rot3,1512_14,VV,3,speed5|band1|scr10,5.0,1.0,45000000.0,10.0,IN-G8,152,0,0,0,0,0,0,0,0,0,0
1512_14_rot3,1512_14,VV,3,speed5|band1|scr20,5.0,1.0,45000000.0,20.0,IN-G8,152,0,0,0,0,0,0,0,0,0,0
1512_14_rot3,1512_14,VV,3,speed15|band0.5|scr0,15.0,0.5,22500000.0,0.0,IN-G8,152,0,0,0,0,0,0,0,0,0,0
1512_14_rot3,1512_14,VV,3,speed15|band0.5|scr10,15.0,0.5,22500000.0,10.0,IN-G8,152,0,0,0,0,0,0,0,0,0,0
1512_14_rot3,1512_14,VV,3,speed15|band0.5|scr20,15.0,0.5,22500000.0,20.0,IN-G8,152,0,0,0,0,0,0,0,0,0,0
1512_14_rot3,1512_14,VV,3,speed15|band1|scr0,15.0,1.0,45000000.0,0.0,IN-G8,152,0,0,0,0,0,0,0,0,0,0
1512_14_rot3,1512_14,VV,3,speed15|band1|scr10,15.0,1.0,45000000.0,10.0,IN-G8,152,0,0,0,0,0,0,0,0,0,0
1512_14_rot3,1512_14,VV,3,speed15|band1|scr20,15.0,1.0,45000000.0,20.0,IN-G8,152,0,0,0,0,0,0,0,0,0,0
1512_14_rot3,1512_14,VV,3,speed-15|band0.5|scr0,-15.0,0.5,22500000.0,0.0,CA-G8,152,0,0,0,0,0,0,0,0,0,0
1512_14_rot3,1512_14,VV,3,speed-15|band0.5|scr10,-15.0,0.5,22500000.0,10.0,CA-G8,152,0,0,0,0,0,0,0,0,0,0
1512_14_rot3,1512_14,VV,3,speed-15|band0.5|scr20,-15.0,0.5,22500000.0,20.0,CA-G8,152,0,0,0,0,0,0,0,0,0,0
1512_14_rot3,1512_14,VV,3,speed-15|band1|scr0,-15.0,1.0,45000000.0,0.0,CA-G8,152,0,0,0,0,0,0,0,0,0,0
1512_14_rot3,1512_14,VV,3,speed-15|band1|scr10,-15.0,1.0,45000000.0,10.0,CA-G8,152,0,0,0,0,0,0,0,0,0,0
1512_14_rot3,1512_14,VV,3,speed-15|band1|scr20,-15.0,1.0,45000000.0,20.0,CA-G8,152,0,0,0,0,0,0,0,0,0,0
1512_14_rot3,1512_14,VV,3,speed-5|band0.5|scr0,-5.0,0.5,22500000.0,0.0,CA-G8,152,0,0,0,0,0,0,0,0,0,0
1512_14_rot3,1512_14,VV,3,speed-5|band0.5|scr10,-5.0,0.5,22500000.0,10.0,CA-G8,152,0,0,0,0,0,0,0,0,0,0
1512_14_rot3,1512_14,VV,3,speed-5|band0.5|scr20,-5.0,0.5,22500000.0,20.0,CA-G8,152,0,0,0,0,0,0,0,0,0,0
1512_14_rot3,1512_14,VV,3,speed-5|band1|scr0,-5.0,1.0,45000000.0,0.0,CA-G8,152,0,0,0,0,0,0,0,0,0,0
1512_14_rot3,1512_14,VV,3,speed-5|band1|scr10,-5.0,1.0,45000000.0,10.0,CA-G8,152,0,0,0,0,0,0,0,0,0,0
1512_14_rot3,1512_14,VV,3,speed-5|band1|scr20,-5.0,1.0,45000000.0,20.0,CA-G8,152,0,0,0,0,0,0,0,0,0,0
1512_14_rot3,1512_14,VV,3,speed5|band0.5|scr0,5.0,0.5,22500000.0,0.0,CA-G8,152,0,0,0,0,0,0,0,0,0,0
1512_14_rot3,1512_14,VV,3,speed5|band0.5|scr10,5.0,0.5,22500000.0,10.0,CA-G8,152,0,0,0,0,0,0,0,0,0,0
1512_14_rot3,1512_14,VV,3,speed5|band0.5|scr20,5.0,0.5,22500000.0,20.0,CA-G8,152,0,0,0,0,0,0,0,0,0,0
1512_14_rot3,1512_14,VV,3,speed5|band1|scr0,5.0,1.0,45000000.0,0.0,CA-G8,152,0,0,0,0,0,0,0,0,0,0
1512_14_rot3,1512_14,VV,3,speed5|band1|scr10,5.0,1.0,45000000.0,10.0,CA-G8,152,0,0,0,0,0,0,0,0,0,0
1512_14_rot3,1512_14,VV,3,speed5|band1|scr20,5.0,1.0,45000000.0,20.0,CA-G8,152,0,0,0,0,0,0,0,0,0,0
1512_14_rot3,1512_14,VV,3,speed15|band0.5|scr0,15.0,0.5,22500000.0,0.0,CA-G8,152,0,0,0,0,0,0,0,0,0,0
1512_14_rot3,1512_14,VV,3,speed15|band0.5|scr10,15.0,0.5,22500000.0,10.0,CA-G8,152,0,0,0,0,0,0,0,0,0,0
1512_14_rot3,1512_14,VV,3,speed15|band0.5|scr20,15.0,0.5,22500000.0,20.0,CA-G8,152,0,0,0,0,0,0,0,0,0,0
1512_14_rot3,1512_14,VV,3,speed15|band1|scr0,15.0,1.0,45000000.0,0.0,CA-G8,152,0,0,0,0,0,0,0,0,0,0
1512_14_rot3,1512_14,VV,3,speed15|band1|scr10,15.0,1.0,45000000.0,10.0,CA-G8,152,0,0,0,0,0,0,0,0,0,0
1512_14_rot3,1512_14,VV,3,speed15|band1|scr20,15.0,1.0,45000000.0,20.0,CA-G8,152,0,0,0,0,0,0,0,0,0,0
1512_14_rot3,1512_14,VV,3,speed-15|band0.5|scr0,-15.0,0.5,22500000.0,0.0,OS8-G8,152,0,0,0,0,0,0,0,0,0,0
1512_14_rot3,1512_14,VV,3,speed-15|band0.5|scr10,-15.0,0.5,22500000.0,10.0,OS8-G8,152,0,0,0,0,0,0,0,0,0,0
1512_14_rot3,1512_14,VV,3,speed-15|band0.5|scr20,-15.0,0.5,22500000.0,20.0,OS8-G8,152,0,0,0,0,0,0,0,0,0,0
1512_14_rot3,1512_14,VV,3,speed-15|band1|scr0,-15.0,1.0,45000000.0,0.0,OS8-G8,152,0,0,0,0,0,0,0,0,0,0
1512_14_rot3,1512_14,VV,3,speed-15|band1|scr10,-15.0,1.0,45000000.0,10.0,OS8-G8,152,0,0,0,0,0,0,0,0,0,0
1512_14_rot3,1512_14,VV,3,speed-15|band1|scr20,-15.0,1.0,45000000.0,20.0,OS8-G8,152,1,0,0,0,930,0,0,0,0,0
1512_14_rot3,1512_14,VV,3,speed-5|band0.5|scr0,-5.0,0.5,22500000.0,0.0,OS8-G8,152,0,0,0,0,0,0,0,0,0,0
1512_14_rot3,1512_14,VV,3,speed-5|band0.5|scr10,-5.0,0.5,22500000.0,10.0,OS8-G8,152,0,0,0,0,0,0,0,0,0,0
1512_14_rot3,1512_14,VV,3,speed-5|band0.5|scr20,-5.0,0.5,22500000.0,20.0,OS8-G8,152,0,0,0,0,0,0,0,0,0,0
1512_14_rot3,1512_14,VV,3,speed-5|band1|scr0,-5.0,1.0,45000000.0,0.0,OS8-G8,152,0,0,0,0,0,0,0,0,0,0
1512_14_rot3,1512_14,VV,3,speed-5|band1|scr10,-5.0,1.0,45000000.0,10.0,OS8-G8,152,1,0,0,0,129,0,0,0,0,0
1512_14_rot3,1512_14,VV,3,speed-5|band1|scr20,-5.0,1.0,45000000.0,20.0,OS8-G8,152,0,0,0,0,0,0,0,0,0,0
1512_14_rot3,1512_14,VV,3,speed5|band0.5|scr0,5.0,0.5,22500000.0,0.0,OS8-G8,152,0,0,0,0,0,0,0,0,0,0
1512_14_rot3,1512_14,VV,3,speed5|band0.5|scr10,5.0,0.5,22500000.0,10.0,OS8-G8,152,0,0,0,0,0,0,0,0,0,0
1512_14_rot3,1512_14,VV,3,speed5|band0.5|scr20,5.0,0.5,22500000.0,20.0,OS8-G8,152,0,0,0,0,0,0,0,0,0,0
1512_14_rot3,1512_14,VV,3,speed5|band1|scr0,5.0,1.0,45000000.0,0.0,OS8-G8,152,0,0,0,0,0,0,0,0,0,0
1512_14_rot3,1512_14,VV,3,speed5|band1|scr10,5.0,1.0,45000000.0,10.0,OS8-G8,152,0,0,0,0,0,0,0,0,0,0
1512_14_rot3,1512_14,VV,3,speed5|band1|scr20,5.0,1.0,45000000.0,20.0,OS8-G8,152,0,0,0,0,0,0,0,0,0,0
1512_14_rot3,1512_14,VV,3,speed15|band0.5|scr0,15.0,0.5,22500000.0,0.0,OS8-G8,152,0,0,0,0,0,0,0,0,0,0
1512_14_rot3,1512_14,VV,3,speed15|band0.5|scr10,15.0,0.5,22500000.0,10.0,OS8-G8,152,0,0,0,0,0,0,0,0,0,0
1512_14_rot3,1512_14,VV,3,speed15|band0.5|scr20,15.0,0.5,22500000.0,20.0,OS8-G8,152,0,0,0,0,0,0,0,0,0,0
1512_14_rot3,1512_14,VV,3,speed15|band1|scr0,15.0,1.0,45000000.0,0.0,OS8-G8,152,0,0,0,0,0,0,0,0,0,0
1512_14_rot3,1512_14,VV,3,speed15|band1|scr10,15.0,1.0,45000000.0,10.0,OS8-G8,152,0,0,0,0,0,0,0,0,0,0
1512_14_rot3,1512_14,VV,3,speed15|band1|scr20,15.0,1.0,45000000.0,20.0,OS8-G8,152,0,0,0,0,0,0,0,0,0,0
1512_14_rot3,1512_14,VV,3,speed-15|band0.5|scr0,-15.0,0.5,22500000.0,0.0,PAMF-H1-K8-G8,152,0,0,0,0,0,0,0,0,0,0
1512_14_rot3,1512_14,VV,3,speed-15|band0.5|scr10,-15.0,0.5,22500000.0,10.0,PAMF-H1-K8-G8,152,0,0,0,0,0,0,0,0,0,0
1512_14_rot3,1512_14,VV,3,speed-15|band0.5|scr20,-15.0,0.5,22500000.0,20.0,PAMF-H1-K8-G8,152,0,0,0,0,0,0,0,0,0,0
1512_14_rot3,1512_14,VV,3,speed-15|band1|scr0,-15.0,1.0,45000000.0,0.0,PAMF-H1-K8-G8,152,0,0,0,0,0,0,0,0,0,0
1512_14_rot3,1512_14,VV,3,speed-15|band1|scr10,-15.0,1.0,45000000.0,10.0,PAMF-H1-K8-G8,152,0,0,0,0,0,0,0,0,0,0
1512_14_rot3,1512_14,VV,3,speed-15|band1|scr20,-15.0,1.0,45000000.0,20.0,PAMF-H1-K8-G8,152,1,1,1,1,289,289,-597,1,0,0
1512_14_rot3,1512_14,VV,3,speed-5|band0.5|scr0,-5.0,0.5,22500000.0,0.0,PAMF-H1-K8-G8,152,0,0,0,0,0,0,0,0,0,0
1512_14_rot3,1512_14,VV,3,speed-5|band0.5|scr10,-5.0,0.5,22500000.0,10.0,PAMF-H1-K8-G8,152,0,0,0,0,0,0,0,0,0,0
1512_14_rot3,1512_14,VV,3,speed-5|band0.5|scr20,-5.0,0.5,22500000.0,20.0,PAMF-H1-K8-G8,152,1,0,0,0,12,0,0,0,0,0
1512_14_rot3,1512_14,VV,3,speed-5|band1|scr0,-5.0,1.0,45000000.0,0.0,PAMF-H1-K8-G8,152,0,0,0,0,0,0,0,0,0,0
1512_14_rot3,1512_14,VV,3,speed-5|band1|scr10,-5.0,1.0,45000000.0,10.0,PAMF-H1-K8-G8,152,0,0,0,0,0,0,0,0,0,0
1512_14_rot3,1512_14,VV,3,speed-5|band1|scr20,-5.0,1.0,45000000.0,20.0,PAMF-H1-K8-G8,152,0,0,0,0,0,0,0,0,0,0
1512_14_rot3,1512_14,VV,3,speed5|band0.5|scr0,5.0,0.5,22500000.0,0.0,PAMF-H1-K8-G8,152,0,0,0,0,0,0,0,0,0,0
1512_14_rot3,1512_14,VV,3,speed5|band0.5|scr10,5.0,0.5,22500000.0,10.0,PAMF-H1-K8-G8,152,0,0,0,0,0,0,0,0,0,0
1512_14_rot3,1512_14,VV,3,speed5|band0.5|scr20,5.0,0.5,22500000.0,20.0,PAMF-H1-K8-G8,152,0,0,0,0,0,0,0,0,0,0
1512_14_rot3,1512_14,VV,3,speed5|band1|scr0,5.0,1.0,45000000.0,0.0,PAMF-H1-K8-G8,152,0,0,0,0,0,0,0,0,0,0
1512_14_rot3,1512_14,VV,3,speed5|band1|scr10,5.0,1.0,45000000.0,10.0,PAMF-H1-K8-G8,152,0,0,0,0,0,0,0,0,0,0
1512_14_rot3,1512_14,VV,3,speed5|band1|scr20,5.0,1.0,45000000.0,20.0,PAMF-H1-K8-G8,152,0,0,0,0,0,0,0,0,0,0
1512_14_rot3,1512_14,VV,3,speed15|band0.5|scr0,15.0,0.5,22500000.0,0.0,PAMF-H1-K8-G8,152,0,0,0,0,0,0,0,0,0,0
1512_14_rot3,1512_14,VV,3,speed15|band0.5|scr10,15.0,0.5,22500000.0,10.0,PAMF-H1-K8-G8,152,0,0,0,0,0,0,0,0,0,0
1512_14_rot3,1512_14,VV,3,speed15|band0.5|scr20,15.0,0.5,22500000.0,20.0,PAMF-H1-K8-G8,152,0,0,0,0,0,0,0,0,0,0
1512_14_rot3,1512_14,VV,3,speed15|band1|scr0,15.0,1.0,45000000.0,0.0,PAMF-H1-K8-G8,152,0,0,0,0,0,0,0,0,0,0
1512_14_rot3,1512_14,VV,3,speed15|band1|scr10,15.0,1.0,45000000.0,10.0,PAMF-H1-K8-G8,152,0,0,0,0,0,0,0,0,0,0
1512_14_rot3,1512_14,VV,3,speed15|band1|scr20,15.0,1.0,45000000.0,20.0,PAMF-H1-K8-G8,152,4,3,3,3,1190,923,-593,2,0,1
1512_14_rot3,1512_14,VV,3,speed-15|band0.5|scr0,-15.0,0.5,22500000.0,0.0,P-ANMF1-N16,152,0,0,0,0,0,0,0,0,0,0
1512_14_rot3,1512_14,VV,3,speed-15|band0.5|scr10,-15.0,0.5,22500000.0,10.0,P-ANMF1-N16,152,0,0,0,0,0,0,0,0,0,0
1512_14_rot3,1512_14,VV,3,speed-15|band0.5|scr20,-15.0,0.5,22500000.0,20.0,P-ANMF1-N16,152,0,0,0,0,0,0,0,0,0,0
1512_14_rot3,1512_14,VV,3,speed-15|band1|scr0,-15.0,1.0,45000000.0,0.0,P-ANMF1-N16,152,0,0,0,0,0,0,0,0,0,0
1512_14_rot3,1512_14,VV,3,speed-15|band1|scr10,-15.0,1.0,45000000.0,10.0,P-ANMF1-N16,152,0,0,0,0,0,0,0,0,0,0
1512_14_rot3,1512_14,VV,3,speed-15|band1|scr20,-15.0,1.0,45000000.0,20.0,P-ANMF1-N16,152,0,0,0,0,0,0,0,0,0,0
1512_14_rot3,1512_14,VV,3,speed-5|band0.5|scr0,-5.0,0.5,22500000.0,0.0,P-ANMF1-N16,152,4,4,4,4,1624,1624,-189,4,0,0
1512_14_rot3,1512_14,VV,3,speed-5|band0.5|scr10,-5.0,0.5,22500000.0,10.0,P-ANMF1-N16,152,80,80,80,80,10870,10870,-29998,77,0,3
1512_14_rot3,1512_14,VV,3,speed-5|band0.5|scr20,-5.0,0.5,22500000.0,20.0,P-ANMF1-N16,152,137,137,137,137,3793,3793,-63006,136,0,1
1512_14_rot3,1512_14,VV,3,speed-5|band1|scr0,-5.0,1.0,45000000.0,0.0,P-ANMF1-N16,152,3,3,3,3,1387,1387,-95,3,0,0
1512_14_rot3,1512_14,VV,3,speed-5|band1|scr10,-5.0,1.0,45000000.0,10.0,P-ANMF1-N16,152,77,77,77,77,22653,22653,-16608,71,0,6
1512_14_rot3,1512_14,VV,3,speed-5|band1|scr20,-5.0,1.0,45000000.0,20.0,P-ANMF1-N16,152,134,134,134,134,13023,13023,-52430,132,0,2
1512_14_rot3,1512_14,VV,3,speed5|band0.5|scr0,5.0,0.5,22500000.0,0.0,P-ANMF1-N16,152,23,23,23,23,7974,7974,-3357,19,0,4
1512_14_rot3,1512_14,VV,3,speed5|band0.5|scr10,5.0,0.5,22500000.0,10.0,P-ANMF1-N16,152,116,116,116,116,7690,7690,-49749,111,0,5
1512_14_rot3,1512_14,VV,3,speed5|band0.5|scr20,5.0,0.5,22500000.0,20.0,P-ANMF1-N16,152,149,149,149,149,2989,2989,-72201,149,0,0
1512_14_rot3,1512_14,VV,3,speed5|band1|scr0,5.0,1.0,45000000.0,0.0,P-ANMF1-N16,152,20,20,20,20,8724,8724,-1178,16,0,4
1512_14_rot3,1512_14,VV,3,speed5|band1|scr10,5.0,1.0,45000000.0,10.0,P-ANMF1-N16,152,113,113,113,113,21829,21829,-34444,108,0,5
1512_14_rot3,1512_14,VV,3,speed5|band1|scr20,5.0,1.0,45000000.0,20.0,P-ANMF1-N16,152,148,148,148,147,11266,11288,-63223,147,0,1
1512_14_rot3,1512_14,VV,3,speed15|band0.5|scr0,15.0,0.5,22500000.0,0.0,P-ANMF1-N16,152,0,0,0,0,0,0,0,0,0,0
1512_14_rot3,1512_14,VV,3,speed15|band0.5|scr10,15.0,0.5,22500000.0,10.0,P-ANMF1-N16,152,0,0,0,0,0,0,0,0,0,0
1512_14_rot3,1512_14,VV,3,speed15|band0.5|scr20,15.0,0.5,22500000.0,20.0,P-ANMF1-N16,152,0,0,0,0,0,0,0,0,0,0
1512_14_rot3,1512_14,VV,3,speed15|band1|scr0,15.0,1.0,45000000.0,0.0,P-ANMF1-N16,152,0,0,0,0,0,0,0,0,0,0
1512_14_rot3,1512_14,VV,3,speed15|band1|scr10,15.0,1.0,45000000.0,10.0,P-ANMF1-N16,152,0,0,0,0,0,0,0,0,0,0
1512_14_rot3,1512_14,VV,3,speed15|band1|scr20,15.0,1.0,45000000.0,20.0,P-ANMF1-N16,152,0,0,0,0,0,0,0,0,0,0
1518_58_rot2,1518_58,VV,2,speed-15|band0.5|scr0,-15.0,0.5,22500000.0,0.0,IN-G0,152,3,1,1,1,1186,292,-116,1,0,0
1518_58_rot2,1518_58,VV,2,speed-15|band0.5|scr10,-15.0,0.5,22500000.0,10.0,IN-G0,152,3,1,1,1,1186,292,-116,1,0,0
1518_58_rot2,1518_58,VV,2,speed-15|band0.5|scr20,-15.0,0.5,22500000.0,20.0,IN-G0,152,0,0,0,0,0,0,0,0,0,0
1518_58_rot2,1518_58,VV,2,speed-15|band1|scr0,-15.0,1.0,45000000.0,0.0,IN-G0,152,6,3,3,3,2427,1606,-141,2,0,1
1518_58_rot2,1518_58,VV,2,speed-15|band1|scr10,-15.0,1.0,45000000.0,10.0,IN-G0,152,4,3,3,3,1843,1606,-141,2,0,1
1518_58_rot2,1518_58,VV,2,speed-15|band1|scr20,-15.0,1.0,45000000.0,20.0,IN-G0,152,1,1,1,1,657,657,-211,1,0,0
1518_58_rot2,1518_58,VV,2,speed-5|band0.5|scr0,-5.0,0.5,22500000.0,0.0,IN-G0,152,11,6,6,4,4087,2372,-648,5,0,1
1518_58_rot2,1518_58,VV,2,speed-5|band0.5|scr10,-5.0,0.5,22500000.0,10.0,IN-G0,152,7,3,3,2,3139,1241,-375,3,0,0
1518_58_rot2,1518_58,VV,2,speed-5|band0.5|scr20,-5.0,0.5,22500000.0,20.0,IN-G0,152,6,1,1,1,2847,292,-116,1,0,0
1518_58_rot2,1518_58,VV,2,speed-5|band1|scr0,-5.0,1.0,45000000.0,0.0,IN-G0,152,12,9,9,5,4744,3503,-1153,7,0,2
1518_58_rot2,1518_58,VV,2,speed-5|band1|scr10,-5.0,1.0,45000000.0,10.0,IN-G0,152,9,4,4,2,3613,1478,-877,4,0,0
1518_58_rot2,1518_58,VV,2,speed-5|band1|scr20,-5.0,1.0,45000000.0,20.0,IN-G0,152,6,1,1,1,2847,292,-116,1,0,0
1518_58_rot2,1518_58,VV,2,speed5|band0.5|scr0,5.0,0.5,22500000.0,0.0,IN-G0,152,9,2,2,0,3558,949,-327,2,0,0
1518_58_rot2,1518_58,VV,2,speed5|band0.5|scr10,5.0,0.5,22500000.0,10.0,IN-G0,152,6,2,2,0,2427,949,-327,2,0,0
1518_58_rot2,1518_58,VV,2,speed5|band0.5|scr20,5.0,0.5,22500000.0,20.0,IN-G0,152,4,0,0,0,1898,0,0,0,0,0
1518_58_rot2,1518_58,VV,2,speed5|band1|scr0,5.0,1.0,45000000.0,0.0,IN-G0,152,11,6,6,3,4507,2427,-957,5,0,1
1518_58_rot2,1518_58,VV,2,speed5|band1|scr10,5.0,1.0,45000000.0,10.0,IN-G0,152,7,3,3,1,2664,1186,-829,3,0,0
1518_58_rot2,1518_58,VV,2,speed5|band1|scr20,5.0,1.0,45000000.0,20.0,IN-G0,152,3,0,0,0,1606,0,0,0,0,0
1518_58_rot2,1518_58,VV,2,speed15|band0.5|scr0,15.0,0.5,22500000.0,0.0,IN-G0,152,6,1,1,0,2372,292,-116,1,0,0
1518_58_rot2,1518_58,VV,2,speed15|band0.5|scr10,15.0,0.5,22500000.0,10.0,IN-G0,152,2,0,0,0,584,0,0,0,0,0
1518_58_rot2,1518_58,VV,2,speed15|band0.5|scr20,15.0,0.5,22500000.0,20.0,IN-G0,152,1,0,0,0,292,0,0,0,0,0
1518_58_rot2,1518_58,VV,2,speed15|band1|scr0,15.0,1.0,45000000.0,0.0,IN-G0,152,9,4,4,3,3558,1898,-327,3,0,1
1518_58_rot2,1518_58,VV,2,speed15|band1|scr10,15.0,1.0,45000000.0,10.0,IN-G0,152,4,3,3,2,1898,1606,-141,2,0,1
1518_58_rot2,1518_58,VV,2,speed15|band1|scr20,15.0,1.0,45000000.0,20.0,IN-G0,152,2,1,1,1,949,657,-211,1,0,0
1518_58_rot2,1518_58,VV,2,speed-15|band0.5|scr0,-15.0,0.5,22500000.0,0.0,CA-G0,152,1,0,0,0,714,0,0,0,0,0
1518_58_rot2,1518_58,VV,2,speed-15|band0.5|scr10,-15.0,0.5,22500000.0,10.0,CA-G0,152,1,0,0,0,714,0,0,0,0,0
1518_58_rot2,1518_58,VV,2,speed-15|band0.5|scr20,-15.0,0.5,22500000.0,20.0,CA-G0,152,0,0,0,0,0,0,0,0,0,0
1518_58_rot2,1518_58,VV,2,speed-15|band1|scr0,-15.0,1.0,45000000.0,0.0,CA-G0,152,1,0,0,0,714,0,0,0,0,0
1518_58_rot2,1518_58,VV,2,speed-15|band1|scr10,-15.0,1.0,45000000.0,10.0,CA-G0,152,1,0,0,0,714,0,0,0,0,0
1518_58_rot2,1518_58,VV,2,speed-15|band1|scr20,-15.0,1.0,45000000.0,20.0,CA-G0,152,0,0,0,0,0,0,0,0,0,0
1518_58_rot2,1518_58,VV,2,speed-5|band0.5|scr0,-5.0,0.5,22500000.0,0.0,CA-G0,152,2,0,0,0,985,0,0,0,0,0
1518_58_rot2,1518_58,VV,2,speed-5|band0.5|scr10,-5.0,0.5,22500000.0,10.0,CA-G0,152,0,0,0,0,0,0,0,0,0,0
1518_58_rot2,1518_58,VV,2,speed-5|band0.5|scr20,-5.0,0.5,22500000.0,20.0,CA-G0,152,0,0,0,0,0,0,0,0,0,0
1518_58_rot2,1518_58,VV,2,speed-5|band1|scr0,-5.0,1.0,45000000.0,0.0,CA-G0,152,0,0,0,0,0,0,0,0,0,0
1518_58_rot2,1518_58,VV,2,speed-5|band1|scr10,-5.0,1.0,45000000.0,10.0,CA-G0,152,1,0,0,0,49,0,0,0,0,0
1518_58_rot2,1518_58,VV,2,speed-5|band1|scr20,-5.0,1.0,45000000.0,20.0,CA-G0,152,1,0,0,0,373,0,0,0,0,0
1518_58_rot2,1518_58,VV,2,speed5|band0.5|scr0,5.0,0.5,22500000.0,0.0,CA-G0,152,0,0,0,0,0,0,0,0,0,0
1518_58_rot2,1518_58,VV,2,speed5|band0.5|scr10,5.0,0.5,22500000.0,10.0,CA-G0,152,0,0,0,0,0,0,0,0,0,0
1518_58_rot2,1518_58,VV,2,speed5|band0.5|scr20,5.0,0.5,22500000.0,20.0,CA-G0,152,0,0,0,0,0,0,0,0,0,0
1518_58_rot2,1518_58,VV,2,speed5|band1|scr0,5.0,1.0,45000000.0,0.0,CA-G0,152,1,0,0,0,357,0,0,0,0,0
1518_58_rot2,1518_58,VV,2,speed5|band1|scr10,5.0,1.0,45000000.0,10.0,CA-G0,152,0,0,0,0,0,0,0,0,0,0
1518_58_rot2,1518_58,VV,2,speed5|band1|scr20,5.0,1.0,45000000.0,20.0,CA-G0,152,1,1,1,1,134,134,-525,1,0,0
1518_58_rot2,1518_58,VV,2,speed15|band0.5|scr0,15.0,0.5,22500000.0,0.0,CA-G0,152,0,0,0,0,0,0,0,0,0,0
1518_58_rot2,1518_58,VV,2,speed15|band0.5|scr10,15.0,0.5,22500000.0,10.0,CA-G0,152,0,0,0,0,0,0,0,0,0,0
1518_58_rot2,1518_58,VV,2,speed15|band0.5|scr20,15.0,0.5,22500000.0,20.0,CA-G0,152,0,0,0,0,0,0,0,0,0,0
1518_58_rot2,1518_58,VV,2,speed15|band1|scr0,15.0,1.0,45000000.0,0.0,CA-G0,152,0,0,0,0,0,0,0,0,0,0
1518_58_rot2,1518_58,VV,2,speed15|band1|scr10,15.0,1.0,45000000.0,10.0,CA-G0,152,0,0,0,0,0,0,0,0,0,0
1518_58_rot2,1518_58,VV,2,speed15|band1|scr20,15.0,1.0,45000000.0,20.0,CA-G0,152,0,0,0,0,0,0,0,0,0,0
1518_58_rot2,1518_58,VV,2,speed-15|band0.5|scr0,-15.0,0.5,22500000.0,0.0,OS8-G0,152,0,0,0,0,0,0,0,0,0,0
1518_58_rot2,1518_58,VV,2,speed-15|band0.5|scr10,-15.0,0.5,22500000.0,10.0,OS8-G0,152,0,0,0,0,0,0,0,0,0,0
1518_58_rot2,1518_58,VV,2,speed-15|band0.5|scr20,-15.0,0.5,22500000.0,20.0,OS8-G0,152,0,0,0,0,0,0,0,0,0,0
1518_58_rot2,1518_58,VV,2,speed-15|band1|scr0,-15.0,1.0,45000000.0,0.0,OS8-G0,152,0,0,0,0,0,0,0,0,0,0
1518_58_rot2,1518_58,VV,2,speed-15|band1|scr10,-15.0,1.0,45000000.0,10.0,OS8-G0,152,0,0,0,0,0,0,0,0,0,0
1518_58_rot2,1518_58,VV,2,speed-15|band1|scr20,-15.0,1.0,45000000.0,20.0,OS8-G0,152,0,0,0,0,0,0,0,0,0,0
1518_58_rot2,1518_58,VV,2,speed-5|band0.5|scr0,-5.0,0.5,22500000.0,0.0,OS8-G0,152,0,0,0,0,0,0,0,0,0,0
1518_58_rot2,1518_58,VV,2,speed-5|band0.5|scr10,-5.0,0.5,22500000.0,10.0,OS8-G0,152,0,0,0,0,0,0,0,0,0,0
1518_58_rot2,1518_58,VV,2,speed-5|band0.5|scr20,-5.0,0.5,22500000.0,20.0,OS8-G0,152,0,0,0,0,0,0,0,0,0,0
1518_58_rot2,1518_58,VV,2,speed-5|band1|scr0,-5.0,1.0,45000000.0,0.0,OS8-G0,152,0,0,0,0,0,0,0,0,0,0
1518_58_rot2,1518_58,VV,2,speed-5|band1|scr10,-5.0,1.0,45000000.0,10.0,OS8-G0,152,0,0,0,0,0,0,0,0,0,0
1518_58_rot2,1518_58,VV,2,speed-5|band1|scr20,-5.0,1.0,45000000.0,20.0,OS8-G0,152,0,0,0,0,0,0,0,0,0,0
1518_58_rot2,1518_58,VV,2,speed5|band0.5|scr0,5.0,0.5,22500000.0,0.0,OS8-G0,152,0,0,0,0,0,0,0,0,0,0
1518_58_rot2,1518_58,VV,2,speed5|band0.5|scr10,5.0,0.5,22500000.0,10.0,OS8-G0,152,0,0,0,0,0,0,0,0,0,0
1518_58_rot2,1518_58,VV,2,speed5|band0.5|scr20,5.0,0.5,22500000.0,20.0,OS8-G0,152,0,0,0,0,0,0,0,0,0,0
1518_58_rot2,1518_58,VV,2,speed5|band1|scr0,5.0,1.0,45000000.0,0.0,OS8-G0,152,0,0,0,0,0,0,0,0,0,0
1518_58_rot2,1518_58,VV,2,speed5|band1|scr10,5.0,1.0,45000000.0,10.0,OS8-G0,152,0,0,0,0,0,0,0,0,0,0
1518_58_rot2,1518_58,VV,2,speed5|band1|scr20,5.0,1.0,45000000.0,20.0,OS8-G0,152,0,0,0,0,0,0,0,0,0,0
1518_58_rot2,1518_58,VV,2,speed15|band0.5|scr0,15.0,0.5,22500000.0,0.0,OS8-G0,152,0,0,0,0,0,0,0,0,0,0
1518_58_rot2,1518_58,VV,2,speed15|band0.5|scr10,15.0,0.5,22500000.0,10.0,OS8-G0,152,0,0,0,0,0,0,0,0,0,0
1518_58_rot2,1518_58,VV,2,speed15|band0.5|scr20,15.0,0.5,22500000.0,20.0,OS8-G0,152,0,0,0,0,0,0,0,0,0,0
1518_58_rot2,1518_58,VV,2,speed15|band1|scr0,15.0,1.0,45000000.0,0.0,OS8-G0,152,0,0,0,0,0,0,0,0,0,0
1518_58_rot2,1518_58,VV,2,speed15|band1|scr10,15.0,1.0,45000000.0,10.0,OS8-G0,152,0,0,0,0,0,0,0,0,0,0
1518_58_rot2,1518_58,VV,2,speed15|band1|scr20,15.0,1.0,45000000.0,20.0,OS8-G0,152,0,0,0,0,0,0,0,0,0,0
1518_58_rot2,1518_58,VV,2,speed-15|band0.5|scr0,-15.0,0.5,22500000.0,0.0,IN-G8,152,4,2,2,1,1479,949,-327,2,0,0
1518_58_rot2,1518_58,VV,2,speed-15|band0.5|scr10,-15.0,0.5,22500000.0,10.0,IN-G8,152,3,1,1,1,1186,292,-116,1,0,0
1518_58_rot2,1518_58,VV,2,speed-15|band0.5|scr20,-15.0,0.5,22500000.0,20.0,IN-G8,152,0,0,0,0,0,0,0,0,0,0
1518_58_rot2,1518_58,VV,2,speed-15|band1|scr0,-15.0,1.0,45000000.0,0.0,IN-G8,152,7,5,5,5,2720,2191,-374,4,0,1
1518_58_rot2,1518_58,VV,2,speed-15|band1|scr10,-15.0,1.0,45000000.0,10.0,IN-G8,152,4,2,2,2,2055,949,-327,2,0,0
1518_58_rot2,1518_58,VV,2,speed-15|band1|scr20,-15.0,1.0,45000000.0,20.0,IN-G8,152,3,2,2,2,1818,949,-327,2,0,0
1518_58_rot2,1518_58,VV,2,speed-5|band0.5|scr0,-5.0,0.5,22500000.0,0.0,IN-G8,152,13,7,7,5,5186,3029,-327,5,0,2
1518_58_rot2,1518_58,VV,2,speed-5|band0.5|scr10,-5.0,0.5,22500000.0,10.0,IN-G8,152,8,3,3,2,3581,1241,-375,3,0,0
1518_58_rot2,1518_58,VV,2,speed-5|band0.5|scr20,-5.0,0.5,22500000.0,20.0,IN-G8,152,6,1,1,0,2848,292,-116,1,0,0
1518_58_rot2,1518_58,VV,2,speed-5|band1|scr0,-5.0,1.0,45000000.0,0.0,IN-G8,152,13,11,11,6,4810,4228,-1559,8,0,3
1518_58_rot2,1518_58,VV,2,speed-5|band1|scr10,-5.0,1.0,45000000.0,10.0,IN-G8,152,10,7,7,5,4925,3685,-72,5,0,2
1518_58_rot2,1518_58,VV,2,speed-5|band1|scr20,-5.0,1.0,45000000.0,20.0,IN-G8,152,6,1,1,1,2847,292,-116,1,0,0
1518_58_rot2,1518_58,VV,2,speed5|band0.5|scr0,5.0,0.5,22500000.0,0.0,IN-G8,152,10,5,5,2,4271,2192,-453,4,0,1
1518_58_rot2,1518_58,VV,2,speed5|band0.5|scr10,5.0,0.5,22500000.0,10.0,IN-G8,152,7,2,2,0,3085,949,-327,2,0,0
1518_58_rot2,1518_58,VV,2,speed5|band0.5|scr20,5.0,0.5,22500000.0,20.0,IN-G8,152,4,0,0,0,1898,0,0,0,0,0
1518_58_rot2,1518_58,VV,2,speed5|band1|scr0,5.0,1.0,45000000.0,0.0,IN-G8,152,12,7,7,3,4745,3084,-1054,6,0,1
1518_58_rot2,1518_58,VV,2,speed5|band1|scr10,5.0,1.0,45000000.0,10.0,IN-G8,152,8,3,3,1,3321,1186,-829,3,0,0
1518_58_rot2,1518_58,VV,2,speed5|band1|scr20,5.0,1.0,45000000.0,20.0,IN-G8,152,6,3,3,3,1724,482,-1531,3,0,0
1518_58_rot2,1518_58,VV,2,speed15|band0.5|scr0,15.0,0.5,22500000.0,0.0,IN-G8,152,5,1,1,0,2136,292,-116,1,0,0
1518_58_rot2,1518_58,VV,2,speed15|band0.5|scr10,15.0,0.5,22500000.0,10.0,IN-G8,152,2,0,0,0,584,0,0,0,0,0
1518_58_rot2,1518_58,VV,2,speed15|band0.5|scr20,15.0,0.5,22500000.0,20.0,IN-G8,152,2,0,0,0,626,0,0,0,0,0
1518_58_rot2,1518_58,VV,2,speed15|band1|scr0,15.0,1.0,45000000.0,0.0,IN-G8,152,8,5,5,3,3741,2555,-6,3,0,2
1518_58_rot2,1518_58,VV,2,speed15|band1|scr10,15.0,1.0,45000000.0,10.0,IN-G8,152,6,3,3,2,3638,1909,311,2,0,1
1518_58_rot2,1518_58,VV,2,speed15|band1|scr20,15.0,1.0,45000000.0,20.0,IN-G8,152,5,2,2,2,2639,1146,-416,2,0,0
1518_58_rot2,1518_58,VV,2,speed-15|band0.5|scr0,-15.0,0.5,22500000.0,0.0,CA-G8,152,0,0,0,0,0,0,0,0,0,0
1518_58_rot2,1518_58,VV,2,speed-15|band0.5|scr10,-15.0,0.5,22500000.0,10.0,CA-G8,152,0,0,0,0,0,0,0,0,0,0
1518_58_rot2,1518_58,VV,2,speed-15|band0.5|scr20,-15.0,0.5,22500000.0,20.0,CA-G8,152,0,0,0,0,0,0,0,0,0,0
1518_58_rot2,1518_58,VV,2,speed-15|band1|scr0,-15.0,1.0,45000000.0,0.0,CA-G8,152,0,0,0,0,0,0,0,0,0,0
1518_58_rot2,1518_58,VV,2,speed-15|band1|scr10,-15.0,1.0,45000000.0,10.0,CA-G8,152,0,0,0,0,0,0,0,0,0,0
1518_58_rot2,1518_58,VV,2,speed-15|band1|scr20,-15.0,1.0,45000000.0,20.0,CA-G8,152,0,0,0,0,0,0,0,0,0,0
1518_58_rot2,1518_58,VV,2,speed-5|band0.5|scr0,-5.0,0.5,22500000.0,0.0,CA-G8,152,0,0,0,0,0,0,0,0,0,0
1518_58_rot2,1518_58,VV,2,speed-5|band0.5|scr10,-5.0,0.5,22500000.0,10.0,CA-G8,152,0,0,0,0,0,0,0,0,0,0
1518_58_rot2,1518_58,VV,2,speed-5|band0.5|scr20,-5.0,0.5,22500000.0,20.0,CA-G8,152,0,0,0,0,0,0,0,0,0,0
1518_58_rot2,1518_58,VV,2,speed-5|band1|scr0,-5.0,1.0,45000000.0,0.0,CA-G8,152,0,0,0,0,0,0,0,0,0,0
1518_58_rot2,1518_58,VV,2,speed-5|band1|scr10,-5.0,1.0,45000000.0,10.0,CA-G8,152,0,0,0,0,0,0,0,0,0,0
1518_58_rot2,1518_58,VV,2,speed-5|band1|scr20,-5.0,1.0,45000000.0,20.0,CA-G8,152,0,0,0,0,0,0,0,0,0,0
1518_58_rot2,1518_58,VV,2,speed5|band0.5|scr0,5.0,0.5,22500000.0,0.0,CA-G8,152,0,0,0,0,0,0,0,0,0,0
1518_58_rot2,1518_58,VV,2,speed5|band0.5|scr10,5.0,0.5,22500000.0,10.0,CA-G8,152,0,0,0,0,0,0,0,0,0,0
1518_58_rot2,1518_58,VV,2,speed5|band0.5|scr20,5.0,0.5,22500000.0,20.0,CA-G8,152,0,0,0,0,0,0,0,0,0,0
1518_58_rot2,1518_58,VV,2,speed5|band1|scr0,5.0,1.0,45000000.0,0.0,CA-G8,152,0,0,0,0,0,0,0,0,0,0
1518_58_rot2,1518_58,VV,2,speed5|band1|scr10,5.0,1.0,45000000.0,10.0,CA-G8,152,0,0,0,0,0,0,0,0,0,0
1518_58_rot2,1518_58,VV,2,speed5|band1|scr20,5.0,1.0,45000000.0,20.0,CA-G8,152,0,0,0,0,0,0,0,0,0,0
1518_58_rot2,1518_58,VV,2,speed15|band0.5|scr0,15.0,0.5,22500000.0,0.0,CA-G8,152,0,0,0,0,0,0,0,0,0,0
1518_58_rot2,1518_58,VV,2,speed15|band0.5|scr10,15.0,0.5,22500000.0,10.0,CA-G8,152,0,0,0,0,0,0,0,0,0,0
1518_58_rot2,1518_58,VV,2,speed15|band0.5|scr20,15.0,0.5,22500000.0,20.0,CA-G8,152,0,0,0,0,0,0,0,0,0,0
1518_58_rot2,1518_58,VV,2,speed15|band1|scr0,15.0,1.0,45000000.0,0.0,CA-G8,152,0,0,0,0,0,0,0,0,0,0
1518_58_rot2,1518_58,VV,2,speed15|band1|scr10,15.0,1.0,45000000.0,10.0,CA-G8,152,0,0,0,0,0,0,0,0,0,0
1518_58_rot2,1518_58,VV,2,speed15|band1|scr20,15.0,1.0,45000000.0,20.0,CA-G8,152,0,0,0,0,0,0,0,0,0,0
1518_58_rot2,1518_58,VV,2,speed-15|band0.5|scr0,-15.0,0.5,22500000.0,0.0,OS8-G8,152,0,0,0,0,0,0,0,0,0,0
1518_58_rot2,1518_58,VV,2,speed-15|band0.5|scr10,-15.0,0.5,22500000.0,10.0,OS8-G8,152,0,0,0,0,0,0,0,0,0,0
1518_58_rot2,1518_58,VV,2,speed-15|band0.5|scr20,-15.0,0.5,22500000.0,20.0,OS8-G8,152,0,0,0,0,0,0,0,0,0,0
1518_58_rot2,1518_58,VV,2,speed-15|band1|scr0,-15.0,1.0,45000000.0,0.0,OS8-G8,152,0,0,0,0,0,0,0,0,0,0
1518_58_rot2,1518_58,VV,2,speed-15|band1|scr10,-15.0,1.0,45000000.0,10.0,OS8-G8,152,0,0,0,0,0,0,0,0,0,0
1518_58_rot2,1518_58,VV,2,speed-15|band1|scr20,-15.0,1.0,45000000.0,20.0,OS8-G8,152,0,0,0,0,0,0,0,0,0,0
1518_58_rot2,1518_58,VV,2,speed-5|band0.5|scr0,-5.0,0.5,22500000.0,0.0,OS8-G8,152,0,0,0,0,0,0,0,0,0,0
1518_58_rot2,1518_58,VV,2,speed-5|band0.5|scr10,-5.0,0.5,22500000.0,10.0,OS8-G8,152,0,0,0,0,0,0,0,0,0,0
1518_58_rot2,1518_58,VV,2,speed-5|band0.5|scr20,-5.0,0.5,22500000.0,20.0,OS8-G8,152,0,0,0,0,0,0,0,0,0,0
1518_58_rot2,1518_58,VV,2,speed-5|band1|scr0,-5.0,1.0,45000000.0,0.0,OS8-G8,152,0,0,0,0,0,0,0,0,0,0
1518_58_rot2,1518_58,VV,2,speed-5|band1|scr10,-5.0,1.0,45000000.0,10.0,OS8-G8,152,0,0,0,0,0,0,0,0,0,0
1518_58_rot2,1518_58,VV,2,speed-5|band1|scr20,-5.0,1.0,45000000.0,20.0,OS8-G8,152,0,0,0,0,0,0,0,0,0,0
1518_58_rot2,1518_58,VV,2,speed5|band0.5|scr0,5.0,0.5,22500000.0,0.0,OS8-G8,152,0,0,0,0,0,0,0,0,0,0
1518_58_rot2,1518_58,VV,2,speed5|band0.5|scr10,5.0,0.5,22500000.0,10.0,OS8-G8,152,0,0,0,0,0,0,0,0,0,0
1518_58_rot2,1518_58,VV,2,speed5|band0.5|scr20,5.0,0.5,22500000.0,20.0,OS8-G8,152,0,0,0,0,0,0,0,0,0,0
1518_58_rot2,1518_58,VV,2,speed5|band1|scr0,5.0,1.0,45000000.0,0.0,OS8-G8,152,0,0,0,0,0,0,0,0,0,0
1518_58_rot2,1518_58,VV,2,speed5|band1|scr10,5.0,1.0,45000000.0,10.0,OS8-G8,152,0,0,0,0,0,0,0,0,0,0
1518_58_rot2,1518_58,VV,2,speed5|band1|scr20,5.0,1.0,45000000.0,20.0,OS8-G8,152,0,0,0,0,0,0,0,0,0,0
1518_58_rot2,1518_58,VV,2,speed15|band0.5|scr0,15.0,0.5,22500000.0,0.0,OS8-G8,152,0,0,0,0,0,0,0,0,0,0
1518_58_rot2,1518_58,VV,2,speed15|band0.5|scr10,15.0,0.5,22500000.0,10.0,OS8-G8,152,0,0,0,0,0,0,0,0,0,0
1518_58_rot2,1518_58,VV,2,speed15|band0.5|scr20,15.0,0.5,22500000.0,20.0,OS8-G8,152,0,0,0,0,0,0,0,0,0,0
1518_58_rot2,1518_58,VV,2,speed15|band1|scr0,15.0,1.0,45000000.0,0.0,OS8-G8,152,0,0,0,0,0,0,0,0,0,0
1518_58_rot2,1518_58,VV,2,speed15|band1|scr10,15.0,1.0,45000000.0,10.0,OS8-G8,152,0,0,0,0,0,0,0,0,0,0
1518_58_rot2,1518_58,VV,2,speed15|band1|scr20,15.0,1.0,45000000.0,20.0,OS8-G8,152,0,0,0,0,0,0,0,0,0,0
1518_58_rot2,1518_58,VV,2,speed-15|band0.5|scr0,-15.0,0.5,22500000.0,0.0,PAMF-H1-K8-G8,152,0,0,0,0,0,0,0,0,0,0
1518_58_rot2,1518_58,VV,2,speed-15|band0.5|scr10,-15.0,0.5,22500000.0,10.0,PAMF-H1-K8-G8,152,0,0,0,0,0,0,0,0,0,0
1518_58_rot2,1518_58,VV,2,speed-15|band0.5|scr20,-15.0,0.5,22500000.0,20.0,PAMF-H1-K8-G8,152,0,0,0,0,0,0,0,0,0,0
1518_58_rot2,1518_58,VV,2,speed-15|band1|scr0,-15.0,1.0,45000000.0,0.0,PAMF-H1-K8-G8,152,2,1,1,1,951,293,-115,1,0,0
1518_58_rot2,1518_58,VV,2,speed-15|band1|scr10,-15.0,1.0,45000000.0,10.0,PAMF-H1-K8-G8,152,5,3,3,3,2261,1091,-991,2,0,1
1518_58_rot2,1518_58,VV,2,speed-15|band1|scr20,-15.0,1.0,45000000.0,20.0,PAMF-H1-K8-G8,152,39,39,39,39,14394,14394,-7318,26,0,13
1518_58_rot2,1518_58,VV,2,speed-5|band0.5|scr0,-5.0,0.5,22500000.0,0.0,PAMF-H1-K8-G8,152,3,1,1,1,1397,293,-115,1,0,0
1518_58_rot2,1518_58,VV,2,speed-5|band0.5|scr10,-5.0,0.5,22500000.0,10.0,PAMF-H1-K8-G8,152,2,1,1,1,742,293,-115,1,0,0
1518_58_rot2,1518_58,VV,2,speed-5|band0.5|scr20,-5.0,0.5,22500000.0,20.0,PAMF-H1-K8-G8,152,0,0,0,0,0,0,0,0,0,0
1518_58_rot2,1518_58,VV,2,speed-5|band1|scr0,-5.0,1.0,45000000.0,0.0,PAMF-H1-K8-G8,152,2,1,1,1,951,293,-115,1,0,0
1518_58_rot2,1518_58,VV,2,speed-5|band1|scr10,-5.0,1.0,45000000.0,10.0,PAMF-H1-K8-G8,152,3,2,2,2,1848,1190,470,1,0,1
1518_58_rot2,1518_58,VV,2,speed-5|band1|scr20,-5.0,1.0,45000000.0,20.0,PAMF-H1-K8-G8,152,0,0,0,0,0,0,0,0,0,0
1518_58_rot2,1518_58,VV,2,speed5|band0.5|scr0,5.0,0.5,22500000.0,0.0,PAMF-H1-K8-G8,152,1,0,0,0,293,0,0,0,0,0
1518_58_rot2,1518_58,VV,2,speed5|band0.5|scr10,5.0,0.5,22500000.0,10.0,PAMF-H1-K8-G8,152,1,0,0,0,293,0,0,0,0,0
1518_58_rot2,1518_58,VV,2,speed5|band0.5|scr20,5.0,0.5,22500000.0,20.0,PAMF-H1-K8-G8,152,1,0,0,0,293,0,0,0,0,0
1518_58_rot2,1518_58,VV,2,speed5|band1|scr0,5.0,1.0,45000000.0,0.0,PAMF-H1-K8-G8,152,1,0,0,0,293,0,0,0,0,0
1518_58_rot2,1518_58,VV,2,speed5|band1|scr10,5.0,1.0,45000000.0,10.0,PAMF-H1-K8-G8,152,1,0,0,0,293,0,0,0,0,0
1518_58_rot2,1518_58,VV,2,speed5|band1|scr20,5.0,1.0,45000000.0,20.0,PAMF-H1-K8-G8,152,1,0,0,0,293,0,0,0,0,0
1518_58_rot2,1518_58,VV,2,speed15|band0.5|scr0,15.0,0.5,22500000.0,0.0,PAMF-H1-K8-G8,152,1,0,0,0,293,0,0,0,0,0
1518_58_rot2,1518_58,VV,2,speed15|band0.5|scr10,15.0,0.5,22500000.0,10.0,PAMF-H1-K8-G8,152,0,0,0,0,0,0,0,0,0,0
1518_58_rot2,1518_58,VV,2,speed15|band0.5|scr20,15.0,0.5,22500000.0,20.0,PAMF-H1-K8-G8,152,2,0,0,0,579,0,0,0,0,0
1518_58_rot2,1518_58,VV,2,speed15|band1|scr0,15.0,1.0,45000000.0,0.0,PAMF-H1-K8-G8,152,1,0,0,0,293,0,0,0,0,0
1518_58_rot2,1518_58,VV,2,speed15|band1|scr10,15.0,1.0,45000000.0,10.0,PAMF-H1-K8-G8,152,7,7,7,7,2430,2430,-1386,5,0,2
1518_58_rot2,1518_58,VV,2,speed15|band1|scr20,15.0,1.0,45000000.0,20.0,PAMF-H1-K8-G8,152,67,63,63,62,27362,26098,-7665,40,0,23
1518_58_rot2,1518_58,VV,2,speed-15|band0.5|scr0,-15.0,0.5,22500000.0,0.0,P-ANMF1-N16,152,0,0,0,0,0,0,0,0,0,0
1518_58_rot2,1518_58,VV,2,speed-15|band0.5|scr10,-15.0,0.5,22500000.0,10.0,P-ANMF1-N16,152,0,0,0,0,0,0,0,0,0,0
1518_58_rot2,1518_58,VV,2,speed-15|band0.5|scr20,-15.0,0.5,22500000.0,20.0,P-ANMF1-N16,152,0,0,0,0,0,0,0,0,0,0
1518_58_rot2,1518_58,VV,2,speed-15|band1|scr0,-15.0,1.0,45000000.0,0.0,P-ANMF1-N16,152,0,0,0,0,0,0,0,0,0,0
1518_58_rot2,1518_58,VV,2,speed-15|band1|scr10,-15.0,1.0,45000000.0,10.0,P-ANMF1-N16,152,0,0,0,0,0,0,0,0,0,0
1518_58_rot2,1518_58,VV,2,speed-15|band1|scr20,-15.0,1.0,45000000.0,20.0,P-ANMF1-N16,152,0,0,0,0,0,0,0,0,0,0
1518_58_rot2,1518_58,VV,2,speed-5|band0.5|scr0,-5.0,0.5,22500000.0,0.0,P-ANMF1-N16,152,25,25,25,25,7667,7667,-4407,17,0,8
1518_58_rot2,1518_58,VV,2,speed-5|band0.5|scr10,-5.0,0.5,22500000.0,10.0,P-ANMF1-N16,152,111,111,111,111,9493,9493,-43476,104,0,7
1518_58_rot2,1518_58,VV,2,speed-5|band0.5|scr20,-5.0,0.5,22500000.0,20.0,P-ANMF1-N16,152,149,149,149,149,2552,2552,-70137,149,0,0
1518_58_rot2,1518_58,VV,2,speed-5|band1|scr0,-5.0,1.0,45000000.0,0.0,P-ANMF1-N16,152,21,21,21,21,8247,8247,-1583,14,0,7
1518_58_rot2,1518_58,VV,2,speed-5|band1|scr10,-5.0,1.0,45000000.0,10.0,P-ANMF1-N16,152,109,109,109,109,24209,24209,-27977,101,0,8
1518_58_rot2,1518_58,VV,2,speed-5|band1|scr20,-5.0,1.0,45000000.0,20.0,P-ANMF1-N16,152,149,149,149,147,12215,12215,-60474,147,0,2
1518_58_rot2,1518_58,VV,2,speed5|band0.5|scr0,5.0,0.5,22500000.0,0.0,P-ANMF1-N16,152,60,60,60,60,16412,16412,-13784,47,0,13
1518_58_rot2,1518_58,VV,2,speed5|band0.5|scr10,5.0,0.5,22500000.0,10.0,P-ANMF1-N16,152,135,135,135,135,6910,6910,-58051,132,0,3
1518_58_rot2,1518_58,VV,2,speed5|band0.5|scr20,5.0,0.5,22500000.0,20.0,P-ANMF1-N16,152,151,151,151,148,1032,1032,-72225,149,0,2
1518_58_rot2,1518_58,VV,2,speed5|band1|scr0,5.0,1.0,45000000.0,0.0,P-ANMF1-N16,152,49,49,49,49,18248,18248,-6016,39,0,10
1518_58_rot2,1518_58,VV,2,speed5|band1|scr10,5.0,1.0,45000000.0,10.0,P-ANMF1-N16,152,132,132,132,132,23790,23790,-40170,127,0,5
1518_58_rot2,1518_58,VV,2,speed5|band1|scr20,5.0,1.0,45000000.0,20.0,P-ANMF1-N16,152,150,150,150,146,6797,6908,-66044,149,0,1
1518_58_rot2,1518_58,VV,2,speed15|band0.5|scr0,15.0,0.5,22500000.0,0.0,P-ANMF1-N16,152,0,0,0,0,0,0,0,0,0,0
1518_58_rot2,1518_58,VV,2,speed15|band0.5|scr10,15.0,0.5,22500000.0,10.0,P-ANMF1-N16,152,0,0,0,0,0,0,0,0,0,0
1518_58_rot2,1518_58,VV,2,speed15|band0.5|scr20,15.0,0.5,22500000.0,20.0,P-ANMF1-N16,152,0,0,0,0,0,0,0,0,0,0
1518_58_rot2,1518_58,VV,2,speed15|band1|scr0,15.0,1.0,45000000.0,0.0,P-ANMF1-N16,152,0,0,0,0,0,0,0,0,0,0
1518_58_rot2,1518_58,VV,2,speed15|band1|scr10,15.0,1.0,45000000.0,10.0,P-ANMF1-N16,152,0,0,0,0,0,0,0,0,0,0
1518_58_rot2,1518_58,VV,2,speed15|band1|scr20,15.0,1.0,45000000.0,20.0,P-ANMF1-N16,152,0,0,0,0,0,0,0,0,0,0
1518_58_rot3,1518_58,VV,3,speed-15|band0.5|scr0,-15.0,0.5,22500000.0,0.0,IN-G0,152,0,0,0,0,0,0,0,0,0,0
1518_58_rot3,1518_58,VV,3,speed-15|band0.5|scr10,-15.0,0.5,22500000.0,10.0,IN-G0,152,0,0,0,0,0,0,0,0,0,0
1518_58_rot3,1518_58,VV,3,speed-15|band0.5|scr20,-15.0,0.5,22500000.0,20.0,IN-G0,152,0,0,0,0,0,0,0,0,0,0
1518_58_rot3,1518_58,VV,3,speed-15|band1|scr0,-15.0,1.0,45000000.0,0.0,IN-G0,152,0,0,0,0,0,0,0,0,0,0
1518_58_rot3,1518_58,VV,3,speed-15|band1|scr10,-15.0,1.0,45000000.0,10.0,IN-G0,152,0,0,0,0,0,0,0,0,0,0
1518_58_rot3,1518_58,VV,3,speed-15|band1|scr20,-15.0,1.0,45000000.0,20.0,IN-G0,152,0,0,0,0,0,0,0,0,0,0
1518_58_rot3,1518_58,VV,3,speed-5|band0.5|scr0,-5.0,0.5,22500000.0,0.0,IN-G0,152,0,0,0,0,0,0,0,0,0,0
1518_58_rot3,1518_58,VV,3,speed-5|band0.5|scr10,-5.0,0.5,22500000.0,10.0,IN-G0,152,0,0,0,0,0,0,0,0,0,0
1518_58_rot3,1518_58,VV,3,speed-5|band0.5|scr20,-5.0,0.5,22500000.0,20.0,IN-G0,152,0,0,0,0,0,0,0,0,0,0
1518_58_rot3,1518_58,VV,3,speed-5|band1|scr0,-5.0,1.0,45000000.0,0.0,IN-G0,152,0,0,0,0,0,0,0,0,0,0
1518_58_rot3,1518_58,VV,3,speed-5|band1|scr10,-5.0,1.0,45000000.0,10.0,IN-G0,152,0,0,0,0,0,0,0,0,0,0
1518_58_rot3,1518_58,VV,3,speed-5|band1|scr20,-5.0,1.0,45000000.0,20.0,IN-G0,152,0,0,0,0,0,0,0,0,0,0
1518_58_rot3,1518_58,VV,3,speed5|band0.5|scr0,5.0,0.5,22500000.0,0.0,IN-G0,152,0,0,0,0,0,0,0,0,0,0
1518_58_rot3,1518_58,VV,3,speed5|band0.5|scr10,5.0,0.5,22500000.0,10.0,IN-G0,152,0,0,0,0,0,0,0,0,0,0
1518_58_rot3,1518_58,VV,3,speed5|band0.5|scr20,5.0,0.5,22500000.0,20.0,IN-G0,152,0,0,0,0,0,0,0,0,0,0
1518_58_rot3,1518_58,VV,3,speed5|band1|scr0,5.0,1.0,45000000.0,0.0,IN-G0,152,0,0,0,0,0,0,0,0,0,0
1518_58_rot3,1518_58,VV,3,speed5|band1|scr10,5.0,1.0,45000000.0,10.0,IN-G0,152,0,0,0,0,0,0,0,0,0,0
1518_58_rot3,1518_58,VV,3,speed5|band1|scr20,5.0,1.0,45000000.0,20.0,IN-G0,152,0,0,0,0,0,0,0,0,0,0
1518_58_rot3,1518_58,VV,3,speed15|band0.5|scr0,15.0,0.5,22500000.0,0.0,IN-G0,152,0,0,0,0,0,0,0,0,0,0
1518_58_rot3,1518_58,VV,3,speed15|band0.5|scr10,15.0,0.5,22500000.0,10.0,IN-G0,152,0,0,0,0,0,0,0,0,0,0
1518_58_rot3,1518_58,VV,3,speed15|band0.5|scr20,15.0,0.5,22500000.0,20.0,IN-G0,152,0,0,0,0,0,0,0,0,0,0
1518_58_rot3,1518_58,VV,3,speed15|band1|scr0,15.0,1.0,45000000.0,0.0,IN-G0,152,0,0,0,0,0,0,0,0,0,0
1518_58_rot3,1518_58,VV,3,speed15|band1|scr10,15.0,1.0,45000000.0,10.0,IN-G0,152,0,0,0,0,0,0,0,0,0,0
1518_58_rot3,1518_58,VV,3,speed15|band1|scr20,15.0,1.0,45000000.0,20.0,IN-G0,152,0,0,0,0,0,0,0,0,0,0
1518_58_rot3,1518_58,VV,3,speed-15|band0.5|scr0,-15.0,0.5,22500000.0,0.0,CA-G0,152,0,0,0,0,0,0,0,0,0,0
1518_58_rot3,1518_58,VV,3,speed-15|band0.5|scr10,-15.0,0.5,22500000.0,10.0,CA-G0,152,0,0,0,0,0,0,0,0,0,0
1518_58_rot3,1518_58,VV,3,speed-15|band0.5|scr20,-15.0,0.5,22500000.0,20.0,CA-G0,152,0,0,0,0,0,0,0,0,0,0
1518_58_rot3,1518_58,VV,3,speed-15|band1|scr0,-15.0,1.0,45000000.0,0.0,CA-G0,152,0,0,0,0,0,0,0,0,0,0
1518_58_rot3,1518_58,VV,3,speed-15|band1|scr10,-15.0,1.0,45000000.0,10.0,CA-G0,152,1,1,1,1,613,613,-199,1,0,0
1518_58_rot3,1518_58,VV,3,speed-15|band1|scr20,-15.0,1.0,45000000.0,20.0,CA-G0,152,1,1,1,1,609,609,-211,1,0,0
1518_58_rot3,1518_58,VV,3,speed-5|band0.5|scr0,-5.0,0.5,22500000.0,0.0,CA-G0,152,2,0,0,0,783,0,0,0,0,0
1518_58_rot3,1518_58,VV,3,speed-5|band0.5|scr10,-5.0,0.5,22500000.0,10.0,CA-G0,152,0,0,0,0,0,0,0,0,0,0
1518_58_rot3,1518_58,VV,3,speed-5|band0.5|scr20,-5.0,0.5,22500000.0,20.0,CA-G0,152,0,0,0,0,0,0,0,0,0,0
1518_58_rot3,1518_58,VV,3,speed-5|band1|scr0,-5.0,1.0,45000000.0,0.0,CA-G0,152,1,0,0,0,639,0,0,0,0,0
1518_58_rot3,1518_58,VV,3,speed-5|band1|scr10,-5.0,1.0,45000000.0,10.0,CA-G0,152,0,0,0,0,0,0,0,0,0,0
1518_58_rot3,1518_58,VV,3,speed-5|band1|scr20,-5.0,1.0,45000000.0,20.0,CA-G0,152,0,0,0,0,0,0,0,0,0,0
1518_58_rot3,1518_58,VV,3,speed5|band0.5|scr0,5.0,0.5,22500000.0,0.0,CA-G0,152,1,1,1,1,334,334,11,0,0,1
1518_58_rot3,1518_58,VV,3,speed5|band0.5|scr10,5.0,0.5,22500000.0,10.0,CA-G0,152,0,0,0,0,0,0,0,0,0,0
1518_58_rot3,1518_58,VV,3,speed5|band0.5|scr20,5.0,0.5,22500000.0,20.0,CA-G0,152,0,0,0,0,0,0,0,0,0,0
1518_58_rot3,1518_58,VV,3,speed5|band1|scr0,5.0,1.0,45000000.0,0.0,CA-G0,152,0,0,0,0,0,0,0,0,0,0
1518_58_rot3,1518_58,VV,3,speed5|band1|scr10,5.0,1.0,45000000.0,10.0,CA-G0,152,0,0,0,0,0,0,0,0,0,0
1518_58_rot3,1518_58,VV,3,speed5|band1|scr20,5.0,1.0,45000000.0,20.0,CA-G0,152,0,0,0,0,0,0,0,0,0,0
1518_58_rot3,1518_58,VV,3,speed15|band0.5|scr0,15.0,0.5,22500000.0,0.0,CA-G0,152,1,1,1,1,333,333,10,0,0,1
1518_58_rot3,1518_58,VV,3,speed15|band0.5|scr10,15.0,0.5,22500000.0,10.0,CA-G0,152,0,0,0,0,0,0,0,0,0,0
1518_58_rot3,1518_58,VV,3,speed15|band0.5|scr20,15.0,0.5,22500000.0,20.0,CA-G0,152,0,0,0,0,0,0,0,0,0,0
1518_58_rot3,1518_58,VV,3,speed15|band1|scr0,15.0,1.0,45000000.0,0.0,CA-G0,152,1,1,1,1,335,335,12,0,0,1
1518_58_rot3,1518_58,VV,3,speed15|band1|scr10,15.0,1.0,45000000.0,10.0,CA-G0,152,1,1,1,1,611,611,-201,1,0,0
1518_58_rot3,1518_58,VV,3,speed15|band1|scr20,15.0,1.0,45000000.0,20.0,CA-G0,152,1,0,0,0,691,0,0,0,0,0
1518_58_rot3,1518_58,VV,3,speed-15|band0.5|scr0,-15.0,0.5,22500000.0,0.0,OS8-G0,152,0,0,0,0,0,0,0,0,0,0
1518_58_rot3,1518_58,VV,3,speed-15|band0.5|scr10,-15.0,0.5,22500000.0,10.0,OS8-G0,152,0,0,0,0,0,0,0,0,0,0
1518_58_rot3,1518_58,VV,3,speed-15|band0.5|scr20,-15.0,0.5,22500000.0,20.0,OS8-G0,152,0,0,0,0,0,0,0,0,0,0
1518_58_rot3,1518_58,VV,3,speed-15|band1|scr0,-15.0,1.0,45000000.0,0.0,OS8-G0,152,0,0,0,0,0,0,0,0,0,0
1518_58_rot3,1518_58,VV,3,speed-15|band1|scr10,-15.0,1.0,45000000.0,10.0,OS8-G0,152,0,0,0,0,0,0,0,0,0,0
1518_58_rot3,1518_58,VV,3,speed-15|band1|scr20,-15.0,1.0,45000000.0,20.0,OS8-G0,152,0,0,0,0,0,0,0,0,0,0
1518_58_rot3,1518_58,VV,3,speed-5|band0.5|scr0,-5.0,0.5,22500000.0,0.0,OS8-G0,152,1,0,0,0,450,0,0,0,0,0
1518_58_rot3,1518_58,VV,3,speed-5|band0.5|scr10,-5.0,0.5,22500000.0,10.0,OS8-G0,152,1,1,1,1,736,736,5,0,0,1
1518_58_rot3,1518_58,VV,3,speed-5|band0.5|scr20,-5.0,0.5,22500000.0,20.0,OS8-G0,152,0,0,0,0,0,0,0,0,0,0
1518_58_rot3,1518_58,VV,3,speed-5|band1|scr0,-5.0,1.0,45000000.0,0.0,OS8-G0,152,1,0,0,0,87,0,0,0,0,0
1518_58_rot3,1518_58,VV,3,speed-5|band1|scr10,-5.0,1.0,45000000.0,10.0,OS8-G0,152,3,1,1,1,1729,736,5,0,0,1
1518_58_rot3,1518_58,VV,3,speed-5|band1|scr20,-5.0,1.0,45000000.0,20.0,OS8-G0,152,0,0,0,0,0,0,0,0,0,0
1518_58_rot3,1518_58,VV,3,speed5|band0.5|scr0,5.0,0.5,22500000.0,0.0,OS8-G0,152,0,0,0,0,0,0,0,0,0,0
1518_58_rot3,1518_58,VV,3,speed5|band0.5|scr10,5.0,0.5,22500000.0,10.0,OS8-G0,152,0,0,0,0,0,0,0,0,0,0
1518_58_rot3,1518_58,VV,3,speed5|band0.5|scr20,5.0,0.5,22500000.0,20.0,OS8-G0,152,0,0,0,0,0,0,0,0,0,0
1518_58_rot3,1518_58,VV,3,speed5|band1|scr0,5.0,1.0,45000000.0,0.0,OS8-G0,152,0,0,0,0,0,0,0,0,0,0
1518_58_rot3,1518_58,VV,3,speed5|band1|scr10,5.0,1.0,45000000.0,10.0,OS8-G0,152,0,0,0,0,0,0,0,0,0,0
1518_58_rot3,1518_58,VV,3,speed5|band1|scr20,5.0,1.0,45000000.0,20.0,OS8-G0,152,0,0,0,0,0,0,0,0,0,0
1518_58_rot3,1518_58,VV,3,speed15|band0.5|scr0,15.0,0.5,22500000.0,0.0,OS8-G0,152,0,0,0,0,0,0,0,0,0,0
1518_58_rot3,1518_58,VV,3,speed15|band0.5|scr10,15.0,0.5,22500000.0,10.0,OS8-G0,152,0,0,0,0,0,0,0,0,0,0
1518_58_rot3,1518_58,VV,3,speed15|band0.5|scr20,15.0,0.5,22500000.0,20.0,OS8-G0,152,0,0,0,0,0,0,0,0,0,0
1518_58_rot3,1518_58,VV,3,speed15|band1|scr0,15.0,1.0,45000000.0,0.0,OS8-G0,152,0,0,0,0,0,0,0,0,0,0
1518_58_rot3,1518_58,VV,3,speed15|band1|scr10,15.0,1.0,45000000.0,10.0,OS8-G0,152,0,0,0,0,0,0,0,0,0,0
1518_58_rot3,1518_58,VV,3,speed15|band1|scr20,15.0,1.0,45000000.0,20.0,OS8-G0,152,0,0,0,0,0,0,0,0,0,0
1518_58_rot3,1518_58,VV,3,speed-15|band0.5|scr0,-15.0,0.5,22500000.0,0.0,IN-G8,152,0,0,0,0,0,0,0,0,0,0
1518_58_rot3,1518_58,VV,3,speed-15|band0.5|scr10,-15.0,0.5,22500000.0,10.0,IN-G8,152,0,0,0,0,0,0,0,0,0,0
1518_58_rot3,1518_58,VV,3,speed-15|band0.5|scr20,-15.0,0.5,22500000.0,20.0,IN-G8,152,0,0,0,0,0,0,0,0,0,0
1518_58_rot3,1518_58,VV,3,speed-15|band1|scr0,-15.0,1.0,45000000.0,0.0,IN-G8,152,0,0,0,0,0,0,0,0,0,0
1518_58_rot3,1518_58,VV,3,speed-15|band1|scr10,-15.0,1.0,45000000.0,10.0,IN-G8,152,0,0,0,0,0,0,0,0,0,0
1518_58_rot3,1518_58,VV,3,speed-15|band1|scr20,-15.0,1.0,45000000.0,20.0,IN-G8,152,0,0,0,0,0,0,0,0,0,0
1518_58_rot3,1518_58,VV,3,speed-5|band0.5|scr0,-5.0,0.5,22500000.0,0.0,IN-G8,152,0,0,0,0,0,0,0,0,0,0
1518_58_rot3,1518_58,VV,3,speed-5|band0.5|scr10,-5.0,0.5,22500000.0,10.0,IN-G8,152,0,0,0,0,0,0,0,0,0,0
1518_58_rot3,1518_58,VV,3,speed-5|band0.5|scr20,-5.0,0.5,22500000.0,20.0,IN-G8,152,0,0,0,0,0,0,0,0,0,0
1518_58_rot3,1518_58,VV,3,speed-5|band1|scr0,-5.0,1.0,45000000.0,0.0,IN-G8,152,0,0,0,0,0,0,0,0,0,0
1518_58_rot3,1518_58,VV,3,speed-5|band1|scr10,-5.0,1.0,45000000.0,10.0,IN-G8,152,0,0,0,0,0,0,0,0,0,0
1518_58_rot3,1518_58,VV,3,speed-5|band1|scr20,-5.0,1.0,45000000.0,20.0,IN-G8,152,0,0,0,0,0,0,0,0,0,0
1518_58_rot3,1518_58,VV,3,speed5|band0.5|scr0,5.0,0.5,22500000.0,0.0,IN-G8,152,0,0,0,0,0,0,0,0,0,0
1518_58_rot3,1518_58,VV,3,speed5|band0.5|scr10,5.0,0.5,22500000.0,10.0,IN-G8,152,0,0,0,0,0,0,0,0,0,0
1518_58_rot3,1518_58,VV,3,speed5|band0.5|scr20,5.0,0.5,22500000.0,20.0,IN-G8,152,0,0,0,0,0,0,0,0,0,0
1518_58_rot3,1518_58,VV,3,speed5|band1|scr0,5.0,1.0,45000000.0,0.0,IN-G8,152,0,0,0,0,0,0,0,0,0,0
1518_58_rot3,1518_58,VV,3,speed5|band1|scr10,5.0,1.0,45000000.0,10.0,IN-G8,152,0,0,0,0,0,0,0,0,0,0
1518_58_rot3,1518_58,VV,3,speed5|band1|scr20,5.0,1.0,45000000.0,20.0,IN-G8,152,0,0,0,0,0,0,0,0,0,0
1518_58_rot3,1518_58,VV,3,speed15|band0.5|scr0,15.0,0.5,22500000.0,0.0,IN-G8,152,0,0,0,0,0,0,0,0,0,0
1518_58_rot3,1518_58,VV,3,speed15|band0.5|scr10,15.0,0.5,22500000.0,10.0,IN-G8,152,0,0,0,0,0,0,0,0,0,0
1518_58_rot3,1518_58,VV,3,speed15|band0.5|scr20,15.0,0.5,22500000.0,20.0,IN-G8,152,0,0,0,0,0,0,0,0,0,0
1518_58_rot3,1518_58,VV,3,speed15|band1|scr0,15.0,1.0,45000000.0,0.0,IN-G8,152,0,0,0,0,0,0,0,0,0,0
1518_58_rot3,1518_58,VV,3,speed15|band1|scr10,15.0,1.0,45000000.0,10.0,IN-G8,152,0,0,0,0,0,0,0,0,0,0
1518_58_rot3,1518_58,VV,3,speed15|band1|scr20,15.0,1.0,45000000.0,20.0,IN-G8,152,0,0,0,0,0,0,0,0,0,0
1518_58_rot3,1518_58,VV,3,speed-15|band0.5|scr0,-15.0,0.5,22500000.0,0.0,CA-G8,152,1,0,0,0,452,0,0,0,0,0
1518_58_rot3,1518_58,VV,3,speed-15|band0.5|scr10,-15.0,0.5,22500000.0,10.0,CA-G8,152,0,0,0,0,0,0,0,0,0,0
1518_58_rot3,1518_58,VV,3,speed-15|band0.5|scr20,-15.0,0.5,22500000.0,20.0,CA-G8,152,0,0,0,0,0,0,0,0,0,0
1518_58_rot3,1518_58,VV,3,speed-15|band1|scr0,-15.0,1.0,45000000.0,0.0,CA-G8,152,1,0,0,0,452,0,0,0,0,0
1518_58_rot3,1518_58,VV,3,speed-15|band1|scr10,-15.0,1.0,45000000.0,10.0,CA-G8,152,0,0,0,0,0,0,0,0,0,0
1518_58_rot3,1518_58,VV,3,speed-15|band1|scr20,-15.0,1.0,45000000.0,20.0,CA-G8,152,0,0,0,0,0,0,0,0,0,0
1518_58_rot3,1518_58,VV,3,speed-5|band0.5|scr0,-5.0,0.5,22500000.0,0.0,CA-G8,152,2,0,0,0,794,0,0,0,0,0
1518_58_rot3,1518_58,VV,3,speed-5|band0.5|scr10,-5.0,0.5,22500000.0,10.0,CA-G8,152,0,0,0,0,0,0,0,0,0,0
1518_58_rot3,1518_58,VV,3,speed-5|band0.5|scr20,-5.0,0.5,22500000.0,20.0,CA-G8,152,0,0,0,0,0,0,0,0,0,0
1518_58_rot3,1518_58,VV,3,speed-5|band1|scr0,-5.0,1.0,45000000.0,0.0,CA-G8,152,0,0,0,0,0,0,0,0,0,0
1518_58_rot3,1518_58,VV,3,speed-5|band1|scr10,-5.0,1.0,45000000.0,10.0,CA-G8,152,1,0,0,0,862,0,0,0,0,0
1518_58_rot3,1518_58,VV,3,speed-5|band1|scr20,-5.0,1.0,45000000.0,20.0,CA-G8,152,0,0,0,0,0,0,0,0,0,0
1518_58_rot3,1518_58,VV,3,speed5|band0.5|scr0,5.0,0.5,22500000.0,0.0,CA-G8,152,0,0,0,0,0,0,0,0,0,0
1518_58_rot3,1518_58,VV,3,speed5|band0.5|scr10,5.0,0.5,22500000.0,10.0,CA-G8,152,0,0,0,0,0,0,0,0,0,0
1518_58_rot3,1518_58,VV,3,speed5|band0.5|scr20,5.0,0.5,22500000.0,20.0,CA-G8,152,0,0,0,0,0,0,0,0,0,0
1518_58_rot3,1518_58,VV,3,speed5|band1|scr0,5.0,1.0,45000000.0,0.0,CA-G8,152,1,1,1,1,453,453,-437,1,0,0
1518_58_rot3,1518_58,VV,3,speed5|band1|scr10,5.0,1.0,45000000.0,10.0,CA-G8,152,0,0,0,0,0,0,0,0,0,0
1518_58_rot3,1518_58,VV,3,speed5|band1|scr20,5.0,1.0,45000000.0,20.0,CA-G8,152,0,0,0,0,0,0,0,0,0,0
1518_58_rot3,1518_58,VV,3,speed15|band0.5|scr0,15.0,0.5,22500000.0,0.0,CA-G8,152,1,1,1,1,340,340,17,0,0,1
1518_58_rot3,1518_58,VV,3,speed15|band0.5|scr10,15.0,0.5,22500000.0,10.0,CA-G8,152,0,0,0,0,0,0,0,0,0,0
1518_58_rot3,1518_58,VV,3,speed15|band0.5|scr20,15.0,0.5,22500000.0,20.0,CA-G8,152,0,0,0,0,0,0,0,0,0,0
1518_58_rot3,1518_58,VV,3,speed15|band1|scr0,15.0,1.0,45000000.0,0.0,CA-G8,152,1,1,1,1,619,619,-193,1,0,0
1518_58_rot3,1518_58,VV,3,speed15|band1|scr10,15.0,1.0,45000000.0,10.0,CA-G8,152,0,0,0,0,0,0,0,0,0,0
1518_58_rot3,1518_58,VV,3,speed15|band1|scr20,15.0,1.0,45000000.0,20.0,CA-G8,152,0,0,0,0,0,0,0,0,0,0
1518_58_rot3,1518_58,VV,3,speed-15|band0.5|scr0,-15.0,0.5,22500000.0,0.0,OS8-G8,152,0,0,0,0,0,0,0,0,0,0
1518_58_rot3,1518_58,VV,3,speed-15|band0.5|scr10,-15.0,0.5,22500000.0,10.0,OS8-G8,152,0,0,0,0,0,0,0,0,0,0
1518_58_rot3,1518_58,VV,3,speed-15|band0.5|scr20,-15.0,0.5,22500000.0,20.0,OS8-G8,152,0,0,0,0,0,0,0,0,0,0
1518_58_rot3,1518_58,VV,3,speed-15|band1|scr0,-15.0,1.0,45000000.0,0.0,OS8-G8,152,0,0,0,0,0,0,0,0,0,0
1518_58_rot3,1518_58,VV,3,speed-15|band1|scr10,-15.0,1.0,45000000.0,10.0,OS8-G8,152,0,0,0,0,0,0,0,0,0,0
1518_58_rot3,1518_58,VV,3,speed-15|band1|scr20,-15.0,1.0,45000000.0,20.0,OS8-G8,152,0,0,0,0,0,0,0,0,0,0
1518_58_rot3,1518_58,VV,3,speed-5|band0.5|scr0,-5.0,0.5,22500000.0,0.0,OS8-G8,152,1,0,0,0,452,0,0,0,0,0
1518_58_rot3,1518_58,VV,3,speed-5|band0.5|scr10,-5.0,0.5,22500000.0,10.0,OS8-G8,152,0,0,0,0,0,0,0,0,0,0
1518_58_rot3,1518_58,VV,3,speed-5|band0.5|scr20,-5.0,0.5,22500000.0,20.0,OS8-G8,152,0,0,0,0,0,0,0,0,0,0
1518_58_rot3,1518_58,VV,3,speed-5|band1|scr0,-5.0,1.0,45000000.0,0.0,OS8-G8,152,0,0,0,0,0,0,0,0,0,0
1518_58_rot3,1518_58,VV,3,speed-5|band1|scr10,-5.0,1.0,45000000.0,10.0,OS8-G8,152,1,0,0,0,863,0,0,0,0,0
1518_58_rot3,1518_58,VV,3,speed-5|band1|scr20,-5.0,1.0,45000000.0,20.0,OS8-G8,152,0,0,0,0,0,0,0,0,0,0
1518_58_rot3,1518_58,VV,3,speed5|band0.5|scr0,5.0,0.5,22500000.0,0.0,OS8-G8,152,0,0,0,0,0,0,0,0,0,0
1518_58_rot3,1518_58,VV,3,speed5|band0.5|scr10,5.0,0.5,22500000.0,10.0,OS8-G8,152,0,0,0,0,0,0,0,0,0,0
1518_58_rot3,1518_58,VV,3,speed5|band0.5|scr20,5.0,0.5,22500000.0,20.0,OS8-G8,152,0,0,0,0,0,0,0,0,0,0
1518_58_rot3,1518_58,VV,3,speed5|band1|scr0,5.0,1.0,45000000.0,0.0,OS8-G8,152,1,1,1,1,455,455,-435,1,0,0
1518_58_rot3,1518_58,VV,3,speed5|band1|scr10,5.0,1.0,45000000.0,10.0,OS8-G8,152,0,0,0,0,0,0,0,0,0,0
1518_58_rot3,1518_58,VV,3,speed5|band1|scr20,5.0,1.0,45000000.0,20.0,OS8-G8,152,0,0,0,0,0,0,0,0,0,0
1518_58_rot3,1518_58,VV,3,speed15|band0.5|scr0,15.0,0.5,22500000.0,0.0,OS8-G8,152,0,0,0,0,0,0,0,0,0,0
1518_58_rot3,1518_58,VV,3,speed15|band0.5|scr10,15.0,0.5,22500000.0,10.0,OS8-G8,152,0,0,0,0,0,0,0,0,0,0
1518_58_rot3,1518_58,VV,3,speed15|band0.5|scr20,15.0,0.5,22500000.0,20.0,OS8-G8,152,0,0,0,0,0,0,0,0,0,0
1518_58_rot3,1518_58,VV,3,speed15|band1|scr0,15.0,1.0,45000000.0,0.0,OS8-G8,152,0,0,0,0,0,0,0,0,0,0
1518_58_rot3,1518_58,VV,3,speed15|band1|scr10,15.0,1.0,45000000.0,10.0,OS8-G8,152,0,0,0,0,0,0,0,0,0,0
1518_58_rot3,1518_58,VV,3,speed15|band1|scr20,15.0,1.0,45000000.0,20.0,OS8-G8,152,0,0,0,0,0,0,0,0,0,0
1518_58_rot3,1518_58,VV,3,speed-15|band0.5|scr0,-15.0,0.5,22500000.0,0.0,PAMF-H1-K8-G8,152,0,0,0,0,0,0,0,0,0,0
1518_58_rot3,1518_58,VV,3,speed-15|band0.5|scr10,-15.0,0.5,22500000.0,10.0,PAMF-H1-K8-G8,152,0,0,0,0,0,0,0,0,0,0
1518_58_rot3,1518_58,VV,3,speed-15|band0.5|scr20,-15.0,0.5,22500000.0,20.0,PAMF-H1-K8-G8,152,0,0,0,0,0,0,0,0,0,0
1518_58_rot3,1518_58,VV,3,speed-15|band1|scr0,-15.0,1.0,45000000.0,0.0,PAMF-H1-K8-G8,152,0,0,0,0,0,0,0,0,0,0
1518_58_rot3,1518_58,VV,3,speed-15|band1|scr10,-15.0,1.0,45000000.0,10.0,PAMF-H1-K8-G8,152,0,0,0,0,0,0,0,0,0,0
1518_58_rot3,1518_58,VV,3,speed-15|band1|scr20,-15.0,1.0,45000000.0,20.0,PAMF-H1-K8-G8,152,0,0,0,0,0,0,0,0,0,0
1518_58_rot3,1518_58,VV,3,speed-5|band0.5|scr0,-5.0,0.5,22500000.0,0.0,PAMF-H1-K8-G8,152,0,0,0,0,0,0,0,0,0,0
1518_58_rot3,1518_58,VV,3,speed-5|band0.5|scr10,-5.0,0.5,22500000.0,10.0,PAMF-H1-K8-G8,152,0,0,0,0,0,0,0,0,0,0
1518_58_rot3,1518_58,VV,3,speed-5|band0.5|scr20,-5.0,0.5,22500000.0,20.0,PAMF-H1-K8-G8,152,0,0,0,0,0,0,0,0,0,0
1518_58_rot3,1518_58,VV,3,speed-5|band1|scr0,-5.0,1.0,45000000.0,0.0,PAMF-H1-K8-G8,152,0,0,0,0,0,0,0,0,0,0
1518_58_rot3,1518_58,VV,3,speed-5|band1|scr10,-5.0,1.0,45000000.0,10.0,PAMF-H1-K8-G8,152,0,0,0,0,0,0,0,0,0,0
1518_58_rot3,1518_58,VV,3,speed-5|band1|scr20,-5.0,1.0,45000000.0,20.0,PAMF-H1-K8-G8,152,0,0,0,0,0,0,0,0,0,0
1518_58_rot3,1518_58,VV,3,speed5|band0.5|scr0,5.0,0.5,22500000.0,0.0,PAMF-H1-K8-G8,152,0,0,0,0,0,0,0,0,0,0
1518_58_rot3,1518_58,VV,3,speed5|band0.5|scr10,5.0,0.5,22500000.0,10.0,PAMF-H1-K8-G8,152,0,0,0,0,0,0,0,0,0,0
1518_58_rot3,1518_58,VV,3,speed5|band0.5|scr20,5.0,0.5,22500000.0,20.0,PAMF-H1-K8-G8,152,0,0,0,0,0,0,0,0,0,0
1518_58_rot3,1518_58,VV,3,speed5|band1|scr0,5.0,1.0,45000000.0,0.0,PAMF-H1-K8-G8,152,0,0,0,0,0,0,0,0,0,0
1518_58_rot3,1518_58,VV,3,speed5|band1|scr10,5.0,1.0,45000000.0,10.0,PAMF-H1-K8-G8,152,0,0,0,0,0,0,0,0,0,0
1518_58_rot3,1518_58,VV,3,speed5|band1|scr20,5.0,1.0,45000000.0,20.0,PAMF-H1-K8-G8,152,0,0,0,0,0,0,0,0,0,0
1518_58_rot3,1518_58,VV,3,speed15|band0.5|scr0,15.0,0.5,22500000.0,0.0,PAMF-H1-K8-G8,152,0,0,0,0,0,0,0,0,0,0
1518_58_rot3,1518_58,VV,3,speed15|band0.5|scr10,15.0,0.5,22500000.0,10.0,PAMF-H1-K8-G8,152,0,0,0,0,0,0,0,0,0,0
1518_58_rot3,1518_58,VV,3,speed15|band0.5|scr20,15.0,0.5,22500000.0,20.0,PAMF-H1-K8-G8,152,0,0,0,0,0,0,0,0,0,0
1518_58_rot3,1518_58,VV,3,speed15|band1|scr0,15.0,1.0,45000000.0,0.0,PAMF-H1-K8-G8,152,0,0,0,0,0,0,0,0,0,0
1518_58_rot3,1518_58,VV,3,speed15|band1|scr10,15.0,1.0,45000000.0,10.0,PAMF-H1-K8-G8,152,0,0,0,0,0,0,0,0,0,0
1518_58_rot3,1518_58,VV,3,speed15|band1|scr20,15.0,1.0,45000000.0,20.0,PAMF-H1-K8-G8,152,0,0,0,0,0,0,0,0,0,0
1518_58_rot3,1518_58,VV,3,speed-15|band0.5|scr0,-15.0,0.5,22500000.0,0.0,P-ANMF1-N16,152,0,0,0,0,0,0,0,0,0,0
1518_58_rot3,1518_58,VV,3,speed-15|band0.5|scr10,-15.0,0.5,22500000.0,10.0,P-ANMF1-N16,152,0,0,0,0,0,0,0,0,0,0
1518_58_rot3,1518_58,VV,3,speed-15|band0.5|scr20,-15.0,0.5,22500000.0,20.0,P-ANMF1-N16,152,0,0,0,0,0,0,0,0,0,0
1518_58_rot3,1518_58,VV,3,speed-15|band1|scr0,-15.0,1.0,45000000.0,0.0,P-ANMF1-N16,152,0,0,0,0,0,0,0,0,0,0
1518_58_rot3,1518_58,VV,3,speed-15|band1|scr10,-15.0,1.0,45000000.0,10.0,P-ANMF1-N16,152,0,0,0,0,0,0,0,0,0,0
1518_58_rot3,1518_58,VV,3,speed-15|band1|scr20,-15.0,1.0,45000000.0,20.0,P-ANMF1-N16,152,0,0,0,0,0,0,0,0,0,0
1518_58_rot3,1518_58,VV,3,speed-5|band0.5|scr0,-5.0,0.5,22500000.0,0.0,P-ANMF1-N16,152,44,44,44,44,11836,11836,-10563,35,0,9
1518_58_rot3,1518_58,VV,3,speed-5|band0.5|scr10,-5.0,0.5,22500000.0,10.0,P-ANMF1-N16,152,134,134,134,134,8582,8582,-57070,130,0,4
1518_58_rot3,1518_58,VV,3,speed-5|band0.5|scr20,-5.0,0.5,22500000.0,20.0,P-ANMF1-N16,152,150,150,150,149,570,570,-74278,150,0,0
1518_58_rot3,1518_58,VV,3,speed-5|band1|scr0,-5.0,1.0,45000000.0,0.0,P-ANMF1-N16,152,38,38,38,38,13604,13604,-5402,29,0,9
1518_58_rot3,1518_58,VV,3,speed-5|band1|scr10,-5.0,1.0,45000000.0,10.0,P-ANMF1-N16,152,130,130,130,130,21625,21625,-42342,128,0,2
1518_58_rot3,1518_58,VV,3,speed-5|band1|scr20,-5.0,1.0,45000000.0,20.0,P-ANMF1-N16,152,150,150,150,147,8847,8863,-65985,149,0,1
1518_58_rot3,1518_58,VV,3,speed5|band0.5|scr0,5.0,0.5,22500000.0,0.0,P-ANMF1-N16,152,88,88,88,88,14398,14398,-29549,78,0,10
1518_58_rot3,1518_58,VV,3,speed5|band0.5|scr10,5.0,0.5,22500000.0,10.0,P-ANMF1-N16,152,144,144,144,144,3482,3482,-66674,142,0,2
1518_58_rot3,1518_58,VV,3,speed5|band0.5|scr20,5.0,0.5,22500000.0,20.0,P-ANMF1-N16,152,151,151,151,150,151,151,-74887,151,0,0
1518_58_rot3,1518_58,VV,3,speed5|band1|scr0,5.0,1.0,45000000.0,0.0,P-ANMF1-N16,152,84,84,84,84,26252,26252,-15906,75,1,8
1518_58_rot3,1518_58,VV,3,speed5|band1|scr10,5.0,1.0,45000000.0,10.0,P-ANMF1-N16,152,144,144,144,144,14616,14616,-55540,142,0,2
1518_58_rot3,1518_58,VV,3,speed5|band1|scr20,5.0,1.0,45000000.0,20.0,P-ANMF1-N16,152,151,151,151,144,3079,3141,-71897,151,0,0
1518_58_rot3,1518_58,VV,3,speed15|band0.5|scr0,15.0,0.5,22500000.0,0.0,P-ANMF1-N16,152,0,0,0,0,0,0,0,0,0,0
1518_58_rot3,1518_58,VV,3,speed15|band0.5|scr10,15.0,0.5,22500000.0,10.0,P-ANMF1-N16,152,0,0,0,0,0,0,0,0,0,0
1518_58_rot3,1518_58,VV,3,speed15|band0.5|scr20,15.0,0.5,22500000.0,20.0,P-ANMF1-N16,152,0,0,0,0,0,0,0,0,0,0
1518_58_rot3,1518_58,VV,3,speed15|band1|scr0,15.0,1.0,45000000.0,0.0,P-ANMF1-N16,152,0,0,0,0,0,0,0,0,0,0
1518_58_rot3,1518_58,VV,3,speed15|band1|scr10,15.0,1.0,45000000.0,10.0,P-ANMF1-N16,152,0,0,0,0,0,0,0,0,0,0
1518_58_rot3,1518_58,VV,3,speed15|band1|scr20,15.0,1.0,45000000.0,20.0,P-ANMF1-N16,152,0,0,0,0,0,0,0,0,0,0
