kappa,repetition,training,calibration,recommended,coverage,length,rho
1.0,0,21,279,0,0.9,2.522891337700928,0.7915612572242314
1.0,0,51,249,0,0.902,2.539555923633214,0.7973875718244858
1.0,0,61,239,1,0.902,2.5375484268489297,0.7989803787995776
1.0,0,71,229,0,0.9,2.508074174458756,0.7839255209687865
1.0,0,101,199,0,0.9,2.510333863145391,0.8208067642045648
1.0,0,150,150,0,0.904,2.639692011196064,0.8469928637295688
1.0,0,201,99,0,0.906,2.597897238011389,0.826538206680655
1.0,0,251,49,0,0.838,1.9010409849499137,0.8220071639956256
1.0,1,21,279,0,0.918,2.6120020261592254,0.865677644706435
1.0,1,51,249,0,0.912,2.5492063992117053,0.8130101780432561
1.0,1,61,239,1,0.906,2.4436667519070387,0.8369974885343996
1.0,1,71,229,0,0.912,2.5604302948598274,0.8500358297666519
1.0,1,101,199,0,0.914,2.5594306039852435,0.8464969620004076
1.0,1,150,150,0,0.912,2.5524505611670887,0.8231715492112367
1.0,1,201,99,0,0.904,2.405837866871313,0.8206260318853094
1.0,1,251,49,0,0.93,2.752757326466107,0.8172202415150843
1.0,2,21,279,0,0.904,2.601701852796961,0.766881323011521
1.0,2,51,249,0,0.9,2.5330776324140034,0.8157962101038497
1.0,2,61,239,1,0.904,2.567588293183146,0.8028468278253135
1.0,2,71,229,0,0.908,2.603371788701654,0.8213954161047342
1.0,2,101,199,0,0.902,2.5458452607316224,0.8109818808638286
1.0,2,150,150,0,0.92,2.7469921247486417,0.8174780282796762
1.0,2,201,99,0,0.928,2.8591326230436653,0.8261926411602205
1.0,2,251,49,0,0.952,3.219772641621848,0.8204586019215291
1.0,3,21,279,0,0.938,2.838583626652381,0.8610384589325376
1.0,3,51,249,0,0.944,2.8524709020300127,0.8198956809069072
1.0,3,61,239,1,0.944,2.8321115664349703,0.8060006230449069
1.0,3,71,229,0,0.938,2.7812207496691017,0.8058848470539378
1.0,3,101,199,0,0.94,2.8025879515222423,0.7820617932064748
1.0,3,150,150,0,0.946,2.901762750626541,0.8009815665861992
1.0,3,201,99,0,0.928,2.69958991128289,0.7879875851037564
1.0,3,251,49,0,0.884,2.2876322205968744,0.7880167959714016
1.0,4,21,279,0,0.902,2.289088962900012,0.7849879561375663
1.0,4,51,249,0,0.898,2.1880086507386074,0.7973891254975617
1.0,4,61,239,1,0.888,2.0897886852298964,0.7985500846946993
1.0,4,71,229,0,0.898,2.1882142934797204,0.7985767684191356
1.0,4,101,199,0,0.894,2.1850774821958403,0.7794236833143207
1.0,4,150,150,0,0.824,1.7275784496533884,0.774706111630779
1.0,4,201,99,0,0.858,1.8998803780224751,0.7698649484343167
1.0,4,251,49,0,0.896,2.2081603881826415,0.7650363028000409
1.0,5,21,279,0,0.908,2.6037430199263008,0.9153248059064006
1.0,5,51,249,0,0.908,2.556755145883043,0.8320901221675205
1.0,5,61,239,1,0.908,2.5768624016934747,0.8361682189373404
1.0,5,71,229,0,0.91,2.584284887546536,0.8220480434081584
1.0,5,101,199,0,0.912,2.616892750644423,0.8194136537309374
1.0,5,150,150,0,0.908,2.568734657059098,0.8277175301778853
1.0,5,201,99,0,0.912,2.5961499671986377,0.8177267605837838
1.0,5,251,49,0,0.912,2.6108205516924667,0.8123888946708641
1.0,6,21,279,0,0.916,2.5743537291788847,0.8475734602215614
1.0,6,51,249,0,0.918,2.5475595497753147,0.82923366242167
1.0,6,61,239,1,0.922,2.5990072949787373,0.8236919065066001
1.0,6,71,229,0,0.924,2.6157308461478723,0.825668979408185
1.0,6,101,199,0,0.89,2.3455199414132974,0.8128772609988417
1.0,6,150,150,0,0.92,2.556681676698766,0.835411132158085
1.0,6,201,99,0,0.918,2.5405801587366903,0.8245509512937412
1.0,6,251,49,0,0.936,2.8009331627534513,0.8291237901153566
1.0,7,21,279,0,0.86,2.083617640997527,0.8491243840391951
1.0,7,51,249,0,0.88,2.198821510049049,0.8033856842020182
1.0,7,61,239,1,0.878,2.2123136618989125,0.7931106097110303
1.0,7,71,229,0,0.882,2.2359366013215505,0.7812648643971404
1.0,7,101,199,0,0.888,2.264602259362549,0.8075670748991102
1.0,7,150,150,0,0.894,2.350332011477739,0.7906058391865146
1.0,7,201,99,0,0.904,2.3954368772306354,0.8063054865731225
1.0,7,251,49,0,0.904,2.4080778293641165,0.8106608115743227
1.0,8,21,279,0,0.912,2.466593390533072,0.8450048420407679
1.0,8,51,249,0,0.906,2.418104543869131,0.7989129304022167
1.0,8,61,239,1,0.902,2.3880013499400765,0.7866086994159299
1.0,8,71,229,0,0.902,2.3816129989416326,0.7840117984919467
1.0,8,101,199,0,0.9,2.341947112091557,0.8031020205993448
1.0,8,150,150,0,0.884,2.110745811051157,0.8388010009056173
1.0,8,201,99,0,0.866,1.9549399891642079,0.8285028556295597
1.0,8,251,49,0,0.914,2.5265402113189936,0.840034751367447
1.0,9,21,279,0,0.916,2.6718588445025233,0.7855557880849023
1.0,9,51,249,0,0.928,2.8276335837947086,0.7603114880748064
1.0,9,61,239,1,0.932,2.8601302251036493,0.7897977937751759
1.0,9,71,229,0,0.932,2.8361394249592067,0.8051821049297176
1.0,9,101,199,0,0.938,3.020911243446903,0.7968933221732899
1.0,9,150,150,0,0.916,2.647732303041038,0.8140405279830496
1.0,9,201,99,0,0.934,2.939727090602301,0.8070968860409791
1.0,9,251,49,0,0.918,2.674457768329886,0.7825023500675162
1.0,10,21,279,0,0.866,2.317279609887819,0.7250478476138785
1.0,10,51,249,0,0.856,2.2647532350700548,0.7587150940284985
1.0,10,61,239,1,0.864,2.3015297664754035,0.7485658127649569
1.0,10,71,229,0,0.866,2.314936150231595,0.7441217674337661
1.0,10,101,199,0,0.858,2.283106648702891,0.7683472315333695
1.0,10,150,150,0,0.886,2.4662872253615897,0.8075521547336999
1.0,10,201,99,0,0.91,2.6644132422371114,0.8137881501475532
1.0,10,251,49,0,0.922,2.807268595205247,0.815190622327045
1.0,11,21,279,0,0.902,2.411706540778792,0.7842232083282015
1.0,11,51,249,0,0.902,2.41130216137026,0.7818912075449629
1.0,11,61,239,1,0.896,2.4044902646576083,0.7474351550395908
1.0,11,71,229,0,0.898,2.407419989679611,0.7614540660388514
1.0,11,101,199,0,0.9,2.409906652882456,0.7741955076414226
1.0,11,150,150,0,0.902,2.4799215931131355,0.7966420339090085
1.0,11,201,99,0,0.904,2.479578944198788,0.7994478587832693
1.0,11,251,49,0,0.862,2.069269168189772,0.7990038354270462
1.0,12,21,279,0,0.882,2.147202964639683,0.7984543351136334
1.0,12,51,249,0,0.872,2.100438379331171,0.8327431157021896
1.0,12,61,239,1,0.858,2.0169345350162478,0.825456734250668
1.0,12,71,229,0,0.864,2.047348757723862,0.8160728256070736
1.0,12,101,199,0,0.862,2.0520316475855194,0.8237153611419455
1.0,12,150,150,0,0.898,2.320078153749848,0.8082073160522588
1.0,12,201,99,0,0.892,2.235729831350088,0.8010876512255622
1.0,12,251,49,0,0.92,2.5707370765491,0.8126608750960416
1.0,13,21,279,0,0.894,2.2886233898994526,0.7826651816558609
1.0,13,51,249,0,0.894,2.2853405326010927,0.7942243662179459
1.0,13,61,239,1,0.902,2.3626874860578204,0.7824993347061888
1.0,13,71,229,0,0.906,2.418559557469148,0.8164673278061659
1.0,13,101,199,0,0.904,2.418911020380847,0.8101603335584913
1.0,13,150,150,0,0.896,2.271849530266125,0.8143566629061488
1.0,13,201,99,0,0.904,2.4242974880793575,0.8063823701063595
1.0,13,251,49,0,0.888,2.227205724153291,0.805151778836048
1.0,14,21,279,0,0.92,2.4987811969129408,0.8310247537800934
1.0,14,51,249,0,0.922,2.5226226761756743,0.7925878383804283
1.0,14,61,239,1,0.92,2.527405449993069,0.7840422734355336
1.0,14,71,229,0,0.922,2.5222986652774635,0.7931551543620566
1.0,14,101,199,0,0.922,2.5834342363146945,0.7800673940047826
1.0,14,150,150,0,0.936,2.8334427748910143,0.8013329202811345
1.0,14,201,99,0,0.918,2.4752858431336255,0.8141230615219062
1.0,14,251,49,0,0.952,3.1023884772372567,0.8114931686393368
1.0,15,21,279,0,0.884,2.423047534739794,0.6029578141816785
1.0,15,51,249,0,0.904,2.5205639624159804,0.6802441857518543
1.0,15,61,239,1,0.902,2.521599797278845,0.6796233052178762
1.0,15,71,229,0,0.9,2.486105076129333,0.671570950421925
1.0,15,101,199,0,0.876,2.20843901182788,0.7212262478832515
1.0,15,150,150,0,0.894,2.321803796048719,0.7563459063668527
1.0,15,201,99,0,0.888,2.285725641149163,0.7706197777147441
1.0,15,251,49,0,0.912,2.598321556453295,0.7723594584353258
1.0,16,21,279,0,0.86,2.381095749076807,0.6723178721701737
1.0,16,51,249,0,0.862,2.4755293681548647,0.800746306201507
1.0,16,61,239,1,0.866,2.4609966537248407,0.7842572949090025
1.0,16,71,229,0,0.874,2.547213589975895,0.804445159681936
1.0,16,101,199,0,0.862,2.478128751817445,0.7967879003977764
1.0,16,150,150,0,0.862,2.4331428124823327,0.7786026759573951
1.0,16,201,99,0,0.862,2.4693265874496566,0.7969630599173063
1.0,16,251,49,0,0.874,2.5550031459367286,0.794127738257068
1.0,17,21,279,0,0.882,2.2927885487816706,0.8415374989950832
1.0,17,51,249,0,0.854,2.1591095923087877,0.8302146091292865
1.0,17,61,239,1,0.886,2.2870754886331706,0.8011818698201939
1.0,17,71,229,0,0.886,2.2872625407246807,0.8025680554036011
1.0,17,101,199,0,0.894,2.372557617763714,0.7987092019077499
1.0,17,150,150,0,0.9,2.475158198917993,0.780764925166469
1.0,17,201,99,0,0.83,1.9697233629810371,0.7971832200463664
1.0,17,251,49,0,0.92,2.6607866850903936,0.8028217447922265
1.0,18,21,279,0,0.888,2.4086970733919966,0.8674863755868935
1.0,18,51,249,0,0.884,2.2792250267790513,0.8169516899201852
1.0,18,61,239,1,0.894,2.389851551589455,0.7836342955099783
1.0,18,71,229,0,0.894,2.3867704039273643,0.7815616400674756
1.0,18,101,199,0,0.9,2.5042948276477484,0.819503008138622
1.0,18,150,150,0,0.898,2.5046207248461902,0.8209162564850652
1.0,18,201,99,0,0.91,2.5511126880695874,0.8250905678768757
1.0,18,251,49,0,0.91,2.5618680852652633,0.8181339573618407
1.0,19,21,279,0,0.928,2.9324288434978443,0.6409943087324523
1.0,19,51,249,0,0.924,2.773595037120398,0.8252264283291026
1.0,19,61,239,1,0.924,2.772253884987821,0.8266449190781564
1.0,19,71,229,0,0.924,2.785586673590069,0.8121674745746844
1.0,19,101,199,0,0.914,2.5974956321618192,0.8445724610829027
1.0,19,150,150,0,0.912,2.5410443834262137,0.8496748573414848
1.0,19,201,99,0,0.916,2.681627050009621,0.8302715326830271
1.0,19,251,49,0,0.912,2.550437825303051,0.8364471736656622
1.0,20,21,279,0,0.896,2.416585788606432,0.7902321444665995
1.0,20,51,249,0,0.898,2.438680955308255,0.7605293050588996
1.0,20,61,239,1,0.9,2.455487301839727,0.7548173884424704
1.0,20,71,229,0,0.898,2.4418463530866874,0.7594519355328445
1.0,20,101,199,0,0.902,2.500169567622129,0.7685222300771024
1.0,20,150,150,0,0.882,2.276712437684884,0.8280355663332761
1.0,20,201,99,0,0.88,2.248921644226024,0.8357799557857363
1.0,20,251,49,0,0.842,1.9550616093453117,0.8420655316508966
1.0,21,21,279,0,0.892,2.4998683439919387,0.7779745264987473
1.0,21,51,249,0,0.882,2.4147004245314623,0.7792127462030245
1.0,21,61,239,1,0.876,2.326690534404468,0.8010523838706509
1.0,21,71,229,0,0.88,2.397107047389789,0.7969350792304285
1.0,21,101,199,0,0.878,2.3510614364108804,0.7896612397034817
1.0,21,150,150,0,0.878,2.3476334184825904,0.8142555839939084
1.0,21,201,99,0,0.886,2.431694994705625,0.8003899516258374
1.0,21,251,49,0,0.886,2.4347751166491536,0.8041633891681236
1.0,22,21,279,0,0.91,2.4585183535685187,0.7055449575400332
1.0,22,51,249,0,0.92,2.4967969289459426,0.773835649084612
1.0,22,61,239,1,0.914,2.4796411192930776,0.7473180543991653
1.0,22,71,229,0,0.92,2.5274649096122803,0.787868609777609
1.0,22,101,199,0,0.916,2.4430812808953757,0.7978333037672202
1.0,22,150,150,0,0.928,2.699350489148812,0.819761245359253
1.0,22,201,99,0,0.94,2.9513129222284893,0.8286228619529118
1.0,22,251,49,0,0.966,3.7667765661930708,0.8176113874429078
1.0,23,21,279,0,0.9,2.4608896216243275,0.8616199693372965
1.0,23,51,249,0,0.898,2.4785877298068146,0.8461664324205912
1.0,23,61,239,1,0.898,2.5286013014241564,0.8275886372345073
1.0,23,71,229,0,0.902,2.5557461293848975,0.8176206139166509
1.0,23,101,199,0,0.914,2.7104057716548144,0.8255252978801424
1.0,23,150,150,0,0.874,2.350513784983825,0.8075636150844517
1.0,23,201,99,0,0.92,2.7981712542402284,0.8197102930520107
1.0,23,251,49,0,0.916,2.727113530764587,0.8207248476665107
1.0,24,21,279,0,0.894,2.2263976084802444,0.7638926658340692
1.0,24,51,249,0,0.892,2.184800174809505,0.8218552000209713
1.0,24,61,239,1,0.898,2.1924807858905186,0.7838607643969434
1.0,24,71,229,0,0.898,2.1928696757896486,0.7831611326185292
1.0,24,101,199,0,0.898,2.1909034298066734,0.786704844789167
1.0,24,150,150,0,0.878,2.069052521024096,0.7868731839390454
1.0,24,201,99,0,0.87,2.0532933653519176,0.8031503589381404
1.0,24,251,49,0,0.904,2.285976429315695,0.80827405899668
1.0,25,21,279,0,0.936,2.7026261704741654,0.7455976072862821
1.0,25,51,249,0,0.938,2.7948456613865673,0.7543500807381799
1.0,25,61,239,1,0.938,2.80911233826068,0.7417244082782078
1.0,25,71,229,0,0.938,2.7949083339211964,0.7543290309633721
1.0,25,101,199,0,0.934,2.6921812591370933,0.7682450986270907
1.0,25,150,150,0,0.934,2.7278014015351757,0.7865308883636984
1.0,25,201,99,0,0.94,2.7970205302117246,0.7725143970480335
1.0,25,251,49,0,0.952,3.070837449140909,0.7861828533895995
1.0,26,21,279,0,0.942,2.8305561343171903,0.8822676943300513
1.0,26,51,249,0,0.936,2.727042788152781,0.8610437099552478
1.0,26,61,239,1,0.928,2.627608289579351,0.846749118373105
1.0,26,71,229,0,0.926,2.595659313650454,0.836978064115497
1.0,26,101,199,0,0.92,2.5437486877139133,0.7959648802401171
1.0,26,150,150,0,0.902,2.393107599798016,0.8211314944972719
1.0,26,201,99,0,0.928,2.6210143023983945,0.8258359623430314
1.0,26,251,49,0,0.89,2.33059069262241,0.8060887507658671
1.0,27,21,279,0,0.896,2.4583105397961216,0.7654575031037834
1.0,27,51,249,0,0.898,2.457686229320904,0.8000473530055082
1.0,27,61,239,1,0.904,2.543714509698437,0.8316923455919052
1.0,27,71,229,0,0.894,2.4257756019763774,0.8288026099083267
1.0,27,101,199,0,0.89,2.388580904538895,0.8199713962405569
1.0,27,150,150,0,0.886,2.3779496274312546,0.8017860176806916
1.0,27,201,99,0,0.89,2.395234295684839,0.7863277061922836
1.0,27,251,49,0,0.93,2.8001256751882355,0.7768305500136128
1.0,28,21,279,0,0.85,2.111649296644337,0.820795395516437
1.0,28,51,249,0,0.848,2.119565836621468,0.8111736528340282
1.0,28,61,239,1,0.86,2.175546043989354,0.835029357386072
1.0,28,71,229,0,0.846,2.1055655347044984,0.8281877413031837
1.0,28,101,199,0,0.862,2.180299144500076,0.8363639059975786
1.0,28,150,150,0,0.83,2.0043011049952155,0.8286911370555072
1.0,28,201,99,0,0.846,2.1062440721050364,0.8273633169271601
1.0,28,251,49,0,0.846,2.1070751084791617,0.8263535862559187
1.0,29,21,279,0,0.9,2.358262415811847,0.7975285020988822
1.0,29,51,249,0,0.9,2.3194442481792357,0.7556355116511096
1.0,29,61,239,1,0.9,2.3424538093410465,0.7850934798714331
1.0,29,71,229,0,0.9,2.3426385956820703,0.7897316198032115
1.0,29,101,199,0,0.898,2.3426287601240183,0.8003835358489373
1.0,29,150,150,0,0.902,2.37359685617352,0.8050826976835702
1.0,29,201,99,0,0.894,2.297660783453261,0.7937616843018823
1.0,29,251,49,0,0.894,2.2846295176871707,0.7905206597917767
1.0,30,21,279,0,0.88,2.326043717695567,0.5716784421117144
1.0,30,51,249,0,0.87,2.1459507617869593,0.7200666982988511
1.0,30,61,239,1,0.87,2.153699474725183,0.7172896816800707
1.0,30,71,229,0,0.868,2.1684369975480067,0.7032144550848805
1.0,30,101,199,0,0.872,2.1821917595958067,0.7251801914073599
1.0,30,150,150,0,0.868,2.1313771804823345,0.759269642383033
1.0,30,201,99,0,0.838,1.967946719025521,0.779713475344896
1.0,30,251,49,0,0.846,2.0488439165894077,0.7979061042013593
1.0,31,21,279,0,0.892,2.4797129299239176,0.7794933117297064
1.0,31,51,249,0,0.892,2.5082386103682155,0.7870165701316395
1.0,31,61,239,1,0.888,2.4635934796804375,0.7737857124566416
1.0,31,71,229,0,0.892,2.473784120950173,0.7795768370322633
1.0,31,101,199,0,0.898,2.581561237642978,0.7832841224842451
1.0,31,150,150,0,0.914,2.7911258019970813,0.7613917921914287
1.0,31,201,99,0,0.928,3.040360677897633,0.7560458678155088
1.0,31,251,49,0,0.928,3.0060396543567633,0.7701773987041398
1.0,32,21,279,0,0.918,2.401486565614106,0.827277602308236
1.0,32,51,249,0,0.92,2.4184991372177573,0.8555581303651049
1.0,32,61,239,1,0.91,2.3332817902359664,0.8376890710067753
1.0,32,71,229,0,0.904,2.283441328273325,0.825299836528506
1.0,32,101,199,0,0.914,2.3563881332636067,0.8185729104706926
1.0,32,150,150,0,0.936,2.582230087089826,0.8047954948861263
1.0,32,201,99,0,0.938,2.6179022988270586,0.7996342018127272
1.0,32,251,49,0,0.94,2.6079654910592125,0.7767505612159465
1.0,33,21,279,0,0.92,2.6264540637950815,0.7403567954817234
1.0,33,51,249,0,0.91,2.471075437796541,0.771077687466291
1.0,33,61,239,1,0.906,2.44156735828624,0.7739985700637053
1.0,33,71,229,0,0.906,2.427372444910951,0.7845969212425553
1.0,33,101,199,0,0.9,2.353440946353139,0.8038977854544324
1.0,33,150,150,0,0.906,2.4110579731801844,0.8192319859390653
1.0,33,201,99,0,0.898,2.3266583722769343,0.8158827700092015
1.0,33,251,49,0,0.908,2.4242244579326218,0.8327478802911621
1.0,34,21,279,0,0.896,2.56111618016739,0.6841301038792317
1.0,34,51,249,0,0.896,2.6098644750756086,0.7351774914201797
1.0,34,61,239,1,0.896,2.575007465208013,0.7258558646727367
1.0,34,71,229,0,0.896,2.579430494251508,0.7513220308031678
1.0,34,101,199,0,0.892,2.5335959942129076,0.7857326792700642
1.0,34,150,150,0,0.902,2.611509889716498,0.7813309151978903
1.0,34,201,99,0,0.926,2.8250076396775077,0.7720409337869653
1.0,34,251,49,0,0.89,2.5270935164908983,0.7768100712584459
1.0,35,21,279,0,0.878,2.2772009846046855,0.9179195062912432
1.0,35,51,249,0,0.882,2.2369750384704985,0.8657440502722378
1.0,35,61,239,1,0.878,2.214565410294108,0.8565970097171997
1.0,35,71,229,0,0.882,2.2353994566707542,0.8672824038284024
1.0,35,101,199,0,0.886,2.2403383918427044,0.8696674584859062
1.0,35,150,150,0,0.874,2.1919035473142414,0.8535089954878219
1.0,35,201,99,0,0.828,1.939743736844937,0.8407539988119654
1.0,35,251,49,0,0.856,2.1117452351572887,0.8275033298200719
1.0,36,21,279,0,0.934,2.77690939465933,0.6098233391172246
1.0,36,51,249,0,0.932,2.6989283064363008,0.7669326200701027
1.0,36,61,239,1,0.938,2.708693235797456,0.7311945680593978
1.0,36,71,229,0,0.938,2.7254128691317963,0.742964488293304
1.0,36,101,199,0,0.942,2.9185961614064997,0.7890214681965187
1.0,36,150,150,0,0.926,2.6385293640984724,0.7894315954549963
1.0,36,201,99,0,0.958,3.22418847414463,0.8001225442206815
1.0,36,251,49,0,0.98,4.437747394929841,0.7938017670221932
1.0,37,21,279,0,0.894,2.6107265045873604,0.7558979503723277
1.0,37,51,249,0,0.876,2.469402442000911,0.8085781554954156
1.0,37,61,239,1,0.874,2.4432759094210956,0.8342404229631596
1.0,37,71,229,0,0.874,2.4197377396688577,0.8279292768090578
1.0,37,101,199,0,0.874,2.41940846607795,0.8280591216161085
1.0,37,150,150,0,0.888,2.6605689420264107,0.8295872135035257
1.0,37,201,99,0,0.866,2.3276218089488485,0.8134552113177964
1.0,37,251,49,0,0.852,2.1670012282400086,0.8275550525251086
1.0,38,21,279,0,0.874,2.120929908905613,0.7978320935518615
1.0,38,51,249,0,0.874,2.146494724321699,0.7848167667681357
1.0,38,61,239,1,0.876,2.126986354570613,0.8192365119888232
1.0,38,71,229,0,0.874,2.106804642870259,0.8101672442384152
1.0,38,101,199,0,0.874,2.119617106426307,0.8032929320095619
1.0,38,150,150,0,0.896,2.297873194893475,0.7830594882783649
1.0,38,201,99,0,0.882,2.218263968534982,0.7952528802893318
1.0,38,251,49,0,0.842,1.8409781325921626,0.7907542043864163
1.0,39,21,279,0,0.894,2.4122823815419743,0.7674450947590831
1.0,39,51,249,0,0.89,2.4087825340152067,0.7401951763301482
1.0,39,61,239,1,0.892,2.4065068395518727,0.7570573295545518
1.0,39,71,229,0,0.894,2.428026632100414,0.7801987491051592
1.0,39,101,199,0,0.894,2.442464462042261,0.8115979578155679
1.0,39,150,150,0,0.914,2.5192193090410164,0.8252113833854117
1.0,39,201,99,0,0.938,2.806764190515918,0.8049471806484363
1.0,39,251,49,0,0.848,2.0452215533837483,0.8047722664454194
1.0,40,21,279,0,0.892,2.5033159727379335,0.7216340375359873
1.0,40,51,249,0,0.892,2.3497664010126327,0.8331778429441388
1.0,40,61,239,1,0.88,2.298469292342426,0.8176235220674294
1.0,40,71,229,0,0.888,2.3575010021393363,0.819236999316919
1.0,40,101,199,0,0.894,2.4049141042338844,0.8211081493251478
1.0,40,150,150,0,0.894,2.4295171058779683,0.8228218623957618
1.0,40,201,99,0,0.894,2.464464968083126,0.8224276717326237
1.0,40,251,49,0,0.862,2.1869911489918468,0.8258075966520058
1.0,41,21,279,0,0.89,2.356886058207846,0.7925666413627996
1.0,41,51,249,0,0.884,2.308232004557774,0.7956057965456796
1.0,41,61,239,1,0.888,2.3329855655932343,0.7867797964469074
1.0,41,71,229,0,0.89,2.3469735268523353,0.7795752853530389
1.0,41,101,199,0,0.89,2.3396082469512782,0.7703321960006196
1.0,41,150,150,0,0.872,2.1970443956938266,0.7858511484200587
1.0,41,201,99,0,0.89,2.3422858349485995,0.7834605606523642
1.0,41,251,49,0,0.898,2.4131544064484136,0.7876493044582245
1.0,42,21,279,0,0.918,2.5407269022924748,0.7574699856338459
1.0,42,51,249,0,0.918,2.5581626330679805,0.8140476432911362
1.0,42,61,239,1,0.92,2.555675045453055,0.8018037170937763
1.0,42,71,229,0,0.922,2.7242548492632346,0.8246022715077781
1.0,42,101,199,0,0.922,2.612190785243354,0.7822740765720738
1.0,42,150,150,0,0.93,2.8379555481435856,0.7826593223037653
1.0,42,201,99,0,0.966,3.680185726035677,0.7758323438158653
1.0,42,251,49,0,0.966,3.651952320272561,0.7882354529258955
1.0,43,21,279,0,0.884,2.438000015767111,0.9246893759112473
1.0,43,51,249,0,0.904,2.4526888909933695,0.8415878333570128
1.0,43,61,239,1,0.904,2.435282379569956,0.8292610926957344
1.0,43,71,229,0,0.906,2.4439292670866117,0.8325096356344256
1.0,43,101,199,0,0.888,2.2729351344308006,0.8170718937246748
1.0,43,150,150,0,0.886,2.2637198167523924,0.8005438805079993
1.0,43,201,99,0,0.88,2.2552271910534745,0.804372081207135
1.0,43,251,49,0,0.918,2.6274988305891993,0.7998697996120183
1.0,44,21,279,0,0.924,2.520950112702251,0.8487945769736931
1.0,44,51,249,0,0.92,2.5250884403570932,0.8200570648124671
1.0,44,61,239,1,0.934,2.6243858677737024,0.835689845511025
1.0,44,71,229,0,0.938,2.673861455146203,0.8394500184801149
1.0,44,101,199,0,0.932,2.569752798144382,0.8257166270922193
1.0,44,150,150,0,0.946,2.779145492267709,0.8109777083776726
1.0,44,201,99,0,0.952,2.89330175804762,0.8077490561183925
1.0,44,251,49,0,0.974,3.5034695533906977,0.8025466096757177
1.0,45,21,279,0,0.914,2.6764174560843337,0.8597813603033047
1.0,45,51,249,0,0.916,2.787587896636348,0.7670123257922682
1.0,45,61,239,1,0.92,2.8356175739797354,0.7837349569696901
1.0,45,71,229,0,0.924,2.902897067282649,0.8206233442333203
1.0,45,101,199,0,0.924,2.904884150619747,0.8228547090454653
1.0,45,150,150,0,0.924,2.867757395589707,0.8114591297204347
1.0,45,201,99,0,0.924,2.8030472627897125,0.8156695070924183
1.0,45,251,49,0,0.928,3.0589410219207993,0.8204506317878784
1.0,46,21,279,0,0.906,2.554179948510917,0.8146459429251436
1.0,46,51,249,0,0.916,2.5921114194180848,0.8202283676127485
1.0,46,61,239,1,0.914,2.6005210039306723,0.8082498925602075
1.0,46,71,229,0,0.922,2.6678773204171184,0.8169106372142586
1.0,46,101,199,0,0.9,2.482557071384269,0.806411899445614
1.0,46,150,150,0,0.916,2.5857482690901925,0.8193035830709474
1.0,46,201,99,0,0.93,2.8169628225277523,0.8098001013185441
1.0,46,251,49,0,0.988,3.9643998563410667,0.8132578527474293
1.0,47,21,279,0,0.916,2.5648430973003333,0.8185418866894727
1.0,47,51,249,0,0.92,2.6626667670104283,0.779789856234622
1.0,47,61,239,1,0.922,2.7218438000286134,0.7762808506205033
1.0,47,71,229,0,0.922,2.713380563960133,0.783560497705416
1.0,47,101,199,0,0.918,2.611548242999349,0.8183408253572783
1.0,47,150,150,0,0.91,2.494551927268296,0.8380186239274118
1.0,47,201,99,0,0.904,2.3786725023644233,0.8364513357731512
1.0,47,251,49,0,0.902,2.3657359928786637,0.8302790319837181
1.0,48,21,279,0,0.89,2.4811700246463153,0.7334201543482869
1.0,48,51,249,0,0.896,2.5091769588670907,0.7619752261595417
1.0,48,61,239,1,0.89,2.4663219935639336,0.7648682184738499
1.0,48,71,229,0,0.882,2.402042535176779,0.7982608681668742
1.0,48,101,199,0,0.874,2.3002584293387947,0.7797203069066322
1.0,48,150,150,0,0.87,2.3103735232817417,0.8047359150661599
1.0,48,201,99,0,0.844,2.123157917952386,0.8026434969800705
1.0,48,251,49,0,0.868,2.2623526843714545,0.8082045589998902
1.0,49,21,279,0,0.864,2.22641603728107,0.6477372639489135
1.0,49,51,249,0,0.872,2.325531054085041,0.761924872918318
1.0,49,61,239,1,0.878,2.3651719819162516,0.781798642685907
1.0,49,71,229,0,0.878,2.3702455077628564,0.7822832348002932
1.0,49,101,199,0,0.878,2.3572249109030023,0.7873205261926595
1.0,49,150,150,0,0.88,2.37173949230162,0.7862100758771793
1.0,49,201,99,0,0.896,2.4967811388866115,0.7847454400251239
1.0,49,251,49,0,0.878,2.3603044296054425,0.7862696030094714
1.0,50,21,279,0,0.84,2.112839615912533,0.7554036087362385
1.0,50,51,249,0,0.86,2.281810230100232,0.7779547387767655
1.0,50,61,239,1,0.86,2.267673510107833,0.7739006522690558
1.0,50,71,229,0,0.862,2.3175790234095865,0.7803965357337326
1.0,50,101,199,0,0.862,2.321104660616374,0.7834839642842624
1.0,50,150,150,0,0.874,2.3951664612422086,0.7770445181906923
1.0,50,201,99,0,0.862,2.3079046011065416,0.7853967454827773
1.0,50,251,49,0,0.822,1.991584707603954,0.7868454315941001
1.0,51,21,279,0,0.89,2.149923910000274,0.7521103207993224
1.0,51,51,249,0,0.906,2.263488399592302,0.7470999212265528
1.0,51,61,239,1,0.904,2.254916603634323,0.7496536079148514
1.0,51,71,229,0,0.902,2.2540054948960013,0.782576782386837
1.0,51,101,199,0,0.904,2.259411549681412,0.779820588814117
1.0,51,150,150,0,0.902,2.235523506101074,0.7769843919846021
1.0,51,201,99,0,0.912,2.366259145609685,0.7872284219019403
1.0,51,251,49,0,0.95,2.8955792299295955,0.7869282466409586
1.0,52,21,279,0,0.866,2.2092919597581644,0.7282401263912012
1.0,52,51,249,0,0.874,2.280557881350765,0.7965886100627448
1.0,52,61,239,1,0.872,2.2733848147630176,0.7753375321766469
1.0,52,71,229,0,0.84,2.079610073124779,0.7851301532800179
1.0,52,101,199,0,0.846,2.102362710972685,0.7818409214046812
1.0,52,150,150,0,0.878,2.3221583874357905,0.8035859166815938
1.0,52,201,99,0,0.884,2.3515869469070947,0.8206929127925362
1.0,52,251,49,0,0.928,2.7729154797757722,0.8253423174359725
1.0,53,21,279,0,0.904,2.3777747655712247,0.731958903328722
1.0,53,51,249,0,0.912,2.413536850580797,0.7473760980107664
1.0,53,61,239,1,0.916,2.4075342204549353,0.7590241710021295
1.0,53,71,229,0,0.916,2.4204945322633105,0.7714383928399776
1.0,53,101,199,0,0.916,2.4082367335045385,0.7596742985982562
1.0,53,150,150,0,0.892,2.244472351195951,0.7585923098001903
1.0,53,201,99,0,0.892,2.241788558034414,0.7839787498009676
1.0,53,251,49,0,0.88,2.0801088135397934,0.8004514270354846
1.0,54,21,279,0,0.874,2.210246301914777,0.7825150361869413
1.0,54,51,249,0,0.874,2.272698592121263,0.7520417435570959
1.0,54,61,239,1,0.872,2.175122667296493,0.7704598408788834
1.0,54,71,229,0,0.864,2.140307076957742,0.7598101347486427
1.0,54,101,199,0,0.858,2.114895108735249,0.7629640121647913
1.0,54,150,150,0,0.846,2.041443468777501,0.7685751337185048
1.0,54,201,99,0,0.83,1.9025448501631121,0.7874721538302774
1.0,54,251,49,0,0.856,2.0869805313764567,0.7900493664609803
1.0,55,21,279,0,0.888,2.586141692900451,0.7892450230194085
1.0,55,51,249,0,0.888,2.602687657545571,0.7823235646739205
1.0,55,61,239,1,0.888,2.6333069841487733,0.7692838690823153
1.0,55,71,229,0,0.894,2.6801170684607176,0.7964639625059344
1.0,55,101,199,0,0.9,2.6920413347473087,0.8105369593143764
1.0,55,150,150,0,0.9,2.686297290096494,0.8037355566781829
1.0,55,201,99,0,0.946,3.2596861839780202,0.8122082570562179
1.0,55,251,49,0,0.938,3.1415080636871373,0.782052061987211
1.0,56,21,279,0,0.898,2.369657215178383,0.79756503203095
1.0,56,51,249,0,0.898,2.352341762560076,0.8676508887240405
1.0,56,61,239,1,0.904,2.4012760668688324,0.8517065952907674
1.0,56,71,229,0,0.904,2.3992276360134994,0.8523728933173338
1.0,56,101,199,0,0.902,2.410933742459315,0.8155942216348312
1.0,56,150,150,0,0.91,2.540243349028908,0.8303774862964294
1.0,56,201,99,0,0.878,2.181413510955302,0.8182330085469569
1.0,56,251,49,0,0.878,2.1784887068420113,0.8203028573055248
1.0,57,21,279,0,0.896,2.2961829685802453,0.7948731399368173
1.0,57,51,249,0,0.9,2.288751068876504,0.7652146988468521
1.0,57,61,239,1,0.896,2.2237127798912306,0.774770280658574
1.0,57,71,229,0,0.9,2.2444257860202232,0.7621345394166859
1.0,57,101,199,0,0.896,2.2084495956155967,0.7680995058673115
1.0,57,150,150,0,0.896,2.220994406312244,0.7781085678308679
1.0,57,201,99,0,0.792,1.6864635032946385,0.7881353883687303
1.0,57,251,49,0,0.772,1.5542521921722903,0.7994728201795974
1.0,58,21,279,0,0.882,2.3932431947824697,0.9128752544704274
1.0,58,51,249,0,0.872,2.3159149950372906,0.8473656922419414
1.0,58,61,239,1,0.884,2.3860485449320996,0.8063890628936707
1.0,58,71,229,0,0.89,2.4607761136400677,0.7978429561016863
1.0,58,101,199,0,0.89,2.4746353319440586,0.8037470248025799
1.0,58,150,150,0,0.886,2.4567011972504535,0.8374948271711651
1.0,58,201,99,0,0.884,2.4385044284143342,0.8324181919649837
1.0,58,251,49,0,0.888,2.4591135814567604,0.8285621459912706
1.0,59,21,279,0,0.848,2.1749518202647415,0.6727214716047255
1.0,59,51,249,0,0.846,2.110631395732547,0.7045185477854241
1.0,59,61,239,1,0.84,2.1111528402272666,0.7388031923930803
1.0,59,71,229,0,0.846,2.145275993114259,0.7275183159645054
1.0,59,101,199,0,0.832,2.1026374635352827,0.77175642612755
1.0,59,150,150,0,0.828,2.0817546845335553,0.7878138462256028
1.0,59,201,99,0,0.826,2.063115419940899,0.8022045893640637
1.0,59,251,49,0,0.912,2.731035465771061,0.8069331077248812
1.0,60,21,279,0,0.858,2.1527406185013596,0.7812181756628463
1.0,60,51,249,0,0.854,2.0900027159505807,0.8053988632835739
1.0,60,61,239,1,0.854,2.0883108111031863,0.8040882962809787
1.0,60,71,229,0,0.854,2.0847378928242657,0.8085363021689037
1.0,60,101,199,0,0.858,2.1436065240731255,0.8237147135927452
1.0,60,150,150,0,0.83,1.9455065644762535,0.7972893966682935
1.0,60,201,99,0,0.82,1.8594905929924617,0.7955187381237043
1.0,60,251,49,0,0.824,1.9259841970439164,0.7905680894911574
1.0,61,21,279,0,0.888,2.592490300958838,0.7110582065119271
1.0,61,51,249,0,0.882,2.473243282767233,0.7697522569523767
1.0,61,61,239,1,0.882,2.490332212750396,0.7619860967757179
1.0,61,71,229,0,0.88,2.4575633919308135,0.7773922271869848
1.0,61,101,199,0,0.88,2.4072465201254816,0.7832172084006285
1.0,61,150,150,0,0.878,2.367631115983695,0.7972320098859493
1.0,61,201,99,0,0.868,2.270193976745738,0.7965300267911345
1.0,61,251,49,0,0.828,1.9616507405342272,0.7855169566880484
1.0,62,21,279,0,0.908,2.5413078091761396,0.867155335538918
1.0,62,51,249,0,0.918,2.66166864798283,0.8519253667522152
1.0,62,61,239,1,0.928,2.7521615178670857,0.8376900835998753
1.0,62,71,229,0,0.928,2.7818617665713394,0.8244058503659258
1.0,62,101,199,0,0.93,2.7935341894050327,0.8192181269168531
1.0,62,150,150,0,0.928,2.7913572656625703,0.8201842400428951
1.0,62,201,99,0,0.9,2.450388509486856,0.809969790585624
1.0,62,251,49,0,0.874,2.2929526088116217,0.8021403134278942
1.0,63,21,279,0,0.896,2.374965890543145,0.6228471946935898
1.0,63,51,249,0,0.888,2.2234210778414782,0.7457249356154874
1.0,63,61,239,1,0.884,2.210925608087851,0.7519859202711524
1.0,63,71,229,0,0.888,2.2298577524566645,0.748452397646924
1.0,63,101,199,0,0.934,2.667665640431834,0.7339565829639564
1.0,63,150,150,0,0.934,2.7706288758017386,0.7180109459405469
1.0,63,201,99,0,0.936,2.859644391950228,0.7396633779213359
1.0,63,251,49,0,0.942,2.900691923258207,0.7523738195059159
1.0,64,21,279,0,0.88,2.3204037127131216,0.8910038131781081
1.0,64,51,249,0,0.882,2.294635021153811,0.8287854868251731
1.0,64,61,239,1,0.884,2.304659025253928,0.8099743184544017
1.0,64,71,229,0,0.876,2.242891535615752,0.7903285963218493
1.0,64,101,199,0,0.876,2.243229238536478,0.7695369421902692
1.0,64,150,150,0,0.894,2.404830402825818,0.7948621699950187
1.0,64,201,99,0,0.922,2.797006705180197,0.7679806627637786
1.0,64,251,49,0,0.93,2.9188605559604746,0.7982326824934382
1.0,65,21,279,0,0.884,2.175471960096922,0.8351984311086318
1.0,65,51,249,0,0.868,2.1499511380868364,0.7544872612755491
1.0,65,61,239,1,0.866,2.1121114350784715,0.7477882405068391
1.0,65,71,229,0,0.868,2.1183240052796086,0.7518955567499929
1.0,65,101,199,0,0.864,2.0676779424642864,0.7814247621307802
1.0,65,150,150,0,0.856,2.0116212389267427,0.7919915494252507
1.0,65,201,99,0,0.864,2.0404485822615546,0.7950015800946586
1.0,65,251,49,0,0.896,2.3028978777371996,0.7889356525736202
1.0,66,21,279,0,0.878,2.231367490310884,0.8718968985941109
1.0,66,51,249,0,0.876,2.1979025634742984,0.8751307477557194
1.0,66,61,239,1,0.872,2.1693608153407355,0.8649154304278345
1.0,66,71,229,0,0.874,2.1829221203716784,0.8541820267716097
1.0,66,101,199,0,0.898,2.420207159623078,0.8455378432851599
1.0,66,150,150,0,0.902,2.4326889827473877,0.8239382617053347
1.0,66,201,99,0,0.906,2.485024577543243,0.8223057550920565
1.0,66,251,49,0,0.796,1.6940731600871848,0.8165947417564876
1.0,67,21,279,0,0.872,2.2105693068973378,0.8646006129056358
1.0,67,51,249,0,0.868,2.1906847113809707,0.81911657266096
1.0,67,61,239,1,0.868,2.195668994138161,0.8213213750909335
1.0,67,71,229,0,0.878,2.2679224861442453,0.8337950146180526
1.0,67,101,199,0,0.856,2.1156595567881933,0.8091295942147123
1.0,67,150,150,0,0.838,1.94123453343243,0.7993289528430398
1.0,67,201,99,0,0.86,2.1393170716714596,0.7966642713833576
1.0,67,251,49,0,0.83,1.9142011199900237,0.8091153110070243
1.0,68,21,279,0,0.858,2.2270668869293195,0.730421575604531
1.0,68,51,249,0,0.862,2.2875794693290747,0.7832372330935629
1.0,68,61,239,1,0.866,2.293058265703397,0.7904014914299423
1.0,68,71,229,0,0.86,2.2603843780066444,0.7858923848032808
1.0,68,101,199,0,0.866,2.313894406518649,0.7839023759555788
1.0,68,150,150,0,0.866,2.3071214513109117,0.780712075405313
1.0,68,201,99,0,0.926,2.8167533123024877,0.7661431295570277
1.0,68,251,49,0,0.942,3.0907834709327227,0.7884732651038971
1.0,69,21,279,0,0.874,2.108194827331653,0.7456021531234227
1.0,69,51,249,0,0.872,2.1018239765565916,0.7413821888490086
1.0,69,61,239,1,0.87,2.1125098128950315,0.7654758326067488
1.0,69,71,229,0,0.87,2.1202024705405376,0.7612401141599673
1.0,69,101,199,0,0.864,2.045592382441503,0.7712058636948895
1.0,69,150,150,0,0.868,2.096552246163278,0.7742827175673972
1.0,69,201,99,0,0.86,2.027730399308637,0.7687486692123078
1.0,69,251,49,0,0.89,2.274284489841398,0.765244920718896
1.0,70,21,279,0,0.9,2.4606684365787497,0.8525455407489944
1.0,70,51,249,0,0.92,2.635865184325797,0.8039679536709383
1.0,70,61,239,1,0.922,2.6714928226629207,0.7906656666230113
1.0,70,71,229,0,0.92,2.657903183253948,0.7859017945500314
1.0,70,101,199,0,0.912,2.599167392594678,0.7768792769661309
1.0,70,150,150,0,0.92,2.6434779112799576,0.790598703038329
1.0,70,201,99,0,0.92,2.6467923510184836,0.7916252038808718
1.0,70,251,49,0,0.946,3.068024078597327,0.8032824331033019
1.0,71,21,279,0,0.894,2.531960558215096,0.6366037748236436
1.0,71,51,249,0,0.886,2.387646977108231,0.7076658749010525
1.0,71,61,239,1,0.9,2.4584982531872948,0.7566932254085241
1.0,71,71,229,0,0.894,2.3957178712258815,0.7675560313226388
1.0,71,101,199,0,0.902,2.470563456899791,0.7962262657531916
1.0,71,150,150,0,0.896,2.3971201524322368,0.8056397042951113
1.0,71,201,99,0,0.902,2.4891347741973937,0.7898666713531967
1.0,71,251,49,0,0.904,2.5594155670891303,0.7889486648147677
1.0,72,21,279,0,0.9,2.384118797247763,0.6828953787816264
1.0,72,51,249,0,0.896,2.3653398287624148,0.7039051331280569
1.0,72,61,239,1,0.874,2.2021884935830833,0.7163192651334795
1.0,72,71,229,0,0.878,2.243276168362033,0.7678947373462753
1.0,72,101,199,0,0.876,2.2323131385654587,0.7727074869663204
1.0,72,150,150,0,0.886,2.275279383872259,0.7789108505266367
1.0,72,201,99,0,0.858,2.0847925886466636,0.781949746237267
1.0,72,251,49,0,0.954,3.005397930249631,0.7816479300602166
1.0,73,21,279,0,0.916,2.424053613589586,0.8164966124759506
1.0,73,51,249,0,0.914,2.5132631045125393,0.7521244875495897
1.0,73,61,239,1,0.914,2.517559860316353,0.7534912614876115
1.0,73,71,229,0,0.916,2.4893453649171544,0.7766788498359981
1.0,73,101,199,0,0.914,2.482258218173317,0.786696189210633
1.0,73,150,150,0,0.92,2.5144184630245987,0.7986840451628119
1.0,73,201,99,0,0.918,2.478807890787073,0.7975455790737178
1.0,73,251,49,0,0.88,2.122073091708393,0.8062421192797314
1.0,74,21,279,0,0.85,2.1166800461786743,0.8346628483347719
1.0,74,51,249,0,0.86,2.1790912327559036,0.7626474524969458
1.0,74,61,239,1,0.86,2.168245767676526,0.7498372100318123
1.0,74,71,229,0,0.86,2.1743020829675013,0.7527788381565517
1.0,74,101,199,0,0.858,2.18138719557638,0.7801389337470294
1.0,74,150,150,0,0.86,2.187551301685164,0.7721686414963701
1.0,74,201,99,0,0.854,2.128334662670449,0.7832097110028339
1.0,74,251,49,0,0.854,2.1602363464644774,0.7878977067765798
1.0,75,21,279,0,0.92,2.5155591780896596,0.8791523676865282
1.0,75,51,249,0,0.924,2.58439034814823,0.8256267078863954
1.0,75,61,239,1,0.924,2.5799395744451106,0.8134189641517872
1.0,75,71,229,0,0.916,2.5320045730394654,0.8038669065420909
1.0,75,101,199,0,0.9,2.2824932084530003,0.7845660915116818
1.0,75,150,150,0,0.858,2.073121325140599,0.7674802705319028
1.0,75,201,99,0,0.886,2.1756645556680643,0.7650709080115806
1.0,75,251,49,0,0.854,2.0366550608355327,0.7717323340031675
1.0,76,21,279,0,0.91,2.6001920939881082,0.7511138924969609
1.0,76,51,249,0,0.914,2.5780110040318998,0.8191062878854984
1.0,76,61,239,1,0.91,2.56473702405708,0.7904024261237832
1.0,76,71,229,0,0.91,2.5646584046878527,0.7902413909916564
1.0,76,101,199,0,0.912,2.5718883959306096,0.8053305628839785
1.0,76,150,150,0,0.91,2.5712820232881204,0.8040427301313448
1.0,76,201,99,0,0.908,2.5204604734680047,0.8030759041487169
1.0,76,251,49,0,0.91,2.5243121767788352,0.792861458909365
1.0,77,21,279,0,0.906,2.386497965505501,0.7801398636383577
1.0,77,51,249,0,0.902,2.327361865270579,0.7742252162035532
1.0,77,61,239,1,0.908,2.3818606089536605,0.7918007680062983
1.0,77,71,229,0,0.91,2.4405128277105756,0.7720172679306443
1.0,77,101,199,0,0.912,2.463832304456502,0.8024815904616207
1.0,77,150,150,0,0.924,2.566048642569929,0.8206051824807618
1.0,77,201,99,0,0.96,3.114761914082862,0.8087931107949281
1.0,77,251,49,0,0.974,3.5384913677107757,0.8232897449326582
1.0,78,21,279,0,0.9,2.541494127909151,0.7380094306046366
1.0,78,51,249,0,0.89,2.530392507343893,0.6908279310945535
1.0,78,61,239,1,0.888,2.4299844928701777,0.7205130942121447
1.0,78,71,229,0,0.874,2.3025363501678893,0.7177439100475665
1.0,78,101,199,0,0.892,2.4172077838606465,0.7795621844837877
1.0,78,150,150,0,0.902,2.5787428153414202,0.7877489954727386
1.0,78,201,99,0,0.898,2.508921297704577,0.7851856027057679
1.0,78,251,49,0,0.894,2.421721833528609,0.7880131429570864
1.0,79,21,279,0,0.882,2.304894147545671,0.7705534141934249
1.0,79,51,249,0,0.89,2.440626862575333,0.7376984787964632
1.0,79,61,239,1,0.884,2.367453640441814,0.8210406547618345
1.0,79,71,229,0,0.882,2.347489006572948,0.8001530329749289
1.0,79,101,199,0,0.88,2.3246801435867788,0.8089806480501306
1.0,79,150,150,0,0.89,2.417506430085377,0.789087953474374
1.0,79,201,99,0,0.886,2.383165229248577,0.786284467267396
1.0,79,251,49,0,0.836,2.021935420048332,0.7866456491144951
1.0,80,21,279,0,0.904,2.3451100721483806,0.7729538693631137
1.0,80,51,249,0,0.908,2.3880228693612895,0.8100463955263937
1.0,80,61,239,1,0.906,2.377106597072711,0.8233798069596517
1.0,80,71,229,0,0.906,2.357469475461003,0.8197205046199678
1.0,80,101,199,0,0.902,2.313489155222596,0.7955664225665421
1.0,80,150,150,0,0.86,1.9822573242432173,0.7942957024496202
1.0,80,201,99,0,0.862,2.014870544676921,0.8014119808593104
1.0,80,251,49,0,0.818,1.7461249027224117,0.797546564733285
1.0,81,21,279,0,0.9,2.4012503573714477,0.7415180181826578
1.0,81,51,249,0,0.902,2.432796859772768,0.7243351013376294
1.0,81,61,239,1,0.9,2.3816682693332423,0.7490238820800565
1.0,81,71,229,0,0.898,2.3785100138340236,0.79787502148332
1.0,81,101,199,0,0.896,2.338816739709647,0.7830640610699864
1.0,81,150,150,0,0.91,2.4637734691124606,0.7846039461155646
1.0,81,201,99,0,0.912,2.4898653867799685,0.7936211350357878
1.0,81,251,49,0,0.912,2.491182480581334,0.7957199395634197
1.0,82,21,279,0,0.894,2.2863329204339715,0.7772478877745319
1.0,82,51,249,0,0.902,2.3351226329931096,0.7789055021855382
1.0,82,61,239,1,0.898,2.3319114653181074,0.7907914774099173
1.0,82,71,229,0,0.896,2.3198520367280944,0.7919465375845436
1.0,82,101,199,0,0.874,2.1354616473146817,0.7818000545548425
1.0,82,150,150,0,0.902,2.3313991007946964,0.7833722083711805
1.0,82,201,99,0,0.9,2.3439648980381427,0.791029152990553
1.0,82,251,49,0,0.896,2.323782918912271,0.7923883373622665
1.0,83,21,279,0,0.918,2.6082527263204858,0.7702891765156501
1.0,83,51,249,0,0.924,2.6442672450754197,0.8188369894839884
1.0,83,61,239,1,0.92,2.662570395229959,0.7978982991075745
1.0,83,71,229,0,0.92,2.660071678566166,0.7837612936397305
1.0,83,101,199,0,0.932,2.893338661886436,0.7801653704151111
1.0,83,150,150,0,0.918,2.613201368433537,0.7868626864305788
1.0,83,201,99,0,0.918,2.6151731358688854,0.7902014806821744
1.0,83,251,49,0,0.948,3.1970038850905436,0.7899928078495796
1.0,84,21,279,0,0.93,2.5867537456041956,0.8975841035520896
1.0,84,51,249,0,0.928,2.5386162613765544,0.8111363436085256
1.0,84,61,239,1,0.922,2.4955410810808973,0.8276105208626086
1.0,84,71,229,0,0.926,2.5150795663612406,0.8242451309703913
1.0,84,101,199,0,0.936,2.626065574044984,0.8288051559313218
1.0,84,150,150,0,0.914,2.4247818341488467,0.8120788976432757
1.0,84,201,99,0,0.916,2.4243562333438073,0.794484354668218
1.0,84,251,49,0,0.916,2.4275457633010156,0.7964622583652348
1.0,85,21,279,0,0.918,2.5653275364008468,0.8864819981183741
1.0,85,51,249,0,0.904,2.373258828076418,0.8501109756268251
1.0,85,61,239,1,0.91,2.481613739112474,0.868347749188119
1.0,85,71,229,0,0.914,2.546618371336933,0.8622879985239621
1.0,85,101,199,0,0.914,2.551802628352005,0.8685637448013835
1.0,85,150,150,0,0.952,3.100726292048442,0.8572485183332739
1.0,85,201,99,0,0.97,3.4165161909357193,0.8105234243394142
1.0,85,251,49,0,0.954,3.122074280513295,0.817717933816885
1.0,86,21,279,0,0.928,2.866021191122196,0.8199417808507583
1.0,86,51,249,0,0.924,2.7888115276702656,0.7833864500670071
1.0,86,61,239,1,0.928,2.827366710950619,0.7825873485327184
1.0,86,71,229,0,0.936,2.938015662232199,0.7715302624915197
1.0,86,101,199,0,0.93,2.8817434240951463,0.8074420835281254
1.0,86,150,150,0,0.912,2.6960440998815685,0.8089741610280862
1.0,86,201,99,0,0.916,2.6985138534715887,0.7915625430748077
1.0,86,251,49,0,0.912,2.6739293810780014,0.7909629780773914
1.0,87,21,279,0,0.894,2.3356558456067207,0.7792536323275948
1.0,87,51,249,0,0.888,2.3036330378346292,0.8262571562994449
1.0,87,61,239,1,0.904,2.475478796819517,0.8308272348950919
1.0,87,71,229,0,0.908,2.4822229652511067,0.8293845899534025
1.0,87,101,199,0,0.902,2.4084952315936565,0.8065486543226288
1.0,87,150,150,0,0.878,2.226622554988492,0.7919911258430493
1.0,87,201,99,0,0.898,2.349869223996701,0.7844590437060838
1.0,87,251,49,0,0.854,2.116123233637502,0.7886528896146613
1.0,88,21,279,0,0.894,2.4067849623215958,0.8659880193548817
1.0,88,51,249,0,0.882,2.2535784248908968,0.8167915450949468
1.0,88,61,239,1,0.882,2.2538035490999584,0.8165195578245855
1.0,88,71,229,0,0.884,2.257463896864558,0.8120454423164573
1.0,88,101,199,0,0.882,2.2174038039346504,0.7950716989851886
1.0,88,150,150,0,0.882,2.242845206096563,0.8106878236892829
1.0,88,201,99,0,0.908,2.5467952109668657,0.7870135348239401
1.0,88,251,49,0,0.928,2.7121090637629015,0.7722715604142785
1.0,89,21,279,0,0.926,2.419801707051311,0.8208363931950129
1.0,89,51,249,0,0.926,2.429999560347337,0.7931598425219011
1.0,89,61,239,1,0.932,2.4874932379472523,0.7661178446091035
1.0,89,71,229,0,0.932,2.4873885516929857,0.7737558942517196
1.0,89,101,199,0,0.932,2.487398934204926,0.7730408883844921
1.0,89,150,150,0,0.91,2.2672868778128374,0.7762481175077288
1.0,89,201,99,0,0.928,2.4063866352922356,0.7712675555399491
1.0,89,251,49,0,0.91,2.26789852720567,0.7774611491860826
1.0,90,21,279,0,0.89,2.2128947436731243,0.8828383727737682
1.0,90,51,249,0,0.89,2.157299668390332,0.8000587470142912
1.0,90,61,239,1,0.896,2.1840495173242487,0.7900306022027689
1.0,90,71,229,0,0.908,2.2628491852140717,0.7800575739179394
1.0,90,101,199,0,0.906,2.231874541028337,0.7920820033893636
1.0,90,150,150,0,0.9,2.197621797606404,0.8053998271063162
1.0,90,201,99,0,0.872,2.0537615724503304,0.7982801363650552
1.0,90,251,49,0,0.866,1.9787447162021727,0.8090165225967219
1.0,91,21,279,0,0.91,2.3133062382980385,0.8086874980095251
1.0,91,51,249,0,0.894,2.202896767853399,0.8623905187704836
1.0,91,61,239,1,0.908,2.341256056670534,0.859904450274038
1.0,91,71,229,0,0.896,2.1781102526793394,0.8522080101654363
1.0,91,101,199,0,0.894,2.2037939179397084,0.8627597686773602
1.0,91,150,150,0,0.916,2.4530424699509084,0.8673726160313544
1.0,91,201,99,0,0.942,2.7387625528613007,0.8291165661180376
1.0,91,251,49,0,0.94,2.712948245954524,0.8189212788528695
1.0,92,21,279,0,0.91,2.4356980611421015,0.7122490524962902
1.0,92,51,249,0,0.904,2.40616425403601,0.8095928196342832
1.0,92,61,239,1,0.906,2.404237150099666,0.7956889676291149
1.0,92,71,229,0,0.902,2.392039157322725,0.7773028961642433
1.0,92,101,199,0,0.908,2.436695493541502,0.7924523846317956
1.0,92,150,150,0,0.918,2.5250670196850438,0.786617941305482
1.0,92,201,99,0,0.912,2.4466903639588566,0.7985714839495329
1.0,92,251,49,0,0.928,2.6328570898064343,0.7999441111499812
1.0,93,21,279,0,0.89,2.2975525558417504,0.7685831614163574
1.0,93,51,249,0,0.896,2.3992579126216254,0.7633442498146913
1.0,93,61,239,1,0.898,2.4343019760480074,0.8080523270252223
1.0,93,71,229,0,0.898,2.4321076620717856,0.8077026080753996
1.0,93,101,199,0,0.882,2.232180302293336,0.8023012148665969
1.0,93,150,150,0,0.88,2.1733594301920203,0.7891927719337364
1.0,93,201,99,0,0.866,2.103211054933248,0.785285008687017
1.0,93,251,49,0,0.854,2.0446893634136263,0.7948799868050495
1.0,94,21,279,0,0.886,2.431630595099302,0.7405347704716957
1.0,94,51,249,0,0.888,2.4442061007169107,0.7652832747843527
1.0,94,61,239,1,0.888,2.4469359993737108,0.768776401433967
1.0,94,71,229,0,0.884,2.4579592029700934,0.7838558355296379
1.0,94,101,199,0,0.888,2.443659243460578,0.7715330568492329
1.0,94,150,150,0,0.88,2.4396591485178316,0.7870369079457739
1.0,94,201,99,0,0.838,2.116468729562339,0.7867110184018468
1.0,94,251,49,0,0.83,2.073697403081348,0.7794675209262155
1.0,95,21,279,0,0.94,2.831419943455475,0.6516796186213646
1.0,95,51,249,0,0.936,2.7146795412240965,0.722106051701092
1.0,95,61,239,1,0.936,2.7106128819536615,0.7073311053602339
1.0,95,71,229,0,0.936,2.649088376745564,0.7413017227427277
1.0,95,101,199,0,0.94,2.6641944752094897,0.769590849223304
1.0,95,150,150,0,0.932,2.5293207836596086,0.7829434593023469
1.0,95,201,99,0,0.942,2.7145814547362836,0.7713239747102978
1.0,95,251,49,0,0.908,2.3287315750110764,0.7757447568549161
1.0,96,21,279,0,0.942,2.67570519187915,0.7068640682442099
1.0,96,51,249,0,0.926,2.5677247795777887,0.7461940638687519
1.0,96,61,239,1,0.944,2.712081018845271,0.7312406430802333
1.0,96,71,229,0,0.934,2.591785783640465,0.7570584680610855
1.0,96,101,199,0,0.94,2.6962552331442167,0.7903319433567875
1.0,96,150,150,0,0.946,2.8080452785747103,0.7890559194746255
1.0,96,201,99,0,0.948,2.913066257447684,0.795872583142167
1.0,96,251,49,0,0.882,2.1683480181541004,0.8031884546692057
1.0,97,21,279,0,0.894,2.284554520983984,0.8140890289844722
1.0,97,51,249,0,0.902,2.3792634906347896,0.7596231961117662
1.0,97,61,239,1,0.902,2.4034791736096723,0.7503652118000641
1.0,97,71,229,0,0.904,2.419426113087109,0.7482340944466165
1.0,97,101,199,0,0.898,2.2845973899152034,0.7897419363604203
1.0,97,150,150,0,0.874,2.1748863436868953,0.7835035902900531
1.0,97,201,99,0,0.898,2.254744483669182,0.7816629183285968
1.0,97,251,49,0,0.914,2.5121215844320286,0.793201520084865
1.0,98,21,279,0,0.914,2.6834763484041515,0.9158937244781894
1.0,98,51,249,0,0.918,2.6771465153653846,0.8729460186080115
1.0,98,61,239,1,0.918,2.681696858384136,0.8719738533147244
1.0,98,71,229,0,0.924,2.7396154478734043,0.8514824256233681
1.0,98,101,199,0,0.924,2.713517064163376,0.8607167198503693
1.0,98,150,150,0,0.93,2.871952412411547,0.8471772501705394
1.0,98,201,99,0,0.912,2.6724662821358183,0.8240038279735432
1.0,98,251,49,0,0.936,3.0839212256781074,0.8139475308596367
1.0,99,21,279,0,0.882,2.239682939331802,0.7272127226127804
1.0,99,51,249,0,0.888,2.2388053570783333,0.796957112682902
1.0,99,61,239,1,0.886,2.252558233578908,0.8109937938372662
1.0,99,71,229,0,0.888,2.2640643554494173,0.7952690702429215
1.0,99,101,199,0,0.872,2.1429769827061245,0.7824442857351337
1.0,99,150,150,0,0.872,2.1572262661839705,0.766518033864553
1.0,99,201,99,0,0.9,2.4475437897590853,0.7838506467242026
1.0,99,251,49,0,0.926,2.6291086626821296,0.8022708293627825
1.0,100,21,279,0,0.9,2.456450005872537,0.7348075531753104
1.0,100,51,249,0,0.902,2.4897461848721476,0.8193386522659182
1.0,100,61,239,1,0.904,2.5158625780777633,0.834084311428846
1.0,100,71,229,0,0.9,2.4548894684387643,0.8191888040847669
1.0,100,101,199,0,0.904,2.5209983575020662,0.8367226768444206
1.0,100,150,150,0,0.896,2.4246265447266264,0.8117202593751387
1.0,100,201,99,0,0.904,2.5344716463051653,0.8320205903550233
1.0,100,251,49,0,0.906,2.624925908439997,0.812738539391359
1.0,101,21,279,0,0.924,2.7930455662423066,0.6886396837323082
1.0,101,51,249,0,0.932,2.9001881459255885,0.7912800795614099
1.0,101,61,239,1,0.932,2.8893429526137977,0.794713778995507
1.0,101,71,229,0,0.932,2.92552847250536,0.7833136002386519
1.0,101,101,199,0,0.932,2.9539145386793098,0.7795861085785883
1.0,101,150,150,0,0.94,3.07776452281734,0.7817830385224622
1.0,101,201,99,0,0.938,3.0927285590022384,0.7947572407358455
1.0,101,251,49,0,0.926,2.7409495939617137,0.7971568629856167
1.0,102,21,279,0,0.898,2.460179492921819,0.839166821334349
1.0,102,51,249,0,0.904,2.481210235654344,0.8512900044646896
1.0,102,61,239,1,0.892,2.392589745713123,0.858774112312126
1.0,102,71,229,0,0.896,2.4252040500160232,0.8492727039135324
1.0,102,101,199,0,0.894,2.4009941040227143,0.829722509297318
1.0,102,150,150,0,0.864,2.069157783006136,0.8110917264717349
1.0,102,201,99,0,0.882,2.2301471007817426,0.7898552188170933
1.0,102,251,49,0,0.866,2.1397707515653113,0.8132424805935665
1.0,103,21,279,0,0.92,2.709612105560561,0.6317803720228857
1.0,103,51,249,0,0.914,2.5645022203322947,0.7027573540786834
1.0,103,61,239,1,0.908,2.43931717598019,0.7559638630822354
1.0,103,71,229,0,0.906,2.4220701426983715,0.7629364038854466
1.0,103,101,199,0,0.918,2.588090489374117,0.7846823168916562
1.0,103,150,150,0,0.936,2.6993144790663526,0.8002277212509482
1.0,103,201,99,0,0.914,2.572336142743054,0.7836128233626534
1.0,103,251,49,0,0.918,2.6005520963750453,0.8034401971069693
1.0,104,21,279,0,0.876,2.2614348781237377,0.7977385049810783
1.0,104,51,249,0,0.884,2.4261264370083655,0.863416870700724
1.0,104,61,239,1,0.892,2.492053878722835,0.8602127937851556
1.0,104,71,229,0,0.894,2.5191634215374887,0.8654207533480175
1.0,104,101,199,0,0.898,2.553154710793776,0.8561418598302499
1.0,104,150,150,0,0.914,2.6933912201808408,0.8414406353408905
1.0,104,201,99,0,0.926,2.916724245666145,0.8344838992181474
1.0,104,251,49,0,0.95,3.379276978274094,0.8273259137162162
1.0,105,21,279,0,0.916,2.5256490628208783,0.7561200575449166
1.0,105,51,249,0,0.918,2.585274537586781,0.7776249433985745
1.0,105,61,239,1,0.924,2.6308299368262795,0.7904868173549712
1.0,105,71,229,0,0.924,2.6432406752101305,0.7921160231808786
1.0,105,101,199,0,0.932,2.774371992775724,0.7680011803912009
1.0,105,150,150,0,0.924,2.65310382393143,0.7887264581914776
1.0,105,201,99,0,0.922,2.581358632075612,0.8136349761034823
1.0,105,251,49,0,0.882,2.1699985412923914,0.8105127769839491
1.0,106,21,279,0,0.912,2.6166409870930565,0.8014644338927116
1.0,106,51,249,0,0.892,2.4658942124998084,0.7390230525751476
1.0,106,61,239,1,0.9,2.4856536363306865,0.7506108256556367
1.0,106,71,229,0,0.902,2.529223294278301,0.7624526435201501
1.0,106,101,199,0,0.902,2.530715452292481,0.7397262257535255
1.0,106,150,150,0,0.888,2.4676857532344973,0.7307041125289001
1.0,106,201,99,0,0.874,2.310781136595502,0.7478481119670045
1.0,106,251,49,0,0.91,2.607483136752982,0.7663563353841498
1.0,107,21,279,0,0.918,2.4041985275976048,0.8646519567940765
1.0,107,51,249,0,0.914,2.365202931792326,0.8233883649021168
1.0,107,61,239,1,0.918,2.3873865574706006,0.7955634713181913
1.0,107,71,229,0,0.918,2.4124303063072086,0.8170707443642986
1.0,107,101,199,0,0.918,2.4079233727832925,0.862182185678002
1.0,107,150,150,0,0.894,2.2131022187307963,0.8403158981561584
1.0,107,201,99,0,0.882,2.084189258442839,0.834989328780378
1.0,107,251,49,0,0.862,1.9454340517278679,0.8361857905307406
1.0,108,21,279,0,0.87,2.3237747796391104,0.9105739109302671
1.0,108,51,249,0,0.868,2.2956230041033465,0.879284441742998
1.0,108,61,239,1,0.86,2.141321053953616,0.855656294031484
1.0,108,71,229,0,0.86,2.0914746319740214,0.8301152102347773
1.0,108,101,199,0,0.86,2.04932709320646,0.8113799383470708
1.0,108,150,150,0,0.86,2.0517674409669926,0.8103172319071842
1.0,108,201,99,0,0.862,2.098552069130993,0.8249116192563033
1.0,108,251,49,0,0.782,1.6256255810716316,0.8382746536597125
1.0,109,21,279,0,0.918,2.786581794678896,0.7973470743916756
1.0,109,51,249,0,0.922,2.8622171250955772,0.7578643415201244
1.0,109,61,239,1,0.918,2.772594001133324,0.8040047909061413
1.0,109,71,229,0,0.918,2.7835698501754216,0.7987789504175928
1.0,109,101,199,0,0.916,2.7586558671364374,0.8106588433715476
1.0,109,150,150,0,0.92,2.8328674275588828,0.8069478714950815
1.0,109,201,99,0,0.896,2.445725898710413,0.7943365588189708
1.0,109,251,49,0,0.904,2.4963046858145215,0.796799223178102
1.0,110,21,279,0,0.892,2.2141156869715224,0.8548272129934058
1.0,110,51,249,0,0.88,2.156441398923533,0.854701255975317
1.0,110,61,239,1,0.88,2.116506336037759,0.8494758680832147
1.0,110,71,229,0,0.886,2.1210879001758896,0.8423183194176871
1.0,110,101,199,0,0.888,2.1443135713807484,0.8352853859689435
1.0,110,150,150,0,0.856,1.9345101767156911,0.8216153462092834
1.0,110,201,99,0,0.84,1.856918051478702,0.8208629891255769
1.0,110,251,49,0,0.84,1.850539969536826,0.8237028597170749
1.0,111,21,279,0,0.92,2.7265595525761412,0.865219693738806
1.0,111,51,249,0,0.918,2.67000056955001,0.8406659530130981
1.0,111,61,239,1,0.918,2.6937740356287616,0.833364220896769
1.0,111,71,229,0,0.924,2.7396650819090365,0.8336372217115153
1.0,111,101,199,0,0.924,2.7871642573155464,0.8216504188457409
1.0,111,150,150,0,0.928,2.9026091628007835,0.7928661232630843
1.0,111,201,99,0,0.942,3.17494284841802,0.7897754806504204
1.0,111,251,49,0,0.928,2.8698806586321624,0.7941152055010743
1.0,112,21,279,0,0.902,2.4381855266997654,0.8601768766378038
1.0,112,51,249,0,0.91,2.481664198104463,0.8771537942007239
1.0,112,61,239,1,0.904,2.4615526307788245,0.8636543098090865
1.0,112,71,229,0,0.908,2.471332373600924,0.849539743356165
1.0,112,101,199,0,0.914,2.497884578239392,0.8341983951547781
1.0,112,150,150,0,0.916,2.5301525273224605,0.8168429504957058
1.0,112,201,99,0,0.912,2.4958349479021082,0.8236721420899584
1.0,112,251,49,0,0.956,3.0719789979177494,0.8173981217084998
1.0,113,21,279,0,0.918,2.326843832227659,0.8360097784255335
1.0,113,51,249,0,0.922,2.357693637492986,0.8122260502681318
1.0,113,61,239,1,0.912,2.293297141884648,0.7874139441015625
1.0,113,71,229,0,0.916,2.3049448960360177,0.8025111075219442
1.0,113,101,199,0,0.924,2.3782088315115746,0.7967732547527185
1.0,113,150,150,0,0.926,2.4191772943038603,0.7817010801132834
1.0,113,201,99,0,0.932,2.508866549821379,0.7974791229458614
1.0,113,251,49,0,0.946,2.799176220039615,0.8151530030500539
1.0,114,21,279,0,0.924,2.5482559957092468,0.7827359144442698
1.0,114,51,249,0,0.922,2.5636034603859086,0.8343957492244167
1.0,114,61,239,1,0.918,2.5209093909960494,0.812212372510523
1.0,114,71,229,0,0.926,2.6080477000806015,0.8161662781445768
1.0,114,101,199,0,0.934,2.7185230409009975,0.8264092212773094
1.0,114,150,150,0,0.95,2.9426747068903962,0.8146323456224981
1.0,114,201,99,0,0.95,2.9418588732483633,0.7999470565757734
1.0,114,251,49,0,0.96,3.2591129923370916,0.8004996449009242
1.0,115,21,279,0,0.918,2.597422540677422,0.7245881331820726
1.0,115,51,249,0,0.916,2.5746110407710825,0.7389466382852624
1.0,115,61,239,1,0.908,2.5014041030498704,0.7363582588205675
1.0,115,71,229,0,0.916,2.5747180150107942,0.7519552481155827
1.0,115,101,199,0,0.918,2.594685161346429,0.7553396187422738
1.0,115,150,150,0,0.91,2.52628974291874,0.7680911875937357
1.0,115,201,99,0,0.904,2.4552779707529964,0.7581437088021018
1.0,115,251,49,0,0.866,2.133631530526256,0.76806089614433
1.0,116,21,279,0,0.914,2.713626024863202,0.9018948072487054
1.0,116,51,249,0,0.918,2.60326208664128,0.8470102961268441
1.0,116,61,239,1,0.92,2.6160615918154346,0.8208874111506279
1.0,116,71,229,0,0.92,2.633417676969959,0.8565399327767668
1.0,116,101,199,0,0.916,2.5657653226090296,0.8352586828974891
1.0,116,150,150,0,0.914,2.5155335353432893,0.8255377497770997
1.0,116,201,99,0,0.918,2.5690379756154234,0.7957820574069072
1.0,116,251,49,0,0.926,2.758752708922775,0.801409562742733
1.0,117,21,279,0,0.912,2.5111804413565486,0.7868755143269467
1.0,117,51,249,0,0.908,2.4745764993938235,0.753363049739282
1.0,117,61,239,1,0.912,2.529608527814832,0.7604514781310405
1.0,117,71,229,0,0.902,2.414247257201042,0.7529627497901551
1.0,117,101,199,0,0.902,2.3950104237445013,0.7598392664991113
1.0,117,150,150,0,0.92,2.6050564072022087,0.7641863049476427
1.0,117,201,99,0,0.912,2.529583947195894,0.7620387631490197
1.0,117,251,49,0,0.906,2.409644525314225,0.7898401759948797
1.0,118,21,279,0,0.906,2.382846879536789,0.8690560358930497
1.0,118,51,249,0,0.908,2.376950128297509,0.7723953322672379
1.0,118,61,239,1,0.918,2.4286521241232313,0.7903351585790225
1.0,118,71,229,0,0.918,2.426896815780426,0.7949909125568522
1.0,118,101,199,0,0.92,2.480213986928186,0.7849200603215297
1.0,118,150,150,0,0.92,2.500479175688928,0.7847682195713677
1.0,118,201,99,0,0.924,2.5672641212182774,0.771288909226905
1.0,118,251,49,0,0.902,2.3653766890255046,0.7744058517336138
1.0,119,21,279,0,0.938,2.7887814732795215,0.8282324187559112
1.0,119,51,249,0,0.928,2.7172469504298005,0.8019086892271622
1.0,119,61,239,1,0.932,2.7446155199743285,0.8058972521460901
1.0,119,71,229,0,0.932,2.7656048275774445,0.8089201526312143
1.0,119,101,199,0,0.934,2.7766608502605012,0.8155434721155297
1.0,119,150,150,0,0.922,2.6334244613792697,0.7900463780420899
1.0,119,201,99,0,0.904,2.4606762028238616,0.8135877261465422
1.0,119,251,49,0,0.934,2.7942342192751957,0.812993749684442
1.0,120,21,279,0,0.89,2.503413025180795,0.7711232853022237
1.0,120,51,249,0,0.89,2.4887278125992207,0.74065129027523
1.0,120,61,239,1,0.874,2.360725265884882,0.755748728227793
1.0,120,71,229,0,0.874,2.364469531019822,0.7542748512849604
1.0,120,101,199,0,0.864,2.2902329909254724,0.7580125459264558
1.0,120,150,150,0,0.87,2.3307678489802224,0.7675575311931605
1.0,120,201,99,0,0.872,2.35256466756129,0.7735271161377115
1.0,120,251,49,0,0.868,2.3051830464148955,0.7776690329915475
1.0,121,21,279,0,0.894,2.373584145341234,0.889382361602777
1.0,121,51,249,0,0.878,2.2218496085940513,0.8405420078651548
1.0,121,61,239,1,0.884,2.2472958290972884,0.8195068450751145
1.0,121,71,229,0,0.882,2.209521772504738,0.7931423226394999
1.0,121,101,199,0,0.892,2.3103560182656873,0.784752549503989
1.0,121,150,150,0,0.908,2.4470326385620864,0.7726772828824678
1.0,121,201,99,0,0.892,2.3275927369765887,0.7748840135037737
1.0,121,251,49,0,0.896,2.33119806279477,0.7838012321091055
1.0,122,21,279,0,0.914,2.712514750842272,0.8824263261090026
1.0,122,51,249,0,0.928,2.8153093174364554,0.8454662373845382
1.0,122,61,239,1,0.926,2.776513210361913,0.8326529558364012
1.0,122,71,229,0,0.926,2.7753592167482966,0.8336329198189136
1.0,122,101,199,0,0.918,2.676073402068628,0.8374076400395896
1.0,122,150,150,0,0.894,2.393699445381478,0.8219001187896239
1.0,122,201,99,0,0.9,2.4356950930797874,0.809993378041819
1.0,122,251,49,0,0.912,2.610592917532117,0.807292220994853
1.0,123,21,279,0,0.898,2.445496632578298,0.7658960728502843
1.0,123,51,249,0,0.902,2.371728394036805,0.8453971688321257
1.0,123,61,239,1,0.91,2.4373655753210097,0.8322667070640378
1.0,123,71,229,0,0.894,2.3179402440003702,0.8319869135032103
1.0,123,101,199,0,0.884,2.281284254492742,0.7910866119761015
1.0,123,150,150,0,0.898,2.42593509977286,0.7812030898649247
1.0,123,201,99,0,0.898,2.447161988555912,0.7748488497956117
1.0,123,251,49,0,0.802,1.7542131540118449,0.7868080880166465
1.0,124,21,279,0,0.918,2.53917941770891,0.8245022693941311
1.0,124,51,249,0,0.912,2.5110690429236464,0.809202479318317
1.0,124,61,239,1,0.912,2.5140725116013227,0.7839382448807818
1.0,124,71,229,0,0.91,2.4864406630384783,0.8138196613000525
1.0,124,101,199,0,0.91,2.526041449549463,0.8000031755161544
1.0,124,150,150,0,0.912,2.515496312652613,0.8068177210729238
1.0,124,201,99,0,0.918,2.5118740613203334,0.8252853335864533
1.0,124,251,49,0,0.912,2.514385292546907,0.8133512973499538
1.0,125,21,279,0,0.93,2.488347485499076,0.7928539136849543
1.0,125,51,249,0,0.934,2.6421041396838416,0.8388636133087046
1.0,125,61,239,1,0.936,2.7107243948170696,0.8148557340378261
1.0,125,71,229,0,0.936,2.729030213225652,0.8084968494242402
1.0,125,101,199,0,0.936,2.7386999087085107,0.8051455608342004
1.0,125,150,150,0,0.888,2.0995537190377793,0.8176842005090433
1.0,125,201,99,0,0.874,1.985255085717328,0.8183192842814093
1.0,125,251,49,0,0.858,1.8798858306028918,0.824022510225647
1.0,126,21,279,0,0.88,2.2287825414830027,0.8355081582145898
1.0,126,51,249,0,0.878,2.153182322967042,0.8211223276705544
1.0,126,61,239,1,0.884,2.2130785127310912,0.7850480471640857
1.0,126,71,229,0,0.882,2.204130513963515,0.7721324340187504
1.0,126,101,199,0,0.864,2.099516649022841,0.7665008922793511
1.0,126,150,150,0,0.862,2.0982164120821762,0.7545241995861534
1.0,126,201,99,0,0.862,2.097987061072834,0.7541573848565497
1.0,126,251,49,0,0.812,1.8024201590886915,0.7889967396386632
1.0,127,21,279,0,0.906,2.5342429095452035,0.6921857197045717
1.0,127,51,249,0,0.912,2.604296671498012,0.7270858361184512
1.0,127,61,239,1,0.914,2.636683752478563,0.7228011994697323
1.0,127,71,229,0,0.914,2.64619562103605,0.7370211907393559
1.0,127,101,199,0,0.92,2.6492856333613064,0.7496996051068809
1.0,127,150,150,0,0.912,2.56281299474524,0.7555914697680172
1.0,127,201,99,0,0.922,2.6265027765318862,0.7814263006314104
1.0,127,251,49,0,0.926,2.671304017672133,0.7772616516985105
1.0,128,21,279,0,0.886,2.528987593173706,0.9122089337201696
1.0,128,51,249,0,0.902,2.6459374382435863,0.8561669575992177
1.0,128,61,239,1,0.902,2.6382459186692575,0.8617023709949225
1.0,128,71,229,0,0.904,2.6458432227006776,0.8451390477708077
1.0,128,101,199,0,0.892,2.530562839103107,0.8470339183275889
1.0,128,150,150,0,0.874,2.404694071288716,0.862230317473835
1.0,128,201,99,0,0.902,2.6437820247516357,0.8548290844451316
1.0,128,251,49,0,0.852,2.17041684635897,0.8280336996066848
1.0,129,21,279,0,0.928,2.8520561596693037,0.6813734037571495
1.0,129,51,249,0,0.926,2.7854398231106092,0.746731059809682
1.0,129,61,239,1,0.926,2.7859970582280384,0.7463906072715255
1.0,129,71,229,0,0.924,2.7652772729991164,0.7589387412558096
1.0,129,101,199,0,0.898,2.4929467376857906,0.7535535826097614
1.0,129,150,150,0,0.898,2.4592626277937506,0.8019368750902508
1.0,129,201,99,0,0.932,2.8228097044733644,0.787664406712788
1.0,129,251,49,0,0.958,3.77243109107036,0.795695594520715
1.0,130,21,279,0,0.89,2.349000356339013,0.8124627073825587
1.0,130,51,249,0,0.898,2.443531757257747,0.7947309959276903
1.0,130,61,239,1,0.892,2.4318433269655624,0.771683560517743
1.0,130,71,229,0,0.896,2.436627102695616,0.7809212984441931
1.0,130,101,199,0,0.894,2.3642386973400282,0.8008644457433601
1.0,130,150,150,0,0.888,2.3108462172957482,0.7866123524649047
1.0,130,201,99,0,0.852,2.0921105873220736,0.7915134089021557
1.0,130,251,49,0,0.808,1.8069053714899819,0.7747359950667608
1.0,131,21,279,0,0.904,2.4495765016024906,0.7341754357749845
1.0,131,51,249,0,0.9,2.511890854864599,0.8205546773244794
1.0,131,61,239,1,0.908,2.5336604611439255,0.807870841167881
1.0,131,71,229,0,0.898,2.4296634656274603,0.8153306274099806
1.0,131,101,199,0,0.888,2.251863412050168,0.7648606359192722
1.0,131,150,150,0,0.896,2.384176455364597,0.8165679610782189
1.0,131,201,99,0,0.9,2.5035726751285527,0.8265443022337374
1.0,131,251,49,0,0.902,2.5506285078426303,0.8325723878953496
1.0,132,21,279,0,0.894,2.3828537839038963,0.7875819840232046
1.0,132,51,249,0,0.898,2.384315838453888,0.8075846435369577
1.0,132,61,239,1,0.898,2.3944111250780953,0.820348220557844
1.0,132,71,229,0,0.882,2.3186793522010487,0.8085499973225597
1.0,132,101,199,0,0.884,2.2792869191093237,0.8373989960228757
1.0,132,150,150,0,0.906,2.4727843624432673,0.8216885632509932
1.0,132,201,99,0,0.882,2.3221005341228103,0.8104829418863132
1.0,132,251,49,0,0.866,2.20037039003179,0.7913674545550535
1.0,133,21,279,0,0.866,2.3429823142458934,0.877415102296105
1.0,133,51,249,0,0.882,2.549659334652174,0.7746385376514514
1.0,133,61,239,1,0.872,2.3964738209830654,0.7933490854894248
1.0,133,71,229,0,0.872,2.392340530259551,0.789858697242733
1.0,133,101,199,0,0.872,2.4377753180046207,0.7485804046771565
1.0,133,150,150,0,0.898,2.7933308122230436,0.7680951722770794
1.0,133,201,99,0,0.918,3.0100905353800163,0.8004545657423084
1.0,133,251,49,0,0.95,3.572320812493025,0.8041543993428378
1.0,134,21,279,0,0.9,2.4117174399694483,0.8057376600262945
1.0,134,51,249,0,0.9,2.431705726950887,0.7982000583657376
1.0,134,61,239,1,0.9,2.4258009608502387,0.8015480546785778
1.0,134,71,229,0,0.898,2.4218405416786064,0.7802465261305016
1.0,134,101,199,0,0.91,2.598159116918014,0.7687890530801896
1.0,134,150,150,0,0.904,2.5624536619168103,0.795310179770758
1.0,134,201,99,0,0.91,2.59525593804795,0.7847235621752716
1.0,134,251,49,0,0.838,1.9573141511119274,0.774835805237977
1.0,135,21,279,0,0.892,2.262353332681553,0.8131698524640422
1.0,135,51,249,0,0.884,2.2458576966068677,0.8544895112575166
1.0,135,61,239,1,0.888,2.2377036763972793,0.8453661063545498
1.0,135,71,229,0,0.888,2.259421421643194,0.8267399638986247
1.0,135,101,199,0,0.896,2.3402894647472836,0.8216125033756954
1.0,135,150,150,0,0.894,2.3424730824382056,0.8083932205341838
1.0,135,201,99,0,0.896,2.3511400220082876,0.8103564424698283
1.0,135,251,49,0,0.904,2.391728992859893,0.8046444917705283
1.0,136,21,279,0,0.936,2.559970963338399,0.8023522096129867
1.0,136,51,249,0,0.934,2.4910447101956312,0.7956281410853722
1.0,136,61,239,1,0.936,2.565409657186122,0.8194015809590566
1.0,136,71,229,0,0.94,2.664143477965042,0.808721611504828
1.0,136,101,199,0,0.942,2.701333139468118,0.8184699104055089
1.0,136,150,150,0,0.95,2.8443359479173997,0.8062983894634552
1.0,136,201,99,0,0.96,2.9580322668691066,0.7961871563361701
1.0,136,251,49,0,0.908,2.252478503088196,0.7927785354558755
1.0,137,21,279,0,0.878,2.080130349178374,0.7767563387385251
1.0,137,51,249,0,0.866,2.0081175888868206,0.7380478903671563
1.0,137,61,239,1,0.862,1.9697005109718764,0.728587496471303
1.0,137,71,229,0,0.866,1.9788983116289078,0.7589762120982011
1.0,137,101,199,0,0.864,1.9704109947829402,0.7602301969836078
1.0,137,150,150,0,0.846,1.8627380345543,0.7635968459057998
1.0,137,201,99,0,0.858,1.9177877042429738,0.7837887727417937
1.0,137,251,49,0,0.878,2.106533561313988,0.7862820606278795
1.0,138,21,279,0,0.934,2.6327288355512057,0.7845335424583986
1.0,138,51,249,0,0.934,2.647826554273376,0.7655312471316851
1.0,138,61,239,1,0.934,2.662441978792855,0.7452492245336647
1.0,138,71,229,0,0.934,2.632733794271823,0.7459439893124816
1.0,138,101,199,0,0.93,2.4545549414468586,0.7845095589110924
1.0,138,150,150,0,0.932,2.488479394977833,0.771584386452787
1.0,138,201,99,0,0.912,2.3299004344028225,0.764556754165055
1.0,138,251,49,0,0.942,2.780916729831847,0.7735850142906224
1.0,139,21,279,0,0.904,2.4861851322102853,0.8081847431625212
1.0,139,51,249,0,0.902,2.4680909634825374,0.8167878448578829
1.0,139,61,239,1,0.906,2.505770157582647,0.7953957754156016
1.0,139,71,229,0,0.91,2.5095608389470936,0.7969742024922756
1.0,139,101,199,0,0.908,2.509664327630496,0.8223812312492442
1.0,139,150,150,0,0.91,2.5616182664402567,0.8136031076180736
1.0,139,201,99,0,0.898,2.4300326665072154,0.7965873562831359
1.0,139,251,49,0,0.942,2.837952741132164,0.8136270378883399
1.0,140,21,279,0,0.91,2.5834636909217052,0.821118951031162
1.0,140,51,249,0,0.886,2.3170420373099367,0.756726347664871
1.0,140,61,239,1,0.904,2.4771478314880877,0.78525754568725
1.0,140,71,229,0,0.882,2.2904703259368158,0.7757950738301105
1.0,140,101,199,0,0.904,2.4655648629979505,0.7891192389814151
1.0,140,150,150,0,0.892,2.341171752542407,0.8359831724762758
1.0,140,201,99,0,0.874,2.1430865372382994,0.8331590533334394
1.0,140,251,49,0,0.89,2.3525245578042964,0.82723098985446
1.0,141,21,279,0,0.898,2.3806722766023514,0.7047980868620324
1.0,141,51,249,0,0.892,2.27682326187105,0.7915559895229994
1.0,141,61,239,1,0.892,2.3084345321525475,0.7956750111996851
1.0,141,71,229,0,0.894,2.345838849900917,0.7947008407267604
1.0,141,101,199,0,0.9,2.4167572987076094,0.8074004111650495
1.0,141,150,150,0,0.904,2.4373017398928756,0.8069626213851538
1.0,141,201,99,0,0.9,2.420157908437033,0.8026577380923636
1.0,141,251,49,0,0.9,2.428148368507083,0.7913227812947109
1.0,142,21,279,0,0.878,2.2670209472181555,0.812248115638595
1.0,142,51,249,0,0.87,2.176106921204102,0.8312561755809234
1.0,142,61,239,1,0.878,2.2658770962533272,0.8155893668712163
1.0,142,71,229,0,0.866,2.173209005240451,0.8227719642639563
1.0,142,101,199,0,0.882,2.2808388234850145,0.8233567943985929
1.0,142,150,150,0,0.878,2.26861950740217,0.8073263445576829
1.0,142,201,99,0,0.872,2.2735383268619307,0.7895995974492325
1.0,142,251,49,0,0.906,2.60148712212954,0.7951089104096322
1.0,143,21,279,0,0.892,2.3132369987794883,0.8587703035750949
1.0,143,51,249,0,0.888,2.261952747264585,0.8505547149959972
1.0,143,61,239,1,0.892,2.2644586447195207,0.8352577827630996
1.0,143,71,229,0,0.886,2.2571272464259,0.8160002360422163
1.0,143,101,199,0,0.886,2.245250726188886,0.8179351251687861
1.0,143,150,150,0,0.886,2.2563893002295825,0.8142667048318892
1.0,143,201,99,0,0.888,2.2505246371105385,0.8006085202827429
1.0,143,251,49,0,0.862,2.0951326769767076,0.789879841510807
1.0,144,21,279,0,0.928,2.6510271352660593,0.88140874898764
1.0,144,51,249,0,0.94,2.8051160339247936,0.8624692100738557
1.0,144,61,239,1,0.936,2.707537338435218,0.8471489518603394
1.0,144,71,229,0,0.936,2.695635060461246,0.8452292144129973
1.0,144,101,199,0,0.924,2.657904174725729,0.812548157446232
1.0,144,150,150,0,0.924,2.65867086014929,0.7946225584304561
1.0,144,201,99,0,0.91,2.5025270776576316,0.8044321521458248
1.0,144,251,49,0,0.934,2.728229508318813,0.8020015897139149
1.0,145,21,279,0,0.884,2.3127680628124727,0.9433339882020632
1.0,145,51,249,0,0.878,2.2475108188370867,0.8461262873335219
1.0,145,61,239,1,0.878,2.236548501335754,0.8496980966031427
1.0,145,71,229,0,0.872,2.138396301556503,0.8751579187677061
1.0,145,101,199,0,0.874,2.1384687898239663,0.8464565863959191
1.0,145,150,150,0,0.876,2.202153148573619,0.8195275547360003
1.0,145,201,99,0,0.904,2.4017289343539727,0.8278840835398206
1.0,145,251,49,0,0.904,2.4247473564540623,0.818655575042527
1.0,146,21,279,0,0.914,2.3963871164875394,0.7624868272595666
1.0,146,51,249,0,0.914,2.399510910276449,0.7643020188219196
1.0,146,61,239,1,0.906,2.307054222461159,0.8108646992523095
1.0,146,71,229,0,0.91,2.388535206794935,0.7973718216666469
1.0,146,101,199,0,0.9,2.223625782463234,0.7819844002219396
1.0,146,150,150,0,0.89,2.1229164284265507,0.7948001488475503
1.0,146,201,99,0,0.922,2.53489468174059,0.7860835463111088
1.0,146,251,49,0,0.914,2.370364363872937,0.7738461884944747
1.0,147,21,279,0,0.872,2.233430557491295,0.901740371081253
1.0,147,51,249,0,0.886,2.205934946833644,0.8173361375340068
1.0,147,61,239,1,0.886,2.208935978522618,0.8064661107015317
1.0,147,71,229,0,0.888,2.2447540764279865,0.8026918215250288
1.0,147,101,199,0,0.9,2.3829969562566147,0.8320554598048718
1.0,147,150,150,0,0.9,2.412599359206558,0.8257210418574178
1.0,147,201,99,0,0.902,2.4246315300654024,0.8194655037871335
1.0,147,251,49,0,0.906,2.4250216933309154,0.8124865815824792
1.0,148,21,279,0,0.902,2.2700561640191483,0.757744240979468
1.0,148,51,249,0,0.878,2.0751640351586764,0.8500336953409962
1.0,148,61,239,1,0.882,2.1039536170311566,0.8286080015806514
1.0,148,71,229,0,0.894,2.164676652433424,0.8072662973552043
1.0,148,101,199,0,0.9,2.2427275653959704,0.8245772741510521
1.0,148,150,150,0,0.898,2.2158206873154667,0.8171973555264361
1.0,148,201,99,0,0.924,2.496277777029735,0.8147099053136507
1.0,148,251,49,0,0.9,2.242579511064842,0.8249068712168649
1.0,149,21,279,0,0.93,2.9594605117130786,0.8796782190129868
1.0,149,51,249,0,0.934,2.947032769045667,0.7831369197452457
1.0,149,61,239,1,0.934,2.9786304657033216,0.7634189620575927
1.0,149,71,229,0,0.934,2.9812689602621716,0.7799524319503571
1.0,149,101,199,0,0.94,3.016005145424244,0.8256576025156988
1.0,149,150,150,0,0.946,3.133222986492571,0.8477590531625001
1.0,149,201,99,0,0.956,3.3358790024321534,0.8428555723435112
1.0,149,251,49,0,0.968,3.5595981905677228,0.8285944511933477
1.0,150,21,279,0,0.876,2.1400714160222756,0.8191994749353536
1.0,150,51,249,0,0.88,2.2089609243914845,0.8148882109659484
1.0,150,61,239,1,0.884,2.3160400934266048,0.8192508280966954
1.0,150,71,229,0,0.872,2.1958859701408437,0.8386063415404952
1.0,150,101,199,0,0.888,2.3449398006497257,0.8161024138416016
1.0,150,150,150,0,0.894,2.4201222155690885,0.8082933995249098
1.0,150,201,99,0,0.89,2.3646839517751967,0.7955390376696734
1.0,150,251,49,0,0.914,2.701306645489302,0.8005372791917095
1.0,151,21,279,0,0.87,2.227131892278274,0.8341018034507781
1.0,151,51,249,0,0.876,2.2872726236859675,0.8002241415249822
1.0,151,61,239,1,0.878,2.25650250667075,0.7863588354241493
1.0,151,71,229,0,0.872,2.23564527340372,0.7914203093947906
1.0,151,101,199,0,0.874,2.246571091535475,0.7906766530806868
1.0,151,150,150,0,0.898,2.3856009200841966,0.7797790856299078
1.0,151,201,99,0,0.908,2.4544470809087815,0.7848028501306655
1.0,151,251,49,0,0.87,2.187996478488492,0.7876542463396227
1.0,152,21,279,0,0.892,2.450747829733848,0.7442510694990953
1.0,152,51,249,0,0.896,2.496042304009211,0.7761691105740061
1.0,152,61,239,1,0.898,2.483509224560841,0.7909133444223383
1.0,152,71,229,0,0.904,2.4908403105422754,0.801887202108709
1.0,152,101,199,0,0.896,2.5004239257389282,0.7707237165838375
1.0,152,150,150,0,0.896,2.4723510959824346,0.7855966750384314
1.0,152,201,99,0,0.906,2.5732718186612265,0.7875296373622459
1.0,152,251,49,0,0.904,2.4910479470586306,0.8020662454881097
1.0,153,21,279,0,0.888,2.2390574968928405,0.7717244626726117
1.0,153,51,249,0,0.888,2.250201604311874,0.8300608650285295
1.0,153,61,239,1,0.886,2.2479216324532114,0.8272442467892277
1.0,153,71,229,0,0.888,2.2607877815944626,0.8329237673261545
1.0,153,101,199,0,0.88,2.2007625026129265,0.8059622920397188
1.0,153,150,150,0,0.876,2.169631076980071,0.7915000639875662
1.0,153,201,99,0,0.83,1.9118615842588975,0.7845552641663937
1.0,153,251,49,0,0.828,1.8694566121503222,0.792436694057398
1.0,154,21,279,0,0.886,2.0741432654547,0.745532143458985
1.0,154,51,249,0,0.884,2.069420928719406,0.7812959958875356
1.0,154,61,239,1,0.884,2.070064655573607,0.7810594368320003
1.0,154,71,229,0,0.886,2.1134013488402106,0.762330251130294
1.0,154,101,199,0,0.894,2.1657915511853263,0.7646987379188757
1.0,154,150,150,0,0.888,2.091814399933457,0.7957334737077174
1.0,154,201,99,0,0.852,1.9203799046810488,0.8066600128007513
1.0,154,251,49,0,0.896,2.180798572187613,0.7997035577149982
1.0,155,21,279,0,0.872,2.178029140890484,0.7969772245629071
1.0,155,51,249,0,0.858,2.0953209609988197,0.7732017613487459
1.0,155,61,239,1,0.872,2.186925027297126,0.7746290416273887
1.0,155,71,229,0,0.874,2.2373008845142004,0.7771607813780345
1.0,155,101,199,0,0.862,2.133936418344104,0.7570351156099259
1.0,155,150,150,0,0.846,2.0172081273047633,0.7673405935142593
1.0,155,201,99,0,0.818,1.7835790732439691,0.7730954191237713
1.0,155,251,49,0,0.846,2.018907213636911,0.7694775609200728
1.0,156,21,279,0,0.88,2.2574839677646423,0.8342497904520546
1.0,156,51,249,0,0.894,2.3137516179175726,0.7855555877052148
1.0,156,61,239,1,0.894,2.3086172011744983,0.7821236433340102
1.0,156,71,229,0,0.854,2.0647908278043854,0.774834048518747
1.0,156,101,199,0,0.84,1.9798809452932817,0.8124670581567929
1.0,156,150,150,0,0.844,1.9986694846943507,0.8060737161048724
1.0,156,201,99,0,0.846,2.0124925150529736,0.795294412685283
1.0,156,251,49,0,0.814,1.8756224395427625,0.8035463140105193
1.0,157,21,279,0,0.934,2.677239722890905,0.8310337503186612
1.0,157,51,249,0,0.926,2.557437089745876,0.8150219317437654
1.0,157,61,239,1,0.926,2.56093769720292,0.8193761558763609
1.0,157,71,229,0,0.924,2.558613084874716,0.8199762131883843
1.0,157,101,199,0,0.93,2.6765042442547893,0.7911359602111219
1.0,157,150,150,0,0.93,2.674918910761124,0.7860818266988764
1.0,157,201,99,0,0.902,2.427287582420352,0.8011323026023086
1.0,157,251,49,0,0.902,2.4275919333045777,0.8008382876144845
1.0,158,21,279,0,0.856,1.92890672736947,0.7662494586397659
1.0,158,51,249,0,0.88,2.0958045160848493,0.8632316978566082
1.0,158,61,239,1,0.884,2.105504246462361,0.8559283927830129
1.0,158,71,229,0,0.886,2.1324114868621793,0.8446709771172285
1.0,158,101,199,0,0.904,2.263216757266694,0.8481354957113247
1.0,158,150,150,0,0.904,2.266144322538672,0.8486414740768456
1.0,158,201,99,0,0.88,2.0714584495356276,0.8460330508437041
1.0,158,251,49,0,0.902,2.261290063350028,0.8478021182728186
1.0,159,21,279,0,0.938,2.794496935987505,0.7427987914261565
1.0,159,51,249,0,0.936,2.7885445963956905,0.7722774342931256
1.0,159,61,239,1,0.936,2.7066108768709953,0.8040246527772776
1.0,159,71,229,0,0.936,2.724499571770561,0.7971174348124724
1.0,159,101,199,0,0.938,2.812749803265571,0.7628349355232286
1.0,159,150,150,0,0.946,3.0443076136016183,0.7916958989253748
1.0,159,201,99,0,0.946,3.036532502280436,0.7886161381223543
1.0,159,251,49,0,0.948,3.0719263742997427,0.7963689637057999
1.0,160,21,279,0,0.908,2.3566501626965914,0.8348040414621429
1.0,160,51,249,0,0.91,2.4090685602580773,0.8216074904495677
1.0,160,61,239,1,0.914,2.450909633507735,0.8428099496960995
1.0,160,71,229,0,0.914,2.47174807224858,0.8370293686634627
1.0,160,101,199,0,0.912,2.432734485763945,0.8309866905467768
1.0,160,150,150,0,0.896,2.21036981723051,0.8140783112727342
1.0,160,201,99,0,0.9,2.2486402715744207,0.8202632736376936
1.0,160,251,49,0,0.848,1.9408193566598886,0.8208331066948288
1.0,161,21,279,0,0.912,2.6125753997080134,0.8598451837105615
1.0,161,51,249,0,0.904,2.5706572034615114,0.7981761716152015
1.0,161,61,239,1,0.908,2.599514964473136,0.7869276670061827
1.0,161,71,229,0,0.91,2.6564857743373778,0.7708120902087641
1.0,161,101,199,0,0.92,2.847807622667462,0.7753412663309548
1.0,161,150,150,0,0.928,2.977120179215825,0.7956720266147358
1.0,161,201,99,0,0.928,2.9858979720404024,0.78925855879649
1.0,161,251,49,0,0.918,2.8524587189915303,0.7942920140263436
1.0,162,21,279,0,0.926,2.645059202125762,0.8164813874179317
1.0,162,51,249,0,0.912,2.446136857876449,0.7806259942917948
1.0,162,61,239,1,0.926,2.5849329075677856,0.8080777120675706
1.0,162,71,229,0,0.924,2.5683608340406496,0.7993615567602941
1.0,162,101,199,0,0.926,2.6213599320464187,0.8035323927972582
1.0,162,150,150,0,0.926,2.570132358689404,0.8083308221341512
1.0,162,201,99,0,0.912,2.44884113976335,0.7863311482146206
1.0,162,251,49,0,0.912,2.4684655884100413,0.7792980613546122
1.0,163,21,279,0,0.914,2.4882668064033173,0.7962764766671401
1.0,163,51,249,0,0.916,2.497151291786472,0.8713218655076322
1.0,163,61,239,1,0.916,2.558644925076722,0.8384827326993424
1.0,163,71,229,0,0.922,2.5858268461842324,0.8231960928485317
1.0,163,101,199,0,0.918,2.551932831836317,0.8255608605686422
1.0,163,150,150,0,0.914,2.5028659323821936,0.8152954439561306
1.0,163,201,99,0,0.914,2.4746906709269143,0.7919129329029919
1.0,163,251,49,0,0.914,2.52606982651362,0.7871066271515508
1.0,164,21,279,0,0.914,2.6363309384382974,0.7541760094512254
1.0,164,51,249,0,0.928,2.774352498086674,0.8008818023718117
1.0,164,61,239,1,0.926,2.764525801555166,0.7870801559773749
1.0,164,71,229,0,0.93,2.831465247316502,0.7945336218946356
1.0,164,101,199,0,0.928,2.8108650303509677,0.79227573618846
1.0,164,150,150,0,0.948,3.026785443771291,0.784482829449715
1.0,164,201,99,0,0.916,2.6899992844996996,0.7856275338109706
1.0,164,251,49,0,0.816,1.7583861753855239,0.7783160275714949
1.0,165,21,279,0,0.896,2.46811344610872,0.8796583541675093
1.0,165,51,249,0,0.892,2.47022925297248,0.8342966087756062
1.0,165,61,239,1,0.894,2.5041937136554027,0.8350852456344624
1.0,165,71,229,0,0.898,2.5441227058329794,0.8451347354725014
1.0,165,101,199,0,0.892,2.4776289435729586,0.8078353671371586
1.0,165,150,150,0,0.894,2.488052697667931,0.8195564099616098
1.0,165,201,99,0,0.882,2.3956471606206295,0.8176355953554761
1.0,165,251,49,0,0.89,2.4631790450496664,0.8072976251910865
1.0,166,21,279,0,0.89,2.472779530968406,0.8426549812450401
1.0,166,51,249,0,0.892,2.504897628627302,0.8308100729433783
1.0,166,61,239,1,0.892,2.4812395530974727,0.8400367510371243
1.0,166,71,229,0,0.892,2.4871319963030563,0.8377328856457359
1.0,166,101,199,0,0.892,2.5483996875859733,0.8385172951913648
1.0,166,150,150,0,0.892,2.515428003600275,0.8187542210897
1.0,166,201,99,0,0.904,2.701630294686149,0.8259966238972051
1.0,166,251,49,0,0.892,2.5167402647080936,0.8179428850537991
1.0,167,21,279,0,0.918,2.381954880535238,0.8042986902168182
1.0,167,51,249,0,0.92,2.42400879773388,0.8020648612894553
1.0,167,61,239,1,0.918,2.3819305349815214,0.807265399965854
1.0,167,71,229,0,0.922,2.4223741408654957,0.8144021135359555
1.0,167,101,199,0,0.922,2.433539682528805,0.7981569509319258
1.0,167,150,150,0,0.918,2.393513805860773,0.8093323152337253
1.0,167,201,99,0,0.938,2.5691784350562052,0.8160200687976435
1.0,167,251,49,0,0.952,2.732112057054564,0.806184846271457
1.0,168,21,279,0,0.85,2.243158263289388,0.8463505054591709
1.0,168,51,249,0,0.848,2.2463546383269986,0.753243732278492
1.0,168,61,239,1,0.848,2.1954879207378526,0.7370706189370544
1.0,168,71,229,0,0.848,2.251526957953373,0.7433290055724276
1.0,168,101,199,0,0.866,2.335445578972487,0.8266339428638516
1.0,168,150,150,0,0.866,2.3391904353112114,0.8279483709951307
1.0,168,201,99,0,0.904,2.6910836099690263,0.8319914469973801
1.0,168,251,49,0,0.908,2.7018926633580502,0.8240284373532332
1.0,169,21,279,0,0.91,2.5458737884354483,0.8626639229902252
1.0,169,51,249,0,0.924,2.677658147597135,0.8161980142257372
1.0,169,61,239,1,0.922,2.6479857585637494,0.8264256733056744
1.0,169,71,229,0,0.924,2.746091375074181,0.801852315907531
1.0,169,101,199,0,0.938,2.85238786793739,0.7951692305113807
1.0,169,150,150,0,0.94,2.869102884274187,0.787037938218404
1.0,169,201,99,0,0.95,3.2020108761609944,0.7601101034699591
1.0,169,251,49,0,0.966,3.6307927230908352,0.7782500562630946
1.0,170,21,279,0,0.874,2.2318395712877717,0.7848446799891056
1.0,170,51,249,0,0.906,2.4458078173944537,0.7232952665066555
1.0,170,61,239,1,0.908,2.4617144308761336,0.7478431907642821
1.0,170,71,229,0,0.91,2.470872047973666,0.7403238992855257
1.0,170,101,199,0,0.908,2.4517781653994324,0.7560182879749684
1.0,170,150,150,0,0.866,2.159323428949215,0.7627710034405834
1.0,170,201,99,0,0.862,2.1212173794354428,0.7828277510148763
1.0,170,251,49,0,0.854,2.031731020424737,0.7802909015547504
1.0,171,21,279,0,0.906,2.6472588293095733,0.6850496669061346
1.0,171,51,249,0,0.9,2.523887051401103,0.8169912258306051
1.0,171,61,239,1,0.904,2.546974935916802,0.8073923528451721
1.0,171,71,229,0,0.902,2.5297129635500646,0.8124443314070467
1.0,171,101,199,0,0.904,2.57001508460674,0.8167645728456816
1.0,171,150,150,0,0.906,2.5900398687003827,0.8205785923576454
1.0,171,201,99,0,0.904,2.558876952509524,0.8182660318380629
1.0,171,251,49,0,0.878,2.3644422735348334,0.8244793234260533
1.0,172,21,279,0,0.908,2.488779124480339,0.8803930367496431
1.0,172,51,249,0,0.892,2.2769842793454105,0.8047258443339695
1.0,172,61,239,1,0.894,2.2931597893339486,0.807852795040018
1.0,172,71,229,0,0.894,2.3046513427448017,0.7955273316314333
1.0,172,101,199,0,0.892,2.2573916340601845,0.7676190958453953
1.0,172,150,150,0,0.888,2.249252792217717,0.774356947990642
1.0,172,201,99,0,0.896,2.3209468865744363,0.7904799004685658
1.0,172,251,49,0,0.858,2.0111029740714197,0.7777101871403348
1.0,173,21,279,0,0.912,2.5409788442734578,0.8354075664533509
1.0,173,51,249,0,0.91,2.4661353640225316,0.7991829747048065
1.0,173,61,239,1,0.904,2.4074766120296074,0.8145682685652679
1.0,173,71,229,0,0.904,2.4215845165022376,0.8344208861639891
1.0,173,101,199,0,0.904,2.4113196705018174,0.8104500615118438
1.0,173,150,150,0,0.912,2.451668290305564,0.789390568597457
1.0,173,201,99,0,0.912,2.499757788108284,0.7857028655274761
1.0,173,251,49,0,0.914,2.504797560313637,0.7836991218973259
1.0,174,21,279,0,0.924,2.6187200910001462,0.8398714420308978
1.0,174,51,249,0,0.932,2.7649572881976803,0.7943643341970237
1.0,174,61,239,1,0.932,2.726119380332764,0.7859942552101374
1.0,174,71,229,0,0.932,2.7598523635557566,0.7919183720845273
1.0,174,101,199,0,0.944,2.848218335779238,0.7904007158467379
1.0,174,150,150,0,0.942,2.844134681180147,0.8006184721259368
1.0,174,201,99,0,0.948,2.9754672715699946,0.8040889602584177
1.0,174,251,49,0,0.884,2.328345295411116,0.80583392819471
1.0,175,21,279,0,0.864,2.142271722077258,0.7881774662326193
1.0,175,51,249,0,0.864,2.1508660103153634,0.7846846821190722
1.0,175,61,239,1,0.862,2.1204189987465565,0.7871268307239727
1.0,175,71,229,0,0.864,2.12516335643902,0.7848529561376028
1.0,175,101,199,0,0.866,2.1866731147033325,0.7702109616010043
1.0,175,150,150,0,0.894,2.355409161320349,0.7915179408336843
1.0,175,201,99,0,0.852,2.061807860670655,0.794385576880746
1.0,175,251,49,0,0.864,2.1237887685396135,0.7855112847026436
1.0,176,21,279,0,0.872,2.3895891601389003,0.7056931838249778
1.0,176,51,249,0,0.872,2.3225946545631393,0.7580046648514889
1.0,176,61,239,1,0.866,2.2978559434741124,0.7670289116466906
1.0,176,71,229,0,0.854,2.2544223316391307,0.7540663419868459
1.0,176,101,199,0,0.864,2.292713483487807,0.7392667827474122
1.0,176,150,150,0,0.882,2.4796956943574706,0.78503580059275
1.0,176,201,99,0,0.878,2.401450347297329,0.7882999860077896
1.0,176,251,49,0,0.894,2.6352978276796195,0.7875050127905715
1.0,177,21,279,0,0.884,2.15646219479563,0.8094856903618081
1.0,177,51,249,0,0.886,2.2117357712263788,0.7850289944517822
1.0,177,61,239,1,0.888,2.230885282949113,0.7883567252555836
1.0,177,71,229,0,0.888,2.233013688684282,0.7836567369152905
1.0,177,101,199,0,0.882,2.1428615193514022,0.7933715713647335
1.0,177,150,150,0,0.88,2.138126506430481,0.7983797483617774
1.0,177,201,99,0,0.858,1.9195150475698919,0.7934301625623518
1.0,177,251,49,0,0.88,2.1386489585110455,0.7985894434344897
1.0,178,21,279,0,0.908,2.6250588175240175,0.7875019251867468
1.0,178,51,249,0,0.91,2.6799841876896067,0.7789713290172063
1.0,178,61,239,1,0.91,2.71126291843119,0.76263083488379
1.0,178,71,229,0,0.916,2.740864472718113,0.7678459255522554
1.0,178,101,199,0,0.918,2.701298743193832,0.7880702785512153
1.0,178,150,150,0,0.918,2.6978787629987253,0.7876845630053526
1.0,178,201,99,0,0.91,2.66002753322055,0.7833576658872065
1.0,178,251,49,0,0.918,2.6960176287493907,0.7874742977098501
1.0,179,21,279,0,0.9,2.298545136656517,0.7866655160356409
1.0,179,51,249,0,0.9,2.3460910103832293,0.800182762484828
1.0,179,61,239,1,0.9,2.4180870756029917,0.8014606127433835
1.0,179,71,229,0,0.9,2.342245620222776,0.7883574373835469
1.0,179,101,199,0,0.9,2.3273209185475547,0.7909566860999561
1.0,179,150,150,0,0.898,2.3527667774613605,0.8262654472731961
1.0,179,201,99,0,0.9,2.447830260105004,0.8088910484326697
1.0,179,251,49,0,0.874,2.178815578066869,0.807949821750576
1.0,180,21,279,0,0.908,2.3368756135535804,0.8101807261112791
1.0,180,51,249,0,0.89,2.215188075868091,0.7799982793404089
1.0,180,61,239,1,0.886,2.2019200064766933,0.790162532820496
1.0,180,71,229,0,0.906,2.3372070793842887,0.8251780702110885
1.0,180,101,199,0,0.904,2.337253425173182,0.826879028899367
1.0,180,150,150,0,0.918,2.5458571448910585,0.8293499477240046
1.0,180,201,99,0,0.908,2.336871098606016,0.8099202011775513
1.0,180,251,49,0,0.922,2.529068570482081,0.7958529262360458
1.0,181,21,279,0,0.92,2.603210020628528,0.7150350165030068
1.0,181,51,249,0,0.918,2.5035417760151693,0.8132918809262322
1.0,181,61,239,1,0.912,2.45102891377982,0.804637333986801
1.0,181,71,229,0,0.922,2.5841567353501325,0.8032019264000013
1.0,181,101,199,0,0.932,2.6987076524014455,0.8192801523326314
1.0,181,150,150,0,0.906,2.403476750207331,0.805312465364771
1.0,181,201,99,0,0.9,2.343156795760961,0.8092005407921921
1.0,181,251,49,0,0.922,2.5877151364699023,0.8037189899348225
1.0,182,21,279,0,0.888,2.3618508329544405,0.8244476844148352
1.0,182,51,249,0,0.894,2.5261780404475656,0.7837019092904451
1.0,182,61,239,1,0.896,2.5807065053930955,0.7782765238607134
1.0,182,71,229,0,0.894,2.5106036235762494,0.7657516197644617
1.0,182,101,199,0,0.914,2.68871563910812,0.7803314419392056
1.0,182,150,150,0,0.896,2.5608751103231544,0.7747862673302368
1.0,182,201,99,0,0.888,2.388647282587247,0.781598427437023
1.0,182,251,49,0,0.91,2.6412234474152685,0.7886784847638659
1.0,183,21,279,0,0.898,2.3279881566357115,0.8086921888337446
1.0,183,51,249,0,0.906,2.4169922287017895,0.7943329546241649
1.0,183,61,239,1,0.91,2.441680773930363,0.8013323038906134
1.0,183,71,229,0,0.91,2.4495017889375847,0.7987226832082582
1.0,183,101,199,0,0.918,2.5970070906826606,0.7889562293676621
1.0,183,150,150,0,0.916,2.5120430204248607,0.7834761989812157
1.0,183,201,99,0,0.916,2.525561455693624,0.7787400689027509
1.0,183,251,49,0,0.918,2.5931238371947365,0.7813043894686825
1.0,184,21,279,0,0.902,2.588935776122266,0.6618553127993401
1.0,184,51,249,0,0.872,2.3073535455068366,0.7719433326628389
1.0,184,61,239,1,0.866,2.2265817527508243,0.7628953350992503
1.0,184,71,229,0,0.868,2.2177964992917274,0.7812961688728649
1.0,184,101,199,0,0.866,2.2190098066234856,0.7673912238600527
1.0,184,150,150,0,0.852,2.1594051104312753,0.7592729778320038
1.0,184,201,99,0,0.852,2.1502734207685643,0.7648420739742522
1.0,184,251,49,0,0.85,2.117438903583678,0.7849158853360555
1.0,185,21,279,0,0.898,2.352349119170474,0.805043551821083
1.0,185,51,249,0,0.902,2.3756990523939456,0.8315313861077733
1.0,185,61,239,1,0.902,2.377229173401957,0.8332904210662971
1.0,185,71,229,0,0.89,2.322529635062942,0.8191702415081556
1.0,185,101,199,0,0.87,2.186175227284308,0.7971743458424092
1.0,185,150,150,0,0.878,2.2312843926481,0.8019012023584738
1.0,185,201,99,0,0.894,2.3281170372212654,0.820168647600762
1.0,185,251,49,0,0.888,2.2914939283544205,0.8135386800427422
1.0,186,21,279,0,0.876,2.1452832868554874,0.7907594905284534
1.0,186,51,249,0,0.872,2.1679346903844365,0.760312972789093
1.0,186,61,239,1,0.876,2.158759381434072,0.7699305247801582
1.0,186,71,229,0,0.872,2.12747332140836,0.7782014965103051
1.0,186,101,199,0,0.864,2.108226918728833,0.7741408980938088
1.0,186,150,150,0,0.866,2.1197914083760203,0.7852872934151579
1.0,186,201,99,0,0.892,2.392391534280584,0.797950685975958
1.0,186,251,49,0,0.928,2.7823439699356123,0.7980793737420067
1.0,187,21,279,0,0.936,2.5217989726277072,0.658120459479964
1.0,187,51,249,0,0.95,2.741635123665368,0.7634036796867006
1.0,187,61,239,1,0.956,2.7510349848072235,0.7409170632404236
1.0,187,71,229,0,0.956,2.7628180233804316,0.7363687850437798
1.0,187,101,199,0,0.95,2.7312879655567532,0.7773840628840353
1.0,187,150,150,0,0.952,2.7148710894662127,0.8137714847952775
1.0,187,201,99,0,0.956,2.8383871103949856,0.805693364007285
1.0,187,251,49,0,0.954,2.7533237209980843,0.8159092892504932
1.0,188,21,279,0,0.91,2.5704998537406656,0.762644338511985
1.0,188,51,249,0,0.912,2.641443743059486,0.8132297247279112
1.0,188,61,239,1,0.91,2.6404245159513757,0.8365267843039451
1.0,188,71,229,0,0.906,2.6380646350142842,0.8510776262223878
1.0,188,101,199,0,0.898,2.4729846275333145,0.8526942545009613
1.0,188,150,150,0,0.906,2.6567044783623164,0.8641891846055281
1.0,188,201,99,0,0.898,2.472096081764219,0.8419000784705595
1.0,188,251,49,0,0.866,2.1818442967882428,0.8460203060609892
1.0,189,21,279,0,0.926,2.8768093241437507,0.7909707228861566
1.0,189,51,249,0,0.924,2.853871828965143,0.8213512554197379
1.0,189,61,239,1,0.924,2.8318080268318555,0.8236548292154826
1.0,189,71,229,0,0.926,2.873743063222384,0.8117025920643349
1.0,189,101,199,0,0.924,2.847553401701359,0.7781366115488768
1.0,189,150,150,0,0.924,2.8473980191874353,0.7781853480000268
1.0,189,201,99,0,0.924,2.7959004717584492,0.7791007828037702
1.0,189,251,49,0,0.938,3.205599604641339,0.7818613677650132
1.0,190,21,279,0,0.88,2.2135131042854974,0.8394896715685292
1.0,190,51,249,0,0.896,2.2903319240213342,0.7958663464564886
1.0,190,61,239,1,0.896,2.2529597836067508,0.8018778121179074
1.0,190,71,229,0,0.896,2.290230693206667,0.7961198686608285
1.0,190,101,199,0,0.88,2.16176867175901,0.8067189804893653
1.0,190,150,150,0,0.872,2.1077183819792817,0.7984594521144668
1.0,190,201,99,0,0.864,2.065567534546176,0.7982394855292855
1.0,190,251,49,0,0.862,2.043145880921483,0.8102510704450864
1.0,191,21,279,0,0.876,2.1963030704303956,0.7585491478009095
1.0,191,51,249,0,0.886,2.272548352966793,0.818259610203086
1.0,191,61,239,1,0.888,2.2888232761011813,0.8094289091187412
1.0,191,71,229,0,0.888,2.2917093084245646,0.8078670581058623
1.0,191,101,199,0,0.878,2.1511413016434235,0.8154205496723728
1.0,191,150,150,0,0.852,1.9615337242719342,0.7819682301010851
1.0,191,201,99,0,0.87,2.071285450376106,0.7965782971263232
1.0,191,251,49,0,0.798,1.7089972873653323,0.8139029884666945
1.0,192,21,279,0,0.896,2.3821292585396328,0.8427596879530542
1.0,192,51,249,0,0.904,2.411605399335215,0.8400176343425196
1.0,192,61,239,1,0.904,2.4105870768479427,0.8430609967618958
1.0,192,71,229,0,0.894,2.3562158058999274,0.8365750375257764
1.0,192,101,199,0,0.894,2.2809303611050016,0.8169032427508849
1.0,192,150,150,0,0.902,2.4214910239183207,0.8246869190576064
1.0,192,201,99,0,0.896,2.3293386706692365,0.7975284615311776
1.0,192,251,49,0,0.942,2.8319558034444965,0.787805760568708
1.0,193,21,279,0,0.94,2.652173923467122,0.721213960125311
1.0,193,51,249,0,0.938,2.6598924957868237,0.7557420762126017
1.0,193,61,239,1,0.94,2.659301938145031,0.7640078772995604
1.0,193,71,229,0,0.93,2.5404439374955703,0.7713120879080085
1.0,193,101,199,0,0.93,2.5313608733261908,0.7956987203608092
1.0,193,150,150,0,0.928,2.44012833706854,0.8239791991573735
1.0,193,201,99,0,0.924,2.345296425798239,0.8178570861318007
1.0,193,251,49,0,0.93,2.4777605463830934,0.8162649485108429
1.0,194,21,279,0,0.912,2.4600022529830183,0.8863143866561619
1.0,194,51,249,0,0.91,2.4127459634776693,0.8513724894036384
1.0,194,61,239,1,0.902,2.38858154459978,0.8693675177146704
1.0,194,71,229,0,0.898,2.3662984668243525,0.8553974059100959
1.0,194,101,199,0,0.898,2.340761084844482,0.8241414573658065
1.0,194,150,150,0,0.936,2.706353596446609,0.8140630743039149
1.0,194,201,99,0,0.896,2.265897129624055,0.8043213745935799
1.0,194,251,49,0,0.856,2.070615608479241,0.7946474795219332
1.0,195,21,279,0,0.866,2.2975855680747164,0.8362086267392382
1.0,195,51,249,0,0.892,2.5275882637893736,0.8039574196557161
1.0,195,61,239,1,0.872,2.335733306300796,0.8040493390777105
1.0,195,71,229,0,0.89,2.5146906930042743,0.793514998788129
1.0,195,101,199,0,0.89,2.507797604099584,0.7917592110900047
1.0,195,150,150,0,0.91,2.6772298725677572,0.8055467522594107
1.0,195,201,99,0,0.91,2.6540246114178054,0.8134444786480881
1.0,195,251,49,0,0.898,2.581414818582385,0.8238909510474589
1.0,196,21,279,0,0.93,2.665442298934131,0.8064719717911931
1.0,196,51,249,0,0.94,2.7788362490135188,0.8027586035815796
1.0,196,61,239,1,0.946,2.907307301310101,0.8031660544298347
1.0,196,71,229,0,0.946,2.9268954780692455,0.8010099047199428
1.0,196,101,199,0,0.966,3.1743540914751742,0.7855398137481314
1.0,196,150,150,0,0.966,3.209102810395893,0.7779314208426416
1.0,196,201,99,0,0.97,3.1998914557081997,0.8017247164882286
1.0,196,251,49,0,0.978,3.4057042141669442,0.7906469011332229
1.0,197,21,279,0,0.902,2.511511022820716,0.7641230282155029
1.0,197,51,249,0,0.9,2.4781473206327473,0.7639064928530561
1.0,197,61,239,1,0.894,2.4616493837457525,0.7406263751516676
1.0,197,71,229,0,0.884,2.4319132987961614,0.7498015499804539
1.0,197,101,199,0,0.908,2.5547904874102643,0.7320076995761775
1.0,197,150,150,0,0.918,2.60625032538443,0.7816443704083814
1.0,197,201,99,0,0.9,2.523529489622263,0.787722553616552
1.0,197,251,49,0,0.83,2.07461196622006,0.787330779173109
1.0,198,21,279,0,0.918,2.7972143971023407,0.663518392785623
1.0,198,51,249,0,0.916,2.637429634297795,0.7565975373452903
1.0,198,61,239,1,0.918,2.6296778542602817,0.7466130605867696
1.0,198,71,229,0,0.918,2.634283991768526,0.7526162283924023
1.0,198,101,199,0,0.916,2.6822368996294754,0.7634169818449594
1.0,198,150,150,0,0.914,2.659972765999746,0.7827395400020302
1.0,198,201,99,0,0.932,2.876826009028805,0.8079113832810725
1.0,198,251,49,0,0.88,2.3884613802977466,0.814909854293059
1.0,199,21,279,0,0.89,2.3713617823870474,0.8450945931405024
1.0,199,51,249,0,0.846,2.042692514513654,0.7672494766019624
1.0,199,61,239,1,0.86,2.122648971574254,0.7837200029026238
1.0,199,71,229,0,0.856,2.114738924455006,0.7924176396956361
1.0,199,101,199,0,0.846,2.059653262683414,0.774532991180361
1.0,199,150,150,0,0.804,1.8330737104496102,0.7839222959998092
1.0,199,201,99,0,0.788,1.7100062220431669,0.7959499355481272
1.0,199,251,49,0,0.768,1.6000539117400772,0.808702096532572
1.0,200,21,279,0,0.9,2.5761766835022835,0.8743579461926316
1.0,200,51,249,0,0.894,2.5630472294307975,0.8369024435471345
1.0,200,61,239,1,0.894,2.5664530842760005,0.8386342180582635
1.0,200,71,229,0,0.894,2.563891803022913,0.8373329754367013
1.0,200,101,199,0,0.93,2.920912320767159,0.8263085922573183
1.0,200,150,150,0,0.93,2.9027212500254844,0.8231916295070454
1.0,200,201,99,0,0.942,3.0583924736931625,0.8054314266641786
1.0,200,251,49,0,0.962,3.4589869989359285,0.7907923498527275
1.0,201,21,279,0,0.93,2.6960045420298284,0.7787204007493731
1.0,201,51,249,0,0.926,2.612064830842929,0.8053162922605986
1.0,201,61,239,1,0.924,2.6079160587687893,0.8021315127478792
1.0,201,71,229,0,0.926,2.6116272156896074,0.8126630572260592
1.0,201,101,199,0,0.924,2.5658100783659736,0.8012403923104529
1.0,201,150,150,0,0.904,2.341779263158991,0.8127811548537826
1.0,201,201,99,0,0.92,2.5189787121001346,0.8249668951534792
1.0,201,251,49,0,0.892,2.259817933644622,0.8201909742971338
1.0,202,21,279,0,0.89,2.3972316950557726,0.8901085829845143
1.0,202,51,249,0,0.888,2.374423962559149,0.8972030494960546
1.0,202,61,239,1,0.896,2.4129854115437053,0.8852286887873941
1.0,202,71,229,0,0.878,2.3192024260867647,0.8774459615329709
1.0,202,101,199,0,0.898,2.352159059717511,0.8548241261474612
1.0,202,150,150,0,0.9,2.3830338954142234,0.842436025493443
1.0,202,201,99,0,0.91,2.4895640995150075,0.810216358888838
1.0,202,251,49,0,0.884,2.2214325902554153,0.8075520118538944
1.0,203,21,279,0,0.906,2.397710864125278,0.8016919133618455
1.0,203,51,249,0,0.91,2.4376822623943535,0.7609209285300306
1.0,203,61,239,1,0.91,2.427051546729933,0.7655216462720466
1.0,203,71,229,0,0.91,2.436702017989502,0.7613443237221346
1.0,203,101,199,0,0.91,2.4260194700341717,0.7659693654532913
1.0,203,150,150,0,0.91,2.431657742393463,0.7862115180006932
1.0,203,201,99,0,0.914,2.4497515562338834,0.7780660293214643
1.0,203,251,49,0,0.842,1.8655343165261025,0.7921088572885926
1.0,204,21,279,0,0.828,1.9548391754752983,0.7767016540887477
1.0,204,51,249,0,0.838,2.099330018571596,0.8456019907722738
1.0,204,61,239,1,0.84,2.119647334555062,0.8313011140426876
1.0,204,71,229,0,0.842,2.1157182244125607,0.8147703780076649
1.0,204,101,199,0,0.842,2.1562362653268896,0.8062027370990225
1.0,204,150,150,0,0.84,2.1325786374053988,0.8277312317562532
1.0,204,201,99,0,0.88,2.430795645633636,0.815218917100192
1.0,204,251,49,0,0.846,2.1944535974154187,0.8170881922392174
1.0,205,21,279,0,0.874,2.3379828694894678,0.8126223584294616
1.0,205,51,249,0,0.876,2.3594347467452352,0.7854533408034561
1.0,205,61,239,1,0.872,2.368599701100206,0.7693367617499692
1.0,205,71,229,0,0.876,2.361031239199626,0.7994696135337135
1.0,205,101,199,0,0.904,2.6099018930600866,0.7726453409415449
1.0,205,150,150,0,0.888,2.510028523977732,0.7861975476681311
1.0,205,201,99,0,0.83,2.0962168935514796,0.7866022404095008
1.0,205,251,49,0,0.896,2.5687828975335543,0.7997274402260803
1.0,206,21,279,0,0.922,2.65946003763827,0.7055512503193435
1.0,206,51,249,0,0.924,2.6519340135259877,0.7460943627660345
1.0,206,61,239,1,0.922,2.6716057030543263,0.7304870590757554
1.0,206,71,229,0,0.924,2.665177584605384,0.7435125780178413
1.0,206,101,199,0,0.928,2.712269313954874,0.7294186227490103
1.0,206,150,150,0,0.938,2.8165600953687124,0.7647800258916143
1.0,206,201,99,0,0.936,2.776634908309374,0.7752145469846227
1.0,206,251,49,0,0.9,2.3042373966215175,0.7757967701341623
1.0,207,21,279,0,0.886,2.278262686096013,0.773815130064286
1.0,207,51,249,0,0.896,2.3053906826406445,0.8179129593034064
1.0,207,61,239,1,0.896,2.3231535558043817,0.8428573383645523
1.0,207,71,229,0,0.896,2.2924273223777454,0.8503810260660486
1.0,207,101,199,0,0.886,2.2362551281853524,0.8079841525914675
1.0,207,150,150,0,0.886,2.2362007173588907,0.8080030560185333
1.0,207,201,99,0,0.884,2.218318829894369,0.8160029621067109
1.0,207,251,49,0,0.91,2.5293393430933575,0.7998852537553393
1.0,208,21,279,0,0.89,2.2294355066876252,0.8417080411960702
1.0,208,51,249,0,0.89,2.188280815883834,0.8145324147758793
1.0,208,61,239,1,0.888,2.205491196090562,0.8365080452915434
1.0,208,71,229,0,0.888,2.1480707716871303,0.819973527937627
1.0,208,101,199,0,0.88,2.1032816945186146,0.7879814227408738
1.0,208,150,150,0,0.878,2.107032154883978,0.771668233905157
1.0,208,201,99,0,0.88,2.1195142056931235,0.7722569795947505
1.0,208,251,49,0,0.88,2.1272869413530926,0.7694802272295342
1.0,209,21,279,0,0.924,2.5682291864561075,0.7236165815759055
1.0,209,51,249,0,0.932,2.646958793258154,0.7491071601683924
1.0,209,61,239,1,0.938,2.7749432906690124,0.7738880189185378
1.0,209,71,229,0,0.928,2.5813251829819355,0.760586891700406
1.0,209,101,199,0,0.928,2.5638561302517653,0.7705935306225705
1.0,209,150,150,0,0.938,2.727943678308261,0.7556362742022708
1.0,209,201,99,0,0.94,2.788994922898967,0.7767356723755086
1.0,209,251,49,0,0.968,3.785546209623174,0.7769078519525329
1.0,210,21,279,0,0.9,2.5826474824667485,0.651161961336006
1.0,210,51,249,0,0.908,2.647603753200397,0.7319600158263045
1.0,210,61,239,1,0.904,2.6391000946337626,0.7219598464838268
1.0,210,71,229,0,0.906,2.643182942458459,0.7267799278140415
1.0,210,101,199,0,0.908,2.655744555235223,0.7362415227569252
1.0,210,150,150,0,0.888,2.4357518130001563,0.7621491414902865
1.0,210,201,99,0,0.91,2.650599967132965,0.7502788783356694
1.0,210,251,49,0,0.84,2.0945025319307344,0.7530488780451243
1.0,211,21,279,0,0.886,2.2949816171766204,0.8927791193859433
1.0,211,51,249,0,0.89,2.289424983444019,0.8443990435081935
1.0,211,61,239,1,0.89,2.3045978240207132,0.8308066443605485
1.0,211,71,229,0,0.894,2.366669822491067,0.8565971147400048
1.0,211,101,199,0,0.924,2.9112698970680637,0.8635170249197932
1.0,211,150,150,0,0.92,2.7807137094920615,0.8214027211025727
1.0,211,201,99,0,0.916,2.7700332384772905,0.794211516897872
1.0,211,251,49,0,0.916,2.713315126218331,0.7999538480792482
1.0,212,21,279,0,0.914,2.6421039176424985,0.8796756375004963
1.0,212,51,249,0,0.928,2.7207491758810973,0.8547949733973441
1.0,212,61,239,1,0.928,2.70464582866294,0.8445859310421521
1.0,212,71,229,0,0.928,2.729362866630361,0.8366144979986085
1.0,212,101,199,0,0.914,2.523467370480521,0.8147782720339003
1.0,212,150,150,0,0.908,2.457612233758935,0.8077750681273148
1.0,212,201,99,0,0.91,2.4663630600823816,0.8038814417250358
1.0,212,251,49,0,0.908,2.4727500505729503,0.798632133196682
1.0,213,21,279,0,0.902,2.3999508000379257,0.7740433957437661
1.0,213,51,249,0,0.888,2.322044613315362,0.6934295237614696
1.0,213,61,239,1,0.884,2.284349927058465,0.7241666221771653
1.0,213,71,229,0,0.888,2.32095403410728,0.7134547330308386
1.0,213,101,199,0,0.886,2.319940647609778,0.7311703434256616
1.0,213,150,150,0,0.882,2.282497250661041,0.742839225657468
1.0,213,201,99,0,0.91,2.4579085287851914,0.7488435441872452
1.0,213,251,49,0,0.896,2.3214020739980414,0.765259357850395
1.0,214,21,279,0,0.896,2.504355492000408,0.8689120455245382
1.0,214,51,249,0,0.9,2.53318761721047,0.8436972679509854
1.0,214,61,239,1,0.9,2.5335711993704866,0.8444310709437549
1.0,214,71,229,0,0.9,2.557316866595293,0.8385620470749082
1.0,214,101,199,0,0.9,2.5343583534658567,0.8459433913197544
1.0,214,150,150,0,0.878,2.2180776163797673,0.8296158595754718
1.0,214,201,99,0,0.914,2.7879425655955936,0.8342419552099357
1.0,214,251,49,0,0.914,2.7880361684185457,0.8349234619964985
1.0,215,21,279,0,0.908,2.442757881851578,0.6831737379605338
1.0,215,51,249,0,0.908,2.35910746395966,0.7661048137662878
1.0,215,61,239,1,0.906,2.312033502149535,0.7662128119822574
1.0,215,71,229,0,0.914,2.3825202978295636,0.7875609047240866
1.0,215,101,199,0,0.912,2.398146850293388,0.8036549831944398
1.0,215,150,150,0,0.92,2.4529432059696505,0.8014498323473624
1.0,215,201,99,0,0.922,2.5312291252946837,0.8007905784371955
1.0,215,251,49,0,0.924,2.5397597504817404,0.7961056901565712
1.0,216,21,279,0,0.92,2.733587210587241,0.6752989021839617
1.0,216,51,249,0,0.92,2.6951165355411306,0.7626935614548361
1.0,216,61,239,1,0.92,2.7384969794606304,0.7621427444091583
1.0,216,71,229,0,0.92,2.7934959019686914,0.7605836931604021
1.0,216,101,199,0,0.928,2.950125390268141,0.7949683091941571
1.0,216,150,150,0,0.938,3.1482577926547335,0.7888058023517831
1.0,216,201,99,0,0.944,3.2186446908829356,0.7871196713244634
1.0,216,251,49,0,0.938,3.1529796280938482,0.7849368110825229
1.0,217,21,279,0,0.874,2.3431437994340327,0.8306059518379972
1.0,217,51,249,0,0.872,2.289497052237063,0.8119805792118243
1.0,217,61,239,1,0.868,2.2512899565450306,0.7927226988189634
1.0,217,71,229,0,0.872,2.2757377990820573,0.802868574319138
1.0,217,101,199,0,0.872,2.27772065408548,0.803689474289214
1.0,217,150,150,0,0.884,2.385230899353559,0.8001922092077486
1.0,217,201,99,0,0.94,2.895442326763433,0.8036193336260676
1.0,217,251,49,0,0.978,4.535946758046618,0.8051492528340103
1.0,218,21,279,0,0.876,2.1305087364056132,0.8045069859157657
1.0,218,51,249,0,0.874,2.1316935173133245,0.8374195006517091
1.0,218,61,239,1,0.874,2.1132516200860425,0.8046247757477341
1.0,218,71,229,0,0.874,2.13908621922385,0.7911776798541076
1.0,218,101,199,0,0.874,2.1038502253976485,0.8131848216989459
1.0,218,150,150,0,0.874,2.1646809636866005,0.7881281073802322
1.0,218,201,99,0,0.874,2.136794904636369,0.7946170534204344
1.0,218,251,49,0,0.872,2.0657545398236716,0.8107698190975005
1.0,219,21,279,0,0.916,2.7602529221936027,0.7216476420387324
1.0,219,51,249,0,0.886,2.493007948429412,0.7580222242515436
1.0,219,61,239,1,0.888,2.504541088741927,0.7433783553811582
1.0,219,71,229,0,0.892,2.5577996054187535,0.7215136033278441
1.0,219,101,199,0,0.894,2.567908242603394,0.746904278479316
1.0,219,150,150,0,0.888,2.501113497185538,0.7747490176286199
1.0,219,201,99,0,0.866,2.277009286874815,0.7758722845712233
1.0,219,251,49,0,0.878,2.403819464981646,0.7985559249621966
1.0,220,21,279,0,0.932,2.744563449060537,0.7779590265944291
1.0,220,51,249,0,0.93,2.763830365276026,0.7947885615727597
1.0,220,61,239,1,0.938,2.796865236703233,0.75684509308012
1.0,220,71,229,0,0.936,2.7769476432993656,0.7835879475857965
1.0,220,101,199,0,0.91,2.454040635978779,0.7680904846152842
1.0,220,150,150,0,0.912,2.484678084669501,0.7770562178784615
1.0,220,201,99,0,0.938,2.843548567457627,0.7767155975054204
1.0,220,251,49,0,0.96,3.341301960806797,0.7749632266657439
1.0,221,21,279,0,0.88,2.2448141529221504,0.7525308337931844
1.0,221,51,249,0,0.886,2.277889864877853,0.7818848788173483
1.0,221,61,239,1,0.882,2.232135343224628,0.7665012513016769
1.0,221,71,229,0,0.882,2.2466295360020707,0.7740690754693679
1.0,221,101,199,0,0.888,2.282770432432352,0.7498154474463875
1.0,221,150,150,0,0.86,2.0963971916939985,0.7560242717693544
1.0,221,201,99,0,0.86,2.098893405156646,0.7489349054780863
1.0,221,251,49,0,0.81,1.7810427808728437,0.7637069764714484
1.0,222,21,279,0,0.888,2.4828522196866474,0.6263276527823695
1.0,222,51,249,0,0.896,2.457066463336026,0.6821203476602801
1.0,222,61,239,1,0.884,2.383380361180101,0.7398151446228964
1.0,222,71,229,0,0.902,2.504717532309938,0.7529409311787928
1.0,222,101,199,0,0.896,2.5141087945285667,0.7701365217788586
1.0,222,150,150,0,0.908,2.563121707142314,0.7768433645828404
1.0,222,201,99,0,0.88,2.3169335185866746,0.7740682574507974
1.0,222,251,49,0,0.878,2.334405068128691,0.793004171016858
1.0,223,21,279,0,0.886,2.3531737389018708,0.8022925193151942
1.0,223,51,249,0,0.88,2.3239105424372646,0.7990474974819904
1.0,223,61,239,1,0.882,2.345617008978882,0.7892153928553947
1.0,223,71,229,0,0.88,2.3250745344981834,0.7959161826722805
1.0,223,101,199,0,0.876,2.293409386589374,0.7984983360392142
1.0,223,150,150,0,0.886,2.3529102080028896,0.8003568154983495
1.0,223,201,99,0,0.874,2.282519079044386,0.8184790769127446
1.0,223,251,49,0,0.94,3.1033430758665554,0.8167916701306229
1.0,224,21,279,0,0.898,2.429399212968516,0.7848372986205073
1.0,224,51,249,0,0.896,2.4108977726544736,0.7922187428165074
1.0,224,61,239,1,0.91,2.5720858340551156,0.782858770933586
1.0,224,71,229,0,0.928,2.7366737466808,0.7955782835069629
1.0,224,101,199,0,0.924,2.7192575626446023,0.8023214643113015
1.0,224,150,150,0,0.898,2.4158208420830016,0.8409427800811802
1.0,224,201,99,0,0.89,2.3335316827474886,0.8277843968363252
1.0,224,251,49,0,0.874,2.1948516849120554,0.8150801448800716
1.0,225,21,279,0,0.906,2.5493310724542497,0.8615947006143319
1.0,225,51,249,0,0.91,2.5183153736276616,0.8277541944561952
1.0,225,61,239,1,0.906,2.4250223262634565,0.7977516903897759
1.0,225,71,229,0,0.912,2.4997364016415333,0.8142816150622144
1.0,225,101,199,0,0.912,2.5397312370088736,0.8326046616573952
1.0,225,150,150,0,0.912,2.5395213064319893,0.822968723055838
1.0,225,201,99,0,0.914,2.6135031938952493,0.8389237383429536
1.0,225,251,49,0,0.944,3.2799065915408674,0.8285389686500065
1.0,226,21,279,0,0.87,2.3341192364823637,0.7856492967463311
1.0,226,51,249,0,0.868,2.2941918616722523,0.8077745247115338
1.0,226,61,239,1,0.868,2.3127574543783203,0.7996805270606282
1.0,226,71,229,0,0.868,2.3040485427724327,0.8023078514072703
1.0,226,101,199,0,0.846,2.1920612552643752,0.7769326703584514
1.0,226,150,150,0,0.83,2.048209623148648,0.7953244640644194
1.0,226,201,99,0,0.79,1.8418797234911544,0.7960761691766135
1.0,226,251,49,0,0.916,2.5553599007574404,0.8018907303832535
1.0,227,21,279,0,0.908,2.595231796286491,0.7650713558414689
1.0,227,51,249,0,0.914,2.6329986414991016,0.7316301248397543
1.0,227,61,239,1,0.918,2.6959723693182176,0.7475203306672519
1.0,227,71,229,0,0.92,2.7433260416869887,0.7644687244312401
1.0,227,101,199,0,0.922,2.7488327833233828,0.7660341976668538
1.0,227,150,150,0,0.918,2.762022555900572,0.7885249015742896
1.0,227,201,99,0,0.918,2.761431077279437,0.7871606854911327
1.0,227,251,49,0,0.934,2.836330414520489,0.7900268972203714
1.0,228,21,279,0,0.916,2.652802351870138,0.8325444363722507
1.0,228,51,249,0,0.92,2.7725250188947133,0.7510258167250022
1.0,228,61,239,1,0.924,2.813112307210441,0.7641528414983657
1.0,228,71,229,0,0.924,2.8421699200919845,0.7733393112089635
1.0,228,101,199,0,0.926,2.884269269187036,0.7866063809802827
1.0,228,150,150,0,0.92,2.6885303734180117,0.8155284235976816
1.0,228,201,99,0,0.916,2.630902955521289,0.822866576252392
1.0,228,251,49,0,0.944,3.3107201521236975,0.8112319658723626
1.0,229,21,279,0,0.896,2.3065925577889916,0.7094251443927915
1.0,229,51,249,0,0.914,2.4791090593259373,0.6905750340215006
1.0,229,61,239,1,0.914,2.467279268625111,0.7063210075796669
1.0,229,71,229,0,0.918,2.4972303494127566,0.766159702425095
1.0,229,101,199,0,0.922,2.5714981663775176,0.7719761925094235
1.0,229,150,150,0,0.934,2.9337690211620275,0.773907436483442
1.0,229,201,99,0,0.95,3.256792535763251,0.780650534037663
1.0,229,251,49,0,0.968,3.594469960131651,0.7904296662594082
1.0,230,21,279,0,0.882,2.359500354931321,0.7667463467004022
1.0,230,51,249,0,0.884,2.3826072051839318,0.7327123350061707
1.0,230,61,239,1,0.88,2.359041319080606,0.7434016853375384
1.0,230,71,229,0,0.884,2.377484168596183,0.7486752968112403
1.0,230,101,199,0,0.902,2.4778096536574172,0.7635232300464802
1.0,230,150,150,0,0.902,2.46921044230407,0.7622849908913519
1.0,230,201,99,0,0.886,2.3746099909692973,0.7612299845088826
1.0,230,251,49,0,0.82,1.8173595231472746,0.7660575259948509
1.0,231,21,279,0,0.892,2.581382196933217,0.5684414332039411
1.0,231,51,249,0,0.906,2.536134748726124,0.7486033569122809
1.0,231,61,239,1,0.904,2.5376998103301576,0.7655010771979007
1.0,231,71,229,0,0.908,2.5381986414685045,0.7698782043990638
1.0,231,101,199,0,0.908,2.5576250561509846,0.7653716204721456
1.0,231,150,150,0,0.91,2.588997761121409,0.785584325551177
1.0,231,201,99,0,0.91,2.5752668019335383,0.7772451449659415
1.0,231,251,49,0,0.942,3.002904037117459,0.7794566511178559
1.0,232,21,279,0,0.88,2.3800063953232757,0.784150268612766
1.0,232,51,249,0,0.882,2.4272349246422533,0.7617982804047375
1.0,232,61,239,1,0.882,2.421460062521324,0.7656432985854443
1.0,232,71,229,0,0.884,2.42824988889047,0.7808719244307686
1.0,232,101,199,0,0.896,2.4919531332302047,0.8328910220101994
1.0,232,150,150,0,0.896,2.5020202758418875,0.8364387277842892
1.0,232,201,99,0,0.898,2.5579544997090866,0.8292932786107943
1.0,232,251,49,0,0.876,2.3194042507233763,0.8359196669212664
1.0,233,21,279,0,0.906,2.5415093877210295,0.8718648072356903
1.0,233,51,249,0,0.908,2.557415842965219,0.840942803495076
1.0,233,61,239,1,0.908,2.546196424676288,0.8404943619960695
1.0,233,71,229,0,0.91,2.5746444050707185,0.8456804629596006
1.0,233,101,199,0,0.906,2.5534419229004053,0.830583678172268
1.0,233,150,150,0,0.912,2.6191488458015386,0.8613134533015648
1.0,233,201,99,0,0.892,2.4541743925689787,0.8577238048416562
1.0,233,251,49,0,0.924,2.7904412357605506,0.8551595787090996
1.0,234,21,279,0,0.818,1.97575344165449,0.8824285902298986
1.0,234,51,249,0,0.826,1.985700711890463,0.8467233533874218
1.0,234,61,239,1,0.834,2.0053495075079724,0.8259035575333588
1.0,234,71,229,0,0.834,2.0233233720934583,0.8170913409073989
1.0,234,101,199,0,0.852,2.0825993867996058,0.7988419563388646
1.0,234,150,150,0,0.834,1.9887466209606468,0.8137169724996355
1.0,234,201,99,0,0.84,2.029601467002841,0.8001347089722476
1.0,234,251,49,0,0.908,2.6202559736511337,0.804855609100356
1.0,235,21,279,0,0.924,2.4114226780958563,0.892225033853824
1.0,235,51,249,0,0.926,2.43190446120728,0.8483691766881659
1.0,235,61,239,1,0.922,2.4372461085648403,0.8381093041197033
1.0,235,71,229,0,0.914,2.336245244691252,0.8538473255581555
1.0,235,101,199,0,0.922,2.438333964614272,0.8413073342662988
1.0,235,150,150,0,0.922,2.432707806931612,0.8247549460159423
1.0,235,201,99,0,0.922,2.431405628130971,0.8174095676930963
1.0,235,251,49,0,0.942,2.6679344305360053,0.8046336272536925
1.0,236,21,279,0,0.892,2.300479081331779,0.9027691751475563
1.0,236,51,249,0,0.894,2.315528427173409,0.8834664614984464
1.0,236,61,239,1,0.89,2.2494256742820182,0.8950610563264606
1.0,236,71,229,0,0.884,2.2254305464324884,0.897265802943151
1.0,236,101,199,0,0.876,2.172421817064333,0.8652827999728597
1.0,236,150,150,0,0.874,2.162190685773684,0.8349815866194606
1.0,236,201,99,0,0.864,2.0733758878339597,0.8325616596648915
1.0,236,251,49,0,0.924,2.655392711965474,0.8347547649690081
1.0,237,21,279,0,0.93,2.591705567171688,0.8666550052984183
1.0,237,51,249,0,0.92,2.601012776686535,0.812719536393007
1.0,237,61,239,1,0.922,2.6263607947583147,0.8049222332623988
1.0,237,71,229,0,0.922,2.626520012817101,0.7914261265297516
1.0,237,101,199,0,0.922,2.596253718874089,0.7944335547852565
1.0,237,150,150,0,0.91,2.3399348699255897,0.7791206970826373
1.0,237,201,99,0,0.91,2.3579017203738477,0.7998940685234164
1.0,237,251,49,0,0.846,1.9117024327672918,0.7957983700198215
1.0,238,21,279,0,0.92,2.8690260286799716,0.7259685700118341
1.0,238,51,249,0,0.938,3.07928385150135,0.8210851598372249
1.0,238,61,239,1,0.944,3.1591123438392312,0.8244687184730871
1.0,238,71,229,0,0.938,3.0794066847628994,0.814024454232296
1.0,238,101,199,0,0.934,2.984067910660579,0.7708308214290285
1.0,238,150,150,0,0.942,3.116433377021022,0.7888658399014835
1.0,238,201,99,0,0.924,2.9039913108366173,0.7948467988200465
1.0,238,251,49,0,0.956,3.424980809689793,0.7871096415432733
1.0,239,21,279,0,0.904,2.664402066570018,0.8380633626185617
1.0,239,51,249,0,0.906,2.64598902633906,0.8213442974849646
1.0,239,61,239,1,0.908,2.6822819489118244,0.8198398110674467
1.0,239,71,229,0,0.906,2.6652957816532945,0.8279323829640107
1.0,239,101,199,0,0.91,2.7556043885986288,0.8260312949406786
1.0,239,150,150,0,0.89,2.4932852326466253,0.8253799160042851
1.0,239,201,99,0,0.904,2.6350361175548787,0.8115215622107471
1.0,239,251,49,0,0.91,2.7090006110756946,0.8070553876268005
1.0,240,21,279,0,0.92,2.4232458168138784,0.7765346833549371
1.0,240,51,249,0,0.91,2.331279806481586,0.7688382285132388
1.0,240,61,239,1,0.91,2.3328537414289774,0.7681709712060162
1.0,240,71,229,0,0.906,2.321375788258927,0.7730231259159299
1.0,240,101,199,0,0.906,2.3427335264604663,0.7750429851646473
1.0,240,150,150,0,0.922,2.4566344383275354,0.7689665013090902
1.0,240,201,99,0,0.922,2.511539631799583,0.7630293803666662
1.0,240,251,49,0,0.926,2.5102170607212053,0.7755577690804706
1.0,241,21,279,0,0.898,2.398705169853349,0.7938068208912185
1.0,241,51,249,0,0.902,2.4104829618895844,0.8164480761374193
1.0,241,61,239,1,0.906,2.4609915552268022,0.8082247324887583
1.0,241,71,229,0,0.906,2.4572854659255907,0.7987962624638131
1.0,241,101,199,0,0.904,2.432839065003973,0.7877677039732104
1.0,241,150,150,0,0.9,2.412392850659302,0.7851383420131073
1.0,241,201,99,0,0.89,2.311684986103807,0.7774328291991632
1.0,241,251,49,0,0.906,2.454361015832847,0.7817762200894046
1.0,242,21,279,0,0.878,2.372446006990585,0.7895200089457524
1.0,242,51,249,0,0.856,2.164882290392208,0.8173296890168155
1.0,242,61,239,1,0.858,2.199943420430776,0.8022875203576331
1.0,242,71,229,0,0.858,2.2048968216845033,0.8005727880645105
1.0,242,101,199,0,0.848,2.1120329862831797,0.7918523562766202
1.0,242,150,150,0,0.848,2.134967258657033,0.7974631270171184
1.0,242,201,99,0,0.848,2.1250531846267986,0.7892508630568152
1.0,242,251,49,0,0.892,2.42527136500799,0.8027722898293851
1.0,243,21,279,0,0.904,2.5546004673269116,0.8993962598690444
1.0,243,51,249,0,0.912,2.5679031348633172,0.8649264512530104
1.0,243,61,239,1,0.91,2.5043842616347747,0.851404301533028
1.0,243,71,229,0,0.908,2.4763015902605723,0.838032805235487
1.0,243,101,199,0,0.896,2.333456111759264,0.8319250138768766
1.0,243,150,150,0,0.916,2.530171293192409,0.8148437572383588
1.0,243,201,99,0,0.906,2.4448531026419236,0.8208988253618315
1.0,243,251,49,0,0.906,2.488110666665618,0.8041522942978063
1.0,244,21,279,0,0.894,2.3994065678550616,0.7966360510810748
1.0,244,51,249,0,0.884,2.339733614705213,0.8488020438434062
1.0,244,61,239,1,0.886,2.357070528404327,0.864312425657544
1.0,244,71,229,0,0.888,2.3490988671303947,0.8571407652189094
1.0,244,101,199,0,0.892,2.378527533051829,0.8346097866120101
1.0,244,150,150,0,0.892,2.378085651147412,0.833064891550744
1.0,244,201,99,0,0.854,2.0726975912891294,0.830167852343091
1.0,244,251,49,0,0.844,2.0148942813712853,0.8294831660940952
1.0,245,21,279,0,0.898,2.575933924458125,0.8983633062315202
1.0,245,51,249,0,0.908,2.6838271528427025,0.841812461204408
1.0,245,61,239,1,0.908,2.681222863948365,0.8432033096516682
1.0,245,71,229,0,0.908,2.670507499513499,0.8489113245906664
1.0,245,101,199,0,0.908,2.642787919208705,0.8312415087609166
1.0,245,150,150,0,0.904,2.571106482139929,0.7939529128919847
1.0,245,201,99,0,0.902,2.534791222955296,0.7925236844637213
1.0,245,251,49,0,0.822,1.8739180365470334,0.8050050563333799
1.0,246,21,279,0,0.922,2.503627336510571,0.7819922473045995
1.0,246,51,249,0,0.92,2.50716847935064,0.8434855135836262
1.0,246,61,239,1,0.922,2.498226452687917,0.813821699862792
1.0,246,71,229,0,0.924,2.5080162275919413,0.8101300162743543
1.0,246,101,199,0,0.922,2.4722092625907197,0.8041396030474496
1.0,246,150,150,0,0.928,2.6001338685066147,0.7828041732350569
1.0,246,201,99,0,0.938,2.7383465054210157,0.7865666507474973
1.0,246,251,49,0,0.974,3.8092848759360693,0.7909427924232022
1.0,247,21,279,0,0.892,2.277126190423768,0.7717090783435648
1.0,247,51,249,0,0.89,2.2686724301546275,0.7531680430464404
1.0,247,61,239,1,0.894,2.3117212924287216,0.7475948917133105
1.0,247,71,229,0,0.892,2.311350415138593,0.7394769063584336
1.0,247,101,199,0,0.892,2.3124188525998615,0.7395816951987719
1.0,247,150,150,0,0.88,2.2288468710145493,0.8045174932549787
1.0,247,201,99,0,0.878,2.2066900302504626,0.7871740788282076
1.0,247,251,49,0,0.896,2.3087765591709943,0.7746459618400494
1.0,248,21,279,0,0.874,2.28675645194304,0.7724702847940674
1.0,248,51,249,0,0.87,2.2568948278330714,0.7897878002155305
1.0,248,61,239,1,0.866,2.201967439221735,0.7759084087195217
1.0,248,71,229,0,0.874,2.26385855695362,0.7647517819474919
1.0,248,101,199,0,0.868,2.2150512181791497,0.7600998727836873
1.0,248,150,150,0,0.874,2.2642105651232067,0.7618018936193012
1.0,248,201,99,0,0.838,1.9578434588947093,0.7767442871213054
1.0,248,251,49,0,0.906,2.5066681091861676,0.7760174815856213
1.0,249,21,279,0,0.88,2.446370573192985,0.7919730545402833
1.0,249,51,249,0,0.89,2.5599515313389696,0.8424896155500274
1.0,249,61,239,1,0.888,2.5809791600410037,0.8262824125359809
1.0,249,71,229,0,0.892,2.594323897090421,0.8484924521355236
1.0,249,101,199,0,0.874,2.368718185423633,0.8435619826073273
1.0,249,150,150,0,0.864,2.2081581147613387,0.824712923293388
1.0,249,201,99,0,0.868,2.2379150954622573,0.8081007433170222
1.0,249,251,49,0,0.862,2.175587216267902,0.8146841767491876
1.0,250,21,279,0,0.898,2.3892283320415486,0.7869387233194156
1.0,250,51,249,0,0.898,2.4457895635110565,0.7725158267746682
1.0,250,61,239,1,0.898,2.4349772973877672,0.7650423043764756
1.0,250,71,229,0,0.896,2.405767132242672,0.7650899373302852
1.0,250,101,199,0,0.886,2.369064937207286,0.7693499080143351
1.0,250,150,150,0,0.864,2.1876733258390466,0.7941908495881949
1.0,250,201,99,0,0.904,2.4374981976817116,0.8276114281933602
1.0,250,251,49,0,0.848,2.041522659429885,0.8218879762271117
1.0,251,21,279,0,0.896,2.5408213245839586,0.8971411529754315
1.0,251,51,249,0,0.896,2.4201945624144883,0.8285352569848435
1.0,251,61,239,1,0.898,2.4164771080541736,0.8042282721811042
1.0,251,71,229,0,0.896,2.4143184462474676,0.8008178886471249
1.0,251,101,199,0,0.9,2.4682479935349964,0.8043259871854763
1.0,251,150,150,0,0.92,2.623605626704657,0.7813586669414555
1.0,251,201,99,0,0.938,2.818622424576066,0.7753331655323523
1.0,251,251,49,0,0.912,2.565636840191364,0.7856570589856495
1.0,252,21,279,0,0.902,2.411936791684355,0.7853050150789016
1.0,252,51,249,0,0.912,2.453826714224377,0.8262716044552652
1.0,252,61,239,1,0.91,2.4064925768484247,0.806923660120384
1.0,252,71,229,0,0.912,2.447031306311136,0.8146428062338189
1.0,252,101,199,0,0.91,2.406641796386873,0.8063533928514245
1.0,252,150,150,0,0.91,2.4841333387970654,0.7869162723185753
1.0,252,201,99,0,0.902,2.373863130410162,0.7907428136904373
1.0,252,251,49,0,0.91,2.4742303023550347,0.7944842811379007
1.0,253,21,279,0,0.916,2.66480652751521,0.7337526610886387
1.0,253,51,249,0,0.92,2.7058972091426785,0.7262132019674808
1.0,253,61,239,1,0.918,2.6632326724303,0.7458493777720391
1.0,253,71,229,0,0.926,2.760074281076254,0.7679587989367693
1.0,253,101,199,0,0.926,2.786295505079942,0.7676060899084465
1.0,253,150,150,0,0.906,2.5074681540080688,0.7553804602269765
1.0,253,201,99,0,0.906,2.506462081657203,0.7557367339515644
1.0,253,251,49,0,0.91,2.530283937301423,0.7473187688768037
1.0,254,21,279,0,0.904,2.4285911620339062,0.8540025652265396
1.0,254,51,249,0,0.892,2.380431829809204,0.7734648598476603
1.0,254,61,239,1,0.91,2.5026974074713215,0.7945401598694398
1.0,254,71,229,0,0.91,2.494804671125642,0.7880906837389425
1.0,254,101,199,0,0.912,2.507399125999161,0.7865549700052071
1.0,254,150,150,0,0.906,2.495158772099553,0.8062080312427309
1.0,254,201,99,0,0.934,2.81257685610322,0.7857718808567371
1.0,254,251,49,0,0.948,3.195978007200608,0.7839301873834784
1.0,255,21,279,0,0.912,2.6103163480117813,0.711658485639768
1.0,255,51,249,0,0.918,2.557806590119156,0.7688934243858563
1.0,255,61,239,1,0.918,2.5711382141315506,0.7711389777417839
1.0,255,71,229,0,0.918,2.5747524359290144,0.753878482743776
1.0,255,101,199,0,0.918,2.5588222798475937,0.7680126216587492
1.0,255,150,150,0,0.924,2.630163830412141,0.7745704827716161
1.0,255,201,99,0,0.95,3.0621517954654447,0.7740169067155546
1.0,255,251,49,0,0.952,3.0831831208235836,0.7851370674099694
1.0,256,21,279,0,0.88,2.291559665697847,0.8187732796596444
1.0,256,51,249,0,0.874,2.2485600697772026,0.8503314005464824
1.0,256,61,239,1,0.88,2.290645700358732,0.8292533862453273
1.0,256,71,229,0,0.876,2.2483712224198897,0.8346066962280055
1.0,256,101,199,0,0.858,2.154111872407375,0.8448903358133136
1.0,256,150,150,0,0.882,2.3401516163135447,0.8168973389891346
1.0,256,201,99,0,0.872,2.2570559714841925,0.8094676837024846
1.0,256,251,49,0,0.842,1.9373789795642382,0.810545142201053
1.0,257,21,279,0,0.89,2.223488629949172,0.7326223064770848
1.0,257,51,249,0,0.894,2.2351401553979553,0.7793885067276377
1.0,257,61,239,1,0.898,2.2476998102154915,0.7950898104865857
1.0,257,71,229,0,0.89,2.212905630426035,0.7856229661931207
1.0,257,101,199,0,0.892,2.2041922795458615,0.7919728839127078
1.0,257,150,150,0,0.858,2.050639104896298,0.7646882187951618
1.0,257,201,99,0,0.884,2.1867641694771063,0.7744314770392408
1.0,257,251,49,0,0.848,1.99840132868591,0.7653358969786614
1.0,258,21,279,0,0.896,2.460090512095645,0.7994681970926281
1.0,258,51,249,0,0.894,2.3930187055944105,0.8187355514794507
1.0,258,61,239,1,0.892,2.3604134032705386,0.8280507582654423
1.0,258,71,229,0,0.894,2.407392773888501,0.807012925306384
1.0,258,101,199,0,0.89,2.321772791893269,0.8295888050710729
1.0,258,150,150,0,0.876,2.2276780567371772,0.8285108254128375
1.0,258,201,99,0,0.842,2.028588214617411,0.8348530750866001
1.0,258,251,49,0,0.842,1.93455335089151,0.8315104067813873
1.0,259,21,279,0,0.88,2.356650913184382,0.7557645467417358
1.0,259,51,249,0,0.88,2.34356076751781,0.7611247726404682
1.0,259,61,239,1,0.878,2.3263923303009233,0.7681694208670043
1.0,259,71,229,0,0.878,2.3069461783395275,0.7761694368678883
1.0,259,101,199,0,0.88,2.3285181490780347,0.782584922686987
1.0,259,150,150,0,0.862,2.2067838220877993,0.7895593484001979
1.0,259,201,99,0,0.868,2.24972593896104,0.7936035273190802
1.0,259,251,49,0,0.916,2.724040030056746,0.7904498162238973
1.0,260,21,279,0,0.9,2.6067668728562667,0.8967936254864797
1.0,260,51,249,0,0.902,2.6135168515290395,0.891178537917201
1.0,260,61,239,1,0.89,2.463186023265985,0.8652575001844783
1.0,260,71,229,0,0.89,2.454538092017772,0.8763313318944327
1.0,260,101,199,0,0.87,2.233752295841955,0.8583390407700102
1.0,260,150,150,0,0.84,2.04892788366332,0.8371753013882055
1.0,260,201,99,0,0.848,2.101330458991604,0.8291550713883252
1.0,260,251,49,0,0.838,2.0240175809299616,0.8246660377492072
1.0,261,21,279,0,0.874,2.234315263994448,0.8670486529595923
1.0,261,51,249,0,0.874,2.2286885160926375,0.8627105779203876
1.0,261,61,239,1,0.876,2.254322242986883,0.8458326528009823
1.0,261,71,229,0,0.88,2.2984029710708747,0.8381768206038689
1.0,261,101,199,0,0.88,2.2982056330401086,0.8460891658809628
1.0,261,150,150,0,0.88,2.279933881676774,0.844663718020627
1.0,261,201,99,0,0.88,2.302399709202817,0.836774210885314
1.0,261,251,49,0,0.88,2.2975156809608945,0.8322753703411345
1.0,262,21,279,0,0.9,2.455283108740008,0.8397663458826821
1.0,262,51,249,0,0.896,2.393063377069139,0.8174777536525052
1.0,262,61,239,1,0.892,2.3651815307300996,0.8214840844042758
1.0,262,71,229,0,0.9,2.448939426278259,0.844147648106547
1.0,262,101,199,0,0.892,2.366099562186997,0.8370149106356638
1.0,262,150,150,0,0.924,2.66118327630684,0.8431046090857148
1.0,262,201,99,0,0.918,2.5757704226106406,0.8267454209077333
1.0,262,251,49,0,0.888,2.349128989778742,0.8295868084335069
1.0,263,21,279,0,0.876,2.241126016496412,0.8285993021971405
1.0,263,51,249,0,0.88,2.1923156969602466,0.8156134978682261
1.0,263,61,239,1,0.874,2.176287838985283,0.82036160403635
1.0,263,71,229,0,0.882,2.1724598986554944,0.7989359595154916
1.0,263,101,199,0,0.88,2.1620528421263008,0.807333648730123
1.0,263,150,150,0,0.872,2.1172007798412262,0.8324273004516097
1.0,263,201,99,0,0.874,2.1412166202944487,0.8231768403000775
1.0,263,251,49,0,0.86,2.016834121303528,0.816845613017012
1.0,264,21,279,0,0.882,2.4464915473672533,0.7644993591069376
1.0,264,51,249,0,0.874,2.3713199724824623,0.7941224888871182
1.0,264,61,239,1,0.878,2.399300473526705,0.7862529609193354
1.0,264,71,229,0,0.88,2.3990255266142606,0.7827323847497825
1.0,264,101,199,0,0.882,2.4410512622913574,0.7685735522718228
1.0,264,150,150,0,0.886,2.488414622238816,0.783431759440572
1.0,264,201,99,0,0.886,2.4791502894792505,0.7953565121869792
1.0,264,251,49,0,0.946,3.282387688676641,0.8028084757386215
1.0,265,21,279,0,0.874,2.3304414653373753,0.8042691902212196
1.0,265,51,249,0,0.876,2.321715135741876,0.8138208043344658
1.0,265,61,239,1,0.874,2.3264610846080958,0.8053640487397498
1.0,265,71,229,0,0.874,2.33031599988085,0.8044066016325088
1.0,265,101,199,0,0.876,2.3173575836681075,0.8278771196902879
1.0,265,150,150,0,0.876,2.358988958506602,0.7974307377127481
1.0,265,201,99,0,0.884,2.4784645069572604,0.7892126847899081
1.0,265,251,49,0,0.89,2.58826816453388,0.7738349171492906
1.0,266,21,279,0,0.902,2.438278784656967,0.9190220962273878
1.0,266,51,249,0,0.894,2.261773769675964,0.844568024203478
1.0,266,61,239,1,0.9,2.291801287585127,0.8322803048280212
1.0,266,71,229,0,0.902,2.3352275699039557,0.8171964678166582
1.0,266,101,199,0,0.894,2.27593845138944,0.8031544603518266
1.0,266,150,150,0,0.9,2.327504681553597,0.7917489577136214
1.0,266,201,99,0,0.902,2.3123909673737577,0.8020687652666891
1.0,266,251,49,0,0.894,2.2724287113528128,0.7978994370970757
1.0,267,21,279,0,0.914,2.684533229926312,0.8277385911097681
1.0,267,51,249,0,0.91,2.6840795848097185,0.8156120011951256
1.0,267,61,239,1,0.918,2.797739449233408,0.79656986963316
1.0,267,71,229,0,0.902,2.601305756635162,0.7749806871677801
1.0,267,101,199,0,0.902,2.6169406942195095,0.7703430386620104
1.0,267,150,150,0,0.908,2.697308371713182,0.7762491400247303
1.0,267,201,99,0,0.908,2.685742884372034,0.7865296458623565
1.0,267,251,49,0,0.922,2.954885050958005,0.8026349667313394
1.0,268,21,279,0,0.844,1.969254502276448,0.7537941854787368
1.0,268,51,249,0,0.834,1.925402446318098,0.7469074672711108
1.0,268,61,239,1,0.84,1.9873130634749991,0.7363283668857117
1.0,268,71,229,0,0.846,1.9673449875275697,0.7556471397038524
1.0,268,101,199,0,0.852,2.0441100587918806,0.7720760854054937
1.0,268,150,150,0,0.89,2.2611924538880945,0.7860085793146432
1.0,268,201,99,0,0.892,2.2695313138370823,0.8216886871887829
1.0,268,251,49,0,0.848,1.984790269929437,0.82017652902915
1.0,269,21,279,0,0.894,2.3498116433512117,0.8169185557954404
1.0,269,51,249,0,0.892,2.3458595928995463,0.8070697808283651
1.0,269,61,239,1,0.894,2.3456368104947085,0.813070983299098
1.0,269,71,229,0,0.892,2.347023683814003,0.8074248670509461
1.0,269,101,199,0,0.89,2.334689551727372,0.8019718069540307
1.0,269,150,150,0,0.892,2.343945876446861,0.8031138840367434
1.0,269,201,99,0,0.9,2.426224461239177,0.8284141203529144
1.0,269,251,49,0,0.9,2.420949754972575,0.8302466382354936
1.0,270,21,279,0,0.93,2.6802235494396545,0.828095742497662
1.0,270,51,249,0,0.928,2.6355928372280255,0.8099280800812048
1.0,270,61,239,1,0.93,2.7294179742212976,0.8266789272243193
1.0,270,71,229,0,0.932,2.7315367401852777,0.8155130270338063
1.0,270,101,199,0,0.93,2.731060805235413,0.818291661536323
1.0,270,150,150,0,0.932,2.732153486084978,0.8115780847645055
1.0,270,201,99,0,0.944,2.9770386564572884,0.803163951092595
1.0,270,251,49,0,0.946,2.9794343261758693,0.804893265225938
1.0,271,21,279,0,0.914,2.489226353467412,0.8153131795185014
1.0,271,51,249,0,0.918,2.560809340344817,0.7314783500022138
1.0,271,61,239,1,0.91,2.453113909500517,0.7670528167796445
1.0,271,71,229,0,0.896,2.278166178571711,0.7796312346371645
1.0,271,101,199,0,0.886,2.2023858812628214,0.7855265104429611
1.0,271,150,150,0,0.884,2.1904583332319434,0.8101490685509857
1.0,271,201,99,0,0.914,2.4868771871352866,0.822344782453485
1.0,271,251,49,0,0.904,2.3779470297790684,0.8192515052644674
1.0,272,21,279,0,0.894,2.2787057298712843,0.8215351104144974
1.0,272,51,249,0,0.894,2.274356347246293,0.8041790628815004
1.0,272,61,239,1,0.898,2.311772719076291,0.839805470444794
1.0,272,71,229,0,0.9,2.321803851034695,0.8348128945140161
1.0,272,101,199,0,0.892,2.2429062638153137,0.8401347273709034
1.0,272,150,150,0,0.938,2.8173439493890795,0.8141004752883686
1.0,272,201,99,0,0.864,2.067160549942954,0.8216504035415333
1.0,272,251,49,0,0.862,2.039489226608573,0.8188987906176218
1.0,273,21,279,0,0.894,2.3822769571284406,0.8162458205531429
1.0,273,51,249,0,0.898,2.4082744065637045,0.7981494607140477
1.0,273,61,239,1,0.894,2.375034776929898,0.8212541767315231
1.0,273,71,229,0,0.894,2.38507632092452,0.8169221018719588
1.0,273,101,199,0,0.914,2.5901410501844135,0.859175284575308
1.0,273,150,150,0,0.934,2.7304295013450437,0.8531822115483015
1.0,273,201,99,0,0.898,2.428240322550756,0.8339593486141512
1.0,273,251,49,0,0.916,2.578684442709243,0.8237222754761651
1.0,274,21,279,0,0.902,2.4764886308095493,0.817705150962656
1.0,274,51,249,0,0.904,2.5393235924787696,0.8117244380920776
1.0,274,61,239,1,0.904,2.5115812880861608,0.797195936661181
1.0,274,71,229,0,0.9,2.4866916253357547,0.7900540384527759
1.0,274,101,199,0,0.9,2.4719817195567555,0.7948175587928461
1.0,274,150,150,0,0.91,2.5743264509147203,0.7838196256564887
1.0,274,201,99,0,0.938,2.8619997423217636,0.8031133286732317
1.0,274,251,49,0,0.942,2.9835165299592354,0.7944053625158486
1.0,275,21,279,0,0.912,2.500285177187191,0.8064439624910715
1.0,275,51,249,0,0.91,2.4649216161601673,0.8315490557014499
1.0,275,61,239,1,0.906,2.4126742383038478,0.8559877544824929
1.0,275,71,229,0,0.894,2.3334066111698637,0.8428473432623032
1.0,275,101,199,0,0.896,2.336304108170906,0.8419745282219744
1.0,275,150,150,0,0.91,2.4902851601285594,0.8192708940785617
1.0,275,201,99,0,0.906,2.4148025438745906,0.8185671881984392
1.0,275,251,49,0,0.94,2.853733900254375,0.829095521369141
1.0,276,21,279,0,0.926,2.684410713895207,0.8235804994915625
1.0,276,51,249,0,0.926,2.7501796993673264,0.8637860786229004
1.0,276,61,239,1,0.93,2.781134601502797,0.8528475945841266
1.0,276,71,229,0,0.936,2.801386203443359,0.8211254478465327
1.0,276,101,199,0,0.936,2.8014405449840925,0.8061896948915497
1.0,276,150,150,0,0.936,2.7919866623519303,0.7875584229546266
1.0,276,201,99,0,0.94,2.8549787228136982,0.7865839473069495
1.0,276,251,49,0,0.942,2.8766396390424527,0.7787453462253662
1.0,277,21,279,0,0.896,2.359563939936375,0.7558981597919876
1.0,277,51,249,0,0.896,2.336904825200554,0.7438130887549138
1.0,277,61,239,1,0.892,2.29730231289382,0.7768833393479752
1.0,277,71,229,0,0.894,2.346122992338056,0.7813225981984494
1.0,277,101,199,0,0.896,2.334724973309867,0.7647928325036988
1.0,277,150,150,0,0.892,2.2962350696859284,0.7777795596735497
1.0,277,201,99,0,0.89,2.3116542787952423,0.7897072789342571
1.0,277,251,49,0,0.88,2.1892351401025825,0.7921129314961365
1.0,278,21,279,0,0.882,2.390634048041599,0.7474234986939069
1.0,278,51,249,0,0.888,2.389384263417975,0.8037543323180482
1.0,278,61,239,1,0.888,2.4043441843874374,0.8055957221670171
1.0,278,71,229,0,0.884,2.39756911633674,0.7867438364736291
1.0,278,101,199,0,0.902,2.5288422799380426,0.7772978824200585
1.0,278,150,150,0,0.902,2.524590892805516,0.7868686803200535
1.0,278,201,99,0,0.906,2.560018808650889,0.7763442303663999
1.0,278,251,49,0,0.926,2.8542823477687627,0.7766343376564305
1.0,279,21,279,0,0.896,2.2695276741644523,0.7922727752540826
1.0,279,51,249,0,0.89,2.2222006555580176,0.8064417891723572
1.0,279,61,239,1,0.892,2.2557792109807204,0.8147773706291067
1.0,279,71,229,0,0.89,2.2282082155068172,0.8038226068060761
1.0,279,101,199,0,0.894,2.2565505528330223,0.8458413688135702
1.0,279,150,150,0,0.918,2.4834685444655498,0.8099962761608055
1.0,279,201,99,0,0.898,2.3164041436270217,0.8073749204865852
1.0,279,251,49,0,0.904,2.3632452493616367,0.8082696825962138
1.0,280,21,279,0,0.912,2.599556113034976,0.666262411262275
1.0,280,51,249,0,0.92,2.659759779880157,0.7419768065409963
1.0,280,61,239,1,0.92,2.671447502300687,0.7435371925325276
1.0,280,71,229,0,0.92,2.6845964729451013,0.7470991680798393
1.0,280,101,199,0,0.914,2.675526409913586,0.7737540867228633
1.0,280,150,150,0,0.908,2.618916520344493,0.7953616533222334
1.0,280,201,99,0,0.906,2.5881521123101483,0.813967881949745
1.0,280,251,49,0,0.908,2.615277529111484,0.8161519737213441
1.0,281,21,279,0,0.866,2.1071088466132233,0.8243671397448382
1.0,281,51,249,0,0.884,2.190122711722551,0.8515919472978101
1.0,281,61,239,1,0.898,2.232188846595185,0.8550143112297633
1.0,281,71,229,0,0.9,2.26298264524319,0.8469216542151807
1.0,281,101,199,0,0.89,2.236768782336706,0.8345291551090575
1.0,281,150,150,0,0.898,2.310089701604119,0.8194825412682689
1.0,281,201,99,0,0.902,2.358262384125883,0.8041032749160354
1.0,281,251,49,0,0.936,2.7493075827235245,0.815458936054144
1.0,282,21,279,0,0.914,2.4169667603316256,0.829150489607886
1.0,282,51,249,0,0.922,2.454509894004402,0.7105475582332191
1.0,282,61,239,1,0.92,2.425043613308067,0.7276061359578386
1.0,282,71,229,0,0.916,2.3861907957699926,0.7306906419813619
1.0,282,101,199,0,0.91,2.341978966149594,0.7457795372751369
1.0,282,150,150,0,0.918,2.392858052150845,0.7372445939723444
1.0,282,201,99,0,0.918,2.410403618321275,0.7548732647920254
1.0,282,251,49,0,0.952,2.966220536642279,0.784368636194929
1.0,283,21,279,0,0.868,2.3454704990685604,0.72980747243918
1.0,283,51,249,0,0.878,2.47889775515365,0.7522484255990447
1.0,283,61,239,1,0.878,2.481194344810323,0.7562584911155389
1.0,283,71,229,0,0.872,2.3836964830661937,0.7567730844790608
1.0,283,101,199,0,0.876,2.493324474851008,0.7780151311254698
1.0,283,150,150,0,0.896,2.577981729888391,0.7930294021794232
1.0,283,201,99,0,0.898,2.601252549495723,0.7860340229221651
1.0,283,251,49,0,0.872,2.483616854774087,0.7903133177012558
1.0,284,21,279,0,0.926,2.602303510025415,0.7401868539209955
1.0,284,51,249,0,0.936,2.8314053071143124,0.8557126350761479
1.0,284,61,239,1,0.934,2.765080716932809,0.8300262309848747
1.0,284,71,229,0,0.934,2.7941398988792074,0.8234193976779434
1.0,284,101,199,0,0.928,2.7084725474005573,0.8191432399462576
1.0,284,150,150,0,0.928,2.7373974711766196,0.8081423474592082
1.0,284,201,99,0,0.94,2.882700819476312,0.7984866851447343
1.0,284,251,49,0,0.894,2.2296184047320122,0.7881255484977402
1.0,285,21,279,0,0.87,2.262591629096572,0.8594104876362114
1.0,285,51,249,0,0.884,2.397887918549607,0.8068325518065774
1.0,285,61,239,1,0.884,2.413713853921995,0.8100946549880268
1.0,285,71,229,0,0.89,2.457022020966246,0.8015860129619956
1.0,285,101,199,0,0.886,2.370194696890946,0.7963909174117575
1.0,285,150,150,0,0.886,2.387916771365592,0.7948723862748874
1.0,285,201,99,0,0.884,2.39632888268871,0.8082136604194136
1.0,285,251,49,0,0.964,4.086343612501462,0.8234695974918818
1.0,286,21,279,0,0.906,2.378591393329264,0.7730404826550374
1.0,286,51,249,0,0.908,2.402251748624906,0.7897993964575925
1.0,286,61,239,1,0.904,2.376748456335018,0.8061288362417933
1.0,286,71,229,0,0.906,2.3961048114488586,0.7846008562199887
1.0,286,101,199,0,0.922,2.529731751593448,0.7822073310728829
1.0,286,150,150,0,0.922,2.5847740951783487,0.7657783396250356
1.0,286,201,99,0,0.922,2.585974463996286,0.7743466553905957
1.0,286,251,49,0,0.916,2.5176034138782497,0.7752171266734411
1.0,287,21,279,0,0.906,2.477335876511639,0.8736323039160494
1.0,287,51,249,0,0.904,2.4510055273550377,0.863092162710424
1.0,287,61,239,1,0.906,2.412144826656708,0.8502644629082213
1.0,287,71,229,0,0.894,2.377417747437212,0.8246256227984978
1.0,287,101,199,0,0.898,2.3849678176153484,0.8590967262551801
1.0,287,150,150,0,0.898,2.384671032327751,0.8572995033996403
1.0,287,201,99,0,0.864,2.221409421976516,0.8337315765044447
1.0,287,251,49,0,0.85,2.167137317775864,0.8392565498763465
1.0,288,21,279,0,0.9,2.3197657804043486,0.7612139644706317
1.0,288,51,249,0,0.904,2.3149806799736026,0.805532525392666
1.0,288,61,239,1,0.904,2.3769955388637256,0.7928045408986585
1.0,288,71,229,0,0.904,2.3868561706946254,0.7873512530787317
1.0,288,101,199,0,0.898,2.243334000660074,0.7869667999424784
1.0,288,150,150,0,0.902,2.2736015907115497,0.8017890968646109
1.0,288,201,99,0,0.904,2.3984634676655485,0.7930254342931611
1.0,288,251,49,0,0.882,2.0915340303183267,0.8013724225896822
1.0,289,21,279,0,0.936,2.6842099787292297,0.836303842045103
1.0,289,51,249,0,0.948,2.7874414584144915,0.8316508799561666
1.0,289,61,239,1,0.948,2.7771162472438924,0.8135429029613963
1.0,289,71,229,0,0.948,2.764138577046918,0.8224405916480931
1.0,289,101,199,0,0.934,2.630866972714249,0.8172376988822668
1.0,289,150,150,0,0.936,2.640515693251073,0.8283755327125797
1.0,289,201,99,0,0.918,2.4828655554406556,0.8326941003892405
1.0,289,251,49,0,0.928,2.5300766481476162,0.829667070363215
1.0,290,21,279,0,0.89,2.286761959363652,0.7071709847857065
1.0,290,51,249,0,0.91,2.4955157238396257,0.6816171491777276
1.0,290,61,239,1,0.91,2.466656159649376,0.7206016875172572
1.0,290,71,229,0,0.9,2.420803740666186,0.7644953067191526
1.0,290,101,199,0,0.894,2.387150324182218,0.7858896115404314
1.0,290,150,150,0,0.914,2.537669688100512,0.8044053266700915
1.0,290,201,99,0,0.894,2.3755950002274506,0.810699412427188
1.0,290,251,49,0,0.928,2.687346305238062,0.8043545264372209
1.0,291,21,279,0,0.924,2.7464073828173565,0.8345421052285852
1.0,291,51,249,0,0.926,2.7539867777281435,0.8162626015312425
1.0,291,61,239,1,0.924,2.7070276991722992,0.7995797264316635
1.0,291,71,229,0,0.916,2.67480872768518,0.7924980170417796
1.0,291,101,199,0,0.922,2.691303693070542,0.7944548866009455
1.0,291,150,150,0,0.928,2.7340884582808553,0.7942778542552897
1.0,291,201,99,0,0.906,2.5837332366501404,0.8042852125239925
1.0,291,251,49,0,0.864,2.2050764614466467,0.8083041226448612
1.0,292,21,279,0,0.946,2.718635129509735,0.7999819695061434
1.0,292,51,249,0,0.948,2.741020377771587,0.8156844989542097
1.0,292,61,239,1,0.948,2.7733610004983458,0.7887444617420768
1.0,292,71,229,0,0.948,2.7835220821259328,0.7713352663587992
1.0,292,101,199,0,0.95,2.8717861223486154,0.7636044760820806
1.0,292,150,150,0,0.95,2.884772216165996,0.7711047199410039
1.0,292,201,99,0,0.97,3.2124807795356474,0.7726659319943667
1.0,292,251,49,0,0.95,2.891752356060375,0.7681832965403818
1.0,293,21,279,0,0.892,2.2752606399819326,0.8489973727341037
1.0,293,51,249,0,0.886,2.202307310352325,0.8092256086318438
1.0,293,61,239,1,0.892,2.2247236823917116,0.8210536263348707
1.0,293,71,229,0,0.886,2.2007146033487155,0.808395590119639
1.0,293,101,199,0,0.886,2.181044236610428,0.7982438471298684
1.0,293,150,150,0,0.9,2.267066151525617,0.8185729558796128
1.0,293,201,99,0,0.902,2.3251926907130027,0.816913963643983
1.0,293,251,49,0,0.872,2.1074557079732084,0.819203629054746
1.0,294,21,279,0,0.886,2.475065546816426,0.7726061469215161
1.0,294,51,249,0,0.884,2.472801146530844,0.7934346554089097
1.0,294,61,239,1,0.884,2.478224792658345,0.7916406309271496
1.0,294,71,229,0,0.888,2.5080190155206648,0.7914592712320173
1.0,294,101,199,0,0.884,2.4940183052870823,0.8055159550170894
1.0,294,150,150,0,0.868,2.3918105635959717,0.8029559443141074
1.0,294,201,99,0,0.846,2.258467417122085,0.7896036062368191
1.0,294,251,49,0,0.808,1.8783420709498355,0.7848145219373941
1.0,295,21,279,0,0.89,2.43044868798807,0.7572955966928835
1.0,295,51,249,0,0.896,2.3777948984582884,0.8159994935362581
1.0,295,61,239,1,0.898,2.3640404674890143,0.8106980879169884
1.0,295,71,229,0,0.896,2.3747772491177326,0.8148373569677065
1.0,295,101,199,0,0.894,2.3276522151330363,0.8260578471022856
1.0,295,150,150,0,0.882,2.2951383100082476,0.787495275608457
1.0,295,201,99,0,0.876,2.2230519509946927,0.7682133614118837
1.0,295,251,49,0,0.882,2.2958715081556815,0.7842479651231379
1.0,296,21,279,0,0.872,2.2065753943041124,0.6520297796820593
1.0,296,51,249,0,0.854,2.058145342878619,0.7787952687753388
1.0,296,61,239,1,0.848,2.004080835183866,0.7763493733596389
1.0,296,71,229,0,0.85,2.030793459442419,0.8073373366616251
1.0,296,101,199,0,0.86,2.0648282756997762,0.8293667399866279
1.0,296,150,150,0,0.868,2.1303581285598647,0.8254383142012214
1.0,296,201,99,0,0.864,2.1286423212333565,0.8274855821918969
1.0,296,251,49,0,0.852,2.027249032556605,0.825435643068717
1.0,297,21,279,0,0.908,2.7031849498127567,0.7966122141664344
1.0,297,51,249,0,0.914,2.8458526748841537,0.8206811138593275
1.0,297,61,239,1,0.916,2.855115886695357,0.8048183652310126
1.0,297,71,229,0,0.918,2.8610926805825247,0.7947996998159294
1.0,297,101,199,0,0.93,3.085873940305829,0.7871069238474809
1.0,297,150,150,0,0.932,3.0892120545947206,0.7684113811190564
1.0,297,201,99,0,0.932,3.101722020243483,0.7799326548656542
1.0,297,251,49,0,0.854,2.1595174981341234,0.7914880971168787
1.0,298,21,279,0,0.874,2.3602571800512515,0.766355438017147
1.0,298,51,249,0,0.868,2.3172644628458636,0.8107863877707044
1.0,298,61,239,1,0.868,2.3161053394235482,0.8120250552784064
1.0,298,71,229,0,0.862,2.267064192933979,0.8312673985442707
1.0,298,101,199,0,0.866,2.292083318668797,0.8382330195673031
1.0,298,150,150,0,0.882,2.384533285435773,0.8046863543125438
1.0,298,201,99,0,0.866,2.2998957467450403,0.7864777475415972
1.0,298,251,49,0,0.862,2.26190647794828,0.7826515159001733
1.0,299,21,279,0,0.858,2.1427067858031,0.7514519689147148
1.0,299,51,249,0,0.86,2.209405187791312,0.7803921058772278
1.0,299,61,239,1,0.864,2.247226638234024,0.7649685406864978
1.0,299,71,229,0,0.866,2.249576267620161,0.7626010690277596
1.0,299,101,199,0,0.864,2.2441383385730442,0.7658660865051332
1.0,299,150,150,0,0.862,2.1886602916705327,0.7587342956176316
1.0,299,201,99,0,0.858,2.153145582431012,0.7671534528492162
1.0,299,251,49,0,0.85,2.081566677179754,0.7817214989670189
1.0,300,21,279,0,0.906,2.3824090253494914,0.891335684906248
1.0,300,51,249,0,0.906,2.3383339173045123,0.8252049685696093
1.0,300,61,239,1,0.908,2.388280757538593,0.8633481903330702
1.0,300,71,229,0,0.908,2.3618354075611303,0.8501865771260774
1.0,300,101,199,0,0.906,2.34009015968047,0.8230864754199972
1.0,300,150,150,0,0.912,2.3563272997552223,0.8020794697166008
1.0,300,201,99,0,0.898,2.2497323885953846,0.7940516696208738
1.0,300,251,49,0,0.762,1.6206071288954382,0.7805033907762717
1.0,301,21,279,0,0.904,2.341621317747583,0.7731530015562335
1.0,301,51,249,0,0.904,2.335876533594854,0.7749565877472976
1.0,301,61,239,1,0.898,2.286506903169006,0.7905404427798093
1.0,301,71,229,0,0.9,2.2916239446325943,0.8040202486172735
1.0,301,101,199,0,0.896,2.2449716827907658,0.7962715369134763
1.0,301,150,150,0,0.898,2.28375168889556,0.779096530469489
1.0,301,201,99,0,0.9,2.320465040144522,0.7973772922236572
1.0,301,251,49,0,0.944,2.7507956890726537,0.8051626666561875
1.0,302,21,279,0,0.878,2.3170114683821326,0.7981469272535686
1.0,302,51,249,0,0.888,2.4968075591734586,0.8587120439365149
1.0,302,61,239,1,0.892,2.593252302865639,0.8862481406968742
1.0,302,71,229,0,0.892,2.5968389544162536,0.8805318710296014
1.0,302,101,199,0,0.896,2.5864025928636933,0.8536740173346524
1.0,302,150,150,0,0.884,2.424240426894197,0.8249950095496854
1.0,302,201,99,0,0.878,2.3440526853848613,0.8056199206582286
1.0,302,251,49,0,0.914,2.745474324072,0.8042682170212014
1.0,303,21,279,0,0.908,2.483880958994563,0.8953861768210117
1.0,303,51,249,0,0.92,2.5421482362161223,0.8395714517226313
1.0,303,61,239,1,0.922,2.5613264806091767,0.8274981224717838
1.0,303,71,229,0,0.92,2.5216116425185056,0.8318044039490881
1.0,303,101,199,0,0.92,2.473137015688617,0.8109778585702498
1.0,303,150,150,0,0.894,2.251197445467357,0.8242396928319532
1.0,303,201,99,0,0.89,2.2282357423851264,0.8054643942418797
1.0,303,251,49,0,0.92,2.453930714155089,0.7956825196912128
1.0,304,21,279,0,0.884,2.184711115421568,0.7939987349223001
1.0,304,51,249,0,0.91,2.3590782455185084,0.7649408752284644
1.0,304,61,239,1,0.91,2.359077670246542,0.764943749914894
1.0,304,71,229,0,0.908,2.3400888658034056,0.7567851775377705
1.0,304,101,199,0,0.902,2.283022236164111,0.7795790347543131
1.0,304,150,150,0,0.9,2.2795403679863364,0.7809841557999369
1.0,304,201,99,0,0.856,1.9789210668464756,0.7830703292024599
1.0,304,251,49,0,0.814,1.7072156958449778,0.7917798478552834
1.0,305,21,279,0,0.902,2.4643285756618574,0.9174950604785628
1.0,305,51,249,0,0.888,2.144275281898317,0.8317181090742689
1.0,305,61,239,1,0.896,2.1983982700802582,0.8208834015039741
1.0,305,71,229,0,0.892,2.164521584493511,0.8447678917291882
1.0,305,101,199,0,0.868,2.0671521186075537,0.819112548016479
1.0,305,150,150,0,0.872,2.0785612089808403,0.8468118786669545
1.0,305,201,99,0,0.858,2.0103040683603077,0.827666437314276
1.0,305,251,49,0,0.858,2.019830175369564,0.8270396086886763
1.0,306,21,279,0,0.88,2.275478962850016,0.7836998649029255
1.0,306,51,249,0,0.874,2.2419133270449856,0.7829216526349817
1.0,306,61,239,1,0.874,2.2416730727447285,0.7837903981497827
1.0,306,71,229,0,0.876,2.269550943566269,0.8147435938474115
1.0,306,101,199,0,0.87,2.2304931223060254,0.791335095202423
1.0,306,150,150,0,0.872,2.243156347213184,0.7941750780066439
1.0,306,201,99,0,0.87,2.2127674783803672,0.7799593785691984
1.0,306,251,49,0,0.872,2.224598676241954,0.7834471332841163
1.0,307,21,279,0,0.886,2.420870727291636,0.6108346493016686
1.0,307,51,249,0,0.866,2.127348231339781,0.806788769622938
1.0,307,61,239,1,0.864,2.093295527600544,0.7757919233343059
1.0,307,71,229,0,0.864,2.0887927779322406,0.7771238826081096
1.0,307,101,199,0,0.826,1.8795963176394226,0.7949135050039767
1.0,307,150,150,0,0.848,2.0016381270801293,0.7957016622364563
1.0,307,201,99,0,0.834,1.9284827690432789,0.7919374971258963
1.0,307,251,49,0,0.824,1.8818094618691743,0.8000602007255813
1.0,308,21,279,0,0.906,2.4345210929340637,0.619843943869473
1.0,308,51,249,0,0.916,2.5169182811841573,0.6755586916966873
1.0,308,61,239,1,0.922,2.5649478178471763,0.7109005253339323
1.0,308,71,229,0,0.93,2.6410550063878744,0.7211232404937887
1.0,308,101,199,0,0.93,2.6423542352141647,0.7253245590311626
1.0,308,150,150,0,0.93,2.6318997615383495,0.7475302069416169
1.0,308,201,99,0,0.93,2.649255154710922,0.7549360676571919
1.0,308,251,49,0,0.93,2.626621296682945,0.7625470131831353
1.0,309,21,279,0,0.866,2.130770948557729,0.795447303947118
1.0,309,51,249,0,0.832,2.0078117949018517,0.8201839746543602
1.0,309,61,239,1,0.836,2.022652930046105,0.8059503880074214
1.0,309,71,229,0,0.832,2.0082091709320884,0.8200302733408245
1.0,309,101,199,0,0.818,1.9522582346747963,0.789739186503822
1.0,309,150,150,0,0.802,1.8483459197583734,0.7943915295529739
1.0,309,201,99,0,0.784,1.739874567460248,0.8023458661548816
1.0,309,251,49,0,0.752,1.6186105137169249,0.8065726012446646
1.0,310,21,279,0,0.848,2.208356291640729,0.8497438047478398
1.0,310,51,249,0,0.864,2.2122033768516802,0.8080713454855813
1.0,310,61,239,1,0.862,2.2158825392850483,0.8151230557372321
1.0,310,71,229,0,0.864,2.236081302238213,0.818638055023564
1.0,310,101,199,0,0.864,2.235357097036239,0.8102201898896643
1.0,310,150,150,0,0.866,2.2346834730750063,0.8024420784703417
1.0,310,201,99,0,0.908,2.583415071264414,0.797200414385252
1.0,310,251,49,0,0.866,2.250046354264037,0.8063355559142217
1.0,311,21,279,0,0.926,2.71311834489611,0.8020781369333012
1.0,311,51,249,0,0.94,2.911984059688125,0.8163044217656689
1.0,311,61,239,1,0.942,2.956523465692851,0.8221193457215735
1.0,311,71,229,0,0.94,2.9313256487544663,0.8156592659796387
1.0,311,101,199,0,0.924,2.6989076413525295,0.8068426777354276
1.0,311,150,150,0,0.926,2.6693761610188678,0.8298566168132581
1.0,311,201,99,0,0.936,2.932036095914813,0.8026154216840741
1.0,311,251,49,0,0.962,3.50073644228178,0.8166187400073411
1.0,312,21,279,0,0.864,2.1098011204311535,0.8622559523135119
1.0,312,51,249,0,0.864,2.0898978312513,0.800347128305006
1.0,312,61,239,1,0.864,2.0944388472210793,0.811397719299165
1.0,312,71,229,0,0.868,2.1470547214902145,0.8089471451525827
1.0,312,101,199,0,0.87,2.166070191535364,0.8132180963499493
1.0,312,150,150,0,0.886,2.338574282498414,0.803162529942834
1.0,312,201,99,0,0.864,2.0758411590911936,0.8039091993458305
1.0,312,251,49,0,0.886,2.3357067924809134,0.8063172380562399
1.0,313,21,279,0,0.918,2.4581554215243324,0.8215511126940639
1.0,313,51,249,0,0.904,2.29993948249917,0.7703424256929042
1.0,313,61,239,1,0.906,2.322699550010804,0.7672374064916855
1.0,313,71,229,0,0.904,2.323303494562959,0.7553161695567948
1.0,313,101,199,0,0.914,2.4430197945352385,0.7540933794325922
1.0,313,150,150,0,0.914,2.442548644915827,0.7614838247491463
1.0,313,201,99,0,0.912,2.388089853386752,0.7790821263246597
1.0,313,251,49,0,0.886,2.0725760768573065,0.7760066696861087
1.0,314,21,279,0,0.906,2.3367187505319365,0.7398877552203517
1.0,314,51,249,0,0.89,2.231034170589045,0.7951714261292349
1.0,314,61,239,1,0.89,2.2352008134058163,0.7856598157022489
1.0,314,71,229,0,0.898,2.295302535861293,0.7813989492373633
1.0,314,101,199,0,0.904,2.3338787076565906,0.7933212014061884
1.0,314,150,150,0,0.894,2.2715609868691904,0.7998338874699561
1.0,314,201,99,0,0.896,2.289256450903167,0.7908464669830656
1.0,314,251,49,0,0.822,1.7759833632354758,0.7863145662761517
1.0,315,21,279,0,0.914,2.3930682464289004,0.8427410664927654
1.0,315,51,249,0,0.91,2.2899124787114853,0.776571274288127
1.0,315,61,239,1,0.914,2.3412393980213597,0.7894272664155433
1.0,315,71,229,0,0.914,2.349619144106423,0.791971715930063
1.0,315,101,199,0,0.918,2.334877057824615,0.8087470400957036
1.0,315,150,150,0,0.92,2.3737441914314013,0.7989781313577381
1.0,315,201,99,0,0.93,2.5729361716268055,0.8156107382795582
1.0,315,251,49,0,0.938,2.7586544052959256,0.8098073561571507
1.0,316,21,279,0,0.88,2.2951046544585014,0.7455120511404395
1.0,316,51,249,0,0.916,2.6161354995356723,0.785363171056021
1.0,316,61,239,1,0.916,2.629262707655479,0.7641238383391223
1.0,316,71,229,0,0.894,2.379980463935237,0.7683402656407919
1.0,316,101,199,0,0.914,2.569038104480115,0.8167374418550694
1.0,316,150,150,0,0.898,2.380322900093183,0.8154557406135896
1.0,316,201,99,0,0.91,2.505672283626338,0.8008770310545631
1.0,316,251,49,0,0.84,2.018093138023771,0.7893120358341508
1.0,317,21,279,0,0.906,2.578991380282303,0.6739671374165457
1.0,317,51,249,0,0.9,2.3889151525101195,0.7392742746877615
1.0,317,61,239,1,0.9,2.3913901870111123,0.7396624450938383
1.0,317,71,229,0,0.9,2.4253344000688166,0.7315598335908748
1.0,317,101,199,0,0.902,2.431749257615118,0.7685852826428552
1.0,317,150,150,0,0.904,2.456059962371043,0.7663030800265384
1.0,317,201,99,0,0.904,2.446097403820229,0.7710356535890791
1.0,317,251,49,0,0.902,2.4002271873959167,0.7804635612546581
1.0,318,21,279,0,0.914,2.6166040341484087,0.8132750729488829
1.0,318,51,249,0,0.926,2.7161329848431013,0.7378777410641608
1.0,318,61,239,1,0.926,2.718404935275332,0.7370035447134357
1.0,318,71,229,0,0.918,2.618891017311222,0.7693167742049947
1.0,318,101,199,0,0.916,2.6233796158279237,0.7741251711626355
1.0,318,150,150,0,0.914,2.5933837303678176,0.8177908565438361
1.0,318,201,99,0,0.908,2.5213318000513056,0.8153171270073197
1.0,318,251,49,0,0.838,1.9891963123750447,0.816265519002255
1.0,319,21,279,0,0.922,2.741179571793616,0.821857688799194
1.0,319,51,249,0,0.936,2.899151149553742,0.8789391528272249
1.0,319,61,239,1,0.936,2.863326356950792,0.8461476912005964
1.0,319,71,229,0,0.906,2.5762190310887303,0.8314060997206968
1.0,319,101,199,0,0.934,2.8477589129201917,0.822194270131361
1.0,319,150,150,0,0.936,2.882489403765414,0.8427998300263063
1.0,319,201,99,0,0.934,2.845538133239831,0.8372655848008341
1.0,319,251,49,0,0.958,3.287986949914359,0.8367223600855755
1.0,320,21,279,0,0.924,2.6231118328934264,0.7945490752052342
1.0,320,51,249,0,0.922,2.6115920581960554,0.7495445369707661
1.0,320,61,239,1,0.924,2.6388404853258463,0.7602103359633428
1.0,320,71,229,0,0.924,2.663706718395913,0.782420505303712
1.0,320,101,199,0,0.924,2.6788039399386827,0.7734805923314874
1.0,320,150,150,0,0.926,2.739268610501632,0.7953625021632188
1.0,320,201,99,0,0.938,2.9658966387288737,0.8049894439105388
1.0,320,251,49,0,0.944,3.064425641333454,0.8159198376052962
1.0,321,21,279,0,0.892,2.2631008451295465,0.7375066684693993
1.0,321,51,249,0,0.894,2.2951112224472414,0.7500612782600239
1.0,321,61,239,1,0.892,2.2729509380405175,0.7540391128269428
1.0,321,71,229,0,0.896,2.3174530447907187,0.786696867917187
1.0,321,101,199,0,0.894,2.302998746702564,0.7717877938941565
1.0,321,150,150,0,0.886,2.211119069405835,0.7571823038790881
1.0,321,201,99,0,0.896,2.3416945840161247,0.7789682637178296
1.0,321,251,49,0,0.892,2.2592288757205314,0.7701640077707774
1.0,322,21,279,0,0.862,2.3447080982817043,0.8587946296117915
1.0,322,51,249,0,0.844,2.213106492595026,0.8341182744854231
1.0,322,61,239,1,0.844,2.215898685295572,0.8046615059029453
1.0,322,71,229,0,0.832,2.164330857515215,0.8149454302231295
1.0,322,101,199,0,0.83,2.129711310434839,0.7902917789038478
1.0,322,150,150,0,0.842,2.213461504513356,0.8035422338957022
1.0,322,201,99,0,0.802,1.974826788947889,0.8026119075575733
1.0,322,251,49,0,0.834,2.1529348906921824,0.8066479587055628
1.0,323,21,279,0,0.922,2.543634780431842,0.8027927264634793
1.0,323,51,249,0,0.904,2.400782954096793,0.8295170016748622
1.0,323,61,239,1,0.908,2.401070893491864,0.8112039619998661
1.0,323,71,229,0,0.912,2.4241377306713856,0.7993514014053682
1.0,323,101,199,0,0.914,2.4860873777120416,0.8214044417345322
1.0,323,150,150,0,0.914,2.499455130488688,0.8170732592169969
1.0,323,201,99,0,0.944,2.9556659177801765,0.8083189307692835
1.0,323,251,49,0,0.946,2.9966319423375936,0.8081080716456741
1.0,324,21,279,0,0.856,2.1719434137100375,0.7785602855797278
1.0,324,51,249,0,0.862,2.2391335005391944,0.7331469559052933
1.0,324,61,239,1,0.862,2.248989061600236,0.7473699083034971
1.0,324,71,229,0,0.868,2.320345514773759,0.7774766991519897
1.0,324,101,199,0,0.868,2.307804690242847,0.774493993658679
1.0,324,150,150,0,0.84,2.083694760135187,0.776945002382378
1.0,324,201,99,0,0.832,2.040381100428958,0.7760474376023865
1.0,324,251,49,0,0.83,2.028101621050308,0.7800688993280253
1.0,325,21,279,0,0.906,2.4231899600480804,0.7667832150699156
1.0,325,51,249,0,0.904,2.424790591018791,0.7744730986138031
1.0,325,61,239,1,0.906,2.4248065484638643,0.7695229782023008
1.0,325,71,229,0,0.91,2.428309474245707,0.7664617169505399
1.0,325,101,199,0,0.93,2.695332597552599,0.8036799780291187
1.0,325,150,150,0,0.93,2.710973164821552,0.8257675388992146
1.0,325,201,99,0,0.902,2.391428818327713,0.825569295639093
1.0,325,251,49,0,0.782,1.694149967487051,0.8101748403878966
1.0,326,21,279,0,0.89,2.382965640084956,0.860483244326874
1.0,326,51,249,0,0.89,2.384679466002558,0.8546121834983886
1.0,326,61,239,1,0.886,2.375438834419495,0.8667340444157843
1.0,326,71,229,0,0.89,2.377423548824601,0.859701515856029
1.0,326,101,199,0,0.89,2.3531646900564978,0.8255537913154639
1.0,326,150,150,0,0.898,2.392319953239746,0.803070087388987
1.0,326,201,99,0,0.896,2.3540919464827494,0.7977779766726044
1.0,326,251,49,0,0.91,2.5982911173377943,0.8086296269067362
1.0,327,21,279,0,0.946,2.8519898932543537,0.8662633971032696
1.0,327,51,249,0,0.944,2.83375283134913,0.8437307265637954
1.0,327,61,239,1,0.956,3.050619624053055,0.8376142307333466
1.0,327,71,229,0,0.956,3.0361309329333475,0.8504304866632967
1.0,327,101,199,0,0.968,3.250670650101647,0.8466150197233753
1.0,327,150,150,0,0.972,3.3936688053634922,0.8020123974450509
1.0,327,201,99,0,0.942,2.825705705535471,0.8040628842236868
1.0,327,251,49,0,0.942,2.830072693020491,0.7971436654361784
1.0,328,21,279,0,0.896,2.450240078803983,0.6840784852199938
1.0,328,51,249,0,0.908,2.551967631888619,0.7480268429861251
1.0,328,61,239,1,0.91,2.5546506663638175,0.743377205481883
1.0,328,71,229,0,0.918,2.619262908775536,0.7261394174283241
1.0,328,101,199,0,0.918,2.6153117858158748,0.753109872374985
1.0,328,150,150,0,0.918,2.613059745557497,0.7648603054231636
1.0,328,201,99,0,0.92,2.5649917927755412,0.7933824588588237
1.0,328,251,49,0,0.964,3.5484096996934418,0.8092903769591984
1.0,329,21,279,0,0.924,2.476388566065645,0.7401588302349146
1.0,329,51,249,0,0.948,2.668417845028471,0.7954013258301903
1.0,329,61,239,1,0.922,2.445257192474399,0.787879673159359
1.0,329,71,229,0,0.904,2.295408002419911,0.802752538308388
1.0,329,101,199,0,0.948,2.664868502224049,0.7966130145873774
1.0,329,150,150,0,0.94,2.6369404117467172,0.8061760221547655
1.0,329,201,99,0,0.948,2.6623520712060773,0.7974725777993921
1.0,329,251,49,0,0.938,2.6238217664509955,0.8106860681370255
1.0,330,21,279,0,0.902,2.5525007809995897,0.8137405549220099
1.0,330,51,249,0,0.912,2.6304239532828033,0.7720959338379734
1.0,330,61,239,1,0.912,2.611973699536923,0.7999022548975694
1.0,330,71,229,0,0.906,2.5844963830713996,0.7921669260529827
1.0,330,101,199,0,0.91,2.6016587010700523,0.7895637196580941
1.0,330,150,150,0,0.904,2.5706976802783554,0.8014675693189309
1.0,330,201,99,0,0.956,3.187022648951375,0.8223558052587215
1.0,330,251,49,0,0.964,3.6299732203132895,0.8230889628602553
1.0,331,21,279,0,0.9,2.458522377992169,0.8056590392111442
1.0,331,51,249,0,0.9,2.4465648219966036,0.7862877492602793
1.0,331,61,239,1,0.898,2.45869875719983,0.8060647331615384
1.0,331,71,229,0,0.914,2.658688841544012,0.7958519367964251
1.0,331,101,199,0,0.894,2.4081861644825238,0.8084821991418869
1.0,331,150,150,0,0.89,2.3857236590901176,0.7903426520690092
1.0,331,201,99,0,0.894,2.402364602858873,0.8017011364785007
1.0,331,251,49,0,0.894,2.409530730870777,0.7991980528115809
1.0,332,21,279,0,0.866,2.3640076844382123,0.7936693147969176
1.0,332,51,249,0,0.844,2.1985689797578627,0.7955697835561828
1.0,332,61,239,1,0.848,2.2097627255054393,0.789643519484353
1.0,332,71,229,0,0.856,2.281751717001316,0.7922488722460569
1.0,332,101,199,0,0.86,2.291252636840099,0.7877335199570377
1.0,332,150,150,0,0.864,2.3473334157019012,0.7753869762924488
1.0,332,201,99,0,0.876,2.443676495789053,0.7914293818372011
1.0,332,251,49,0,0.932,2.8521307626404275,0.7964299616064227
1.0,333,21,279,0,0.918,2.4757838844319298,0.8103639124852257
1.0,333,51,249,0,0.93,2.6250993242377008,0.7843977143753816
1.0,333,61,239,1,0.932,2.766599548668633,0.7671709671061898
1.0,333,71,229,0,0.936,2.7540125072645134,0.7874365583099158
1.0,333,101,199,0,0.934,2.735113394785938,0.7856681634604018
1.0,333,150,150,0,0.934,2.721749120364727,0.7933367074869776
1.0,333,201,99,0,0.934,2.738359143682472,0.7837898644367077
1.0,333,251,49,0,0.904,2.2149870289491047,0.7782409652561247
1.0,334,21,279,0,0.852,2.067214880962035,0.7612265348919047
1.0,334,51,249,0,0.862,2.0751784905387796,0.7699747659364301
1.0,334,61,239,1,0.862,2.086787730937444,0.762558513964449
1.0,334,71,229,0,0.866,2.1319372037476705,0.7362070036851159
1.0,334,101,199,0,0.868,2.1283955378070605,0.7466891071865903
1.0,334,150,150,0,0.87,2.151523268797513,0.7520264856926492
1.0,334,201,99,0,0.9,2.327058519656038,0.7744393886806121
1.0,334,251,49,0,0.892,2.289366906771018,0.7694324605749406
1.0,335,21,279,0,0.9,2.3678366652931833,0.7407790945953556
1.0,335,51,249,0,0.906,2.398051411461838,0.7459490843668233
1.0,335,61,239,1,0.91,2.3892885310764385,0.761869618960731
1.0,335,71,229,0,0.91,2.359407374800977,0.7772544956618836
1.0,335,101,199,0,0.92,2.4164851069660394,0.8163015706855865
1.0,335,150,150,0,0.906,2.3398897533100014,0.7965199488163691
1.0,335,201,99,0,0.922,2.4479380109483455,0.8090964153161665
1.0,335,251,49,0,0.958,3.0159203263893914,0.8086051010439289
1.0,336,21,279,0,0.902,2.4990627871827518,0.7954885229089115
1.0,336,51,249,0,0.892,2.3954030672718085,0.7728199004440335
1.0,336,61,239,1,0.888,2.3751714303157034,0.8075496433000272
1.0,336,71,229,0,0.882,2.331560434454683,0.791083691546714
1.0,336,101,199,0,0.9,2.483419612335605,0.7839377518235239
1.0,336,150,150,0,0.908,2.636255614695956,0.7641593627052836
1.0,336,201,99,0,0.856,2.116592375584457,0.7904455777041266
1.0,336,251,49,0,0.934,2.875792830549993,0.8010686005326395
1.0,337,21,279,0,0.92,2.6366122925919706,0.8262640248267241
1.0,337,51,249,0,0.926,2.6426582392671336,0.7851133992526668
1.0,337,61,239,1,0.926,2.6413263523574715,0.7861389581060935
1.0,337,71,229,0,0.92,2.6250056284842738,0.7731747596425598
1.0,337,101,199,0,0.916,2.585221288908295,0.778548202134019
1.0,337,150,150,0,0.894,2.333453174879204,0.7859562326014616
1.0,337,201,99,0,0.916,2.5943898840249284,0.7798055761686696
1.0,337,251,49,0,0.94,2.9570569410250624,0.7953956784091905
1.0,338,21,279,0,0.918,2.4984978929680834,0.7835322649033641
1.0,338,51,249,0,0.92,2.5867721117215616,0.7708929722010193
1.0,338,61,239,1,0.922,2.5790101544475137,0.7752998890096352
1.0,338,71,229,0,0.922,2.5762477007743727,0.7768702648844533
1.0,338,101,199,0,0.916,2.4367943819890616,0.7723518642637566
1.0,338,150,150,0,0.914,2.4284378653507077,0.7655785592590695
1.0,338,201,99,0,0.914,2.427501275202573,0.7648079388435091
1.0,338,251,49,0,0.968,3.4194389017098135,0.7749454660045219
1.0,339,21,279,0,0.874,2.4154044375800297,0.658824322535415
1.0,339,51,249,0,0.87,2.391610649338501,0.7609338738903337
1.0,339,61,239,1,0.872,2.3996739883793334,0.7648697951696727
1.0,339,71,229,0,0.864,2.3419012878085934,0.7819985766644555
1.0,339,101,199,0,0.852,2.277681348928387,0.8101418843105597
1.0,339,150,150,0,0.868,2.353124850773277,0.7771182448430328
1.0,339,201,99,0,0.838,2.14106017704823,0.7844164561651007
1.0,339,251,49,0,0.838,2.149051099554164,0.7787063527212629
1.0,340,21,279,0,0.876,2.193977075572494,0.8252908678287225
1.0,340,51,249,0,0.882,2.2993354418579783,0.839862895575065
1.0,340,61,239,1,0.884,2.3341812272852485,0.8171450691277719
1.0,340,71,229,0,0.886,2.3639319205844,0.819453283822192
1.0,340,101,199,0,0.884,2.31632886695652,0.8344793965633486
1.0,340,150,150,0,0.878,2.208096625019316,0.8158964515488023
1.0,340,201,99,0,0.884,2.3278305014054714,0.8223326006936087
1.0,340,251,49,0,0.908,2.579438161197063,0.811980342911997
1.0,341,21,279,0,0.872,2.3881759497388244,0.6635214959401109
1.0,341,51,249,0,0.88,2.4179388859055804,0.7532240036983332
1.0,341,61,239,1,0.882,2.421318669108834,0.7774424636960032
1.0,341,71,229,0,0.886,2.424494836263659,0.7930995010302334
1.0,341,101,199,0,0.886,2.4266959945373414,0.8079450796801683
1.0,341,150,150,0,0.874,2.308013117116468,0.7997635356453833
1.0,341,201,99,0,0.886,2.434730238189248,0.7888848469610549
1.0,341,251,49,0,0.886,2.4423920359654323,0.794140434899319
1.0,342,21,279,0,0.91,2.5285059249615687,0.7283437867378836
1.0,342,51,249,0,0.904,2.4981378803503933,0.7462360733815485
1.0,342,61,239,1,0.88,2.3617369278778524,0.7665135925917571
1.0,342,71,229,0,0.88,2.3636525168897924,0.7690740075931825
1.0,342,101,199,0,0.882,2.370302149118772,0.7779997861798089
1.0,342,150,150,0,0.878,2.3632403293937583,0.7624158707710442
1.0,342,201,99,0,0.896,2.438644165781745,0.764260893012476
1.0,342,251,49,0,0.934,2.67981439348966,0.7622225043229073
1.0,343,21,279,0,0.908,2.4092828103959,0.8266622500828824
1.0,343,51,249,0,0.918,2.465576515600698,0.8360553327100209
1.0,343,61,239,1,0.92,2.486077083889704,0.8321359194532113
1.0,343,71,229,0,0.918,2.479182448732272,0.8363253637538836
1.0,343,101,199,0,0.93,2.5699947276431483,0.8417106970956498
1.0,343,150,150,0,0.942,2.654649143459247,0.8280337417149245
1.0,343,201,99,0,0.94,2.5737207020194566,0.8180863132167533
1.0,343,251,49,0,0.932,2.5346610501386606,0.8307958703557746
1.0,344,21,279,0,0.898,2.542506690856879,0.922619997624931
1.0,344,51,249,0,0.918,2.6591949509985806,0.8630697212203946
1.0,344,61,239,1,0.92,2.656836600842655,0.8602776097299992
1.0,344,71,229,0,0.92,2.657671022563352,0.8448972757048213
1.0,344,101,199,0,0.914,2.6166318442385634,0.8200980750413439
1.0,344,150,150,0,0.922,2.6307634557636486,0.8105279171725912
1.0,344,201,99,0,0.934,2.7863775711857004,0.8298190903683278
1.0,344,251,49,0,0.956,2.9911693960498047,0.8306274409024044
1.0,345,21,279,0,0.926,2.6495617587871236,0.7905705206000826
1.0,345,51,249,0,0.922,2.6554813383900226,0.7023288716223697
1.0,345,61,239,1,0.928,2.694497426533916,0.7073939463527258
1.0,345,71,229,0,0.928,2.699273080894958,0.7003556285140071
1.0,345,101,199,0,0.928,2.705136589450829,0.7294501540018208
1.0,345,150,150,0,0.93,2.7010003694614904,0.7581406040970697
1.0,345,201,99,0,0.942,3.0013824787926096,0.7754463516950703
1.0,345,251,49,0,0.96,3.1635602332881105,0.7808368090409897
1.0,346,21,279,0,0.9,2.2444093708080763,0.7724848786910793
1.0,346,51,249,0,0.9,2.262342772849073,0.8126769678329298
1.0,346,61,239,1,0.906,2.2800853744193055,0.8006492371876431
1.0,346,71,229,0,0.912,2.3336633549727313,0.7902382314025352
1.0,346,101,199,0,0.912,2.3594257968545476,0.774104554942733
1.0,346,150,150,0,0.912,2.334669975129491,0.8049500534360521
1.0,346,201,99,0,0.918,2.406829473246037,0.8095049587918208
1.0,346,251,49,0,0.914,2.366279280979783,0.791205567910057
1.0,347,21,279,0,0.896,2.429024524627887,0.6897491153795694
1.0,347,51,249,0,0.894,2.3092652690733475,0.7667607071623136
1.0,347,61,239,1,0.898,2.347271016336218,0.7580621019216599
1.0,347,71,229,0,0.9,2.3280088191546975,0.7828520367254136
1.0,347,101,199,0,0.908,2.3827794440278884,0.7791416609498296
1.0,347,150,150,0,0.874,2.0582644565407247,0.7901983969751565
1.0,347,201,99,0,0.898,2.3376293167376243,0.7705163949226086
1.0,347,251,49,0,0.898,2.3345266113824814,0.7745044943788334
1.0,348,21,279,0,0.92,2.605819242887189,0.7186568973015355
1.0,348,51,249,0,0.926,2.591676503418668,0.785919208910757
1.0,348,61,239,1,0.924,2.5949549543925103,0.8051100583676469
1.0,348,71,229,0,0.922,2.599071128533634,0.8169683537031839
1.0,348,101,199,0,0.922,2.5982307376272837,0.8149061939012268
1.0,348,150,150,0,0.928,2.624148342422351,0.8167518909694065
1.0,348,201,99,0,0.924,2.6033288508987744,0.8258501905233286
1.0,348,251,49,0,0.924,2.587227415175099,0.8283718387334037
1.0,349,21,279,0,0.882,2.335217110781086,0.7549998053201432
1.0,349,51,249,0,0.884,2.354129724508828,0.7919481142399528
1.0,349,61,239,1,0.884,2.3567064980683634,0.790435781184473
1.0,349,71,229,0,0.884,2.3768350688246715,0.800337451981712
1.0,349,101,199,0,0.906,2.6136186374923986,0.7850583643833072
1.0,349,150,150,0,0.918,2.7340851549347827,0.7808076668975759
1.0,349,201,99,0,0.89,2.4366152462212867,0.7877912862227862
1.0,349,251,49,0,0.884,2.3561154216688966,0.7907831746232324
1.0,350,21,279,0,0.9,2.240877450819556,0.7481206466827555
1.0,350,51,249,0,0.904,2.2660034919771377,0.7642410842221389
1.0,350,61,239,1,0.898,2.2238810753280416,0.777124905299326
1.0,350,71,229,0,0.902,2.268483068049637,0.753842834041612
1.0,350,101,199,0,0.91,2.305387228324783,0.7838814315646958
1.0,350,150,150,0,0.904,2.2761783300380927,0.751068967111238
1.0,350,201,99,0,0.902,2.2558472164985073,0.757391916322332
1.0,350,251,49,0,0.868,1.9863465831379228,0.7796279809356148
1.0,351,21,279,0,0.94,2.8608479166849747,0.8585374298578423
1.0,351,51,249,0,0.952,3.0541977830358027,0.8188707824798002
1.0,351,61,239,1,0.95,3.0524202742265247,0.8152977142135691
1.0,351,71,229,0,0.944,2.95726978998286,0.8181432136264177
1.0,351,101,199,0,0.95,3.0516695665883673,0.813797701110344
1.0,351,150,150,0,0.95,3.0530902893416734,0.8166409886501141
1.0,351,201,99,0,0.952,3.081917577886147,0.8074471471978776
1.0,351,251,49,0,0.88,2.20944884766612,0.8104129932748257
1.0,352,21,279,0,0.89,2.3248940063921637,0.8702972152520622
1.0,352,51,249,0,0.884,2.291201788231433,0.8351961555500543
1.0,352,61,239,1,0.89,2.3013835679075108,0.8208714486076832
1.0,352,71,229,0,0.896,2.3640022067849276,0.8179258691205678
1.0,352,101,199,0,0.89,2.2762385183354708,0.8185736002779728
1.0,352,150,150,0,0.888,2.286978199557184,0.8026093468824609
1.0,352,201,99,0,0.888,2.288944804581341,0.7983887622825792
1.0,352,251,49,0,0.89,2.2990225070548878,0.8010476701638582
1.0,353,21,279,0,0.938,2.6162033499162334,0.7717434441142372
1.0,353,51,249,0,0.94,2.6591598108841126,0.78160101972288
1.0,353,61,239,1,0.938,2.628479248021934,0.7745788452812834
1.0,353,71,229,0,0.938,2.6152455479369237,0.7573692739224271
1.0,353,101,199,0,0.938,2.5793183367611445,0.7729870732290054
1.0,353,150,150,0,0.932,2.490727490456482,0.785945890267069
1.0,353,201,99,0,0.904,2.18928852558163,0.7974221352472967
1.0,353,251,49,0,0.892,2.0777399150832774,0.7952815452880033
1.0,354,21,279,0,0.906,2.5679818626647783,0.8500681329054197
1.0,354,51,249,0,0.912,2.6605027230294547,0.8214661657227921
1.0,354,61,239,1,0.912,2.600898435866922,0.8094809678571807
1.0,354,71,229,0,0.91,2.5605625307058926,0.7921068335484361
1.0,354,101,199,0,0.916,2.68502014400643,0.7880443330758578
1.0,354,150,150,0,0.916,2.686148656876023,0.8054543674280434
1.0,354,201,99,0,0.928,2.755835964069695,0.8107428029331993
1.0,354,251,49,0,0.944,2.9249955893184616,0.7979524993377272
1.0,355,21,279,0,0.916,2.5015938631112467,0.7578542059238531
1.0,355,51,249,0,0.936,2.6955508197045015,0.853537705308277
1.0,355,61,239,1,0.94,2.7472367154137762,0.8474756223499244
1.0,355,71,229,0,0.942,2.7794987105068705,0.8317773857082214
1.0,355,101,199,0,0.944,2.832993853827224,0.8392465737890009
1.0,355,150,150,0,0.96,3.1399909875160454,0.8144498357846532
1.0,355,201,99,0,0.93,2.648772479603881,0.8189754474098587
1.0,355,251,49,0,0.932,2.6634665445874877,0.8061083559871539
1.0,356,21,279,0,0.878,2.379669983562391,0.9496642151554934
1.0,356,51,249,0,0.878,2.337712441937965,0.8439402285715908
1.0,356,61,239,1,0.89,2.436925411108401,0.8574173238437014
1.0,356,71,229,0,0.88,2.355546778794034,0.8372330722429375
1.0,356,101,199,0,0.88,2.3471352967327794,0.8316454656247241
1.0,356,150,150,0,0.876,2.305809027242928,0.8219813078707051
1.0,356,201,99,0,0.896,2.521023670439972,0.81898692554149
1.0,356,251,49,0,0.9,2.5676604041418223,0.8203037692663253
1.0,357,21,279,0,0.896,2.7022078373300435,0.850518563542786
1.0,357,51,249,0,0.898,2.7034466748989843,0.8314263492285052
1.0,357,61,239,1,0.894,2.674471988142366,0.8214797164277912
1.0,357,71,229,0,0.9,2.7167654721837087,0.8043858703370678
1.0,357,101,199,0,0.902,2.748867707784967,0.7894516938726229
1.0,357,150,150,0,0.898,2.725413787970064,0.7892383531656556
1.0,357,201,99,0,0.902,2.7759273096231225,0.7942044622890876
1.0,357,251,49,0,0.932,3.1062416223758444,0.7906328336420382
1.0,358,21,279,0,0.914,2.4493244368908234,0.7589932575113705
1.0,358,51,249,0,0.936,2.7597413795448675,0.7104916550717437
1.0,358,61,239,1,0.94,2.771620385294973,0.7270839739169703
1.0,358,71,229,0,0.936,2.7037188314410514,0.7402773650415575
1.0,358,101,199,0,0.938,2.73135829097504,0.7726036939649198
1.0,358,150,150,0,0.938,2.704670683787633,0.7934189569870651
1.0,358,201,99,0,0.932,2.5602285297203564,0.7827497735860809
1.0,358,251,49,0,0.968,3.41995194743863,0.779917577348308
1.0,359,21,279,0,0.926,2.484798984532992,0.8034777176602717
1.0,359,51,249,0,0.93,2.615822245541155,0.8102485469653032
1.0,359,61,239,1,0.932,2.6416534768436946,0.7956796199409368
1.0,359,71,229,0,0.93,2.590298408726766,0.8012391129595893
1.0,359,101,199,0,0.906,2.3980310491095254,0.789092096137052
1.0,359,150,150,0,0.942,2.7658035907595315,0.780349511254723
1.0,359,201,99,0,0.962,3.107700240557723,0.7965047385909383
1.0,359,251,49,0,0.926,2.5396256328927973,0.7914251879505849
1.0,360,21,279,0,0.924,2.662001364736203,0.8833722618697359
1.0,360,51,249,0,0.916,2.6295334007029285,0.8323715265056449
1.0,360,61,239,1,0.918,2.714104993827562,0.8259853993739797
1.0,360,71,229,0,0.918,2.7093213217569025,0.8246741733036475
1.0,360,101,199,0,0.94,2.8773009855506633,0.8224464778023519
1.0,360,150,150,0,0.966,3.4524056887586383,0.829359870737756
1.0,360,201,99,0,0.97,3.720004768366404,0.8150939260523231
1.0,360,251,49,0,0.914,2.6525537964958987,0.8091233172923596
1.0,361,21,279,0,0.922,2.7068152365201574,0.8493486693756483
1.0,361,51,249,0,0.928,2.74844705253287,0.8593423786811475
1.0,361,61,239,1,0.928,2.7533808326197233,0.8602015998961499
1.0,361,71,229,0,0.93,2.7783661835463027,0.8459640017399797
1.0,361,101,199,0,0.932,2.821348347270832,0.808117380823523
1.0,361,150,150,0,0.93,2.7930545687760815,0.8376675989756429
1.0,361,201,99,0,0.938,2.929411365040656,0.8290101795807892
1.0,361,251,49,0,0.952,3.1313982690305084,0.8413259050793122
1.0,362,21,279,0,0.896,2.211959191233126,0.7908032680266743
1.0,362,51,249,0,0.892,2.28322114295975,0.8487228425102462
1.0,362,61,239,1,0.904,2.346496042462341,0.8310222551896639
1.0,362,71,229,0,0.904,2.3120811714880793,0.8203413904932715
1.0,362,101,199,0,0.904,2.359668680000676,0.799531784760609
1.0,362,150,150,0,0.892,2.1836440845959677,0.7820492091808019
1.0,362,201,99,0,0.902,2.2465447371185365,0.7796548991519466
1.0,362,251,49,0,0.892,2.1874344190911317,0.786442627439319
1.0,363,21,279,0,0.928,2.5322776018384765,0.8706717656593947
1.0,363,51,249,0,0.936,2.5518410891681715,0.8161141294148176
1.0,363,61,239,1,0.934,2.551446575459601,0.822221933582613
1.0,363,71,229,0,0.934,2.550637061782043,0.8229285984388439
1.0,363,101,199,0,0.93,2.514669550583752,0.811133013405087
1.0,363,150,150,0,0.926,2.5258577195640974,0.8261333708711931
1.0,363,201,99,0,0.93,2.5090694951718384,0.8146682147628469
1.0,363,251,49,0,0.874,2.00255216367477,0.8115881386182994
1.0,364,21,279,0,0.898,2.4780141993204907,0.8898880711438368
1.0,364,51,249,0,0.912,2.5382396216642,0.8399947960249661
1.0,364,61,239,1,0.908,2.4974282272376795,0.8065061581929753
1.0,364,71,229,0,0.906,2.430330789130074,0.7950827231127714
1.0,364,101,199,0,0.914,2.507602877494641,0.7711586024244437
1.0,364,150,150,0,0.922,2.6089799317802163,0.7704943407934752
1.0,364,201,99,0,0.918,2.552024759411729,0.7575822815718818
1.0,364,251,49,0,0.896,2.2990738685025947,0.7649755273333478
1.0,365,21,279,0,0.914,2.2856714762939427,0.801630145188844
1.0,365,51,249,0,0.906,2.2597642633751813,0.7295400950886423
1.0,365,61,239,1,0.916,2.360612191695451,0.7528585456827205
1.0,365,71,229,0,0.912,2.3683380447579876,0.7372064074128908
1.0,365,101,199,0,0.918,2.344185368312137,0.7877212595406415
1.0,365,150,150,0,0.92,2.410921787188823,0.8010552611613633
1.0,365,201,99,0,0.876,2.0408262008949922,0.8137823263824736
1.0,365,251,49,0,0.862,1.9214076874045196,0.81436021715448
1.0,366,21,279,0,0.888,2.2983622968960953,0.7676558266788496
1.0,366,51,249,0,0.882,2.2903979617761947,0.7983251752563714
1.0,366,61,239,1,0.89,2.323047780920588,0.7848328002787144
1.0,366,71,229,0,0.89,2.3397728933981634,0.7991732501525132
1.0,366,101,199,0,0.894,2.3811455533127464,0.79795604821929
1.0,366,150,150,0,0.898,2.429806415141218,0.784534358539513
1.0,366,201,99,0,0.894,2.371915381695456,0.7795517366345721
1.0,366,251,49,0,0.892,2.3522258511261716,0.773371214080097
1.0,367,21,279,0,0.936,2.8164535396464245,0.91699816259408
1.0,367,51,249,0,0.928,2.720308756450262,0.82569299776234
1.0,367,61,239,1,0.926,2.6731684024153557,0.8090179584592198
1.0,367,71,229,0,0.93,2.7852790237472393,0.8329598722311842
1.0,367,101,199,0,0.93,2.734212000605577,0.8317687608889582
1.0,367,150,150,0,0.92,2.590703537082712,0.7970310590024489
1.0,367,201,99,0,0.878,2.1619884548046806,0.7979395084094014
1.0,367,251,49,0,0.766,1.495982096047794,0.8108052898456398
1.0,368,21,279,0,0.882,2.3529817546681104,0.8041866228178828
1.0,368,51,249,0,0.888,2.3950219445538043,0.7819626136077641
1.0,368,61,239,1,0.888,2.401374884329305,0.7440149694553759
1.0,368,71,229,0,0.888,2.395958453716075,0.7727419169399395
1.0,368,101,199,0,0.894,2.4793201988135825,0.808601365921861
1.0,368,150,150,0,0.914,2.7016986513198575,0.7926786309317776
1.0,368,201,99,0,0.874,2.317657507122436,0.8004090204787085
1.0,368,251,49,0,0.88,2.334414834383206,0.8134735715967931
1.0,369,21,279,0,0.88,2.073421538866549,0.8008124932755504
1.0,369,51,249,0,0.896,2.2113145149423827,0.7976474736461543
1.0,369,61,239,1,0.9,2.2258680658572585,0.7911495594723411
1.0,369,71,229,0,0.884,2.1058553149383905,0.7854670239875705
1.0,369,101,199,0,0.912,2.3074057302810145,0.7968350901418605
1.0,369,150,150,0,0.92,2.395077566931445,0.7952884714083839
1.0,369,201,99,0,0.924,2.4007845559954357,0.7821965957109388
1.0,369,251,49,0,0.956,3.0351195678468224,0.795223383443813
1.0,370,21,279,0,0.894,2.39258906454908,0.8028286952265807
1.0,370,51,249,0,0.88,2.3252306792339112,0.7867993107461109
1.0,370,61,239,1,0.902,2.4390329463630804,0.7930944004452725
1.0,370,71,229,0,0.904,2.4572510951575537,0.8063572572967175
1.0,370,101,199,0,0.906,2.461431580250701,0.8014491942120004
1.0,370,150,150,0,0.896,2.3997443293909173,0.780391801138789
1.0,370,201,99,0,0.906,2.522446482388733,0.798823003412568
1.0,370,251,49,0,0.946,3.011861703431386,0.7962821389594298
1.0,371,21,279,0,0.864,2.162287994833802,0.7971783708260164
1.0,371,51,249,0,0.856,2.089348715989112,0.7458848456330617
1.0,371,61,239,1,0.858,2.096498779811513,0.7691040474363442
1.0,371,71,229,0,0.85,2.045553462684618,0.7695713524885265
1.0,371,101,199,0,0.856,2.092304499126768,0.7553936961249282
1.0,371,150,150,0,0.858,2.1056583835106983,0.767699356135672
1.0,371,201,99,0,0.856,2.0862518333056,0.7620760136172692
1.0,371,251,49,0,0.738,1.486012838835375,0.7712626158705773
1.0,372,21,279,0,0.888,2.4300574450026686,0.7001486733398717
1.0,372,51,249,0,0.89,2.4453239125754935,0.7018246692761768
1.0,372,61,239,1,0.892,2.4474413227292406,0.7140886661356113
1.0,372,71,229,0,0.89,2.4388492622964866,0.7086293152564108
1.0,372,101,199,0,0.92,2.716661750030565,0.7306960375181851
1.0,372,150,150,0,0.912,2.556583270193836,0.7754504906272701
1.0,372,201,99,0,0.896,2.4238330923739824,0.7622418271153333
1.0,372,251,49,0,0.94,2.935284977061273,0.775231781716847
1.0,373,21,279,0,0.918,2.5503408436787196,0.8243508609852046
1.0,373,51,249,0,0.916,2.560909415442814,0.7682048000309772
1.0,373,61,239,1,0.918,2.5651730888021556,0.779270337207662
1.0,373,71,229,0,0.914,2.5134231521922468,0.7966668943729749
1.0,373,101,199,0,0.918,2.5235809626204775,0.8082829386855271
1.0,373,150,150,0,0.924,2.596708610355517,0.8329533471247251
1.0,373,201,99,0,0.926,2.6280153915607185,0.8161537000482676
1.0,373,251,49,0,0.912,2.4570412365525316,0.8085135369949729
1.0,374,21,279,0,0.92,2.74887314869188,0.8323811812433574
1.0,374,51,249,0,0.924,2.789544568204884,0.7950630165829699
1.0,374,61,239,1,0.926,2.813664797911608,0.8111659523109306
1.0,374,71,229,0,0.922,2.7816820329252723,0.8138964746017575
1.0,374,101,199,0,0.92,2.749255547343887,0.7893765332536
1.0,374,150,150,0,0.928,2.8231376420969814,0.7997016178742551
1.0,374,201,99,0,0.928,2.8249984966255623,0.7999558890169588
1.0,374,251,49,0,0.776,1.7125581495403024,0.7985358243474071
1.0,375,21,279,0,0.936,3.013501291877449,0.6357885913517214
1.0,375,51,249,0,0.938,2.9985828621000454,0.765527994414581
1.0,375,61,239,1,0.938,3.009986274773777,0.7963877683158581
1.0,375,71,229,0,0.938,3.041863566029043,0.7829774156999129
1.0,375,101,199,0,0.938,3.0061992445914267,0.7880953647395651
1.0,375,150,150,0,0.932,2.814486839953425,0.8010177028727836
1.0,375,201,99,0,0.938,3.013061907154981,0.8023515349847027
1.0,375,251,49,0,0.932,2.8183827852323846,0.8132439218526899
1.0,376,21,279,0,0.882,2.4371103527555262,0.7212506629758161
1.0,376,51,249,0,0.882,2.4442110836758872,0.7206309365333131
1.0,376,61,239,1,0.884,2.493544626947163,0.7545092535772535
1.0,376,71,229,0,0.886,2.507966264242008,0.7685606556621492
1.0,376,101,199,0,0.886,2.511654811112616,0.7710295681586595
1.0,376,150,150,0,0.872,2.35875793254186,0.7719389449336439
1.0,376,201,99,0,0.864,2.2383481989469973,0.7732875783062494
1.0,376,251,49,0,0.836,1.972279538882433,0.7729207204317472
1.0,377,21,279,0,0.878,2.2923824024947264,0.9264656827280522
1.0,377,51,249,0,0.86,2.1152154423261864,0.8257399993958024
1.0,377,61,239,1,0.854,2.0910042979945116,0.8204406758619478
1.0,377,71,229,0,0.86,2.1056890194641675,0.803702242026618
1.0,377,101,199,0,0.874,2.1890726929367803,0.7914412493225413
1.0,377,150,150,0,0.88,2.1856856271284753,0.7669954938855965
1.0,377,201,99,0,0.88,2.204744036026042,0.7735355759024962
1.0,377,251,49,0,0.922,2.5462195801271794,0.7896299322702744
1.0,378,21,279,0,0.866,2.236537439401109,0.8144498276538448
1.0,378,51,249,0,0.87,2.2957327776229906,0.805704896073825
1.0,378,61,239,1,0.87,2.2869499314572797,0.8210439320952009
1.0,378,71,229,0,0.872,2.3234083242653347,0.8302155022287254
1.0,378,101,199,0,0.87,2.2905060078309383,0.8151110586201606
1.0,378,150,150,0,0.864,2.2077162337220124,0.8069440292681549
1.0,378,201,99,0,0.866,2.2564461069885398,0.8022638170070232
1.0,378,251,49,0,0.866,2.2873593890766855,0.7984565085359561
1.0,379,21,279,0,0.884,2.338194713609942,0.7442103809449647
1.0,379,51,249,0,0.898,2.468623844118129,0.8332996315983082
1.0,379,61,239,1,0.892,2.413565288234654,0.8119375636200575
1.0,379,71,229,0,0.894,2.4589238402602565,0.8174509785092892
1.0,379,101,199,0,0.892,2.412481684527507,0.8147841972355319
1.0,379,150,150,0,0.9,2.5148875774763493,0.8247531092539101
1.0,379,201,99,0,0.91,2.5936344424760245,0.8058638776875804
1.0,379,251,49,0,0.944,3.042968328598243,0.7908141422725227
1.0,380,21,279,0,0.88,2.4112242913163744,0.7536771124567472
1.0,380,51,249,0,0.862,2.337241740461141,0.7543332614890698
1.0,380,61,239,1,0.858,2.339112567247852,0.7742942159841794
1.0,380,71,229,0,0.866,2.374696690453937,0.7806247410642599
1.0,380,101,199,0,0.874,2.391744675541625,0.7863381760996232
1.0,380,150,150,0,0.866,2.364250714729054,0.8006071599801031
1.0,380,201,99,0,0.886,2.4315153350642986,0.8067415563265646
1.0,380,251,49,0,0.802,1.8227851847309484,0.8075402475348411
1.0,381,21,279,0,0.872,2.3348969232694716,0.8226619096436586
1.0,381,51,249,0,0.866,2.268547675330633,0.8196738804730587
1.0,381,61,239,1,0.87,2.2902628438663872,0.8077541765346673
1.0,381,71,229,0,0.868,2.278150371094932,0.8143818742149762
1.0,381,101,199,0,0.866,2.268016792663366,0.8199674264343956
1.0,381,150,150,0,0.872,2.3160289854942575,0.7938281339857213
1.0,381,201,99,0,0.902,2.600956935398415,0.8108429792963059
1.0,381,251,49,0,0.768,1.6850865507582102,0.8101338196580617
1.0,382,21,279,0,0.91,2.485009981155023,0.8526642909347248
1.0,382,51,249,0,0.902,2.401527299853968,0.7998855281078064
1.0,382,61,239,1,0.896,2.367581164398711,0.7730284033903277
1.0,382,71,229,0,0.902,2.394307280776372,0.796592301649394
1.0,382,101,199,0,0.92,2.5486392982284736,0.7875244832199639
1.0,382,150,150,0,0.92,2.586666803388703,0.7681492574285196
1.0,382,201,99,0,0.92,2.597516797041845,0.7621019213219881
1.0,382,251,49,0,0.902,2.413954699314312,0.7713195921475439
1.0,383,21,279,0,0.92,2.5748940593266263,0.8010749795333945
1.0,383,51,249,0,0.918,2.5433026898828537,0.7882902194756138
1.0,383,61,239,1,0.916,2.523734267517803,0.7807082247456453
1.0,383,71,229,0,0.914,2.507770171451324,0.7775650780882208
1.0,383,101,199,0,0.918,2.5524304188759896,0.7918562208162742
1.0,383,150,150,0,0.918,2.5561878283866837,0.7870388516821847
1.0,383,201,99,0,0.89,2.336785208307273,0.7980182807513587
1.0,383,251,49,0,0.876,2.2060657453698003,0.7877879061415487
1.0,384,21,279,0,0.902,2.432946352096109,0.8733477863439922
1.0,384,51,249,0,0.912,2.556017719472343,0.7760464594284501
1.0,384,61,239,1,0.914,2.581316794649104,0.7529789341209725
1.0,384,71,229,0,0.912,2.570724071824373,0.763367152228332
1.0,384,101,199,0,0.914,2.605303998553764,0.7515733537325971
1.0,384,150,150,0,0.916,2.629291752865207,0.7386938791392734
1.0,384,201,99,0,0.914,2.5558468309853097,0.7523076169890996
1.0,384,251,49,0,0.894,2.3836076830836044,0.7493953607843573
1.0,385,21,279,0,0.91,2.453158433579442,0.7153281556350508
1.0,385,51,249,0,0.904,2.460423106980767,0.8225184565051039
1.0,385,61,239,1,0.904,2.456614230421331,0.8212768659664067
1.0,385,71,229,0,0.89,2.3783868471051384,0.8352789193756451
1.0,385,101,199,0,0.894,2.3969989726569683,0.8239499508708625
1.0,385,150,150,0,0.872,2.184978564392363,0.8082855837874128
1.0,385,201,99,0,0.896,2.407864737676703,0.8232528089313583
1.0,385,251,49,0,0.9,2.413540557528262,0.8159373079617598
1.0,386,21,279,0,0.896,2.447915696625667,0.7897016487335312
1.0,386,51,249,0,0.896,2.4140847391655393,0.822942231237021
1.0,386,61,239,1,0.89,2.349155525598557,0.8289913293276562
1.0,386,71,229,0,0.89,2.32371754823103,0.8384215687304206
1.0,386,101,199,0,0.888,2.299188934772391,0.8243099198098124
1.0,386,150,150,0,0.886,2.290939424126612,0.8233333282018446
1.0,386,201,99,0,0.888,2.3015200140026026,0.8277918291273445
1.0,386,251,49,0,0.886,2.2966749679413305,0.8203604577027618
1.0,387,21,279,0,0.924,2.525021447108977,0.8225980051048778
1.0,387,51,249,0,0.906,2.4021820964871847,0.8028018719950257
1.0,387,61,239,1,0.914,2.4141066996621965,0.8268390363402567
1.0,387,71,229,0,0.888,2.1980502157379673,0.8198394417726907
1.0,387,101,199,0,0.89,2.3001354335786073,0.7778923087234952
1.0,387,150,150,0,0.93,2.6119606197042535,0.780265834680612
1.0,387,201,99,0,0.948,2.8705757560046528,0.7767646910889935
1.0,387,251,49,0,0.954,3.066581117935647,0.7756759297654156
1.0,388,21,279,0,0.892,2.2947350465526806,0.6282036460845881
1.0,388,51,249,0,0.904,2.364095392045036,0.7701134193530129
1.0,388,61,239,1,0.908,2.415770664131237,0.7664132137288625
1.0,388,71,229,0,0.914,2.4846446683325056,0.7575328004374581
1.0,388,101,199,0,0.924,2.7849027548875975,0.7539320597565079
1.0,388,150,150,0,0.922,2.7601081242984535,0.7767904198531417
1.0,388,201,99,0,0.946,3.094242002736489,0.7839728802855739
1.0,388,251,49,0,0.912,2.437923555301837,0.7892832342293031
1.0,389,21,279,0,0.942,2.989205500781902,0.6715880042266468
1.0,389,51,249,0,0.946,2.988861216157695,0.7869029237510187
1.0,389,61,239,1,0.946,2.9879325820737224,0.8074296864383372
1.0,389,71,229,0,0.946,2.9834421861432725,0.7956867295001756
1.0,389,101,199,0,0.936,2.80236909530308,0.8013373694171376
1.0,389,150,150,0,0.934,2.6457581500221146,0.8036507919816096
1.0,389,201,99,0,0.932,2.5949440823945706,0.8130405708814777
1.0,389,251,49,0,0.932,2.5659605512223016,0.8306925756281685
1.0,390,21,279,0,0.898,2.5220235805877818,0.75444534808929
1.0,390,51,249,0,0.894,2.411951093525126,0.8320430271440328
1.0,390,61,239,1,0.9,2.486724086607009,0.7981586342695006
1.0,390,71,229,0,0.896,2.483467117109554,0.7805673434658053
1.0,390,101,199,0,0.902,2.5040377035846175,0.8076770781136815
1.0,390,150,150,0,0.906,2.5356478395320052,0.829976269043512
1.0,390,201,99,0,0.898,2.4251014680335192,0.8220053025265687
1.0,390,251,49,0,0.902,2.5195926566794298,0.8192127004555297
1.0,391,21,279,0,0.898,2.3387675475544283,0.7775754280324754
1.0,391,51,249,0,0.91,2.4376005938527117,0.7606400403924999
1.0,391,61,239,1,0.914,2.4709408165921367,0.7646598610435505
1.0,391,71,229,0,0.912,2.4616979152185396,0.7544879236614461
1.0,391,101,199,0,0.926,2.5992132973379647,0.7690225706541768
1.0,391,150,150,0,0.94,2.7538357578438486,0.799694204417769
1.0,391,201,99,0,0.958,3.088774715257923,0.7906572968995124
1.0,391,251,49,0,0.958,3.086908029033595,0.7924549724442711
1.0,392,21,279,0,0.922,2.475201658122786,0.8028087164207265
1.0,392,51,249,0,0.926,2.491786496408794,0.8516571730983873
1.0,392,61,239,1,0.93,2.5203319657968466,0.857836972249238
1.0,392,71,229,0,0.93,2.572341069500304,0.8548924378724044
1.0,392,101,199,0,0.93,2.552353792024075,0.8305216705333318
1.0,392,150,150,0,0.93,2.614964550534891,0.8533503776865127
1.0,392,201,99,0,0.948,2.8811902779607363,0.8313813283113549
1.0,392,251,49,0,0.92,2.4303456928961897,0.8241829889203529
1.0,393,21,279,0,0.908,2.304969964513527,0.7805652628584347
1.0,393,51,249,0,0.912,2.384157352004856,0.8313131887818833
1.0,393,61,239,1,0.904,2.2873701566617246,0.8184644515611835
1.0,393,71,229,0,0.906,2.2865466086035378,0.8111958772368544
1.0,393,101,199,0,0.908,2.2952477359321812,0.8068205837334049
1.0,393,150,150,0,0.896,2.1577642497688574,0.7956596490598273
1.0,393,201,99,0,0.908,2.328504596611451,0.7902201667215826
1.0,393,251,49,0,0.918,2.397819531654267,0.7959293368163256
1.0,394,21,279,0,0.878,2.269956399761455,0.7698672331202964
1.0,394,51,249,0,0.898,2.398792966003726,0.783468865366314
1.0,394,61,239,1,0.898,2.3777945610015405,0.7756990714622973
1.0,394,71,229,0,0.89,2.3288888615903724,0.7663254100944797
1.0,394,101,199,0,0.886,2.3338591161059665,0.7482779186364125
1.0,394,150,150,0,0.888,2.3198275418419625,0.7698073062518463
1.0,394,201,99,0,0.892,2.325435135312622,0.7778718195623552
1.0,394,251,49,0,0.854,2.056686679128452,0.789504731280366
1.0,395,21,279,0,0.948,2.69592487861121,0.819710305504188
1.0,395,51,249,0,0.952,2.7547313296370466,0.8005227022602541
1.0,395,61,239,1,0.95,2.7666131307811903,0.8106000755831451
1.0,395,71,229,0,0.95,2.7643156087057323,0.8116241951645923
1.0,395,101,199,0,0.95,2.749116559503249,0.8106958731624828
1.0,395,150,150,0,0.95,2.7554431491353633,0.8318338807934079
1.0,395,201,99,0,0.95,2.803340640594251,0.8196582155113626
1.0,395,251,49,0,0.956,2.830178410693889,0.8129182995724196
1.0,396,21,279,0,0.928,2.553610011623565,0.6973704972186784
1.0,396,51,249,0,0.926,2.531544468369747,0.7081238149790126
1.0,396,61,239,1,0.924,2.526996495955024,0.7103352199944296
1.0,396,71,229,0,0.928,2.5412474843613326,0.7034000648829969
1.0,396,101,199,0,0.922,2.4057438474331985,0.7468752179570604
1.0,396,150,150,0,0.922,2.4602000746880264,0.7696763864033522
1.0,396,201,99,0,0.926,2.533274676198068,0.7983208306485099
1.0,396,251,49,0,0.922,2.4864708050927775,0.7976391134412577
1.0,397,21,279,0,0.916,2.684083701385076,0.7677571722736789
1.0,397,51,249,0,0.914,2.6182823376632607,0.8058673918716306
1.0,397,61,239,1,0.914,2.626123080853492,0.7847085498936629
1.0,397,71,229,0,0.914,2.659324861593098,0.7776388685971338
1.0,397,101,199,0,0.914,2.62598415533827,0.783825561951086
1.0,397,150,150,0,0.916,2.665232926601987,0.7758075132036191
1.0,397,201,99,0,0.912,2.5944643109407797,0.7980726373989361
1.0,397,251,49,0,0.914,2.610930317022089,0.7928271873590511
1.0,398,21,279,0,0.886,2.1370934008390305,0.7685718445281998
1.0,398,51,249,0,0.894,2.1478997643999502,0.8371998973597486
1.0,398,61,239,1,0.894,2.1420427225077865,0.8392977653001594
1.0,398,71,229,0,0.89,2.123653279023176,0.8381038508806355
1.0,398,101,199,0,0.864,1.9754261028257516,0.7949579473111428
1.0,398,150,150,0,0.864,1.9677432345618726,0.8259800889977608
1.0,398,201,99,0,0.83,1.8201022352986764,0.8161026315099362
1.0,398,251,49,0,0.732,1.5383304810632925,0.8044710956412074
1.0,399,21,279,0,0.886,2.3641983942316984,0.8868962138411008
1.0,399,51,249,0,0.89,2.4145843955463464,0.8342789542387914
1.0,399,61,239,1,0.894,2.438077353686643,0.8162170559057594
1.0,399,71,229,0,0.892,2.4364167491611206,0.8141412183375206
1.0,399,101,199,0,0.892,2.4210343794166214,0.8317711292620105
1.0,399,150,150,0,0.89,2.3987138561626744,0.8407059974979773
1.0,399,201,99,0,0.876,2.223243242067581,0.8308021903106438
1.0,399,251,49,0,0.888,2.417203952667104,0.8205416420338807
1.0,400,21,279,0,0.886,2.346124287822881,0.7483199125691685
1.0,400,51,249,0,0.902,2.447464967925932,0.741220574523527
1.0,400,61,239,1,0.898,2.399346194003935,0.7580188252291988
1.0,400,71,229,0,0.902,2.4516210005771937,0.7426921711594209
1.0,400,101,199,0,0.884,2.304307620621893,0.7769207714965525
1.0,400,150,150,0,0.904,2.4709545440915863,0.7739636116611754
1.0,400,201,99,0,0.91,2.489578392876474,0.8169325926925356
1.0,400,251,49,0,0.918,2.6856440009386335,0.8158337529109276
1.0,401,21,279,0,0.894,2.1768073057461352,0.8126905616937268
1.0,401,51,249,0,0.894,2.22660431241075,0.8793995005540981
1.0,401,61,239,1,0.894,2.2564560827540627,0.8818383063322845
1.0,401,71,229,0,0.896,2.267656930836364,0.8878974306601277
1.0,401,101,199,0,0.912,2.4016061269836384,0.836634374617477
1.0,401,150,150,0,0.908,2.355182082756817,0.8215150418692586
1.0,401,201,99,0,0.91,2.374423670481459,0.8131420140303758
1.0,401,251,49,0,0.892,2.196086551582177,0.8366196725414684
1.0,402,21,279,0,0.93,2.636095589374166,0.8572954755981955
1.0,402,51,249,0,0.92,2.433613830700095,0.8106103047576563
1.0,402,61,239,1,0.912,2.357255434854595,0.8067102903768257
1.0,402,71,229,0,0.91,2.344052784716311,0.8055789954760756
1.0,402,101,199,0,0.914,2.3856733025310604,0.8210043308429754
1.0,402,150,150,0,0.904,2.276144849090332,0.8021246885121458
1.0,402,201,99,0,0.9,2.237886547652314,0.8043153582414204
1.0,402,251,49,0,0.782,1.654869486964085,0.7981790490778288
1.0,403,21,279,0,0.906,2.37503749777784,0.801395060141881
1.0,403,51,249,0,0.908,2.4145543741143594,0.7864779615785642
1.0,403,61,239,1,0.906,2.4030425219410394,0.7854767328442123
1.0,403,71,229,0,0.908,2.4164582051415846,0.7879027441108237
1.0,403,101,199,0,0.91,2.431354727767536,0.7618085386327762
1.0,403,150,150,0,0.912,2.4417172281254396,0.7694033083443808
1.0,403,201,99,0,0.914,2.4642018725230974,0.7860620359103595
1.0,403,251,49,0,0.936,2.74773768436214,0.8067141730819003
1.0,404,21,279,0,0.902,2.376911085939856,0.805472109581826
1.0,404,51,249,0,0.902,2.3875074012096174,0.762949704689348
1.0,404,61,239,1,0.902,2.3835414139465967,0.7791884735170104
1.0,404,71,229,0,0.902,2.3636350834117037,0.7804107815378553
1.0,404,101,199,0,0.898,2.3343087849000463,0.7646293007026171
1.0,404,150,150,0,0.888,2.281960719993128,0.8063865292122476
1.0,404,201,99,0,0.888,2.285423875770578,0.8042057585480148
1.0,404,251,49,0,0.902,2.4357263401637863,0.8115546427922118
1.0,405,21,279,0,0.89,2.4194705484879098,0.7465362627160222
1.0,405,51,249,0,0.888,2.3761406998133525,0.7682215072075871
1.0,405,61,239,1,0.888,2.3765473788341542,0.7564536479686085
1.0,405,71,229,0,0.888,2.3754312218933253,0.7588209381554547
1.0,405,101,199,0,0.878,2.3636723566829088,0.7836840739887709
1.0,405,150,150,0,0.864,2.2593645528561765,0.8012683085004285
1.0,405,201,99,0,0.896,2.557776929565954,0.8128470521666586
1.0,405,251,49,0,0.922,2.814194808636663,0.8162593665105138
1.0,406,21,279,0,0.88,2.295339055801817,0.7280838752736731
1.0,406,51,249,0,0.868,2.2145868179151265,0.7714518060619207
1.0,406,61,239,1,0.878,2.2473210647399364,0.7542762544831398
1.0,406,71,229,0,0.87,2.210005493334651,0.7794208852063429
1.0,406,101,199,0,0.874,2.252091892993687,0.7736987543428443
1.0,406,150,150,0,0.872,2.2279312890108476,0.7755087689664334
1.0,406,201,99,0,0.872,2.2257300803893623,0.7781523930921741
1.0,406,251,49,0,0.858,2.1282752306826285,0.7864397561481966
1.0,407,21,279,0,0.878,2.3232077602133843,0.7300328273858195
1.0,407,51,249,0,0.874,2.273450308482197,0.7454523011035356
1.0,407,61,239,1,0.874,2.2743582436583942,0.7524081581975082
1.0,407,71,229,0,0.872,2.2347548801396413,0.7426943833287625
1.0,407,101,199,0,0.872,2.2364428219853707,0.7305423219654449
1.0,407,150,150,0,0.872,2.2672225064844804,0.7139228263003977
1.0,407,201,99,0,0.88,2.4038299086122996,0.7293684851081305
1.0,407,251,49,0,0.878,2.381978351688843,0.732158026105097
1.0,408,21,279,0,0.906,2.6581282013153524,0.8910139228558824
1.0,408,51,249,0,0.918,2.622991307322151,0.8291907444028738
1.0,408,61,239,1,0.916,2.5778386243393605,0.8061391571901323
1.0,408,71,229,0,0.918,2.584476847205382,0.8135246789672597
1.0,408,101,199,0,0.924,2.622441584300559,0.8031241321528928
1.0,408,150,150,0,0.922,2.609123350252833,0.7954224636003667
1.0,408,201,99,0,0.96,3.134663337379999,0.791804504990673
1.0,408,251,49,0,0.968,3.2082704317740847,0.7838318468348915
1.0,409,21,279,0,0.894,2.3853896821648366,0.8260751817838147
1.0,409,51,249,0,0.876,2.2353516013958474,0.7740887789726371
1.0,409,61,239,1,0.874,2.1631406743399677,0.7968854097014634
1.0,409,71,229,0,0.874,2.1771414913021667,0.7916605902379384
1.0,409,101,199,0,0.862,2.1034462156715614,0.8061504356515198
1.0,409,150,150,0,0.862,2.105315192832607,0.8106522192096595
1.0,409,201,99,0,0.87,2.142755136711122,0.8044760401232787
1.0,409,251,49,0,0.918,2.600674488673335,0.8225928260658878
1.0,410,21,279,0,0.928,2.7535228246824315,0.6774062405109086
1.0,410,51,249,0,0.942,2.81979110723307,0.7650139040657747
1.0,410,61,239,1,0.942,2.815596229256217,0.7728545948508231
1.0,410,71,229,0,0.942,2.8051168050074176,0.8037591239649329
1.0,410,101,199,0,0.942,2.8050942588462076,0.8035283258707897
1.0,410,150,150,0,0.95,2.941483540872384,0.7941723495294234
1.0,410,201,99,0,0.958,3.0433879073979324,0.7748483773663426
1.0,410,251,49,0,0.86,1.9739382273774129,0.7780816011835384
1.0,411,21,279,0,0.886,2.449075230599749,0.7341312177543119
1.0,411,51,249,0,0.888,2.4286791018925022,0.761970580207492
1.0,411,61,239,1,0.886,2.4470065033440025,0.7394759159993979
1.0,411,71,229,0,0.886,2.4556703208520996,0.7217417010157962
1.0,411,101,199,0,0.888,2.423978196947621,0.7635452746476274
1.0,411,150,150,0,0.892,2.5368490818371936,0.7665474177022131
1.0,411,201,99,0,0.91,2.6424462499476937,0.7786601703650741
1.0,411,251,49,0,0.926,2.9846419563452535,0.7873197768430776
1.0,412,21,279,0,0.88,2.427407953651724,0.6944282164727106
1.0,412,51,249,0,0.872,2.2756779598349075,0.8031745888408618
1.0,412,61,239,1,0.87,2.265786162168695,0.79143844619129
1.0,412,71,229,0,0.872,2.278424665372301,0.8009713487245393
1.0,412,101,199,0,0.88,2.386945460982228,0.7967825610180198
1.0,412,150,150,0,0.886,2.401904867905543,0.8034416330887554
1.0,412,201,99,0,0.912,2.6528030665843265,0.8028811348713208
1.0,412,251,49,0,0.86,2.1609718608897674,0.7987289228057004
1.0,413,21,279,0,0.902,2.485582328529736,0.876553457530993
1.0,413,51,249,0,0.91,2.4462122360055645,0.8029453005174435
1.0,413,61,239,1,0.908,2.468291892624287,0.8348142411747764
1.0,413,71,229,0,0.902,2.400754988340669,0.8360000971266329
1.0,413,101,199,0,0.906,2.420151926766644,0.8325765813308434
1.0,413,150,150,0,0.912,2.515088497660232,0.8271206850843159
1.0,413,201,99,0,0.922,2.6157268225136203,0.8197621303839008
1.0,413,251,49,0,0.918,2.5798141113405553,0.808925031668286
1.0,414,21,279,0,0.914,2.448725517555159,0.7536211304035199
1.0,414,51,249,0,0.934,2.5679542764437198,0.8246312549848013
1.0,414,61,239,1,0.928,2.5353814957615723,0.8120192568246224
1.0,414,71,229,0,0.92,2.469404971335246,0.8186826229044727
1.0,414,101,199,0,0.926,2.521304505627846,0.8412999458915199
1.0,414,150,150,0,0.938,2.560723354652588,0.8622567265348698
1.0,414,201,99,0,0.938,2.5599045094897934,0.8632315327778761
1.0,414,251,49,0,0.924,2.4873806437335038,0.8479896828849426
1.0,415,21,279,0,0.902,2.4276980708206657,0.7948113151395152
1.0,415,51,249,0,0.884,2.2999540056785235,0.8025290915557891
1.0,415,61,239,1,0.88,2.2607407534072608,0.798840979718751
1.0,415,71,229,0,0.882,2.267734536308118,0.795066177313492
1.0,415,101,199,0,0.876,2.246656914520529,0.8123215891744203
1.0,415,150,150,0,0.89,2.3840831603409094,0.8167777292601063
1.0,415,201,99,0,0.896,2.3983259992943684,0.8058726381820285
1.0,415,251,49,0,0.858,2.0878266811942994,0.8173315108014344
1.0,416,21,279,0,0.904,2.3182758442572213,0.7235456772086356
1.0,416,51,249,0,0.882,2.1202390392763495,0.7487111996161132
1.0,416,61,239,1,0.89,2.2101446532873408,0.7510187245438302
1.0,416,71,229,0,0.884,2.114917160127569,0.7596484591514141
1.0,416,101,199,0,0.904,2.247978926380944,0.7667659730226002
1.0,416,150,150,0,0.91,2.369181461304544,0.7703869486824291
1.0,416,201,99,0,0.904,2.2780880121403566,0.7819478589012722
1.0,416,251,49,0,0.912,2.3214465769180044,0.7953857317809894
1.0,417,21,279,0,0.874,2.1545115370345327,0.8907853134452473
1.0,417,51,249,0,0.874,2.1493177928177722,0.875783012595227
1.0,417,61,239,1,0.876,2.1788678650768336,0.8664153955684338
1.0,417,71,229,0,0.878,2.2256938694200334,0.8680183095493378
1.0,417,101,199,0,0.87,2.082128820417189,0.8365208421257362
1.0,417,150,150,0,0.876,2.1722651758669373,0.8165719306250451
1.0,417,201,99,0,0.86,2.008222556611331,0.8087028252717995
1.0,417,251,49,0,0.868,2.0576545021817685,0.8110131183923234
1.0,418,21,279,0,0.844,2.243971256934167,0.7008155203008203
1.0,418,51,249,0,0.848,2.2189620309622495,0.7535463271414851
1.0,418,61,239,1,0.846,2.1935758648996235,0.7481748186940087
1.0,418,71,229,0,0.846,2.185401017243209,0.7696067813557868
1.0,418,101,199,0,0.842,2.2109677030299593,0.8030709769926477
1.0,418,150,150,0,0.834,2.1005361279163557,0.8107139245497776
1.0,418,201,99,0,0.834,2.092940973804381,0.796436379477087
1.0,418,251,49,0,0.838,2.1269131513074013,0.7978625780735873
1.0,419,21,279,0,0.928,2.4789854875958355,0.7345441243312146
1.0,419,51,249,0,0.908,2.380592500309602,0.8224408240917115
1.0,419,61,239,1,0.908,2.381865286063582,0.8345544527396945
1.0,419,71,229,0,0.908,2.388666865080634,0.8288192872856002
1.0,419,101,199,0,0.918,2.424255563506239,0.8308978341730664
1.0,419,150,150,0,0.922,2.4705626319416765,0.8029821500838604
1.0,419,201,99,0,0.936,2.6201329738582473,0.805959793142682
1.0,419,251,49,0,0.936,2.627480292861647,0.8106494708835801
1.0,420,21,279,0,0.934,2.6421647968065516,0.7236266204775906
1.0,420,51,249,0,0.934,2.6415398427763765,0.7470907417457263
1.0,420,61,239,1,0.934,2.620844292311484,0.7370509315306452
1.0,420,71,229,0,0.93,2.595587899155226,0.7127236018496479
1.0,420,101,199,0,0.936,2.6158864963853494,0.802126448918294
1.0,420,150,150,0,0.936,2.6128584933031527,0.8072731313733523
1.0,420,201,99,0,0.93,2.5281634359954297,0.8096870648358946
1.0,420,251,49,0,0.918,2.4266966124235068,0.8068132488849105
1.0,421,21,279,0,0.932,2.6329023778863063,0.8829148026454885
1.0,421,51,249,0,0.926,2.508675546227936,0.8354117826687215
1.0,421,61,239,1,0.926,2.500045601518691,0.8222889567647573
1.0,421,71,229,0,0.928,2.514610616291429,0.8363179230850257
1.0,421,101,199,0,0.928,2.533333295511113,0.83120095373506
1.0,421,150,150,0,0.926,2.5021908116782834,0.83117874650725
1.0,421,201,99,0,0.922,2.388041872333551,0.8178661584413045
1.0,421,251,49,0,0.946,2.890511528504012,0.8085351306992083
1.0,422,21,279,0,0.946,2.8487537887239145,0.744811125285791
1.0,422,51,249,0,0.924,2.4223342153191227,0.8301268639381815
1.0,422,61,239,1,0.93,2.4632769769146097,0.8334662103337536
1.0,422,71,229,0,0.934,2.5165554398905208,0.837595173437887
1.0,422,101,199,0,0.938,2.59449721064525,0.8039418410668936
1.0,422,150,150,0,0.922,2.414197347227123,0.8222008712824458
1.0,422,201,99,0,0.924,2.42962056472474,0.8293804535043071
1.0,422,251,49,0,0.906,2.2000716658670565,0.8163677351673919
1.0,423,21,279,0,0.912,2.3370265775421144,0.697007627992808
1.0,423,51,249,0,0.916,2.409607900495097,0.7762313542632289
1.0,423,61,239,1,0.928,2.499226707842097,0.7685199405079124
1.0,423,71,229,0,0.922,2.4293543790299754,0.7948218374737124
1.0,423,101,199,0,0.914,2.388626772021476,0.8206041071444256
1.0,423,150,150,0,0.908,2.343241609802134,0.802463795341494
1.0,423,201,99,0,0.878,2.058701537051066,0.8085530731355318
1.0,423,251,49,0,0.926,2.492842873347395,0.7970092329934714
1.0,424,21,279,0,0.888,2.5092743984328676,0.5654715468705931
1.0,424,51,249,0,0.892,2.4253747728282447,0.7302014601976865
1.0,424,61,239,1,0.894,2.4415350210654654,0.7463857387823803
1.0,424,71,229,0,0.9,2.476565935499866,0.7740836455552468
1.0,424,101,199,0,0.908,2.522696943098979,0.7968665006324543
1.0,424,150,150,0,0.91,2.55157405188458,0.8026769224507291
1.0,424,201,99,0,0.91,2.5548744034798663,0.7894685250015507
1.0,424,251,49,0,0.906,2.5027496307895043,0.7842947562680631
1.0,425,21,279,0,0.932,2.678241517601255,0.9071678199308636
1.0,425,51,249,0,0.93,2.6351113899672964,0.8580688779153618
1.0,425,61,239,1,0.926,2.635918415333652,0.8482545905439414
1.0,425,71,229,0,0.922,2.616501200712831,0.833622116304263
1.0,425,101,199,0,0.92,2.5904169715892347,0.8138545150068318
1.0,425,150,150,0,0.924,2.6719858605240296,0.8106987392115735
1.0,425,201,99,0,0.9,2.347771172855363,0.8068730112947716
1.0,425,251,49,0,0.886,2.281185058762334,0.7944747523871538
1.0,426,21,279,0,0.904,2.5743234936971304,0.8499804383397008
1.0,426,51,249,0,0.906,2.5891532017522305,0.7622931209163283
1.0,426,61,239,1,0.912,2.6067098105388733,0.792932565295816
1.0,426,71,229,0,0.912,2.624379876063452,0.7909789278955975
1.0,426,101,199,0,0.916,2.685159214786176,0.7701470800852859
1.0,426,150,150,0,0.922,2.822900521415863,0.8169866116885162
1.0,426,201,99,0,0.92,2.7632587200661294,0.8455535777761267
1.0,426,251,49,0,0.92,2.750432385856734,0.8443592755537715
1.0,427,21,279,0,0.886,2.722310061157113,0.98
1.0,427,51,249,0,0.88,2.382479762827841,0.8814766606626171
1.0,427,61,239,1,0.898,2.4155132551956204,0.8507824888702459
1.0,427,71,229,0,0.888,2.4050658520467767,0.8664282826949401
1.0,427,101,199,0,0.884,2.369256591673419,0.8625742768091781
1.0,427,150,150,0,0.888,2.308228425987912,0.8078338108742967
1.0,427,201,99,0,0.912,2.496338534765446,0.7892642407560253
1.0,427,251,49,0,0.936,3.0764680629330337,0.7916626150113434
1.0,428,21,279,0,0.894,2.4362379771179175,0.6715123401101712
1.0,428,51,249,0,0.898,2.3788652299093216,0.7486623706071567
1.0,428,61,239,1,0.896,2.355178194057351,0.7497237964550244
1.0,428,71,229,0,0.888,2.2990455161921908,0.784693261753464
1.0,428,101,199,0,0.892,2.315182679484784,0.8115913080814742
1.0,428,150,150,0,0.892,2.3553984220921347,0.8101606928754758
1.0,428,201,99,0,0.89,2.3398562810370076,0.8198173816029211
1.0,428,251,49,0,0.89,2.3309538829834975,0.824949097559891
1.0,429,21,279,0,0.902,2.246082779677863,0.821160690686242
1.0,429,51,249,0,0.906,2.249679917976538,0.8197508011314684
1.0,429,61,239,1,0.9,2.242887417601749,0.822104848947886
1.0,429,71,229,0,0.894,2.2064250407414674,0.8348111827238675
1.0,429,101,199,0,0.908,2.274855806079973,0.8110601198167539
1.0,429,150,150,0,0.908,2.2567956137512177,0.8177682255422389
1.0,429,201,99,0,0.922,2.440060716051069,0.8301186928908276
1.0,429,251,49,0,0.942,2.6796642051348174,0.8206491807371522
1.0,430,21,279,0,0.928,2.640047895001312,0.8441968511835958
1.0,430,51,249,0,0.93,2.6319343918546583,0.7983824322878195
1.0,430,61,239,1,0.932,2.699579764139643,0.813266410415213
1.0,430,71,229,0,0.942,2.790800494397683,0.8242801314038104
1.0,430,101,199,0,0.916,2.5114610827088377,0.7984242130564962
1.0,430,150,150,0,0.944,2.8545786365088315,0.8032858172194416
1.0,430,201,99,0,0.944,2.8535697496610264,0.8044938122633453
1.0,430,251,49,0,0.968,3.5426937342977407,0.7995769498188032
1.0,431,21,279,0,0.918,2.344676982870078,0.8408894057290748
1.0,431,51,249,0,0.92,2.37469508053084,0.786041341212207
1.0,431,61,239,1,0.92,2.374572465499864,0.7856384297183296
1.0,431,71,229,0,0.92,2.3755106981197973,0.7887096672560785
1.0,431,101,199,0,0.934,2.6259643452005754,0.8156983833182253
1.0,431,150,150,0,0.94,2.6790071463369873,0.8052481669815426
1.0,431,201,99,0,0.96,2.9688340355556813,0.8215136136348612
1.0,431,251,49,0,0.92,2.3830558036244502,0.8126435741737857
1.0,432,21,279,0,0.87,2.391627414471626,0.8036308757721916
1.0,432,51,249,0,0.87,2.3859622002139593,0.806542602798388
1.0,432,61,239,1,0.874,2.4340383429443664,0.7942948603374989
1.0,432,71,229,0,0.876,2.458905700792733,0.7876374818805065
1.0,432,101,199,0,0.876,2.4399492211172644,0.7749438226080657
1.0,432,150,150,0,0.864,2.289090808801952,0.7733936769113618
1.0,432,201,99,0,0.828,2.0958958223174977,0.7754713844107894
1.0,432,251,49,0,0.864,2.239834373472651,0.7835527752739352
1.0,433,21,279,0,0.91,2.5222181874430794,0.7824330907984461
1.0,433,51,249,0,0.904,2.5126862846391695,0.7358909397496773
1.0,433,61,239,1,0.91,2.542872975306378,0.7633147212223496
1.0,433,71,229,0,0.91,2.533945683070704,0.7740653971973421
1.0,433,101,199,0,0.91,2.5295299688036894,0.7758106557529846
1.0,433,150,150,0,0.912,2.5955607758400485,0.7756167887729885
1.0,433,201,99,0,0.904,2.449608743320947,0.7864185786588931
1.0,433,251,49,0,0.918,2.648793614660833,0.790525760807327
1.0,434,21,279,0,0.906,2.420159951929483,0.7995072006827949
1.0,434,51,249,0,0.912,2.4595682669925996,0.7934414040369938
1.0,434,61,239,1,0.906,2.4332899567709134,0.8224062567596764
1.0,434,71,229,0,0.906,2.431503524709602,0.7981701848802368
1.0,434,101,199,0,0.906,2.4406051672842515,0.8059615332933052
1.0,434,150,150,0,0.896,2.2602713669712493,0.7917838924239506
1.0,434,201,99,0,0.89,2.188189701440907,0.7827300945398289
1.0,434,251,49,0,0.872,2.0699142648560795,0.7816785835106685
1.0,435,21,279,0,0.906,2.2920304674056906,0.7664526465181045
1.0,435,51,249,0,0.9,2.2469923676202934,0.7874755323730778
1.0,435,61,239,1,0.894,2.1607344317012678,0.8116843229076662
1.0,435,71,229,0,0.894,2.1441377909264627,0.820223853590799
1.0,435,101,199,0,0.888,2.0536408676073816,0.816426122781936
1.0,435,150,150,0,0.876,1.9538475306251468,0.8205798237311228
1.0,435,201,99,0,0.876,1.9630482457411982,0.8046037576711188
1.0,435,251,49,0,0.916,2.3979705199035255,0.8007942634357156
1.0,436,21,279,0,0.91,2.311451689177833,0.8240047661377754
1.0,436,51,249,0,0.91,2.2606475350072883,0.7691156081480433
1.0,436,61,239,1,0.912,2.3333037240269223,0.7993417004215997
1.0,436,71,229,0,0.912,2.3153918473843897,0.7969358840062637
1.0,436,101,199,0,0.934,2.5350426251544222,0.7912938393182818
1.0,436,150,150,0,0.934,2.5562938360329146,0.7744030346639081
1.0,436,201,99,0,0.934,2.5588889637335717,0.7760657658188802
1.0,436,251,49,0,0.934,2.5775492037256917,0.7875299927496808
1.0,437,21,279,0,0.896,2.385014238360105,0.5713791519495717
1.0,437,51,249,0,0.898,2.3493111589911115,0.6865162308717828
1.0,437,61,239,1,0.898,2.364057543390626,0.6777850699847295
1.0,437,71,229,0,0.898,2.344044125274336,0.6888181220962301
1.0,437,101,199,0,0.894,2.2597226961505505,0.7258652252147074
1.0,437,150,150,0,0.89,2.279412750797689,0.7554511685842791
1.0,437,201,99,0,0.888,2.2376617364383655,0.735620120895993
1.0,437,251,49,0,0.88,2.159784398367326,0.7399927092461763
1.0,438,21,279,0,0.914,2.576147133172224,0.8162037839224906
1.0,438,51,249,0,0.926,2.8189231817243403,0.8686108897040685
1.0,438,61,239,1,0.926,2.7978379299225433,0.8620934750321534
1.0,438,71,229,0,0.926,2.7984776681442343,0.8630279777453062
1.0,438,101,199,0,0.924,2.784265648210571,0.8427273455857007
1.0,438,150,150,0,0.93,2.799888865691178,0.8276918565373044
1.0,438,201,99,0,0.95,3.174687601504634,0.8238739022518912
1.0,438,251,49,0,0.924,2.7634321465734493,0.8144837343132245
1.0,439,21,279,0,0.886,2.5048033430889447,0.7038636469565952
1.0,439,51,249,0,0.892,2.4482821944357074,0.7862883533990485
1.0,439,61,239,1,0.9,2.514259820535207,0.8226619995700989
1.0,439,71,229,0,0.9,2.5096616225036406,0.8211564184286512
1.0,439,101,199,0,0.896,2.452306662235263,0.7964289680717217
1.0,439,150,150,0,0.918,2.772295219504922,0.7861222958046064
1.0,439,201,99,0,0.942,3.0703159368870376,0.7848035176277564
1.0,439,251,49,0,0.912,2.7001297042603656,0.7792573337722694
1.0,440,21,279,0,0.894,2.3825631674215644,0.814845346285262
1.0,440,51,249,0,0.878,2.2597376800077655,0.8205524408078253
1.0,440,61,239,1,0.87,2.239879611884046,0.8053637179363101
1.0,440,71,229,0,0.892,2.378454187704064,0.8526628365327191
1.0,440,101,199,0,0.892,2.3841484885340716,0.846958803941292
1.0,440,150,150,0,0.89,2.3569557658976796,0.8619090426040994
1.0,440,201,99,0,0.898,2.4876337408201414,0.8668688730381282
1.0,440,251,49,0,0.91,2.629227943208698,0.8574306759780146
1.0,441,21,279,0,0.95,2.856648650225482,0.7813213821409545
1.0,441,51,249,0,0.95,2.8439109463802903,0.7959081057016024
1.0,441,61,239,1,0.928,2.5299379237126076,0.7813170314318023
1.0,441,71,229,0,0.924,2.510695765357993,0.7952039351718215
1.0,441,101,199,0,0.928,2.550517186223189,0.7683987781229739
1.0,441,150,150,0,0.95,2.8783341670230747,0.7814664414302639
1.0,441,201,99,0,0.954,2.937860302879218,0.7978787043879121
1.0,441,251,49,0,0.95,2.8575619940277344,0.7870389232364757
1.0,442,21,279,0,0.898,2.3939363292445486,0.8243729572274635
1.0,442,51,249,0,0.902,2.457300263006092,0.8254248370278807
1.0,442,61,239,1,0.902,2.4710987384711642,0.8119243014453619
1.0,442,71,229,0,0.902,2.472591757976545,0.8172729158199665
1.0,442,101,199,0,0.906,2.5281427046936797,0.7872556450701371
1.0,442,150,150,0,0.91,2.6217507950866548,0.784501381891524
1.0,442,201,99,0,0.92,2.7780794914218006,0.7915393880981889
1.0,442,251,49,0,0.94,3.077121728948663,0.7886529058656525
1.0,443,21,279,0,0.898,2.3996261611762586,0.8705668680443838
1.0,443,51,249,0,0.882,2.237858649449331,0.7989521906957862
1.0,443,61,239,1,0.888,2.2795951805208925,0.8129000755823166
1.0,443,71,229,0,0.888,2.2940521147481427,0.8239972522944835
1.0,443,101,199,0,0.874,2.200641229024978,0.8270118218478495
1.0,443,150,150,0,0.878,2.257084613808371,0.8443771282186868
1.0,443,201,99,0,0.888,2.314338254475361,0.8355998931169498
1.0,443,251,49,0,0.914,2.536831095774604,0.8271268408355161
1.0,444,21,279,0,0.916,2.5551833950972354,0.8122780493306618
1.0,444,51,249,0,0.9,2.4554510649194925,0.7847068939603189
1.0,444,61,239,1,0.906,2.5198643133612486,0.7631013544800122
1.0,444,71,229,0,0.904,2.4878989099340663,0.7737715908527505
1.0,444,101,199,0,0.902,2.4866897055940838,0.7956561180759105
1.0,444,150,150,0,0.9,2.468405045173429,0.8142106985329757
1.0,444,201,99,0,0.892,2.3957064609866103,0.808257201189294
1.0,444,251,49,0,0.892,2.4186194040816806,0.7972516126027499
1.0,445,21,279,0,0.894,2.371736453992907,0.8425408237793006
1.0,445,51,249,0,0.904,2.4557982018395133,0.8116103706062522
1.0,445,61,239,1,0.902,2.447866432989603,0.8050773806700913
1.0,445,71,229,0,0.902,2.458457092645233,0.7927658679530403
1.0,445,101,199,0,0.9,2.494275089109529,0.7739126460082035
1.0,445,150,150,0,0.878,2.267106624500141,0.8001344387927781
1.0,445,201,99,0,0.864,2.1269601789186345,0.8132689760590222
1.0,445,251,49,0,0.922,2.6950004168416357,0.8152914438029282
1.0,446,21,279,0,0.928,2.7442106989988035,0.9367734326046142
1.0,446,51,249,0,0.91,2.621429051935194,0.8218629661131683
1.0,446,61,239,1,0.908,2.6008905692010695,0.8492633242655031
1.0,446,71,229,0,0.908,2.6231806978949788,0.8486838134666037
1.0,446,101,199,0,0.91,2.5664043388279096,0.8304656216907738
1.0,446,150,150,0,0.912,2.552856872799147,0.7973191842222109
1.0,446,201,99,0,0.912,2.5896630587137874,0.8034122690738811
1.0,446,251,49,0,0.912,2.6292536869740144,0.7983041733939519
1.0,447,21,279,0,0.93,2.6153966440404783,0.8373157126549243
1.0,447,51,249,0,0.934,2.689722633483516,0.774554976462211
1.0,447,61,239,1,0.936,2.703455734575768,0.7793741990274583
1.0,447,71,229,0,0.934,2.7052830917831368,0.7833349724191496
1.0,447,101,199,0,0.936,2.7310872388995167,0.7994316869984366
1.0,447,150,150,0,0.936,2.731435581802978,0.8028351923567805
1.0,447,201,99,0,0.936,2.6769084321625423,0.8340852456515563
1.0,447,251,49,0,0.806,1.771334405897677,0.8320653897238458
1.0,448,21,279,0,0.886,2.215188942277123,0.808867481486999
1.0,448,51,249,0,0.876,2.1415642281314677,0.7605374126648161
1.0,448,61,239,1,0.876,2.125134096517349,0.7824624529431551
1.0,448,71,229,0,0.874,2.1128236653041377,0.759426252920582
1.0,448,101,199,0,0.882,2.2029308582745,0.7671422396959787
1.0,448,150,150,0,0.882,2.2342725749613286,0.7787983155189172
1.0,448,201,99,0,0.862,2.049195013763815,0.7844701032143746
1.0,448,251,49,0,0.902,2.4392069644253382,0.788575393735197
1.0,449,21,279,0,0.916,2.475553649622899,0.7587178704412688
1.0,449,51,249,0,0.92,2.4877421525494965,0.8085851133612691
1.0,449,61,239,1,0.924,2.5314422417821647,0.7945090365372593
1.0,449,71,229,0,0.926,2.5333737781204864,0.7863152712540472
1.0,449,101,199,0,0.926,2.55044961630506,0.8024494781630183
1.0,449,150,150,0,0.916,2.4600865446124156,0.8051806756582842
1.0,449,201,99,0,0.888,2.254496811116913,0.7847373132881804
1.0,449,251,49,0,0.856,2.0691383596589104,0.7893856393093435
1.0,450,21,279,0,0.906,2.4013866287261556,0.7761767406863552
1.0,450,51,249,0,0.884,2.33676152414236,0.7105599545253701
1.0,450,61,239,1,0.892,2.3781475774307097,0.7206427420034414
1.0,450,71,229,0,0.918,2.5043881888439214,0.739730081905985
1.0,450,101,199,0,0.89,2.3590057489881464,0.7284804166033094
1.0,450,150,150,0,0.914,2.4900193749572823,0.7600326169663536
1.0,450,201,99,0,0.92,2.530628953781622,0.7649834991675347
1.0,450,251,49,0,0.922,2.5304479274123834,0.7638189503559077
1.0,451,21,279,0,0.888,2.373302105122748,0.8193588117945416
1.0,451,51,249,0,0.886,2.3654857940356604,0.8249500425388723
1.0,451,61,239,1,0.882,2.301922555476839,0.81289613574686
1.0,451,71,229,0,0.882,2.297006331369638,0.8109265362645515
1.0,451,101,199,0,0.878,2.231312380708965,0.8156824275058585
1.0,451,150,150,0,0.888,2.3927856073933476,0.8053564203987807
1.0,451,201,99,0,0.904,2.5473806224045035,0.7997737639773232
1.0,451,251,49,0,0.912,2.6496464930796617,0.8012231527672155
1.0,452,21,279,0,0.916,2.417761889773081,0.8800427399250954
1.0,452,51,249,0,0.91,2.341863405519522,0.8172098004484719
1.0,452,61,239,1,0.906,2.323167201732196,0.7962577165628267
1.0,452,71,229,0,0.91,2.336902904402612,0.8188073581527198
1.0,452,101,199,0,0.91,2.3846703943959033,0.8095151483076595
1.0,452,150,150,0,0.908,2.3301804599378038,0.8078781955440267
1.0,452,201,99,0,0.87,2.0086956336663158,0.803398343277906
1.0,452,251,49,0,0.87,2.0085005881243307,0.8035776733564506
1.0,453,21,279,0,0.934,2.739159588268614,0.8635924803011082
1.0,453,51,249,0,0.95,2.8491534236775644,0.7838515697665032
1.0,453,61,239,1,0.952,2.8669802972481158,0.7949273554048218
1.0,453,71,229,0,0.952,2.8758430379935227,0.7898874149926298
1.0,453,101,199,0,0.952,2.9257205002038793,0.787362161799001
1.0,453,150,150,0,0.956,3.0610711997907334,0.7532217421477079
1.0,453,201,99,0,0.956,3.0120538180945697,0.7693173056772745
1.0,453,251,49,0,0.96,3.1326916732479924,0.7944133343109043
1.0,454,21,279,0,0.906,2.3981280983882725,0.750456773599809
1.0,454,51,249,0,0.902,2.3437383370367373,0.7374625865822452
1.0,454,61,239,1,0.902,2.2826331923545005,0.7426733304928096
1.0,454,71,229,0,0.9,2.2796677983860527,0.7377834605718389
1.0,454,101,199,0,0.892,2.2220632794371418,0.752757368066434
1.0,454,150,150,0,0.9,2.3345708316531946,0.8100993952033475
1.0,454,201,99,0,0.888,2.197943503258149,0.7823855649616738
1.0,454,251,49,0,0.898,2.3037199317607437,0.7861040366184109
1.0,455,21,279,0,0.898,2.3555519944070875,0.746368908784355
1.0,455,51,249,0,0.904,2.3440310933219473,0.7317605479676762
1.0,455,61,239,1,0.904,2.345083317962569,0.7338496483037219
1.0,455,71,229,0,0.904,2.349434951702601,0.7233147371699464
1.0,455,101,199,0,0.91,2.3743020967805015,0.7742345429829504
1.0,455,150,150,0,0.914,2.408473133848077,0.7718571325382172
1.0,455,201,99,0,0.91,2.381441626923577,0.7731637071833827
1.0,455,251,49,0,0.894,2.283252561020962,0.7969099260988535
1.0,456,21,279,0,0.862,2.398542910744363,0.744747875099241
1.0,456,51,249,0,0.86,2.395248607303677,0.7457478259482154
1.0,456,61,239,1,0.864,2.4074526368218585,0.7510572673995759
1.0,456,71,229,0,0.866,2.4620907465593147,0.7324108983898258
1.0,456,101,199,0,0.858,2.388139388658461,0.749745637593904
1.0,456,150,150,0,0.876,2.5320848251092762,0.7691266840954374
1.0,456,201,99,0,0.888,2.7438196981010186,0.762064726695905
1.0,456,251,49,0,0.948,3.3125174276968035,0.7615130432519427
1.0,457,21,279,0,0.918,2.535129113824201,0.8635089057505005
1.0,457,51,249,0,0.91,2.4593678459278783,0.8280617348168305
1.0,457,61,239,1,0.906,2.3973463461313496,0.8309941850999902
1.0,457,71,229,0,0.91,2.4417779113549956,0.8394421717281844
1.0,457,101,199,0,0.922,2.5360220869444925,0.8143485813605753
1.0,457,150,150,0,0.906,2.384046957599263,0.8269740171757755
1.0,457,201,99,0,0.918,2.51800375200096,0.8270394538173309
1.0,457,251,49,0,0.906,2.384339440570826,0.8236829985019983
1.0,458,21,279,0,0.944,2.658385373551101,0.7646243097985398
1.0,458,51,249,0,0.94,2.5456651077259487,0.7957568886996946
1.0,458,61,239,1,0.94,2.525993241503964,0.806442327627282
1.0,458,71,229,0,0.94,2.5546203917258468,0.7932450783254569
1.0,458,101,199,0,0.94,2.4958642484473654,0.8022409361089656
1.0,458,150,150,0,0.94,2.542243371494931,0.8198843726788576
1.0,458,201,99,0,0.936,2.496624978841008,0.8361721742800088
1.0,458,251,49,0,0.892,2.1742679081541367,0.831322904323167
1.0,459,21,279,0,0.942,2.681016599573367,0.7488106598324156
1.0,459,51,249,0,0.928,2.5333382589445,0.7439558922373943
1.0,459,61,239,1,0.91,2.4546300339337663,0.7473766115027763
1.0,459,71,229,0,0.896,2.3565244207694103,0.7495878177979064
1.0,459,101,199,0,0.898,2.340496414752067,0.7660852910096411
1.0,459,150,150,0,0.9,2.3664422396689355,0.7788697155008371
1.0,459,201,99,0,0.918,2.4354963682385358,0.7860045337139618
1.0,459,251,49,0,0.944,2.7554629238941097,0.7984441444927747
1.0,460,21,279,0,0.888,2.477496958907808,0.8075888740064391
1.0,460,51,249,0,0.884,2.4706213224150324,0.8216296427279115
1.0,460,61,239,1,0.888,2.500911838414113,0.8235152441216391
1.0,460,71,229,0,0.888,2.5020324616457463,0.821616739306742
1.0,460,101,199,0,0.888,2.5019579218835215,0.8222793895367561
1.0,460,150,150,0,0.888,2.5002439549647524,0.8365228103097843
1.0,460,201,99,0,0.872,2.3903157689407264,0.8240064774799496
1.0,460,251,49,0,0.892,2.5034123298636977,0.8085325123476703
1.0,461,21,279,0,0.868,2.1315278266221274,0.724064086358276
1.0,461,51,249,0,0.858,2.068486165777641,0.7678418632395688
1.0,461,61,239,1,0.864,2.0888287104164176,0.758346937411367
1.0,461,71,229,0,0.85,2.0194899390996586,0.7811705070574139
1.0,461,101,199,0,0.85,2.0122655023601648,0.7991747331016934
1.0,461,150,150,0,0.846,1.9872428256877446,0.7925968077326728
1.0,461,201,99,0,0.858,2.07578413880831,0.7895094118709772
1.0,461,251,49,0,0.922,2.580851201704734,0.793009072368895
1.0,462,21,279,0,0.92,2.6007027102153653,0.8935405340970806
1.0,462,51,249,0,0.9,2.4277920754817184,0.8213305784999811
1.0,462,61,239,1,0.9,2.4743546308078357,0.8183921187568232
1.0,462,71,229,0,0.906,2.5484207344539618,0.8151307075748102
1.0,462,101,199,0,0.91,2.5808510981287145,0.8018514757762644
1.0,462,150,150,0,0.928,2.766943710671587,0.7895371265003238
1.0,462,201,99,0,0.932,2.815753837262997,0.7747760515223423
1.0,462,251,49,0,0.858,2.034286331145196,0.7734369039470886
1.0,463,21,279,0,0.934,2.6842353437276714,0.6395185426997743
1.0,463,51,249,0,0.928,2.549658707697172,0.7349765537936319
1.0,463,61,239,1,0.926,2.5049753111018322,0.751110401511776
1.0,463,71,229,0,0.928,2.538000372050906,0.7391764056681468
1.0,463,101,199,0,0.934,2.6201171136348487,0.7635732056454497
1.0,463,150,150,0,0.956,3.0815588695255856,0.7664399571542762
1.0,463,201,99,0,0.936,2.6784740227181945,0.7972351402472235
1.0,463,251,49,0,0.956,3.0676203696250623,0.7962075159221037
1.0,464,21,279,0,0.894,2.3030499119206955,0.8186060192639819
1.0,464,51,249,0,0.886,2.2105575591502875,0.7995530239718797
1.0,464,61,239,1,0.882,2.1602907553142137,0.7864026058465114
1.0,464,71,229,0,0.886,2.196278983802844,0.8001806240445035
1.0,464,101,199,0,0.886,2.195848999201402,0.8092134956865885
1.0,464,150,150,0,0.886,2.1954475376313995,0.8157390772228275
1.0,464,201,99,0,0.886,2.195662348672057,0.8124022128529106
1.0,464,251,49,0,0.886,2.1760537729082197,0.808986547152323
1.0,465,21,279,0,0.908,2.6240138805469737,0.6957466874509692
1.0,465,51,249,0,0.896,2.516323266222132,0.7364327729064235
1.0,465,61,239,1,0.888,2.4535188889982957,0.7550783597218143
1.0,465,71,229,0,0.884,2.401111724858934,0.771655821396546
1.0,465,101,199,0,0.884,2.3904390489600336,0.7646549819394738
1.0,465,150,150,0,0.892,2.4341919394012543,0.8001665263242977
1.0,465,201,99,0,0.906,2.5936251504332057,0.7975670235585702
1.0,465,251,49,0,0.934,3.047544720117924,0.8033447467213839
1.0,466,21,279,0,0.902,2.7475930341147814,0.8896726707401007
1.0,466,51,249,0,0.904,2.7222127282433553,0.8479343936914101
1.0,466,61,239,1,0.908,2.736510459714695,0.8559878946888831
1.0,466,71,229,0,0.916,2.8384854619083386,0.8343086828228534
1.0,466,101,199,0,0.934,2.949522710084374,0.8268577242704456
1.0,466,150,150,0,0.932,2.956223136558061,0.8314970489570848
1.0,466,201,99,0,0.918,2.8429897290201636,0.8119944599691157
1.0,466,251,49,0,0.946,3.2019095624376326,0.8117735322847921
1.0,467,21,279,0,0.868,2.203768020049648,0.8633065859577174
1.0,467,51,249,0,0.87,2.18140052437997,0.8262698103336389
1.0,467,61,239,1,0.876,2.220295757070919,0.8154539704737293
1.0,467,71,229,0,0.874,2.219357122573289,0.8182469262484947
1.0,467,101,199,0,0.91,2.510571059291925,0.7919533813557377
1.0,467,150,150,0,0.91,2.514599632615079,0.7889421602090639
1.0,467,201,99,0,0.932,2.8261953276786134,0.8146897561995059
1.0,467,251,49,0,0.916,2.571519571236777,0.8237033768446683
1.0,468,21,279,0,0.898,2.6872207415508407,0.925661772734838
1.0,468,51,249,0,0.918,2.7254737138477756,0.8595146597089433
1.0,468,61,239,1,0.916,2.7203954613343684,0.873371400013092
1.0,468,71,229,0,0.92,2.6917992880352117,0.848712005757911
1.0,468,101,199,0,0.922,2.8184170715365613,0.8271221771930498
1.0,468,150,150,0,0.94,3.077250437339053,0.8347885442740094
1.0,468,201,99,0,0.934,3.0543601238416485,0.8221937024931322
1.0,468,251,49,0,0.974,3.897841932826346,0.8168046080197907
1.0,469,21,279,0,0.936,2.872486156654697,0.5743518020887474
1.0,469,51,249,0,0.936,2.8031078539698453,0.7209602440548839
1.0,469,61,239,1,0.922,2.540310665789962,0.6996800548683197
1.0,469,71,229,0,0.924,2.607334927966643,0.7293613974848902
1.0,469,101,199,0,0.926,2.623696180971749,0.7367056250732561
1.0,469,150,150,0,0.916,2.4705231161185073,0.7583915567162015
1.0,469,201,99,0,0.874,2.142157556688958,0.7854736390600426
1.0,469,251,49,0,0.932,2.7407153307576193,0.7904144781438152
1.0,470,21,279,0,0.898,2.422041900707579,0.7895152423508317
1.0,470,51,249,0,0.892,2.389592608333287,0.8213674657224564
1.0,470,61,239,1,0.894,2.412255320448634,0.8146424215402863
1.0,470,71,229,0,0.902,2.44665869843947,0.8015883682596658
1.0,470,101,199,0,0.898,2.416297313179307,0.7944114608143975
1.0,470,150,150,0,0.886,2.2649008609298025,0.8138151779989807
1.0,470,201,99,0,0.88,2.178157430700344,0.8122337080842591
1.0,470,251,49,0,0.886,2.274141996813537,0.8129032754666867
1.0,471,21,279,0,0.928,2.3947303415061225,0.8203500726681768
1.0,471,51,249,0,0.928,2.3887696454132343,0.8047544593202489
1.0,471,61,239,1,0.932,2.4309082292890425,0.8014649110203417
1.0,471,71,229,0,0.932,2.4439698172173676,0.8051124006318662
1.0,471,101,199,0,0.93,2.419171188734959,0.7981566494804097
1.0,471,150,150,0,0.928,2.405239453420295,0.7905860406113278
1.0,471,201,99,0,0.928,2.404982976486815,0.7878865196801386
1.0,471,251,49,0,0.928,2.389947130365834,0.7780251155461508
1.0,472,21,279,0,0.93,2.7929633500815707,0.8746205191801792
1.0,472,51,249,0,0.914,2.6793056371938335,0.805457876138034
1.0,472,61,239,1,0.918,2.7046561956094592,0.7992030917514609
1.0,472,71,229,0,0.91,2.6787176950634537,0.7927134598996436
1.0,472,101,199,0,0.896,2.6064005133624963,0.7899201933786867
1.0,472,150,150,0,0.896,2.5053375395346857,0.7797307884564023
1.0,472,201,99,0,0.904,2.684256492192047,0.770505693939277
1.0,472,251,49,0,0.822,1.9712716764399627,0.7766751793860821
1.0,473,21,279,0,0.908,2.4369190836210626,0.72130974123236
1.0,473,51,249,0,0.906,2.4447593856564107,0.7378975038824855
1.0,473,61,239,1,0.906,2.4134803439134664,0.736777940027704
1.0,473,71,229,0,0.906,2.4270520344146544,0.749773809373877
1.0,473,101,199,0,0.906,2.420513657326238,0.7621811312601425
1.0,473,150,150,0,0.904,2.388113752756462,0.7761970334619855
1.0,473,201,99,0,0.942,2.8903604330086425,0.77443329283849
1.0,473,251,49,0,0.944,2.979559394514824,0.7877356767185059
1.0,474,21,279,0,0.928,2.6012400148061934,0.7805704062435693
1.0,474,51,249,0,0.936,2.7356904827768056,0.7902694698550087
1.0,474,61,239,1,0.936,2.740120141875599,0.8123391266545831
1.0,474,71,229,0,0.938,2.752317402757343,0.8049403309593732
1.0,474,101,199,0,0.934,2.7223421303704143,0.7790254302224697
1.0,474,150,150,0,0.938,2.762032303940212,0.7996458517579528
1.0,474,201,99,0,0.938,2.765792703215598,0.7946503785379728
1.0,474,251,49,0,0.812,1.7859126054042203,0.7975495056854146
1.0,475,21,279,0,0.91,2.6580179978482708,0.8803132557364057
1.0,475,51,249,0,0.91,2.6853298171717888,0.8402390908453337
1.0,475,61,239,1,0.918,2.702548762362136,0.8313624205660306
1.0,475,71,229,0,0.92,2.718130001002199,0.8233757567955492
1.0,475,101,199,0,0.922,2.7513310117440755,0.809901913367009
1.0,475,150,150,0,0.926,2.799931063178499,0.7821415521191731
1.0,475,201,99,0,0.922,2.7637264241946213,0.7896178663668317
1.0,475,251,49,0,0.942,3.0663313716721823,0.7938458850761148
1.0,476,21,279,0,0.932,2.6374194729504494,0.7913219140358251
1.0,476,51,249,0,0.94,2.7286216721071295,0.8298309336035794
1.0,476,61,239,1,0.938,2.7059953549355966,0.8523038710605232
1.0,476,71,229,0,0.942,2.8189203819848725,0.8573455726795189
1.0,476,101,199,0,0.942,2.8246086169808433,0.834554262100424
1.0,476,150,150,0,0.932,2.6668650791143884,0.8062606060762728
1.0,476,201,99,0,0.906,2.3467869160586243,0.7896427262412021
1.0,476,251,49,0,0.936,2.736448569576612,0.7866641982563143
1.0,477,21,279,0,0.93,2.702095956850464,0.8384458936873426
1.0,477,51,249,0,0.934,2.7919276248721245,0.8204432492847017
1.0,477,61,239,1,0.934,2.7735901148703497,0.8099050404800385
1.0,477,71,229,0,0.928,2.6373104700499024,0.8310814661149106
1.0,477,101,199,0,0.926,2.6112072092015586,0.8160050645930071
1.0,477,150,150,0,0.934,2.7505689317244477,0.7965813519240507
1.0,477,201,99,0,0.934,2.804558384868302,0.8083663861960878
1.0,477,251,49,0,0.938,2.8749448945103566,0.8125564257949415
1.0,478,21,279,0,0.866,2.0400850955416225,0.7601209653215389
1.0,478,51,249,0,0.864,2.061611510311722,0.7967594876965644
1.0,478,61,239,1,0.866,2.0889645146137457,0.8249291385878453
1.0,478,71,229,0,0.866,2.106921462952868,0.8493617703768999
1.0,478,101,199,0,0.872,2.1358286636471324,0.8472591050800675
1.0,478,150,150,0,0.852,1.9796305884709073,0.8365364472031283
1.0,478,201,99,0,0.866,2.080310808450499,0.8288427447047385
1.0,478,251,49,0,0.874,2.167679386047026,0.8238129812000871
1.0,479,21,279,0,0.918,2.8316631987844256,0.6445442435694789
1.0,479,51,249,0,0.932,2.8528265516045006,0.7922381679724462
1.0,479,61,239,1,0.932,2.860044110553913,0.8048989904796325
1.0,479,71,229,0,0.936,2.88713750532546,0.8094900713830935
1.0,479,101,199,0,0.936,2.9064490534333194,0.7913876979681573
1.0,479,150,150,0,0.928,2.8215156949331868,0.8038114170590653
1.0,479,201,99,0,0.91,2.6553213877241846,0.7948505951390159
1.0,479,251,49,0,0.882,2.460101012430746,0.7968542485960276
1.0,480,21,279,0,0.9,2.3223316163314807,0.8209910961390676
1.0,480,51,249,0,0.9,2.37458196251761,0.8241796350950054
1.0,480,61,239,1,0.9,2.4219401380469807,0.8187520128900946
1.0,480,71,229,0,0.9,2.421824974073235,0.8188811704000741
1.0,480,101,199,0,0.9,2.3926283427364488,0.8107169610805444
1.0,480,150,150,0,0.9,2.420589830066871,0.8140113288608171
1.0,480,201,99,0,0.902,2.4313621488619406,0.8302218551967175
1.0,480,251,49,0,0.902,2.4827964700923957,0.8231587828901403
1.0,481,21,279,0,0.83,2.081870630572575,0.7348848852138593
1.0,481,51,249,0,0.83,2.088215446455571,0.7317795049039573
1.0,481,61,239,1,0.824,2.062477339711815,0.7444032265022563
1.0,481,71,229,0,0.84,2.1460074356468004,0.7598058338925464
1.0,481,101,199,0,0.822,2.060683505037684,0.8006785644866027
1.0,481,150,150,0,0.804,1.9852287675201057,0.7824822695406981
1.0,481,201,99,0,0.826,2.0719698413626513,0.7909442687731615
1.0,481,251,49,0,0.876,2.4592042907700224,0.8047599954962918
1.0,482,21,279,0,0.89,2.4153769330150143,0.7316103419841837
1.0,482,51,249,0,0.896,2.4463225084135014,0.7661417545467304
1.0,482,61,239,1,0.884,2.3077105996831424,0.760621272495945
1.0,482,71,229,0,0.882,2.300514099166734,0.7746122232063569
1.0,482,101,199,0,0.884,2.2884438533414175,0.7985465505390257
1.0,482,150,150,0,0.884,2.288502492666543,0.7984288294012363
1.0,482,201,99,0,0.874,2.1606462947707725,0.8055875339124878
1.0,482,251,49,0,0.86,2.0200940491419233,0.7969556388064901
1.0,483,21,279,0,0.888,2.4705654294942563,0.9072449794372497
1.0,483,51,249,0,0.888,2.4629708331806577,0.8870558515529782
1.0,483,61,239,1,0.888,2.4538987851904057,0.88770792284189
1.0,483,71,229,0,0.884,2.4150123114103734,0.8804549659622911
1.0,483,101,199,0,0.882,2.3691816775310084,0.8594424258124785
1.0,483,150,150,0,0.874,2.2108800878959336,0.8406708401691342
1.0,483,201,99,0,0.868,2.1583599164150415,0.8149291024477993
1.0,483,251,49,0,0.852,2.0511200079613645,0.8088701797472583
1.0,484,21,279,0,0.888,2.5252132760919785,0.6937968365562319
1.0,484,51,249,0,0.912,2.6847485519655487,0.777452639312342
1.0,484,61,239,1,0.916,2.7888943072699037,0.7927080673471302
1.0,484,71,229,0,0.916,2.7747913131045907,0.7988643051614078
1.0,484,101,199,0,0.916,2.7163143249534705,0.7918504231627252
1.0,484,150,150,0,0.914,2.684256305734138,0.7747144508617374
1.0,484,201,99,0,0.906,2.628161214080439,0.7656528655014496
1.0,484,251,49,0,0.896,2.5311818645037194,0.7800757332199116
1.0,485,21,279,0,0.868,2.025259970943495,0.6822922532735999
1.0,485,51,249,0,0.884,2.2419969958286776,0.8086971052515599
1.0,485,61,239,1,0.882,2.2499738806110177,0.8212063810572588
1.0,485,71,229,0,0.882,2.2541715449505695,0.8176446146557783
1.0,485,101,199,0,0.88,2.2493780768900113,0.8119652409948446
1.0,485,150,150,0,0.882,2.2553362562029062,0.8146004117651494
1.0,485,201,99,0,0.876,2.165484052877749,0.8259373535359612
1.0,485,251,49,0,0.858,2.021089445140399,0.8365274266757676
1.0,486,21,279,0,0.912,2.3597306643841183,0.7289776885130962
1.0,486,51,249,0,0.914,2.292821967573902,0.7958948136039197
1.0,486,61,239,1,0.916,2.3160712136324064,0.7716406006365073
1.0,486,71,229,0,0.914,2.293087364721033,0.7852214181393516
1.0,486,101,199,0,0.916,2.289624887834544,0.7989735973874752
1.0,486,150,150,0,0.874,2.0603766267479617,0.7978437627725268
1.0,486,201,99,0,0.884,2.0950399832665116,0.7936920142369959
1.0,486,251,49,0,0.82,1.8235052649225107,0.8003752665734474
1.0,487,21,279,0,0.89,2.5104860301092087,0.8406015689801218
1.0,487,51,249,0,0.886,2.4193836914419617,0.8332398195842793
1.0,487,61,239,1,0.892,2.502434930587896,0.8274931216002624
1.0,487,71,229,0,0.888,2.4219259613373327,0.8216612999481215
1.0,487,101,199,0,0.886,2.4242751353197183,0.8142504365885173
1.0,487,150,150,0,0.892,2.502545498475528,0.8267223151287852
1.0,487,201,99,0,0.93,3.058522552910287,0.8369978172607768
1.0,487,251,49,0,0.946,3.4807438207763153,0.8183558488889154
1.0,488,21,279,0,0.894,2.2502327588127655,0.8428534148217192
1.0,488,51,249,0,0.9,2.341888619846573,0.8393870938316345
1.0,488,61,239,1,0.912,2.4303490960237406,0.8317726152364797
1.0,488,71,229,0,0.902,2.407097504617758,0.8457526379078658
1.0,488,101,199,0,0.902,2.3498649227893442,0.8334467565776682
1.0,488,150,150,0,0.904,2.3539797371671116,0.830376819841989
1.0,488,201,99,0,0.888,2.2207498070094718,0.8160932406296649
1.0,488,251,49,0,0.886,2.20630962726665,0.8144855678684021
1.0,489,21,279,0,0.9,2.167963897837766,0.8280373027467396
1.0,489,51,249,0,0.898,2.1894781488481465,0.7923340199290158
1.0,489,61,239,1,0.898,2.172401729232296,0.8085445049672961
1.0,489,71,229,0,0.896,2.159471537339678,0.8011343712350264
1.0,489,101,199,0,0.898,2.1730001759227964,0.8090084105274967
1.0,489,150,150,0,0.89,2.063434003544181,0.8056554739515999
1.0,489,201,99,0,0.858,1.8358445026197692,0.8079209662516459
1.0,489,251,49,0,0.904,2.260773849312062,0.8000683082281062
1.0,490,21,279,0,0.886,2.384215352975807,0.8269668552623842
1.0,490,51,249,0,0.886,2.357377705872695,0.8004026582534453
1.0,490,61,239,1,0.888,2.378233806883429,0.815526754515336
1.0,490,71,229,0,0.866,2.187476900329458,0.8154628246995295
1.0,490,101,199,0,0.852,2.0504350815174313,0.8009712109160786
1.0,490,150,150,0,0.874,2.289903270814857,0.7867066910166429
1.0,490,201,99,0,0.886,2.366662595796918,0.7767228182512502
1.0,490,251,49,0,0.886,2.3866993479981673,0.790904644604819
1.0,491,21,279,0,0.872,2.289681119600698,0.8463486394429409
1.0,491,51,249,0,0.876,2.3403153543542894,0.8023105564511135
1.0,491,61,239,1,0.876,2.3481989042647804,0.7921648329327675
1.0,491,71,229,0,0.876,2.3694667791198856,0.7931961335162518
1.0,491,101,199,0,0.878,2.3933611030321527,0.7620551954399335
1.0,491,150,150,0,0.882,2.4839380328804177,0.7779664803340419
1.0,491,201,99,0,0.884,2.527695703854725,0.7807826373190307
1.0,491,251,49,0,0.926,3.0144470112786927,0.7794041863515102
1.0,492,21,279,0,0.916,2.403261558967313,0.8282278010621029
1.0,492,51,249,0,0.9,2.2851561341790294,0.8299193726038792
1.0,492,61,239,1,0.9,2.2787686021277787,0.8003764383663726
1.0,492,71,229,0,0.902,2.3173096087292424,0.7857970189601855
1.0,492,101,199,0,0.898,2.300100873359951,0.7838444305972466
1.0,492,150,150,0,0.902,2.3415620724244355,0.8044574990903027
1.0,492,201,99,0,0.898,2.2468530327779246,0.8003026855809242
1.0,492,251,49,0,0.902,2.3379311687904396,0.8060939367202471
1.0,493,21,279,0,0.904,2.4366122308425995,0.875358318411654
1.0,493,51,249,0,0.9,2.362195020584937,0.8194115674612851
1.0,493,61,239,1,0.896,2.330808657719527,0.8129699009902386
1.0,493,71,229,0,0.894,2.3409502449656094,0.7966026375597974
1.0,493,101,199,0,0.882,2.244635517771154,0.798996945636894
1.0,493,150,150,0,0.884,2.2765140757412277,0.778317927925293
1.0,493,201,99,0,0.884,2.2758405572062013,0.7758786107058271
1.0,493,251,49,0,0.822,1.8411048149234226,0.7642443186138063
1.0,494,21,279,0,0.912,2.464677289620788,0.8760272972844074
1.0,494,51,249,0,0.914,2.47504491959857,0.8518117116469656
1.0,494,61,239,1,0.914,2.457061499914711,0.8649507529644548
1.0,494,71,229,0,0.922,2.55362101306479,0.8575821502653784
1.0,494,101,199,0,0.926,2.6246266083412406,0.8609011817537737
1.0,494,150,150,0,0.922,2.6073365930365737,0.8400743947176539
1.0,494,201,99,0,0.93,2.7526393864248546,0.8329263935423714
1.0,494,251,49,0,0.962,3.3566516807918023,0.8280267807796547
1.0,495,21,279,0,0.892,2.407400053960775,0.8230617468660381
1.0,495,51,249,0,0.898,2.499172284918377,0.8030645033407914
1.0,495,61,239,1,0.898,2.504724511371957,0.8112687544215421
1.0,495,71,229,0,0.908,2.5665128937138393,0.7946473834045134
1.0,495,101,199,0,0.904,2.5390178902684357,0.8071154386219677
1.0,495,150,150,0,0.886,2.375007932121029,0.8011475383750307
1.0,495,201,99,0,0.88,2.3408429602337306,0.8035859993672291
1.0,495,251,49,0,0.896,2.4797777104824923,0.8000981512061535
1.0,496,21,279,0,0.952,3.0334490461559387,0.8631674372710889
1.0,496,51,249,0,0.932,2.9262527665886644,0.7943160531340282
1.0,496,61,239,1,0.938,2.976066974354842,0.7987999480485451
1.0,496,71,229,0,0.942,3.0344675388860907,0.8047309095053815
1.0,496,101,199,0,0.938,2.9914158200050838,0.8071938285043408
1.0,496,150,150,0,0.946,3.054091229705692,0.8085321442895578
1.0,496,201,99,0,0.938,2.9431988902230977,0.8047525968239326
1.0,496,251,49,0,0.952,3.1354059641539824,0.7925265618280669
1.0,497,21,279,0,0.948,2.7710292490672614,0.7742950699083184
1.0,497,51,249,0,0.944,2.745567880681944,0.7604583812589489
1.0,497,61,239,1,0.948,2.80736534389166,0.7715867398337154
1.0,497,71,229,0,0.948,2.7868172780473515,0.7679226403957368
1.0,497,101,199,0,0.932,2.559599968520232,0.7802363141522702
1.0,497,150,150,0,0.938,2.642143241573334,0.7862436318690903
1.0,497,201,99,0,0.938,2.614014991156473,0.7777246700371623
1.0,497,251,49,0,0.958,3.1559547719948577,0.7868373999039966
1.0,498,21,279,0,0.93,2.8723020068192944,0.7062519937585277
1.0,498,51,249,0,0.946,3.0407868458177174,0.6790809086852679
1.0,498,61,239,1,0.942,3.0002034745074537,0.6974131710206063
1.0,498,71,229,0,0.946,3.0259437959136095,0.7133947423802143
1.0,498,101,199,0,0.948,3.0866764346317903,0.739342829425381
1.0,498,150,150,0,0.95,3.108346627519297,0.7652182977924091
1.0,498,201,99,0,0.942,2.916518183023446,0.7785205598300329
1.0,498,251,49,0,0.924,2.669205652790314,0.7691013039683674
1.0,499,21,279,0,0.882,2.3773283000566496,0.8713496912975472
1.0,499,51,249,0,0.86,2.2683083384632976,0.8579224934644762
1.0,499,61,239,1,0.856,2.219877983461927,0.837450923317068
1.0,499,71,229,0,0.858,2.2473946834070584,0.8495468930078129
1.0,499,101,199,0,0.84,2.13162912096141,0.8342948858798795
1.0,499,150,150,0,0.866,2.3174215646595173,0.8134468277282724
1.0,499,201,99,0,0.876,2.3421336029674986,0.8209526206048995
1.0,499,251,49,0,0.756,1.6246418131574758,0.8166455417077124
1.0,500,21,279,0,0.858,2.2551619831426297,0.8161516173476475
1.0,500,51,249,0,0.866,2.332915371419837,0.7786740912457778
1.0,500,61,239,1,0.874,2.3445040399619708,0.7887548751070279
1.0,500,71,229,0,0.862,2.292787519010988,0.809193611782493
1.0,500,101,199,0,0.826,2.0403819821899134,0.7968489720667956
1.0,500,150,150,0,0.82,1.97396676865917,0.7921631047831068
1.0,500,201,99,0,0.878,2.3615481420456317,0.7823029026590765
1.0,500,251,49,0,0.876,2.349095589280676,0.8101018393572932
1.0,501,21,279,0,0.888,2.352628685087602,0.8320595417006197
1.0,501,51,249,0,0.886,2.3305669745048108,0.8409419847029179
1.0,501,61,239,1,0.886,2.331006003559678,0.8561876680469556
1.0,501,71,229,0,0.888,2.3627059585871786,0.8558567780484989
1.0,501,101,199,0,0.89,2.370039523666038,0.8420327959710362
1.0,501,150,150,0,0.89,2.382933237359891,0.8293468680093192
1.0,501,201,99,0,0.89,2.3868064029280287,0.8367350231191032
1.0,501,251,49,0,0.914,2.651878194399744,0.8156379522542764
1.0,502,21,279,0,0.916,2.621839432263645,0.6624555964045798
1.0,502,51,249,0,0.914,2.6092320926727126,0.7153915788823919
1.0,502,61,239,1,0.912,2.5830640786687127,0.7328890570494665
1.0,502,71,229,0,0.914,2.5829929573227086,0.7243932749495197
1.0,502,101,199,0,0.91,2.5830569699303836,0.7353565544351754
1.0,502,150,150,0,0.934,2.814871713669538,0.7663943027971674
1.0,502,201,99,0,0.916,2.6785424084779774,0.755996735304411
1.0,502,251,49,0,0.948,3.0584709092509637,0.7803415956134941
1.0,503,21,279,0,0.89,2.160457503957984,0.7385066631286535
1.0,503,51,249,0,0.898,2.2305355156425475,0.7503263739209539
1.0,503,61,239,1,0.904,2.270005038816883,0.7763827744460586
1.0,503,71,229,0,0.896,2.3037920535870713,0.8124600107901208
1.0,503,101,199,0,0.908,2.4195522218093903,0.7957492842487054
1.0,503,150,150,0,0.882,2.102832055657921,0.7980009594342187
1.0,503,201,99,0,0.852,1.8174280414105513,0.8072740886698441
1.0,503,251,49,0,0.88,2.0998013836748743,0.8102402721834581
1.0,504,21,279,0,0.9,2.310260478123929,0.8547927369164229
1.0,504,51,249,0,0.892,2.2954552578120797,0.8255234001354089
1.0,504,61,239,1,0.896,2.317332260492417,0.8129604520704505
1.0,504,71,229,0,0.91,2.457998095337275,0.8033929624555852
1.0,504,101,199,0,0.898,2.374676995272073,0.7668789223101592
1.0,504,150,150,0,0.882,2.2620555101806685,0.7777171682017129
1.0,504,201,99,0,0.908,2.466232748501186,0.765068921337353
1.0,504,251,49,0,0.84,1.9581346035702554,0.7717971197489618
1.0,505,21,279,0,0.902,2.3662731486060973,0.8056194952757588
1.0,505,51,249,0,0.902,2.348681231386732,0.7532190072141497
1.0,505,61,239,1,0.902,2.3907753059842283,0.7509702360712336
1.0,505,71,229,0,0.912,2.4836655293452314,0.7602407312119558
1.0,505,101,199,0,0.902,2.381088569089851,0.7624500868627694
1.0,505,150,150,0,0.916,2.548598035966089,0.773690959107475
1.0,505,201,99,0,0.916,2.541676159157495,0.7826933527438453
1.0,505,251,49,0,0.922,2.6481425236390046,0.7901954689177063
1.0,506,21,279,0,0.94,2.838287363875625,0.7587783004454215
1.0,506,51,249,0,0.94,2.8112786240423207,0.8053694699891077
1.0,506,61,239,1,0.938,2.7887537549550023,0.8073330083030869
1.0,506,71,229,0,0.94,2.8337055078593254,0.7911611291801749
1.0,506,101,199,0,0.942,2.776192729558791,0.8279707433705056
1.0,506,150,150,0,0.946,2.847681098632129,0.8447821806768699
1.0,506,201,99,0,0.944,2.844081504884698,0.8113299593694232
1.0,506,251,49,0,0.944,2.8465051588371306,0.8054737992815453
1.0,507,21,279,0,0.91,2.6961001948977703,0.6468951763193628
1.0,507,51,249,0,0.914,2.6558987807280356,0.7863591909190409
1.0,507,61,239,1,0.916,2.655210533764277,0.81641647353891
1.0,507,71,229,0,0.92,2.713653782630602,0.8091884293663755
1.0,507,101,199,0,0.92,2.7138719382919647,0.8091176436389899
1.0,507,150,150,0,0.926,2.8749337655935667,0.8105454545923463
1.0,507,201,99,0,0.94,3.0392464887948325,0.8013541411369786
1.0,507,251,49,0,0.93,2.916101039068013,0.786004225638725
1.0,508,21,279,0,0.876,2.3353051844977295,0.8492218310628461
1.0,508,51,249,0,0.878,2.3053419362986873,0.7174883556165258
1.0,508,61,239,1,0.872,2.2601803358942063,0.7466223219902324
1.0,508,71,229,0,0.876,2.3019512224875456,0.7370739039860249
1.0,508,101,199,0,0.88,2.3379112168994034,0.7953741103046174
1.0,508,150,150,0,0.886,2.4208021138569453,0.7851494093960798
1.0,508,201,99,0,0.86,2.199996903838729,0.771446188564856
1.0,508,251,49,0,0.858,2.1555656882345815,0.7910507651386129
1.0,509,21,279,0,0.89,2.39932886903716,0.878817576450599
1.0,509,51,249,0,0.89,2.3977944184099176,0.8592933444667281
1.0,509,61,239,1,0.862,2.2073392364837554,0.8239135269166521
1.0,509,71,229,0,0.86,2.203976338539852,0.8111164337966866
1.0,509,101,199,0,0.898,2.4732304126184963,0.8400185540404718
1.0,509,150,150,0,0.898,2.4685630811858426,0.8377547076759289
1.0,509,201,99,0,0.86,2.2040097799111127,0.8121310798709594
1.0,509,251,49,0,0.92,2.777989335461425,0.7988671677893695
1.0,510,21,279,0,0.898,2.5016015006683334,0.7458687754039639
1.0,510,51,249,0,0.894,2.493425850883433,0.8241160398003986
1.0,510,61,239,1,0.894,2.4795775527874224,0.8339448948149187
1.0,510,71,229,0,0.894,2.4796899674399246,0.8185931113604232
1.0,510,101,199,0,0.902,2.59268084402958,0.8314221347831112
1.0,510,150,150,0,0.894,2.493667600314327,0.8240089563459759
1.0,510,201,99,0,0.894,2.502235489015189,0.820214574378174
1.0,510,251,49,0,0.936,3.2409721696451053,0.8141671270612602
1.0,511,21,279,0,0.912,2.2370122164203634,0.8393043905850034
1.0,511,51,249,0,0.91,2.20385749940133,0.867110767681034
1.0,511,61,239,1,0.912,2.220015377928448,0.8548391853266866
1.0,511,71,229,0,0.912,2.220727210611864,0.8541932271977933
1.0,511,101,199,0,0.906,2.1613182831900706,0.8509486943133268
1.0,511,150,150,0,0.914,2.252904680304303,0.8489933319851531
1.0,511,201,99,0,0.932,2.4835154266644413,0.8506837593130612
1.0,511,251,49,0,0.948,2.720981582313251,0.8512534016224836
1.0,512,21,279,0,0.922,2.661570195521169,0.7851283358837868
1.0,512,51,249,0,0.918,2.640396904091158,0.7930555838425084
1.0,512,61,239,1,0.926,2.7084827927674446,0.7907282924568505
1.0,512,71,229,0,0.924,2.7044788663209425,0.7971105035967212
1.0,512,101,199,0,0.928,2.7186266915101633,0.8047378144561721
1.0,512,150,150,0,0.934,2.8810159050574584,0.7833637113203538
1.0,512,201,99,0,0.946,3.1814243316349695,0.809826901937075
1.0,512,251,49,0,0.97,3.6517231747181187,0.8074639341968257
1.0,513,21,279,0,0.894,2.3488883626284016,0.810694579524115
1.0,513,51,249,0,0.898,2.3989885873364316,0.8280936397317901
1.0,513,61,239,1,0.906,2.523789444071208,0.8144644253120178
1.0,513,71,229,0,0.898,2.4233385326271604,0.8181806464005993
1.0,513,101,199,0,0.91,2.585730766336686,0.8197858250649426
1.0,513,150,150,0,0.92,2.7380511413733233,0.7909861866139327
1.0,513,201,99,0,0.918,2.7130709053208157,0.8046669875111053
1.0,513,251,49,0,0.856,2.0551489826094316,0.8152043710142097
1.0,514,21,279,0,0.86,2.142309195727276,0.671556493474536
1.0,514,51,249,0,0.902,2.3275246212866154,0.8099362443156486
1.0,514,61,239,1,0.892,2.3201745025134772,0.8232188617508764
1.0,514,71,229,0,0.892,2.2751806456029655,0.8009791972373322
1.0,514,101,199,0,0.882,2.190484965047617,0.7853133775263482
1.0,514,150,150,0,0.882,2.197357961007713,0.7873116749866493
1.0,514,201,99,0,0.906,2.408475598549044,0.7803914902613197
1.0,514,251,49,0,0.948,3.2673118075010232,0.7832109238458876
1.0,515,21,279,0,0.88,2.3932829722299123,0.8038387424148061
1.0,515,51,249,0,0.886,2.4744019366186767,0.7822950362050451
1.0,515,61,239,1,0.884,2.4498302693981957,0.7687966673625726
1.0,515,71,229,0,0.884,2.459986607601125,0.7746084134145919
1.0,515,101,199,0,0.864,2.2690233465767298,0.8020329446612188
1.0,515,150,150,0,0.864,2.2562056932181447,0.7956448268812407
1.0,515,201,99,0,0.86,2.230120575407528,0.816359449614551
1.0,515,251,49,0,0.89,2.565332864319226,0.7998601790775969
1.0,516,21,279,0,0.86,2.1751135951025753,0.6732488685977854
1.0,516,51,249,0,0.858,2.1470074351932884,0.7668946507150097
1.0,516,61,239,1,0.862,2.158657718190382,0.7610540568504139
1.0,516,71,229,0,0.882,2.2565000662904113,0.7714603943750694
1.0,516,101,199,0,0.884,2.3081547587601388,0.7743439027613309
1.0,516,150,150,0,0.882,2.363534030216128,0.7857536511594096
1.0,516,201,99,0,0.924,2.7838643328121826,0.7968437737864136
1.0,516,251,49,0,0.886,2.4016054602616674,0.7902582136497547
1.0,517,21,279,0,0.88,2.2336396829465084,0.8913551137719262
1.0,517,51,249,0,0.89,2.247529246021886,0.795682658178144
1.0,517,61,239,1,0.882,2.1810661671311538,0.7775857095264888
1.0,517,71,229,0,0.894,2.273888119942453,0.7801442146980381
1.0,517,101,199,0,0.894,2.279398873131686,0.7861313771686436
1.0,517,150,150,0,0.906,2.3814044936161993,0.8007665820166066
1.0,517,201,99,0,0.906,2.3914219816828615,0.7989262691337391
1.0,517,251,49,0,0.908,2.412429618066747,0.8051665035126048
1.0,518,21,279,0,0.876,2.161906899717461,0.748582299848614
1.0,518,51,249,0,0.868,2.1353785433918606,0.7395354612772376
1.0,518,61,239,1,0.858,2.1115431375196647,0.7604379586339656
1.0,518,71,229,0,0.86,2.117024896350972,0.7455287866486887
1.0,518,101,199,0,0.856,2.1106321686760294,0.7547035167643481
1.0,518,150,150,0,0.85,2.0114304756841808,0.7874760122107491
1.0,518,201,99,0,0.84,1.9797619653333745,0.7774369793857568
1.0,518,251,49,0,0.844,1.9838357684170913,0.7836388105740804
1.0,519,21,279,0,0.928,2.633063978123001,0.8192650375202123
1.0,519,51,249,0,0.926,2.565588566462638,0.7867956205605561
1.0,519,61,239,1,0.928,2.6107989326946113,0.774454965494041
1.0,519,71,229,0,0.93,2.6723511540203364,0.7847193862497085
1.0,519,101,199,0,0.924,2.517349380526938,0.7749438775049663
1.0,519,150,150,0,0.934,2.7411114959394762,0.7792337262597201
1.0,519,201,99,0,0.934,2.7416080336380944,0.7783367585238158
1.0,519,251,49,0,0.888,2.1263927424801734,0.7640061209454926
1.0,520,21,279,0,0.922,2.8876985552025323,0.7183935434744412
1.0,520,51,249,0,0.922,2.8228008645481184,0.7381421120119828
1.0,520,61,239,1,0.922,2.780496358078241,0.7512395779862499
1.0,520,71,229,0,0.922,2.77733467310162,0.7664304461221254
1.0,520,101,199,0,0.922,2.7495141052001633,0.7831516522404969
1.0,520,150,150,0,0.922,2.770940425962699,0.7692482858672441
1.0,520,201,99,0,0.93,2.8881247067615736,0.7869547350478604
1.0,520,251,49,0,0.908,2.6138748412272097,0.783189876359443
1.0,521,21,279,0,0.854,2.2615313454029553,0.8584165153314076
1.0,521,51,249,0,0.858,2.252023694602141,0.8136619518314175
1.0,521,61,239,1,0.864,2.2734371970050677,0.8021518602247787
1.0,521,71,229,0,0.852,2.185314336542743,0.8029420729147855
1.0,521,101,199,0,0.836,2.110939371584903,0.7925192769687908
1.0,521,150,150,0,0.824,2.084761447787063,0.7817426873734981
1.0,521,201,99,0,0.852,2.1943559754055446,0.784520258498998
1.0,521,251,49,0,0.844,2.1455816449507075,0.7938057585724178
1.0,522,21,279,0,0.906,2.513674641529571,0.8713765311407373
1.0,522,51,249,0,0.902,2.4930379011392088,0.8082765806669459
1.0,522,61,239,1,0.902,2.5054326660615756,0.8077132430134452
1.0,522,71,229,0,0.902,2.4963703124402397,0.8160308487673106
1.0,522,101,199,0,0.902,2.5038703422829065,0.8196403360035366
1.0,522,150,150,0,0.95,2.908397386264584,0.8418748044267925
1.0,522,201,99,0,0.962,3.199413614443161,0.8324384501340608
1.0,522,251,49,0,0.984,4.231288047128388,0.8261418671343735
1.0,523,21,279,0,0.852,2.1073887036551358,0.8157528625975512
1.0,523,51,249,0,0.86,2.153065499798948,0.8245766045705173
1.0,523,61,239,1,0.862,2.2096504425247256,0.8495211704019638
1.0,523,71,229,0,0.866,2.2232563735877267,0.8378476857595165
1.0,523,101,199,0,0.86,2.162091765320898,0.8302442608372206
1.0,523,150,150,0,0.848,2.098444039636208,0.8286320069194365
1.0,523,201,99,0,0.852,2.118124678975926,0.823037319711074
1.0,523,251,49,0,0.87,2.2512185574472814,0.8245276454970029
1.0,524,21,279,0,0.898,2.51253654141269,0.6946547821143565
1.0,524,51,249,0,0.898,2.5393099768456233,0.8392815575672367
1.0,524,61,239,1,0.898,2.5221112341081215,0.8135305316551795
1.0,524,71,229,0,0.898,2.528168445609849,0.8119321840325661
1.0,524,101,199,0,0.91,2.67017180451972,0.8234090646818625
1.0,524,150,150,0,0.91,2.6778143820142812,0.818521002995842
1.0,524,201,99,0,0.902,2.5703505721374635,0.823883733182507
1.0,524,251,49,0,0.932,2.855217241378798,0.8261807216937875
1.0,525,21,279,0,0.876,2.2151449823313563,0.8463196252892689
1.0,525,51,249,0,0.88,2.282430294712042,0.8617318260056175
1.0,525,61,239,1,0.882,2.348613209955257,0.8763353295964932
1.0,525,71,229,0,0.88,2.2838860419006277,0.8590320094733294
1.0,525,101,199,0,0.878,2.2148881903841904,0.832988644710511
1.0,525,150,150,0,0.886,2.3468892791387117,0.8228554841652006
1.0,525,201,99,0,0.886,2.2845622346278835,0.8189298762399548
1.0,525,251,49,0,0.898,2.413492144718753,0.8111683132008802
1.0,526,21,279,0,0.862,2.3337937124614507,0.579009563876064
1.0,526,51,249,0,0.828,2.0728121805917574,0.6871266641964325
1.0,526,61,239,1,0.83,2.0595206377256026,0.7553382088886206
1.0,526,71,229,0,0.826,2.0154658713196043,0.7777733573417128
1.0,526,101,199,0,0.826,2.035350634769228,0.7710353768222985
1.0,526,150,150,0,0.826,2.041824772768397,0.7688470257361784
1.0,526,201,99,0,0.828,2.043826839634645,0.768170830520473
1.0,526,251,49,0,0.83,2.0608536620469793,0.7624300828857
1.0,527,21,279,0,0.898,2.355417204923659,0.8280103512736307
1.0,527,51,249,0,0.898,2.3731356814071978,0.8210884945735929
1.0,527,61,239,1,0.896,2.3501655619544306,0.7937664742501128
1.0,527,71,229,0,0.898,2.3514235386282953,0.8004497238515679
1.0,527,101,199,0,0.9,2.385668321247669,0.7805754247978359
1.0,527,150,150,0,0.898,2.3800154815451213,0.7825077243438662
1.0,527,201,99,0,0.9,2.495255723035103,0.7858274487885432
1.0,527,251,49,0,0.936,2.9493958669985965,0.790818324783118
1.0,528,21,279,0,0.91,2.2676733109100042,0.8224670613841932
1.0,528,51,249,0,0.912,2.3505087748282993,0.8813581098334197
1.0,528,61,239,1,0.918,2.3710829509100906,0.8605799383770613
1.0,528,71,229,0,0.912,2.259928371023969,0.8295225799588282
1.0,528,101,199,0,0.914,2.2870922141698826,0.8046743116615376
1.0,528,150,150,0,0.924,2.3976000633799623,0.8256070773464963
1.0,528,201,99,0,0.928,2.4635209471395174,0.8163461750804212
1.0,528,251,49,0,0.944,2.795719948805663,0.8167688978667187
1.0,529,21,279,0,0.908,2.3472979068752253,0.8598156028450734
1.0,529,51,249,0,0.916,2.4520664094486535,0.7984808917376562
1.0,529,61,239,1,0.902,2.2865540300219873,0.8076450360355589
1.0,529,71,229,0,0.9,2.289349415380595,0.7943103924207076
1.0,529,101,199,0,0.89,2.186108684399384,0.8232420193479941
1.0,529,150,150,0,0.872,2.0999392557573953,0.8108935630502984
1.0,529,201,99,0,0.866,2.045189488360704,0.7984745680255472
1.0,529,251,49,0,0.86,1.9882341306544937,0.8054882628746972
1.0,530,21,279,0,0.922,2.6647738375981116,0.575847886917574
1.0,530,51,249,0,0.92,2.3788754624054538,0.7468089551906117
1.0,530,61,239,1,0.9,2.2012265685959798,0.7214935352880627
1.0,530,71,229,0,0.896,2.1570188249264426,0.7195675877386676
1.0,530,101,199,0,0.894,2.1083299044028836,0.7199027759720571
1.0,530,150,150,0,0.898,2.117586509302315,0.746633602047411
1.0,530,201,99,0,0.912,2.2658681815977917,0.7615971397916884
1.0,530,251,49,0,0.92,2.3659942840702333,0.7514295437760772
1.0,531,21,279,0,0.912,2.3256104207133506,0.7096659203348974
1.0,531,51,249,0,0.908,2.2062513670046893,0.7360232376655734
1.0,531,61,239,1,0.908,2.206808903560746,0.7362366614151538
1.0,531,71,229,0,0.908,2.215631631523284,0.728415337721761
1.0,531,101,199,0,0.89,2.16677544214556,0.7724604856739345
1.0,531,150,150,0,0.89,2.172245896196777,0.7845063630816032
1.0,531,201,99,0,0.888,2.1498718912101733,0.7881406970173371
1.0,531,251,49,0,0.884,2.1563609570909166,0.8051765106064385
1.0,532,21,279,0,0.932,2.818364461121903,0.8299785624668046
1.0,532,51,249,0,0.932,2.894206234138057,0.7767629833760537
1.0,532,61,239,1,0.932,2.9136977842589316,0.7921654571440264
1.0,532,71,229,0,0.932,2.9067852937836887,0.7936397439156699
1.0,532,101,199,0,0.93,2.852055898073114,0.7697125982284065
1.0,532,150,150,0,0.93,2.866031872293186,0.7650566147085384
1.0,532,201,99,0,0.958,3.423128707912141,0.7654589497066996
1.0,532,251,49,0,0.906,2.5170623193755355,0.7760714921334833
1.0,533,21,279,0,0.872,2.3154937479042905,0.8676947451126348
1.0,533,51,249,0,0.876,2.302659017036514,0.8240191146078205
1.0,533,61,239,1,0.878,2.3289550216710366,0.8148561933762108
1.0,533,71,229,0,0.88,2.3317521207612644,0.8045650831874007
1.0,533,101,199,0,0.844,2.1086275467684077,0.8042621441538088
1.0,533,150,150,0,0.884,2.346103266048054,0.784286280555874
1.0,533,201,99,0,0.908,2.5636245632489185,0.7960023040819858
1.0,533,251,49,0,0.904,2.5230049350075503,0.7998805653091529
1.0,534,21,279,0,0.93,2.656014014411111,0.827618812545623
1.0,534,51,249,0,0.93,2.678546239120933,0.8035273994612246
1.0,534,61,239,1,0.926,2.5778978877037217,0.7881886442729601
1.0,534,71,229,0,0.922,2.5887299496213174,0.7621455264117222
1.0,534,101,199,0,0.916,2.5259847052759294,0.7529167897514528
1.0,534,150,150,0,0.924,2.568301574026369,0.7762236403916004
1.0,534,201,99,0,0.924,2.5819210044530956,0.7698038264837748
1.0,534,251,49,0,0.922,2.563127320905676,0.7643921286004579
1.0,535,21,279,0,0.928,2.6150913758518355,0.8482982954523194
1.0,535,51,249,0,0.93,2.6258963007043166,0.84859665283014
1.0,535,61,239,1,0.928,2.6283010681572727,0.8420284117799193
1.0,535,71,229,0,0.93,2.63918023612887,0.8514930691176447
1.0,535,101,199,0,0.928,2.624766307105003,0.8389800122302655
1.0,535,150,150,0,0.928,2.6418552840794383,0.8331930917926869
1.0,535,201,99,0,0.93,2.6783937617286373,0.8319635861049087
1.0,535,251,49,0,0.946,2.7884626844269103,0.8248049837532897
1.0,536,21,279,0,0.894,2.498922392585948,0.8594204342182902
1.0,536,51,249,0,0.89,2.4314164650914902,0.8314426556367852
1.0,536,61,239,1,0.876,2.378001690155637,0.8106245594818597
1.0,536,71,229,0,0.876,2.367480360350487,0.8158852593103061
1.0,536,101,199,0,0.866,2.312429433410096,0.8049912480759299
1.0,536,150,150,0,0.864,2.29771364170857,0.7972137210586046
1.0,536,201,99,0,0.868,2.3392030554833316,0.813902252114801
1.0,536,251,49,0,0.874,2.3528604755478435,0.814114119121826
1.0,537,21,279,0,0.926,2.820350160275417,0.8981069566464681
1.0,537,51,249,0,0.922,2.7470129035178914,0.8321638307171582
1.0,537,61,239,1,0.928,2.7776150363831165,0.8099594035014499
1.0,537,71,229,0,0.924,2.7593618793514487,0.8028015125496445
1.0,537,101,199,0,0.912,2.6692469598248123,0.7956422646867582
1.0,537,150,150,0,0.93,2.7915223420743334,0.8102652066963982
1.0,537,201,99,0,0.944,3.0933832471616736,0.8250870443340521
1.0,537,251,49,0,0.972,4.006661930761104,0.819146744066554
1.0,538,21,279,0,0.876,2.3337751035643843,0.8619921267028114
1.0,538,51,249,0,0.878,2.349266060562716,0.8566617591600966
1.0,538,61,239,1,0.882,2.3460798618821257,0.8418382533774483
1.0,538,71,229,0,0.888,2.4167330402149965,0.8424987066374453
1.0,538,101,199,0,0.888,2.4256623812582627,0.8170997960273151
1.0,538,150,150,0,0.888,2.4260146918220262,0.8160095766177758
1.0,538,201,99,0,0.874,2.2819451240762922,0.8244526801246169
1.0,538,251,49,0,0.892,2.494932850745997,0.8174654947988036
1.0,539,21,279,0,0.91,2.443463730752971,0.8002197519164927
1.0,539,51,249,0,0.904,2.3533514313525328,0.7950257318462104
1.0,539,61,239,1,0.91,2.4319975633053277,0.7959001128373049
1.0,539,71,229,0,0.91,2.434535136023146,0.7971961133749261
1.0,539,101,199,0,0.912,2.446294976681676,0.7967977684614027
1.0,539,150,150,0,0.91,2.447980486820451,0.803868101373404
1.0,539,201,99,0,0.912,2.517403576088569,0.8155624883276551
1.0,539,251,49,0,0.91,2.457519247668918,0.8157460582997748
1.0,540,21,279,0,0.892,2.2805675408957504,0.795621943496886
1.0,540,51,249,0,0.886,2.2736827612646713,0.7662301455903974
1.0,540,61,239,1,0.892,2.2767939482285047,0.7830182436374102
1.0,540,71,229,0,0.878,2.19576445343088,0.7797903579514663
1.0,540,101,199,0,0.878,2.199808129602822,0.7767474209275977
1.0,540,150,150,0,0.85,2.0312163364913727,0.7988449678052912
1.0,540,201,99,0,0.79,1.7277953013706884,0.7958559246195928
1.0,540,251,49,0,0.83,1.8885149870621971,0.808332962915683
1.0,541,21,279,0,0.9,2.483608165213097,0.8247948239612212
1.0,541,51,249,0,0.898,2.4318984233304,0.7780828203441166
1.0,541,61,239,1,0.9,2.425460460445428,0.7715031840775914
1.0,541,71,229,0,0.892,2.3837140361871394,0.7705497070912888
1.0,541,101,199,0,0.9,2.426899627120399,0.7719893965473078
1.0,541,150,150,0,0.892,2.4081119066968695,0.7948804439272944
1.0,541,201,99,0,0.93,2.772408577412618,0.8068610614177889
1.0,541,251,49,0,0.93,2.7709402654200703,0.8057836925918103
1.0,542,21,279,0,0.908,2.505627494012613,0.7801485247706905
1.0,542,51,249,0,0.904,2.489085121690855,0.8151235821404893
1.0,542,61,239,1,0.904,2.4921447319657806,0.8135964782098161
1.0,542,71,229,0,0.898,2.3650972773767567,0.8021735391857022
1.0,542,101,199,0,0.904,2.4885535540328934,0.8069287160103009
1.0,542,150,150,0,0.91,2.570469541900712,0.8015749085701694
1.0,542,201,99,0,0.918,2.6509335844455357,0.7951476946831488
1.0,542,251,49,0,0.94,2.869489204016314,0.8112543441803702
1.0,543,21,279,0,0.914,2.433348243009351,0.8899751318571036
1.0,543,51,249,0,0.896,2.2703314356066877,0.8393517571876834
1.0,543,61,239,1,0.904,2.39108720354846,0.8015909227298723
1.0,543,71,229,0,0.9,2.327841102544229,0.8265723306826426
1.0,543,101,199,0,0.916,2.530995713409936,0.8113759033069036
1.0,543,150,150,0,0.928,2.693662149999459,0.8067074428845317
1.0,543,201,99,0,0.924,2.642023928270199,0.8229302470933035
1.0,543,251,49,0,0.954,3.366718569243871,0.8165604987317576
1.0,544,21,279,0,0.896,2.4669781119334546,0.7198824352571299
1.0,544,51,249,0,0.908,2.500080339724517,0.8099237777595633
1.0,544,61,239,1,0.912,2.534400106300326,0.7797899061708293
1.0,544,71,229,0,0.912,2.534718998246283,0.76715674639963
1.0,544,101,199,0,0.868,2.2127068705477178,0.800229026147369
1.0,544,150,150,0,0.928,2.6556568608291355,0.8070061293999997
1.0,544,201,99,0,0.93,2.660706983416104,0.7960340710950847
1.0,544,251,49,0,0.864,2.2032377138995525,0.7989198249744722
1.0,545,21,279,0,0.944,2.8095361039256077,0.6747540041791109
1.0,545,51,249,0,0.938,2.7479124326022446,0.7331192754785211
1.0,545,61,239,1,0.938,2.797874405208461,0.758847416891854
1.0,545,71,229,0,0.938,2.802624748691486,0.7428669957413363
1.0,545,101,199,0,0.942,2.844325162418483,0.7662519757194821
1.0,545,150,150,0,0.956,3.112173548688891,0.7713761444122393
1.0,545,201,99,0,0.964,3.2630647983789105,0.7926334970214827
1.0,545,251,49,0,0.974,3.8111544210867203,0.7902023076581435
1.0,546,21,279,0,0.888,2.240111712504064,0.8787528079738075
1.0,546,51,249,0,0.898,2.2737536391358564,0.8390546917962018
1.0,546,61,239,1,0.898,2.2887727848830517,0.8316668104800164
1.0,546,71,229,0,0.904,2.3037114903224465,0.8241849520013975
1.0,546,101,199,0,0.904,2.311958739731477,0.8199947197484305
1.0,546,150,150,0,0.906,2.3196480618191444,0.8142044110446759
1.0,546,201,99,0,0.904,2.3071277521376268,0.8224544969342212
1.0,546,251,49,0,0.908,2.3471020268490164,0.8409191310115123
1.0,547,21,279,0,0.884,2.2431891130139596,0.8503359954332194
1.0,547,51,249,0,0.908,2.334396750362633,0.798641126541294
1.0,547,61,239,1,0.91,2.3660961395987425,0.8106042404697915
1.0,547,71,229,0,0.912,2.3579529947244575,0.7998483977792925
1.0,547,101,199,0,0.914,2.388524071518495,0.7749588880217915
1.0,547,150,150,0,0.9,2.2479104868320747,0.7989195650653103
1.0,547,201,99,0,0.906,2.3208004514134393,0.7935037858044512
1.0,547,251,49,0,0.95,2.9013965111009146,0.7945864352530216
1.0,548,21,279,0,0.854,2.0308222598393546,0.8421192179449586
1.0,548,51,249,0,0.85,2.006259283761182,0.8152208983260143
1.0,548,61,239,1,0.862,2.1113969118576343,0.838535640540821
1.0,548,71,229,0,0.864,2.1543346198259834,0.8403602298805726
1.0,548,101,199,0,0.85,2.0180683249046814,0.8087525846339746
1.0,548,150,150,0,0.852,2.0400212218618465,0.7965059594126451
1.0,548,201,99,0,0.846,1.9937211191354127,0.7868181832282762
1.0,548,251,49,0,0.85,2.010142175269903,0.794289181939626
1.0,549,21,279,0,0.896,2.247595383862104,0.7399604449928266
1.0,549,51,249,0,0.894,2.3167054336929733,0.6953321367983747
1.0,549,61,239,1,0.896,2.272032044307829,0.724809853941027
1.0,549,71,229,0,0.898,2.297434955111815,0.7291676843139591
1.0,549,101,199,0,0.888,2.148000163948321,0.7833369936722384
1.0,549,150,150,0,0.892,2.23489415708479,0.7743814641258646
1.0,549,201,99,0,0.894,2.238387235797394,0.7895177303231905
1.0,549,251,49,0,0.886,2.1450061897173747,0.7847265004857348
1.0,550,21,279,0,0.846,2.073542969559242,0.7537567969608944
1.0,550,51,249,0,0.87,2.2526685174881558,0.7555689743533333
1.0,550,61,239,1,0.868,2.243432635203551,0.7592924379476346
1.0,550,71,229,0,0.844,2.0562924218210514,0.7545700405560816
1.0,550,101,199,0,0.828,1.9709320472910994,0.7625265942691746
1.0,550,150,150,0,0.806,1.85015327442788,0.762536852438974
1.0,550,201,99,0,0.806,1.8484916885113716,0.7825592859863607
1.0,550,251,49,0,0.76,1.6417887943450549,0.7811909430095488
1.0,551,21,279,0,0.912,2.3937184763993655,0.8073626955971552
1.0,551,51,249,0,0.914,2.418260935745635,0.7942930231125771
1.0,551,61,239,1,0.914,2.44061445010503,0.7812368191896786
1.0,551,71,229,0,0.912,2.3918440558591967,0.8105013352856247
1.0,551,101,199,0,0.922,2.5119524848394295,0.7731189707242692
1.0,551,150,150,0,0.916,2.4545435681003096,0.7889330302535303
1.0,551,201,99,0,0.926,2.6074798255814478,0.7910297127947684
1.0,551,251,49,0,0.916,2.470206930266784,0.7976623697211102
1.0,552,21,279,0,0.904,2.505562317601211,0.7892667651276376
1.0,552,51,249,0,0.916,2.6346896212360846,0.8042877537931988
1.0,552,61,239,1,0.912,2.5801289188044567,0.8094349338079236
1.0,552,71,229,0,0.912,2.5857079656136994,0.8046694032054846
1.0,552,101,199,0,0.918,2.65929550593741,0.7930895963976273
1.0,552,150,150,0,0.936,2.811136728581655,0.7889814200352866
1.0,552,201,99,0,0.936,2.813723717977193,0.7894592648735163
1.0,552,251,49,0,0.94,2.8629430088139025,0.7941547501005376
1.0,553,21,279,0,0.88,2.2777586293184253,0.8728927289191817
1.0,553,51,249,0,0.878,2.228346652886633,0.8370820834955301
1.0,553,61,239,1,0.884,2.2908061740418835,0.8679871504230021
1.0,553,71,229,0,0.868,2.18971576345648,0.8509436834105264
1.0,553,101,199,0,0.868,2.201329116890926,0.8086616628033263
1.0,553,150,150,0,0.868,2.2213590767124822,0.8012091425427781
1.0,553,201,99,0,0.868,2.1854510001493987,0.7967370877309514
1.0,553,251,49,0,0.86,2.089474628107862,0.8099617982187701
1.0,554,21,279,0,0.884,2.2667185080942964,0.7588434155226362
1.0,554,51,249,0,0.882,2.2298001154131226,0.7802878482547723
1.0,554,61,239,1,0.884,2.265838341617403,0.7909054271089658
1.0,554,71,229,0,0.892,2.3091170692411023,0.7997092710644642
1.0,554,101,199,0,0.876,2.2138558166178233,0.8095663958255955
1.0,554,150,150,0,0.892,2.3052260686408643,0.8035645065705316
1.0,554,201,99,0,0.872,2.167292277461921,0.7857263039123418
1.0,554,251,49,0,0.87,2.1417576442045743,0.7863609943604164
1.0,555,21,279,0,0.916,2.425326880471105,0.7505637842247196
1.0,555,51,249,0,0.9,2.27130182625223,0.7587916412226693
1.0,555,61,239,1,0.9,2.269955867775851,0.7516242225636063
1.0,555,71,229,0,0.904,2.2950816929503417,0.7328220789780746
1.0,555,101,199,0,0.886,2.0912369502575525,0.7396300304406969
1.0,555,150,150,0,0.866,1.9508978328552082,0.7437842282043574
1.0,555,201,99,0,0.874,2.003859084121915,0.7451276903975066
1.0,555,251,49,0,0.81,1.6829587634195187,0.7542692912729504
1.0,556,21,279,0,0.916,2.5205702642056864,0.824353274427812
1.0,556,51,249,0,0.918,2.5722713085392535,0.8364275749897948
1.0,556,61,239,1,0.932,2.62457091836733,0.8098851179048444
1.0,556,71,229,0,0.934,2.6295438270966995,0.8036725139060485
1.0,556,101,199,0,0.942,2.72932909489751,0.7859843490152014
1.0,556,150,150,0,0.946,2.894634676419588,0.77220518068102
1.0,556,201,99,0,0.966,3.730171158982644,0.7679963059267985
1.0,556,251,49,0,0.932,2.651078813265426,0.7645859650526677
1.0,557,21,279,0,0.914,2.494989675886383,0.6699011264127889
1.0,557,51,249,0,0.906,2.492278445166511,0.7299817167744987
1.0,557,61,239,1,0.906,2.428661674067152,0.748241140952561
1.0,557,71,229,0,0.906,2.424577961843211,0.7511907163434864
1.0,557,101,199,0,0.906,2.407521173468221,0.7592226357735997
1.0,557,150,150,0,0.908,2.4878957167831794,0.7486106902595842
1.0,557,201,99,0,0.908,2.489499687409744,0.7604629651432773
1.0,557,251,49,0,0.918,2.6020366507842407,0.7686624090507151
1.0,558,21,279,0,0.922,2.7889877883990546,0.8269109989644524
1.0,558,51,249,0,0.904,2.616100692727097,0.7917536573779266
1.0,558,61,239,1,0.902,2.4979459323563433,0.797168868248552
1.0,558,71,229,0,0.892,2.403357122557221,0.7882044736221329
1.0,558,101,199,0,0.894,2.4201108490823198,0.7595457461545254
1.0,558,150,150,0,0.876,2.2352663268734165,0.7765085649345468
1.0,558,201,99,0,0.9,2.5110916322035126,0.78851577336473
1.0,558,251,49,0,0.94,3.0713105693091225,0.7806456270686127
1.0,559,21,279,0,0.91,2.550019709439196,0.8835369035064047
1.0,559,51,249,0,0.9,2.4014263360496635,0.8661031877669232
1.0,559,61,239,1,0.9,2.4069157713689786,0.8527028399917718
1.0,559,71,229,0,0.904,2.417950448043757,0.8323680477354003
1.0,559,101,199,0,0.902,2.436222497242079,0.7956039399905869
1.0,559,150,150,0,0.896,2.348568436312931,0.8007507645122692
1.0,559,201,99,0,0.914,2.6974453466587094,0.8092288738335998
1.0,559,251,49,0,0.902,2.437427242612505,0.7930290125275163
1.0,560,21,279,0,0.91,2.4734810195442587,0.8230873142192097
1.0,560,51,249,0,0.896,2.303156557866401,0.8183676573081093
1.0,560,61,239,1,0.89,2.280707344256699,0.8056245994477333
1.0,560,71,229,0,0.898,2.3493591629327675,0.8053439471494354
1.0,560,101,199,0,0.902,2.3969354843367476,0.782752147782213
1.0,560,150,150,0,0.894,2.3212614144795216,0.7716170165388281
1.0,560,201,99,0,0.874,2.1754990336183964,0.7741479758566876
1.0,560,251,49,0,0.79,1.5817736784145104,0.7866941405537642
1.0,561,21,279,0,0.892,2.522473301662887,0.7685972468467546
1.0,561,51,249,0,0.894,2.5721521818677937,0.7816388082732089
1.0,561,61,239,1,0.892,2.5436961506300158,0.7733484144427805
1.0,561,71,229,0,0.896,2.5767925945992465,0.7900179206589446
1.0,561,101,199,0,0.892,2.523288683409518,0.7755482643545454
1.0,561,150,150,0,0.892,2.552849323592196,0.7725214396872477
1.0,561,201,99,0,0.892,2.529671055637136,0.7614503596792586
1.0,561,251,49,0,0.892,2.5311677544102453,0.7599444621452143
1.0,562,21,279,0,0.924,2.8853248398563416,0.6616985325223183
1.0,562,51,249,0,0.934,2.877415359769938,0.768609497339958
1.0,562,61,239,1,0.938,2.8809634013413112,0.7889122382568521
1.0,562,71,229,0,0.94,2.9476812945623627,0.8105296004124409
1.0,562,101,199,0,0.93,2.77164059364671,0.8269852564452776
1.0,562,150,150,0,0.94,2.96519362192226,0.802848288415503
1.0,562,201,99,0,0.928,2.742934401300946,0.8184114281257928
1.0,562,251,49,0,0.906,2.5029767299159915,0.8063215699179742
1.0,563,21,279,0,0.892,2.4476224189329776,0.8891887047169388
1.0,563,51,249,0,0.902,2.488078686550221,0.822989924443537
1.0,563,61,239,1,0.902,2.449778526287839,0.7866172436780228
1.0,563,71,229,0,0.91,2.527335278329993,0.8003321956342007
1.0,563,101,199,0,0.906,2.501853815130097,0.792127379938509
1.0,563,150,150,0,0.906,2.5049036007795737,0.7898746149387343
1.0,563,201,99,0,0.906,2.5082689429806133,0.7873927076640588
1.0,563,251,49,0,0.906,2.5070533395430883,0.7882887257207821
1.0,564,21,279,0,0.928,2.511108330663184,0.7596128150535358
1.0,564,51,249,0,0.934,2.691625510599139,0.8411392733510181
1.0,564,61,239,1,0.934,2.675032824476652,0.8508670552345029
1.0,564,71,229,0,0.932,2.6127558139195606,0.8026990353938179
1.0,564,101,199,0,0.928,2.5498613269779673,0.7825228612214489
1.0,564,150,150,0,0.942,2.6886525421451926,0.75792228592933
1.0,564,201,99,0,0.948,2.832489180494723,0.7657631428626149
1.0,564,251,49,0,0.978,3.312353071161807,0.7831731473097235
1.0,565,21,279,0,0.922,2.374507965019766,0.8072901921137915
1.0,565,51,249,0,0.922,2.3454882621185225,0.8059804258576537
1.0,565,61,239,1,0.918,2.3268831691281293,0.7959004194524469
1.0,565,71,229,0,0.922,2.3482828664285087,0.8035500419635998
1.0,565,101,199,0,0.914,2.28431561294948,0.8027470646915302
1.0,565,150,150,0,0.92,2.392562532182013,0.7748392125196568
1.0,565,201,99,0,0.87,1.9343048775446652,0.7815883569820687
1.0,565,251,49,0,0.848,1.8126220454490438,0.7985368694435381
1.0,566,21,279,0,0.894,2.423265745263747,0.8788298822065989
1.0,566,51,249,0,0.886,2.2941426872412802,0.8423091130894623
1.0,566,61,239,1,0.886,2.294564446205066,0.8415600067404397
1.0,566,71,229,0,0.896,2.398397419479745,0.8269615933716261
1.0,566,101,199,0,0.896,2.3936756345747807,0.8284842096303832
1.0,566,150,150,0,0.902,2.481405960018666,0.8006125385007189
1.0,566,201,99,0,0.902,2.4715015589515024,0.8054761672231048
1.0,566,251,49,0,0.934,2.8550559565908333,0.8133002472608211
1.0,567,21,279,0,0.916,2.4839142952260427,0.8277756450959347
1.0,567,51,249,0,0.904,2.445080898190181,0.7870983409676368
1.0,567,61,239,1,0.904,2.4530895850603702,0.7894302896478143
1.0,567,71,229,0,0.906,2.495091465251419,0.7739362583040656
1.0,567,101,199,0,0.898,2.3747718885839233,0.7808234220054412
1.0,567,150,150,0,0.902,2.3759952305877183,0.788320781499405
1.0,567,201,99,0,0.904,2.419892002849539,0.7996151285575619
1.0,567,251,49,0,0.936,2.7956989696355348,0.7892853796464926
1.0,568,21,279,0,0.904,2.431588711086461,0.8215263829698499
1.0,568,51,249,0,0.872,2.2093170517457685,0.8390695437653138
1.0,568,61,239,1,0.864,2.130560424883597,0.837773861911245
1.0,568,71,229,0,0.884,2.2674902933918903,0.8259009981733403
1.0,568,101,199,0,0.884,2.285832505893225,0.8200843364627084
1.0,568,150,150,0,0.886,2.2981661913444587,0.823745340477267
1.0,568,201,99,0,0.864,2.1254023881029624,0.8242495114752973
1.0,568,251,49,0,0.864,2.1250177652584106,0.8194954428868803
1.0,569,21,279,0,0.936,2.711747159317524,0.7882125025618876
1.0,569,51,249,0,0.918,2.522656237976302,0.7629586979745139
1.0,569,61,239,1,0.92,2.530049269790261,0.7715191790527985
1.0,569,71,229,0,0.922,2.5747409746456524,0.7599243205249041
1.0,569,101,199,0,0.946,2.9452474876086243,0.7485311495151379
1.0,569,150,150,0,0.96,3.12453992935711,0.7551101033645168
1.0,569,201,99,0,0.956,3.0781562229362236,0.7827401775038485
1.0,569,251,49,0,0.944,2.9093365039786057,0.7765198078874042
1.0,570,21,279,0,0.924,2.5562579524135556,0.8826230520936605
1.0,570,51,249,0,0.922,2.531724965543038,0.8357860278259704
1.0,570,61,239,1,0.924,2.607047827196373,0.8303170926926817
1.0,570,71,229,0,0.924,2.5752131176226603,0.8033905556271893
1.0,570,101,199,0,0.946,2.785109827786927,0.798101544053397
1.0,570,150,150,0,0.874,2.063115588121358,0.776466856771542
1.0,570,201,99,0,0.864,2.0090240850315664,0.7651387842976727
1.0,570,251,49,0,0.946,2.8128018988415997,0.772890992395186
1.0,571,21,279,0,0.912,2.570160327048472,0.7552225700170941
1.0,571,51,249,0,0.896,2.4759895148408186,0.8260558023857899
1.0,571,61,239,1,0.908,2.5219825397303715,0.8058989364421211
1.0,571,71,229,0,0.908,2.522100894217499,0.8057825165799961
1.0,571,101,199,0,0.898,2.4795986313217044,0.8215002478851139
1.0,571,150,150,0,0.91,2.546060704680691,0.781444984797679
1.0,571,201,99,0,0.908,2.5228578199876237,0.7779262139082673
1.0,571,251,49,0,0.91,2.5513821405946464,0.77581649610561
1.0,572,21,279,0,0.894,2.41382049810833,0.8257365467450603
1.0,572,51,249,0,0.894,2.433968696485178,0.8108744800753473
1.0,572,61,239,1,0.894,2.4348092360615206,0.8128698492906551
1.0,572,71,229,0,0.898,2.4365292403710925,0.8182115363391871
1.0,572,101,199,0,0.894,2.3903566620024885,0.840230231774173
1.0,572,150,150,0,0.894,2.4227684918065138,0.8202400711440238
1.0,572,201,99,0,0.88,2.319454799841758,0.8040488454949217
1.0,572,251,49,0,0.868,2.234963001505055,0.8064992326591536
1.0,573,21,279,0,0.876,2.2262110650343376,0.8070380020398306
1.0,573,51,249,0,0.882,2.274595590947459,0.8051179932258956
1.0,573,61,239,1,0.882,2.2814358095768026,0.8137817317720192
1.0,573,71,229,0,0.884,2.3041796378476245,0.8193503352208815
1.0,573,101,199,0,0.884,2.3038572220486992,0.8228383772035102
1.0,573,150,150,0,0.896,2.4530139486062073,0.8346648285297331
1.0,573,201,99,0,0.898,2.5499674767695844,0.8143818453208235
1.0,573,251,49,0,0.898,2.5560317819866705,0.8123964561718777
1.0,574,21,279,0,0.9,2.556270306708456,0.8019834642731863
1.0,574,51,249,0,0.902,2.540204551957675,0.781499121655537
1.0,574,61,239,1,0.9,2.542626534643835,0.8220477081634561
1.0,574,71,229,0,0.902,2.572459084863024,0.8219038315936971
1.0,574,101,199,0,0.884,2.40056422498049,0.7969337990746999
1.0,574,150,150,0,0.888,2.445934146500348,0.7834517470390138
1.0,574,201,99,0,0.912,2.776915124083731,0.7756716547734734
1.0,574,251,49,0,0.83,2.062412657905038,0.7780858470061823
1.0,575,21,279,0,0.95,2.7205918899778236,0.7369202492147606
1.0,575,51,249,0,0.956,2.731231493004315,0.744137726700378
1.0,575,61,239,1,0.956,2.7300427012167576,0.7445114082548686
1.0,575,71,229,0,0.952,2.791137729820253,0.8023181589246572
1.0,575,101,199,0,0.952,2.774892144387536,0.7910877763401131
1.0,575,150,150,0,0.966,2.956504478499033,0.7814918137090344
1.0,575,201,99,0,0.972,3.1216066475657325,0.7761050270414898
1.0,575,251,49,0,0.968,2.996913619875865,0.7738000267451963
1.0,576,21,279,0,0.908,2.658315739705259,0.8148578347968695
1.0,576,51,249,0,0.896,2.5550214770337183,0.8448659694945042
1.0,576,61,239,1,0.896,2.5559654557143223,0.8450230630958857
1.0,576,71,229,0,0.9,2.5058811455616863,0.8217619950597678
1.0,576,101,199,0,0.876,2.3085929642186307,0.7986767545531721
1.0,576,150,150,0,0.88,2.334868270557594,0.8063375699966187
1.0,576,201,99,0,0.898,2.444191691482708,0.8089615938055696
1.0,576,251,49,0,0.922,2.7704565135168417,0.7989296338530385
1.0,577,21,279,0,0.88,2.226825434198939,0.8225747031429776
1.0,577,51,249,0,0.882,2.2460245176441456,0.8088451964906004
1.0,577,61,239,1,0.888,2.297091666007096,0.8467816494918808
1.0,577,71,229,0,0.892,2.3190955387295777,0.8453566078112514
1.0,577,101,199,0,0.874,2.215577649970209,0.8367927391377353
1.0,577,150,150,0,0.894,2.329618297695895,0.8114273920166198
1.0,577,201,99,0,0.874,2.210333544398369,0.8432477574522182
1.0,577,251,49,0,0.898,2.330493368627792,0.8271820280398007
1.0,578,21,279,0,0.884,2.355252432850682,0.6770085420866803
1.0,578,51,249,0,0.882,2.3020380782552814,0.7522049657909696
1.0,578,61,239,1,0.882,2.3051954089689657,0.7407259393723858
1.0,578,71,229,0,0.884,2.3156653735280703,0.7428890214256114
1.0,578,101,199,0,0.886,2.348207684782545,0.7707439360692655
1.0,578,150,150,0,0.904,2.496274069763911,0.7895507683019136
1.0,578,201,99,0,0.884,2.351353788909902,0.7891623928972868
1.0,578,251,49,0,0.896,2.4068784235395486,0.7844039660084001
1.0,579,21,279,0,0.856,2.1718855045698517,0.7731850298289761
1.0,579,51,249,0,0.858,2.210598681510847,0.7529229757223769
1.0,579,61,239,1,0.858,2.2126618854341458,0.7555026078584072
1.0,579,71,229,0,0.856,2.1961033434944066,0.7651963740962031
1.0,579,101,199,0,0.858,2.205859103384894,0.7614902662153155
1.0,579,150,150,0,0.86,2.274782730694376,0.7764685569326516
1.0,579,201,99,0,0.862,2.25934061519522,0.7712598170322369
1.0,579,251,49,0,0.926,3.077371573982211,0.7640198494738887
1.0,580,21,279,0,0.918,2.5508953022695144,0.8362010465574896
1.0,580,51,249,0,0.906,2.4015115566619336,0.8084535944377048
1.0,580,61,239,1,0.914,2.563896077263665,0.7954264874421876
1.0,580,71,229,0,0.914,2.550665044318977,0.7912263223867733
1.0,580,101,199,0,0.934,2.7991052046285203,0.7918016815199772
1.0,580,150,150,0,0.928,2.6846889730439516,0.7898547390185545
1.0,580,201,99,0,0.944,3.006655932439138,0.8044376091128002
1.0,580,251,49,0,0.834,1.998779011861382,0.7970822243867728
1.0,581,21,279,0,0.882,2.4379322692120233,0.6803596314837543
1.0,581,51,249,0,0.88,2.388967648032291,0.8166545586119497
1.0,581,61,239,1,0.88,2.378372789883623,0.8170474201304705
1.0,581,71,229,0,0.886,2.439654477178991,0.7993180283508248
1.0,581,101,199,0,0.888,2.403351825296896,0.7839465041060141
1.0,581,150,150,0,0.878,2.34267583318018,0.7633514647916806
1.0,581,201,99,0,0.91,2.6977799483007274,0.7668794400869069
1.0,581,251,49,0,0.906,2.677788460508881,0.7788742189136343
1.0,582,21,279,0,0.886,2.163918286757213,0.8793337805405038
1.0,582,51,249,0,0.872,2.068514251979922,0.8234254345683641
1.0,582,61,239,1,0.884,2.116145325688509,0.8056304355787407
1.0,582,71,229,0,0.89,2.166314540406458,0.7867698176496902
1.0,582,101,199,0,0.89,2.17829260106551,0.7796962216613836
1.0,582,150,150,0,0.898,2.235059843735582,0.7716617034241506
1.0,582,201,99,0,0.906,2.3149286979929893,0.7638124434715214
1.0,582,251,49,0,0.858,2.009232692918212,0.7624129742324749
1.0,583,21,279,0,0.914,2.640530752011771,0.7574294893915341
1.0,583,51,249,0,0.928,2.708608032826503,0.7942497545958516
1.0,583,61,239,1,0.93,2.701021347927363,0.7772597688844428
1.0,583,71,229,0,0.926,2.6671744169571405,0.7897575923619143
1.0,583,101,199,0,0.926,2.6810975196138256,0.7860561222868044
1.0,583,150,150,0,0.918,2.6324358941670924,0.7702852046001838
1.0,583,201,99,0,0.866,2.30782152790716,0.7753008674442337
1.0,583,251,49,0,0.86,2.1960035921497054,0.7861600371109089
1.0,584,21,279,0,0.914,2.5490388993396644,0.7672848273256713
1.0,584,51,249,0,0.894,2.4191507452466823,0.8324572357733643
1.0,584,61,239,1,0.894,2.4256684500108547,0.8291824902305429
1.0,584,71,229,0,0.892,2.3198136791005526,0.8294410103666217
1.0,584,101,199,0,0.898,2.3513196734469792,0.8029635950038534
1.0,584,150,150,0,0.902,2.482652781883818,0.8005795807619847
1.0,584,201,99,0,0.908,2.565801577656769,0.800173222409459
1.0,584,251,49,0,0.908,2.566195950641426,0.8059336047735333
1.0,585,21,279,0,0.946,2.7455957914598486,0.8324492950419761
1.0,585,51,249,0,0.946,2.75255391122292,0.8225134520287626
1.0,585,61,239,1,0.942,2.6439679242503433,0.8051710054463029
1.0,585,71,229,0,0.942,2.6492204873944245,0.8031639329302106
1.0,585,101,199,0,0.932,2.4807792586819417,0.7809650926777798
1.0,585,150,150,0,0.934,2.5062190094953207,0.7906536615035812
1.0,585,201,99,0,0.946,2.7494812932413053,0.8088400134370751
1.0,585,251,49,0,0.942,2.639926843337209,0.8146420821051313
1.0,586,21,279,0,0.864,2.1661498873172484,0.8097094105061402
1.0,586,51,249,0,0.862,2.1467658693472687,0.820079585508661
1.0,586,61,239,1,0.852,2.1211235690147716,0.7975009068092643
1.0,586,71,229,0,0.852,2.133893040696768,0.7894880551556458
1.0,586,101,199,0,0.852,2.132971353243736,0.789968530910486
1.0,586,150,150,0,0.884,2.3275046168162246,0.7739501228230791
1.0,586,201,99,0,0.848,2.066268778412493,0.7701496406072342
1.0,586,251,49,0,0.848,2.0622489358397442,0.7685603183619002
1.0,587,21,279,0,0.914,2.605499667950375,0.7829308606153446
1.0,587,51,249,0,0.904,2.6009938965626107,0.8623613825349113
1.0,587,61,239,1,0.916,2.6692655223828186,0.8628056961876477
1.0,587,71,229,0,0.914,2.6732312406749523,0.8690237786899804
1.0,587,101,199,0,0.916,2.6638125866584974,0.8556569114661517
1.0,587,150,150,0,0.912,2.622460658244103,0.8229960472850872
1.0,587,201,99,0,0.914,2.609360806586466,0.8114977748924852
1.0,587,251,49,0,0.906,2.5415952364400782,0.8088690252868583
1.0,588,21,279,0,0.874,2.1428635974919326,0.8612531502349169
1.0,588,51,249,0,0.862,2.0382112153496412,0.8329851829191142
1.0,588,61,239,1,0.86,2.004286305502694,0.8282129577234845
1.0,588,71,229,0,0.852,1.9664627833510797,0.8089519551420378
1.0,588,101,199,0,0.848,1.9228623780628018,0.8356737391463326
1.0,588,150,150,0,0.868,2.110857984934401,0.8284195920076677
1.0,588,201,99,0,0.872,2.1608208963256113,0.8254821088618396
1.0,588,251,49,0,0.868,2.1260134857752746,0.8265742970648328
1.0,589,21,279,0,0.922,2.730186465250768,0.7450001867472061
1.0,589,51,249,0,0.922,2.7474755704938914,0.7384068037841791
1.0,589,61,239,1,0.924,2.7512668351076845,0.736956502594407
1.0,589,71,229,0,0.922,2.6929623325699508,0.7476577383682262
1.0,589,101,199,0,0.914,2.4827881283872317,0.7871076060538095
1.0,589,150,150,0,0.9,2.3304084649175327,0.7869495047541731
1.0,589,201,99,0,0.918,2.629551142731815,0.7834822090404313
1.0,589,251,49,0,0.942,3.205679935617617,0.7736543832506115
1.0,590,21,279,0,0.914,2.4759862146421687,0.760820368043425
1.0,590,51,249,0,0.914,2.45784470342643,0.7780654024141422
1.0,590,61,239,1,0.922,2.5709200853572827,0.7778102968482012
1.0,590,71,229,0,0.922,2.597428204142409,0.7947898383165446
1.0,590,101,199,0,0.922,2.6192539095078384,0.8089884402404088
1.0,590,150,150,0,0.916,2.577853756278763,0.8046157677730774
1.0,590,201,99,0,0.914,2.568402292906684,0.8093847532082035
1.0,590,251,49,0,0.934,2.7642187164425693,0.8044749167048194
1.0,591,21,279,0,0.912,2.465672448260015,0.8313898148039938
1.0,591,51,249,0,0.906,2.3892144459574367,0.8169670075791342
1.0,591,61,239,1,0.906,2.4036938098960987,0.8206394740652421
1.0,591,71,229,0,0.908,2.427404615771001,0.8220534591834397
1.0,591,101,199,0,0.896,2.3186388357792436,0.8039858382927251
1.0,591,150,150,0,0.892,2.3025767627189198,0.7990679023484408
1.0,591,201,99,0,0.874,2.150127280736382,0.8086660367674647
1.0,591,251,49,0,0.852,1.9482819546707335,0.805572002692883
1.0,592,21,279,0,0.916,2.4744046635882344,0.8486112020805736
1.0,592,51,249,0,0.916,2.472495073077459,0.8238362741609792
1.0,592,61,239,1,0.91,2.4703386877531903,0.8026767697908715
1.0,592,71,229,0,0.924,2.6062055309550334,0.8108976657521019
1.0,592,101,199,0,0.936,2.768274520084135,0.851547823180397
1.0,592,150,150,0,0.928,2.667221728655185,0.7934664395990356
1.0,592,201,99,0,0.94,2.761324804344479,0.7883631784557469
1.0,592,251,49,0,0.95,3.263970717618087,0.8011043906857417
1.0,593,21,279,0,0.9,2.5158208077014135,0.7772891601797073
1.0,593,51,249,0,0.898,2.5319683019040955,0.7858740894847008
1.0,593,61,239,1,0.904,2.540784964160304,0.7795243884421381
1.0,593,71,229,0,0.888,2.4195036471347877,0.7625798014497265
1.0,593,101,199,0,0.908,2.6434060401371724,0.7694981001703927
1.0,593,150,150,0,0.906,2.6112216727902022,0.8051254546319219
1.0,593,201,99,0,0.858,2.278922668419622,0.8129951984616305
1.0,593,251,49,0,0.79,1.8933787879640922,0.820552223632293
1.0,594,21,279,0,0.91,2.5055947367202935,0.8113146255277776
1.0,594,51,249,0,0.916,2.57533615248562,0.7679821438431514
1.0,594,61,239,1,0.902,2.5070776411925153,0.7505740126560644
1.0,594,71,229,0,0.904,2.508752153203744,0.7614660497065202
1.0,594,101,199,0,0.914,2.548301201154754,0.7928554142437083
1.0,594,150,150,0,0.914,2.5400826919449684,0.7963929439970329
1.0,594,201,99,0,0.868,2.221940554903533,0.8006307456063075
1.0,594,251,49,0,0.914,2.5664387917543543,0.796880265640627
1.0,595,21,279,0,0.91,2.526124822468803,0.8770438811541214
1.0,595,51,249,0,0.91,2.5687700940113842,0.7952892435223665
1.0,595,61,239,1,0.906,2.4678327991151323,0.78901922367882
1.0,595,71,229,0,0.91,2.5344291454256,0.807361886587049
1.0,595,101,199,0,0.91,2.5253491337858995,0.8105511884296079
1.0,595,150,150,0,0.866,2.0852431729191094,0.8193126493878135
1.0,595,201,99,0,0.906,2.4534340762648035,0.79841810928761
1.0,595,251,49,0,0.906,2.443972711719016,0.8045031584134423
1.0,596,21,279,0,0.882,2.4124923979927373,0.7904237922196541
1.0,596,51,249,0,0.896,2.5548412506510805,0.8491274601433605
1.0,596,61,239,1,0.892,2.460773535187245,0.8208758777368997
1.0,596,71,229,0,0.892,2.469916499197062,0.8145760838831292
1.0,596,101,199,0,0.9,2.6219212918543615,0.8201501622683744
1.0,596,150,150,0,0.908,2.6528280420062607,0.8348097469041692
1.0,596,201,99,0,0.876,2.328042934172869,0.8269507215855733
1.0,596,251,49,0,0.93,3.0289427632322403,0.812786315361259
1.0,597,21,279,0,0.932,2.530419364308663,0.8087229371203954
1.0,597,51,249,0,0.93,2.4831415853904537,0.831794269086111
1.0,597,61,239,1,0.928,2.468117184367083,0.8433087751006952
1.0,597,71,229,0,0.926,2.447705107906249,0.8196963460537348
1.0,597,101,199,0,0.922,2.35649865894875,0.8082213258521331
1.0,597,150,150,0,0.902,2.127928363925709,0.816153741077156
1.0,597,201,99,0,0.88,2.015965588553055,0.7844167879560718
1.0,597,251,49,0,0.862,1.94922035064365,0.7927474733526503
1.0,598,21,279,0,0.872,2.2519900121304874,0.7698245531420553
1.0,598,51,249,0,0.848,2.057028599476997,0.8244916989836556
1.0,598,61,239,1,0.85,2.1021264832963356,0.8067249045118131
1.0,598,71,229,0,0.846,2.0543829962172144,0.8288668211104716
1.0,598,101,199,0,0.85,2.1003164994202326,0.8073439352937237
1.0,598,150,150,0,0.85,2.0737643654835347,0.7938297211290883
1.0,598,201,99,0,0.87,2.215676072752778,0.7887786425902154
1.0,598,251,49,0,0.924,2.965202246707366,0.787933942361681
1.0,599,21,279,0,0.876,2.0749739697112877,0.8272312467877797
1.0,599,51,249,0,0.892,2.2282271873921,0.8405026329982137
1.0,599,61,239,1,0.892,2.225218785394185,0.8396748645631923
1.0,599,71,229,0,0.892,2.279207674114771,0.8216419428384458
1.0,599,101,199,0,0.894,2.2647063603905164,0.8136230205536256
1.0,599,150,150,0,0.884,2.145758556933011,0.8036544390910871
1.0,599,201,99,0,0.846,1.9083347710445955,0.802136584702215
1.0,599,251,49,0,0.884,2.1477433936818,0.8005893865817134
1.0,600,21,279,0,0.922,2.532557045430181,0.6846101019074303
1.0,600,51,249,0,0.926,2.50150703733518,0.7611193758584984
1.0,600,61,239,1,0.924,2.5223941792891282,0.7836020558320184
1.0,600,71,229,0,0.924,2.514096833085756,0.7748098189431664
1.0,600,101,199,0,0.928,2.568073156667303,0.7914091424056771
1.0,600,150,150,0,0.926,2.5383141602179613,0.792237834502575
1.0,600,201,99,0,0.942,2.813309350957635,0.7886697554021513
1.0,600,251,49,0,0.93,2.6130742578593407,0.7977486955368174
1.0,601,21,279,0,0.92,2.5093496103565722,0.769027998682297
1.0,601,51,249,0,0.924,2.5526956873790296,0.8189054505931135
1.0,601,61,239,1,0.926,2.5614626443387594,0.8135037658558392
1.0,601,71,229,0,0.932,2.5821869771537798,0.8400561506213295
1.0,601,101,199,0,0.924,2.527031718838711,0.8313800365072113
1.0,601,150,150,0,0.924,2.5046228589302473,0.8163510303391954
1.0,601,201,99,0,0.934,2.598236053031589,0.8316666532057724
1.0,601,251,49,0,0.96,3.2076282968749537,0.8245113578323262
1.0,602,21,279,0,0.876,2.2229882156133853,0.7774286351544729
1.0,602,51,249,0,0.88,2.3056892666570756,0.7311437234946765
1.0,602,61,239,1,0.876,2.2385976918447223,0.7108668687319188
1.0,602,71,229,0,0.88,2.288613437967833,0.7386546047037738
1.0,602,101,199,0,0.9,2.4388424637071284,0.7803261512799875
1.0,602,150,150,0,0.876,2.2408408138528353,0.7770855179459806
1.0,602,201,99,0,0.9,2.478173241180193,0.7722151455534668
1.0,602,251,49,0,0.946,2.786525956871139,0.7725720579935255
1.0,603,21,279,0,0.906,2.5030756849184743,0.7537214520947448
1.0,603,51,249,0,0.9,2.450041341547876,0.7886662204081373
1.0,603,61,239,1,0.884,2.357740893198017,0.8103186215801326
1.0,603,71,229,0,0.884,2.357587860457359,0.811475474867484
1.0,603,101,199,0,0.9,2.4628819161989233,0.7976424067000045
1.0,603,150,150,0,0.882,2.306606511251727,0.7971008891015876
1.0,603,201,99,0,0.926,2.85324444613161,0.7938256979704492
1.0,603,251,49,0,0.904,2.518892291434751,0.8048436811046354
1.0,604,21,279,0,0.898,2.398728051486708,0.7996925761584189
1.0,604,51,249,0,0.9,2.4246897739178856,0.7990857386318119
1.0,604,61,239,1,0.9,2.422957503640856,0.801024877755798
1.0,604,71,229,0,0.898,2.413365286172499,0.8051117341436796
1.0,604,101,199,0,0.908,2.507177186804054,0.7701593467260985
1.0,604,150,150,0,0.908,2.504154989991019,0.7712197714618504
1.0,604,201,99,0,0.928,2.707093816135254,0.7623470927470123
1.0,604,251,49,0,0.978,3.996917990883147,0.7943403436496681
1.0,605,21,279,0,0.904,2.4644782862516013,0.7881189994751091
1.0,605,51,249,0,0.916,2.5294427906191794,0.8253781915114659
1.0,605,61,239,1,0.914,2.526673529223105,0.8077702228224409
1.0,605,71,229,0,0.9,2.4163372824720817,0.788223237382822
1.0,605,101,199,0,0.916,2.5479016761678706,0.8053465744138003
1.0,605,150,150,0,0.922,2.60425337858893,0.8122428036041143
1.0,605,201,99,0,0.902,2.4163646715862552,0.8143433573051605
1.0,605,251,49,0,0.808,1.8471274847801242,0.8085862477134218
1.0,606,21,279,0,0.902,2.700387192847051,0.7390080593408744
1.0,606,51,249,0,0.898,2.687349882543203,0.7223113135729066
1.0,606,61,239,1,0.88,2.5278692603607857,0.7321452563693407
1.0,606,71,229,0,0.88,2.5046585645286483,0.7318746539068948
1.0,606,101,199,0,0.88,2.491779580395323,0.7510708189185039
1.0,606,150,150,0,0.878,2.4763563377549915,0.7734552634962664
1.0,606,201,99,0,0.9,2.626767793469863,0.7919601696235832
1.0,606,251,49,0,0.888,2.562614474438806,0.7957333967101261
1.0,607,21,279,0,0.888,2.2982018570989027,0.7666077291243335
1.0,607,51,249,0,0.876,2.2019183587116404,0.7977289889623153
1.0,607,61,239,1,0.874,2.201246658074244,0.7971483297075946
1.0,607,71,229,0,0.874,2.214971741344646,0.7896024208395435
1.0,607,101,199,0,0.868,2.183385907922867,0.7818838344364871
1.0,607,150,150,0,0.886,2.2937572214844226,0.7841892052381122
1.0,607,201,99,0,0.934,2.779991988658318,0.8040285019009237
1.0,607,251,49,0,0.95,3.031823982435103,0.8139233823511806
1.0,608,21,279,0,0.868,2.2872524111553747,0.6814256082222464
1.0,608,51,249,0,0.878,2.3885603516687226,0.6893919710284954
1.0,608,61,239,1,0.878,2.396636027221346,0.7151882253367762
1.0,608,71,229,0,0.88,2.4067253527039365,0.721647117676584
1.0,608,101,199,0,0.892,2.4103981197784567,0.7837512771077878
1.0,608,150,150,0,0.896,2.459447136932543,0.8086540482878793
1.0,608,201,99,0,0.896,2.495377166991455,0.7877933074839808
1.0,608,251,49,0,0.92,2.720280704506067,0.7844820264453514
1.0,609,21,279,0,0.908,2.5088885159320657,0.8892551288429241
1.0,609,51,249,0,0.886,2.347187678217224,0.8686408290969323
1.0,609,61,239,1,0.9,2.3925972834808524,0.8464306299235884
1.0,609,71,229,0,0.9,2.4249499792349156,0.8436423887438123
1.0,609,101,199,0,0.926,2.5902465193668585,0.8005243065147302
1.0,609,150,150,0,0.926,2.6374363310864144,0.8114714171071292
1.0,609,201,99,0,0.898,2.354264314617538,0.8137854488625248
1.0,609,251,49,0,0.902,2.3927612441114317,0.8010656458587208
1.0,610,21,279,0,0.902,2.300256757694748,0.8315371093683119
1.0,610,51,249,0,0.898,2.2275720660641443,0.7905477972142132
1.0,610,61,239,1,0.906,2.253540701754292,0.8047729666824821
1.0,610,71,229,0,0.898,2.2056983511008146,0.7952051008007432
1.0,610,101,199,0,0.88,2.1036255829826187,0.7822817918176018
1.0,610,150,150,0,0.91,2.3789584214376562,0.7823853700593235
1.0,610,201,99,0,0.858,2.005394768461276,0.7976726625752931
1.0,610,251,49,0,0.86,2.017256258435283,0.7845383376087924
1.0,611,21,279,0,0.894,2.541001500395888,0.7581221505699702
1.0,611,51,249,0,0.894,2.5436470196559395,0.7622389880670268
1.0,611,61,239,1,0.892,2.5062686829842202,0.786829431913806
1.0,611,71,229,0,0.886,2.4278681622429805,0.7899190617963556
1.0,611,101,199,0,0.892,2.49667941883041,0.7915636982710766
1.0,611,150,150,0,0.886,2.4495204846508636,0.8148941465535368
1.0,611,201,99,0,0.918,2.7875616066124698,0.8209998024728412
1.0,611,251,49,0,0.918,2.7796138793399803,0.8237069398171152
1.0,612,21,279,0,0.888,2.329926649357407,0.7915432941225237
1.0,612,51,249,0,0.882,2.2772434503745114,0.8089956640583102
1.0,612,61,239,1,0.886,2.294745078202167,0.8193162891659171
1.0,612,71,229,0,0.884,2.2775029904432578,0.8094987375454503
1.0,612,101,199,0,0.882,2.2577476429768377,0.8096543690679995
1.0,612,150,150,0,0.882,2.260426210149835,0.8038214169231686
1.0,612,201,99,0,0.878,2.217846937690355,0.801192731457771
1.0,612,251,49,0,0.89,2.370370027269564,0.7953151627336922
1.0,613,21,279,0,0.916,2.6232003721929704,0.7203722241016791
1.0,613,51,249,0,0.92,2.61860451901724,0.7455062669044655
1.0,613,61,239,1,0.922,2.6777902690038737,0.7469249474356178
1.0,613,71,229,0,0.922,2.6355496549690667,0.7638580019852175
1.0,613,101,199,0,0.916,2.538706113315611,0.7758871563633971
1.0,613,150,150,0,0.914,2.4992562993656384,0.7710574054492849
1.0,613,201,99,0,0.898,2.3494945030154977,0.7868725399961585
1.0,613,251,49,0,0.926,2.7836615253154466,0.7973862154395154
1.0,614,21,279,0,0.906,2.5291080907733274,0.8344116105712781
1.0,614,51,249,0,0.902,2.4788171371434164,0.8277341455338367
1.0,614,61,239,1,0.902,2.4990956483357096,0.8361010915991282
1.0,614,71,229,0,0.904,2.5015014014625887,0.8388299858476198
1.0,614,101,199,0,0.914,2.6214232083241567,0.8241365676314523
1.0,614,150,150,0,0.924,2.793601689571212,0.808477170910567
1.0,614,201,99,0,0.912,2.6217564429566447,0.8197734476777002
1.0,614,251,49,0,0.902,2.48844689385458,0.8239939420279967
1.0,615,21,279,0,0.844,2.0688331446785835,0.7281368685659702
1.0,615,51,249,0,0.82,1.9019212836790678,0.8160018359885975
1.0,615,61,239,1,0.832,1.9884672500931118,0.8159261405992783
1.0,615,71,229,0,0.834,2.003847617809942,0.8103224826063267
1.0,615,101,199,0,0.852,2.129252625986354,0.7965054991287639
1.0,615,150,150,0,0.894,2.427177123239885,0.8137177284002569
1.0,615,201,99,0,0.884,2.3479238243670135,0.8412688689216123
1.0,615,251,49,0,0.86,2.216252724090057,0.8307545101686815
1.0,616,21,279,0,0.954,3.07859226088938,0.6395013271754243
1.0,616,51,249,0,0.942,2.7335779047976003,0.7814563911168089
1.0,616,61,239,1,0.942,2.7252581158173217,0.784362557891323
1.0,616,71,229,0,0.95,2.8126861764190725,0.7539950088681483
1.0,616,101,199,0,0.952,2.8431128814446947,0.7765456543254023
1.0,616,150,150,0,0.938,2.6786147211652014,0.7851398878725045
1.0,616,201,99,0,0.938,2.691651079434853,0.7616439924503953
1.0,616,251,49,0,0.962,3.145485326172005,0.7773025933862366
1.0,617,21,279,0,0.892,2.4379077656804427,0.9048055715766348
1.0,617,51,249,0,0.906,2.561406146921547,0.904216415013744
1.0,617,61,239,1,0.9,2.493611176415081,0.8803567557689804
1.0,617,71,229,0,0.9,2.468548629768212,0.8550474908790064
1.0,617,101,199,0,0.898,2.422855890430307,0.8434378360800251
1.0,617,150,150,0,0.88,2.2555720357733424,0.8210437079417574
1.0,617,201,99,0,0.896,2.3650818914465477,0.8323465952030139
1.0,617,251,49,0,0.936,2.8593010872267293,0.8182706223486479
1.0,618,21,279,0,0.89,2.3776589855983143,0.8535610483950332
1.0,618,51,249,0,0.886,2.2649595771008433,0.7992151622775304
1.0,618,61,239,1,0.884,2.267280338137031,0.7968240614902697
1.0,618,71,229,0,0.888,2.287546519192775,0.8166143243677773
1.0,618,101,199,0,0.9,2.4040303887630037,0.7882596532844526
1.0,618,150,150,0,0.898,2.4092742616251837,0.7719351152350408
1.0,618,201,99,0,0.892,2.2801776670520137,0.7831254728382238
1.0,618,251,49,0,0.878,2.227988117532918,0.7851264558469583
1.0,619,21,279,0,0.924,2.386846006768499,0.7973026770220761
1.0,619,51,249,0,0.926,2.404906950863833,0.7633926111960002
1.0,619,61,239,1,0.924,2.4038216905147083,0.7852449009300745
1.0,619,71,229,0,0.928,2.4240214605754455,0.7844725185839176
1.0,619,101,199,0,0.924,2.3900230853297906,0.774368857301871
1.0,619,150,150,0,0.93,2.4799897049946305,0.7885566920488358
1.0,619,201,99,0,0.932,2.5664678452184537,0.7911511230830303
1.0,619,251,49,0,0.928,2.4407564386191556,0.7910057584369645
1.0,620,21,279,0,0.96,2.5955096683630328,0.7681124357534552
1.0,620,51,249,0,0.954,2.520903054446621,0.7975794944971546
1.0,620,61,239,1,0.958,2.5779521153053184,0.7963560865266506
1.0,620,71,229,0,0.962,2.5947600264216852,0.7869088410215008
1.0,620,101,199,0,0.964,2.6621807526539487,0.7859012420868134
1.0,620,150,150,0,0.964,2.820611547193941,0.7846215618685567
1.0,620,201,99,0,0.962,2.640067406223463,0.7778042753883591
1.0,620,251,49,0,0.968,2.957612114717039,0.7897800604899771
1.0,621,21,279,0,0.918,2.7827724196771206,0.5524148647539622
1.0,621,51,249,0,0.928,2.760339651376807,0.6484372229186232
1.0,621,61,239,1,0.93,2.7060215985536487,0.6778268920847444
1.0,621,71,229,0,0.928,2.6745709381155773,0.7005802210827644
1.0,621,101,199,0,0.924,2.610948399791286,0.726731072460374
1.0,621,150,150,0,0.93,2.7009254625623287,0.7496668670923776
1.0,621,201,99,0,0.96,3.1860881575826463,0.7728830491803126
1.0,621,251,49,0,0.984,3.855023014239116,0.781409607793831
1.0,622,21,279,0,0.916,2.6392722887975544,0.7836271622426775
1.0,622,51,249,0,0.894,2.4723291582068425,0.7800726597104041
1.0,622,61,239,1,0.876,2.365750888355259,0.7943711346894781
1.0,622,71,229,0,0.864,2.2766306800344136,0.7788082363656579
1.0,622,101,199,0,0.862,2.2769869427805354,0.7706315847001635
1.0,622,150,150,0,0.878,2.378354313293036,0.778809218381556
1.0,622,201,99,0,0.914,2.641386955930306,0.7751479982631491
1.0,622,251,49,0,0.934,2.9726308650519373,0.7688692361045465
1.0,623,21,279,0,0.932,2.798566559756192,0.7089721889388397
1.0,623,51,249,0,0.944,2.8996581892094664,0.7693157687175157
1.0,623,61,239,1,0.94,2.8842213333526523,0.7768200714551766
1.0,623,71,229,0,0.942,2.913158407629826,0.7835899293222365
1.0,623,101,199,0,0.928,2.695790315320613,0.7744715006526213
1.0,623,150,150,0,0.894,2.321436826973165,0.7634576248777444
1.0,623,201,99,0,0.894,2.3430599522731725,0.7723820833949921
1.0,623,251,49,0,0.966,3.2971838848511124,0.7664196242098131
1.0,624,21,279,0,0.912,2.4755514548833206,0.7648075633825439
1.0,624,51,249,0,0.91,2.4694425137213334,0.7582913347050305
1.0,624,61,239,1,0.914,2.515841185117305,0.7648283190730043
1.0,624,71,229,0,0.914,2.562028869641954,0.780468960669609
1.0,624,101,199,0,0.914,2.5592933202314287,0.7853605088234047
1.0,624,150,150,0,0.914,2.5230711914496626,0.798089459061628
1.0,624,201,99,0,0.864,2.1217631658386074,0.7777927358905975
1.0,624,251,49,0,0.842,1.9111187325546333,0.7940562429857289
1.0,625,21,279,0,0.878,2.425359905581988,0.67620352743544
1.0,625,51,249,0,0.868,2.391700730539329,0.7314164826009607
1.0,625,61,239,1,0.878,2.444156938630392,0.7531247960559222
1.0,625,71,229,0,0.882,2.4729568071902133,0.7388096260902218
1.0,625,101,199,0,0.878,2.4209337806079185,0.7817499829401742
1.0,625,150,150,0,0.908,2.696841558219475,0.8088245948767423
1.0,625,201,99,0,0.914,2.801041725208633,0.8193918495293999
1.0,625,251,49,0,0.88,2.4810774779863496,0.8076614809292315
1.0,626,21,279,0,0.91,2.4611262954095245,0.7232264149728056
1.0,626,51,249,0,0.904,2.380109434753535,0.7838133443874823
1.0,626,61,239,1,0.904,2.375768368315956,0.7633662724348232
1.0,626,71,229,0,0.902,2.3829384776004265,0.7546330415633865
1.0,626,101,199,0,0.902,2.382298354028451,0.753217737650891
1.0,626,150,150,0,0.9,2.3868998526255627,0.7460856170009422
1.0,626,201,99,0,0.912,2.4708409280153227,0.7639377583394078
1.0,626,251,49,0,0.916,2.4496703550501744,0.7846166753772218
1.0,627,21,279,0,0.926,2.6020295199235397,0.8703422094775971
1.0,627,51,249,0,0.93,2.6425817714894215,0.8284603551580455
1.0,627,61,239,1,0.942,2.7271656749324076,0.8065985698477284
1.0,627,71,229,0,0.942,2.780094501686282,0.7827444053109507
1.0,627,101,199,0,0.95,2.909162725755357,0.7783467002053744
1.0,627,150,150,0,0.954,3.076976125572518,0.7710912508031879
1.0,627,201,99,0,0.954,3.101101099915547,0.775423960882495
1.0,627,251,49,0,0.97,3.420913999770718,0.7811283606253394
1.0,628,21,279,0,0.902,2.2794756985323956,0.752815148527666
1.0,628,51,249,0,0.888,2.1770889364582326,0.767464248342554
1.0,628,61,239,1,0.888,2.1757040118091986,0.7495648351169787
1.0,628,71,229,0,0.898,2.247331297977056,0.7588360797360332
1.0,628,101,199,0,0.902,2.303234386601165,0.8062233282211685
1.0,628,150,150,0,0.918,2.488966656487793,0.7882160774932595
1.0,628,201,99,0,0.928,2.5976315558033702,0.8007139005557956
1.0,628,251,49,0,0.9,2.2612710327293333,0.7932927778355027
1.0,629,21,279,0,0.872,2.3350855640133834,0.7409148393861581
1.0,629,51,249,0,0.844,2.106684398394326,0.7841633669862353
1.0,629,61,239,1,0.846,2.1359674652106437,0.777704026182825
1.0,629,71,229,0,0.842,2.078175491654797,0.7650098185622402
1.0,629,101,199,0,0.842,2.0953335942603637,0.7784450113812197
1.0,629,150,150,0,0.844,2.103601252411528,0.7537641162304446
1.0,629,201,99,0,0.822,1.9385077904306385,0.7883306638067865
1.0,629,251,49,0,0.792,1.7637382657122698,0.7853328019038177
1.0,630,21,279,0,0.896,2.619621809735997,0.7553211636158771
1.0,630,51,249,0,0.888,2.5289950416389253,0.7369643823706699
1.0,630,61,239,1,0.892,2.582888512505654,0.745251616593835
1.0,630,71,229,0,0.884,2.5165977882042156,0.7490941010152713
1.0,630,101,199,0,0.894,2.6128913131668052,0.7673212927190475
1.0,630,150,150,0,0.876,2.4090617605670785,0.772930659059489
1.0,630,201,99,0,0.874,2.3700817707904918,0.7682337291582706
1.0,630,251,49,0,0.86,2.275691562253568,0.7882893184341203
1.0,631,21,279,0,0.876,2.3401320462119157,0.8497039508751113
1.0,631,51,249,0,0.862,2.253457776530274,0.8207347408968046
1.0,631,61,239,1,0.862,2.239926919881447,0.8378657684036657
1.0,631,71,229,0,0.862,2.2497484222262982,0.8306250705400765
1.0,631,101,199,0,0.872,2.29287278075342,0.7993607565103178
1.0,631,150,150,0,0.85,2.142173659689628,0.7957870906029099
1.0,631,201,99,0,0.872,2.2940676627504346,0.7836652006561159
1.0,631,251,49,0,0.88,2.3465262098710973,0.7705583328571641
1.0,632,21,279,0,0.888,2.2670197972545942,0.7853840997373411
1.0,632,51,249,0,0.898,2.3123376943440057,0.7873343422976621
1.0,632,61,239,1,0.9,2.3258636633180205,0.7931469584402561
1.0,632,71,229,0,0.892,2.3147259598434746,0.8116257913575695
1.0,632,101,199,0,0.898,2.3326853362293214,0.8204140285887399
1.0,632,150,150,0,0.898,2.338775078286705,0.823278575475045
1.0,632,201,99,0,0.892,2.2996779254251516,0.8038369986672366
1.0,632,251,49,0,0.828,1.9884430443238452,0.7944173006777951
1.0,633,21,279,0,0.918,2.4376492061001955,0.7926643914935287
1.0,633,51,249,0,0.918,2.436974917657419,0.794039313083681
1.0,633,61,239,1,0.918,2.437342123487303,0.7932910598663869
1.0,633,71,229,0,0.934,2.548138720960137,0.7804367969288029
1.0,633,101,199,0,0.934,2.552592562553419,0.7775633760675565
1.0,633,150,150,0,0.946,2.6970763264588475,0.7840708428803655
1.0,633,201,99,0,0.95,2.790715080165553,0.7745188879855793
1.0,633,251,49,0,0.964,3.0767599793900278,0.7979097731433381
1.0,634,21,279,0,0.886,2.3832677222718694,0.8688829997429782
1.0,634,51,249,0,0.884,2.3863759495986474,0.8290597861144267
1.0,634,61,239,1,0.892,2.4339478349154704,0.8252784894357142
1.0,634,71,229,0,0.886,2.3592291478837786,0.8119867379083019
1.0,634,101,199,0,0.912,2.6314017056068852,0.7991301617675489
1.0,634,150,150,0,0.896,2.4469930459623472,0.7960208725621378
1.0,634,201,99,0,0.884,2.3383120187903725,0.8046386504607345
1.0,634,251,49,0,0.856,2.089260357891906,0.7998424901334713
1.0,635,21,279,0,0.894,2.2686144906908092,0.7853762355049265
1.0,635,51,249,0,0.898,2.309342268204661,0.7425134949950412
1.0,635,61,239,1,0.898,2.319942890267843,0.7476816778004233
1.0,635,71,229,0,0.898,2.314745109097284,0.7417279488860908
1.0,635,101,199,0,0.906,2.407891041471214,0.7410471277206097
1.0,635,150,150,0,0.904,2.404341712602005,0.738802644703392
1.0,635,201,99,0,0.894,2.247035791798184,0.7393340909548005
1.0,635,251,49,0,0.912,2.5323854158906625,0.7611682505009386
1.0,636,21,279,0,0.902,2.4510764857708147,0.8127261920417684
1.0,636,51,249,0,0.902,2.443305805816063,0.8188590684336016
1.0,636,61,239,1,0.898,2.429680229816949,0.802524658989317
1.0,636,71,229,0,0.9,2.4245852837177253,0.8074073258703521
1.0,636,101,199,0,0.898,2.409112993210304,0.8223157191505077
1.0,636,150,150,0,0.938,2.7251271540065343,0.8149418707733754
1.0,636,201,99,0,0.904,2.4718457391490785,0.8081478666495181
1.0,636,251,49,0,0.942,2.8628373224581356,0.8051456483526764
1.0,637,21,279,0,0.886,2.245524490720539,0.825034521530079
1.0,637,51,249,0,0.888,2.2777788058408204,0.8101993953837843
1.0,637,61,239,1,0.892,2.3010712389980448,0.8057157913480112
1.0,637,71,229,0,0.896,2.3163914030735167,0.7953864001683826
1.0,637,101,199,0,0.898,2.323122477785433,0.7902425508804917
1.0,637,150,150,0,0.898,2.3205004570475514,0.7902811069338778
1.0,637,201,99,0,0.862,2.077121191626554,0.804900183602398
1.0,637,251,49,0,0.898,2.3223130003478243,0.7887914641374056
1.0,638,21,279,0,0.916,2.4715623232537727,0.8720234322575792
1.0,638,51,249,0,0.914,2.4370258670624536,0.8494289158755978
1.0,638,61,239,1,0.91,2.378181927608862,0.8338000535794762
1.0,638,71,229,0,0.906,2.328633343730179,0.8313697498959437
1.0,638,101,199,0,0.902,2.2915943215225667,0.8354403563255262
1.0,638,150,150,0,0.906,2.303202633744917,0.82173720123986
1.0,638,201,99,0,0.932,2.620811211980601,0.7933864016958878
1.0,638,251,49,0,0.908,2.322626517090932,0.7974310191335974
1.0,639,21,279,0,0.888,2.2554087368917233,0.8141319738903539
1.0,639,51,249,0,0.856,2.0311792083619893,0.8190821580276385
1.0,639,61,239,1,0.862,2.0531354506454056,0.8137271021600208
1.0,639,71,229,0,0.86,2.020375675153421,0.800719081088691
1.0,639,101,199,0,0.866,2.0611737536213632,0.8045318860383027
1.0,639,150,150,0,0.84,1.899500644967102,0.7918991634676326
1.0,639,201,99,0,0.826,1.8292380932079475,0.7697298962889522
1.0,639,251,49,0,0.83,1.8517037163513166,0.7768784306893576
1.0,640,21,279,0,0.93,2.70423021834889,0.7561510909908503
1.0,640,51,249,0,0.936,2.725236988788552,0.7989836012658155
1.0,640,61,239,1,0.924,2.6318526882012825,0.7924513502201955
1.0,640,71,229,0,0.932,2.70529550270238,0.7860780834527682
1.0,640,101,199,0,0.936,2.73128803051941,0.7924894195489416
1.0,640,150,150,0,0.904,2.440272370955741,0.7731551920268539
1.0,640,201,99,0,0.924,2.630207949093585,0.793271293697034
1.0,640,251,49,0,0.902,2.441417814837533,0.7920388059726308
1.0,641,21,279,0,0.926,2.7085091392447183,0.8659010830777416
1.0,641,51,249,0,0.92,2.4859746377856062,0.8045369206365449
1.0,641,61,239,1,0.922,2.5207243465408125,0.8137430487822921
1.0,641,71,229,0,0.922,2.4920591153176095,0.8063998440740046
1.0,641,101,199,0,0.916,2.4663158712535513,0.8132980253834287
1.0,641,150,150,0,0.916,2.4699671621615624,0.8122192966277946
1.0,641,201,99,0,0.914,2.4277249299820527,0.8247851302087033
1.0,641,251,49,0,0.944,3.040105540233105,0.810637744218009
1.0,642,21,279,0,0.9,2.5661988388995605,0.7203954435294909
1.0,642,51,249,0,0.9,2.5698777038694645,0.7178521346393791
1.0,642,61,239,1,0.892,2.4860137220699734,0.7485381368719051
1.0,642,71,229,0,0.892,2.477494094789432,0.7516845073162938
1.0,642,101,199,0,0.91,2.696992871534474,0.7674564445664074
1.0,642,150,150,0,0.892,2.545441431206298,0.8066593458909482
1.0,642,201,99,0,0.894,2.5496482161634892,0.8074111806721784
1.0,642,251,49,0,0.87,2.3425756606492567,0.8104538721341396
1.0,643,21,279,0,0.94,2.969840937064449,0.7073771572235373
1.0,643,51,249,0,0.948,2.9282243351371116,0.7651669932102211
1.0,643,61,239,1,0.944,2.8913772178358523,0.750277925541821
1.0,643,71,229,0,0.942,2.870317792271878,0.7558375047877328
1.0,643,101,199,0,0.942,2.8673478293282537,0.756670685202413
1.0,643,150,150,0,0.932,2.7952369410066127,0.7582407809038414
1.0,643,201,99,0,0.932,2.7908744165012687,0.7654676329203003
1.0,643,251,49,0,0.948,2.9739812289740386,0.7663550225175084
1.0,644,21,279,0,0.872,2.088111157192747,0.7108374008055982
1.0,644,51,249,0,0.902,2.245255872804103,0.7773487662818612
1.0,644,61,239,1,0.876,2.1034312448925485,0.7419812038670276
1.0,644,71,229,0,0.874,2.0915077774485233,0.7243654830782283
1.0,644,101,199,0,0.876,2.099528249946093,0.7391752311739579
1.0,644,150,150,0,0.928,2.4652372526176376,0.7317576920225428
1.0,644,201,99,0,0.882,2.145746757039851,0.7421221605754941
1.0,644,251,49,0,0.878,2.0979505160697838,0.7546910918488915
1.0,645,21,279,0,0.862,2.1661498322289536,0.835681386938123
1.0,645,51,249,0,0.858,2.1313838735735633,0.8280116783198176
1.0,645,61,239,1,0.864,2.1581917773048143,0.8396203469157117
1.0,645,71,229,0,0.872,2.242424132515045,0.8481842952765901
1.0,645,101,199,0,0.878,2.297924403908556,0.8372418207432177
1.0,645,150,150,0,0.878,2.3106990326602928,0.830479149076161
1.0,645,201,99,0,0.91,2.511498375713528,0.8256290730091523
1.0,645,251,49,0,0.948,3.0756465555214354,0.8205502909208701
1.0,646,21,279,0,0.912,2.6040234674324796,0.8075644092407654
1.0,646,51,249,0,0.916,2.734740634653376,0.8247853327315985
1.0,646,61,239,1,0.912,2.6559597336321503,0.8371682959231291
1.0,646,71,229,0,0.916,2.681670552473495,0.844872379602184
1.0,646,101,199,0,0.918,2.69831056930464,0.8538081425556513
1.0,646,150,150,0,0.934,3.0682691022951714,0.8500504733636195
1.0,646,201,99,0,0.942,3.197400235876059,0.8213743636710833
1.0,646,251,49,0,0.952,3.3701511984679438,0.8109946512153766
1.0,647,21,279,0,0.95,3.2466999217726165,0.7856678074964486
1.0,647,51,249,0,0.956,3.353296945683169,0.8083187992021482
1.0,647,61,239,1,0.956,3.3607305641540375,0.819750544107163
1.0,647,71,229,0,0.952,3.287731735009919,0.8022205810574791
1.0,647,101,199,0,0.95,3.310682255359393,0.7847009061659245
1.0,647,150,150,0,0.948,3.1778040270212857,0.7698844068526987
1.0,647,201,99,0,0.97,3.892735472464862,0.7813427555715621
1.0,647,251,49,0,0.974,4.509119972301219,0.7857322313525769
1.0,648,21,279,0,0.89,2.103883935286921,0.8118954478309237
1.0,648,51,249,0,0.898,2.2347050149892245,0.7566804110949706
1.0,648,61,239,1,0.892,2.1362629967274516,0.7620887909728042
1.0,648,71,229,0,0.892,2.1450701670676744,0.7594842965745253
1.0,648,101,199,0,0.884,2.1222400128864916,0.7457837445228063
1.0,648,150,150,0,0.884,2.0838480104591035,0.7777889429610526
1.0,648,201,99,0,0.876,2.048708053485701,0.7897731541987318
1.0,648,251,49,0,0.94,2.687022533442556,0.8029356481290306
1.0,649,21,279,0,0.916,2.609427248373301,0.8178453077926825
1.0,649,51,249,0,0.914,2.6127751134258017,0.8362360741679576
1.0,649,61,239,1,0.916,2.581660668583761,0.8552523805222894
1.0,649,71,229,0,0.916,2.5812096337700714,0.8555221858791298
1.0,649,101,199,0,0.922,2.7354969454744977,0.8093620200001583
1.0,649,150,150,0,0.958,3.155675547816678,0.8004376824200888
1.0,649,201,99,0,0.942,2.967442552577305,0.797923068437428
1.0,649,251,49,0,0.974,3.567460549724329,0.7807243820445277
1.0,650,21,279,0,0.908,2.505428752172599,0.789101105995206
1.0,650,51,249,0,0.908,2.5417522815620472,0.7550309249928155
1.0,650,61,239,1,0.908,2.53882711846568,0.7562409358675467
1.0,650,71,229,0,0.908,2.5357529106478016,0.7795718677233003
1.0,650,101,199,0,0.908,2.487631357974052,0.794719940836866
1.0,650,150,150,0,0.918,2.6905302467977816,0.7765965315867989
1.0,650,201,99,0,0.936,2.9033717535861596,0.7751898922828591
1.0,650,251,49,0,0.95,3.08360300857266,0.7803041567524216
1.0,651,21,279,0,0.892,2.1461083321300514,0.731414498669133
1.0,651,51,249,0,0.892,2.1810666007022816,0.7885748145972232
1.0,651,61,239,1,0.892,2.1794343414055115,0.7863051035938384
1.0,651,71,229,0,0.896,2.186018164119918,0.7788641477589785
1.0,651,101,199,0,0.894,2.208360576552913,0.7942152614638853
1.0,651,150,150,0,0.92,2.4827986092884657,0.7792628513574956
1.0,651,201,99,0,0.932,2.8920002228821478,0.7783753554548224
1.0,651,251,49,0,0.918,2.4544296947960467,0.7896210154130674
1.0,652,21,279,0,0.902,2.4055826426893208,0.8326315427120788
1.0,652,51,249,0,0.896,2.2431525742806193,0.7792925362366562
1.0,652,61,239,1,0.906,2.357648515332271,0.7602084544320088
1.0,652,71,229,0,0.906,2.3586659903732734,0.7616912386894399
1.0,652,101,199,0,0.93,2.700884651195559,0.7575105456316442
1.0,652,150,150,0,0.93,2.7042373268256554,0.7617717176148405
1.0,652,201,99,0,0.946,2.8934814689689237,0.7829546849464813
1.0,652,251,49,0,0.926,2.6366318470199004,0.8000241056847814
1.0,653,21,279,0,0.944,2.924653546200309,0.6064119987460067
1.0,653,51,249,0,0.938,2.742365644104722,0.7269982277435642
1.0,653,61,239,1,0.936,2.7046188628181045,0.7400188909137425
1.0,653,71,229,0,0.936,2.6790740040844594,0.7503670703669393
1.0,653,101,199,0,0.932,2.6473726840297687,0.7658895389607883
1.0,653,150,150,0,0.936,2.8158464047968073,0.7578874613364299
1.0,653,201,99,0,0.94,2.8442839369065203,0.777295700175937
1.0,653,251,49,0,0.946,2.96593964710791,0.7708123847306748
1.0,654,21,279,0,0.914,2.5229335507681734,0.7595027913594276
1.0,654,51,249,0,0.904,2.496482465821476,0.7954816366749387
1.0,654,61,239,1,0.906,2.5225491765957457,0.7860041377533923
1.0,654,71,229,0,0.914,2.5317413303544503,0.7731480720022398
1.0,654,101,199,0,0.914,2.5704129314932715,0.7910377527097942
1.0,654,150,150,0,0.904,2.514311874541502,0.8091476293253255
1.0,654,201,99,0,0.904,2.516385526520961,0.8099196809256118
1.0,654,251,49,0,0.856,2.1630150991493684,0.799806775733503
1.0,655,21,279,0,0.906,2.420776916485889,0.8105337493338504
1.0,655,51,249,0,0.916,2.569089015339242,0.8326167700190276
1.0,655,61,239,1,0.916,2.605564869452609,0.8180440785325984
1.0,655,71,229,0,0.92,2.6441291618782117,0.8110114267479424
1.0,655,101,199,0,0.924,2.6812648456209724,0.8182465496044983
1.0,655,150,150,0,0.924,2.6833151513465694,0.8311709639128799
1.0,655,201,99,0,0.93,2.7985610062489203,0.8334749333663293
1.0,655,251,49,0,0.966,3.4583956205717676,0.8395657973185734
1.0,656,21,279,0,0.922,2.540188381232233,0.7716041995919332
1.0,656,51,249,0,0.91,2.40869060217233,0.7621537936664534
1.0,656,61,239,1,0.908,2.398869423355509,0.7669328306307535
1.0,656,71,229,0,0.908,2.3843027592300725,0.7803220109237264
1.0,656,101,199,0,0.914,2.4411949657821514,0.8091446585327824
1.0,656,150,150,0,0.908,2.416936569479133,0.8184355557568698
1.0,656,201,99,0,0.922,2.524442645611967,0.8080434606366808
1.0,656,251,49,0,0.842,1.9235337240735433,0.7984157722164804
1.0,657,21,279,0,0.922,2.593734595800174,0.855078307754594
1.0,657,51,249,0,0.914,2.4815363756345685,0.7905709324756949
1.0,657,61,239,1,0.91,2.410806376399705,0.8177874804297987
1.0,657,71,229,0,0.902,2.371965987172436,0.8328945698442161
1.0,657,101,199,0,0.91,2.386199506078132,0.8094905999490499
1.0,657,150,150,0,0.912,2.4094386848456564,0.7990761679066765
1.0,657,201,99,0,0.9,2.220591572301697,0.7976216792623069
1.0,657,251,49,0,0.912,2.3724309895956432,0.8048274908786338
1.0,658,21,279,0,0.924,2.5400827630042895,0.735510459057561
1.0,658,51,249,0,0.904,2.380754995048652,0.7457050606840214
1.0,658,61,239,1,0.918,2.476439439606058,0.7604401754603909
1.0,658,71,229,0,0.91,2.402837051567487,0.8048805563873547
1.0,658,101,199,0,0.898,2.305819083095763,0.7926535455942365
1.0,658,150,150,0,0.934,2.6837802780190203,0.7966090730192875
1.0,658,201,99,0,0.934,2.706885273351021,0.7874959313022313
1.0,658,251,49,0,0.934,2.725852688077677,0.7800949885307394
1.0,659,21,279,0,0.896,2.4737748150239836,0.8028792375077826
1.0,659,51,249,0,0.892,2.43893325405956,0.8344316773734636
1.0,659,61,239,1,0.894,2.483819679855416,0.8142729724195124
1.0,659,71,229,0,0.896,2.4765989624003786,0.8060978229671034
1.0,659,101,199,0,0.882,2.3389341379821817,0.8188184554381277
1.0,659,150,150,0,0.884,2.354305721748744,0.7972345356301017
1.0,659,201,99,0,0.896,2.467612108434759,0.7958126630522832
1.0,659,251,49,0,0.92,2.7440464618618687,0.8013268875083979
1.0,660,21,279,0,0.926,2.622814699437722,0.7924657326813441
1.0,660,51,249,0,0.938,2.7268917247704585,0.7885604278113651
1.0,660,61,239,1,0.942,2.775604767278175,0.7677413470917961
1.0,660,71,229,0,0.946,2.7767305756723246,0.7787282304472035
1.0,660,101,199,0,0.952,2.8473593614173787,0.812567317600412
1.0,660,150,150,0,0.938,2.6951834663593774,0.8059202248391416
1.0,660,201,99,0,0.94,2.7516510924030486,0.8004868536103467
1.0,660,251,49,0,0.974,3.4294368030741853,0.8048662739709236
1.0,661,21,279,0,0.89,2.37552921466835,0.7994310837186499
1.0,661,51,249,0,0.89,2.391860577112331,0.8156427299618606
1.0,661,61,239,1,0.892,2.405747130707424,0.8068815263864325
1.0,661,71,229,0,0.89,2.3798643588861705,0.7986731636458387
1.0,661,101,199,0,0.884,2.2642484907814886,0.7870342556349973
1.0,661,150,150,0,0.884,2.2749026228435523,0.7656961807703878
1.0,661,201,99,0,0.912,2.562725735381565,0.7558962543684761
1.0,661,251,49,0,0.906,2.4939129972528034,0.7664166298351255
1.0,662,21,279,0,0.93,2.765673110528671,0.7609036045252502
1.0,662,51,249,0,0.936,2.8287912463000358,0.736621038318408
1.0,662,61,239,1,0.936,2.818300955057697,0.744433780983265
1.0,662,71,229,0,0.936,2.839673503775731,0.7330364803804409
1.0,662,101,199,0,0.932,2.755316596480323,0.7457309730532866
1.0,662,150,150,0,0.93,2.7538232664421782,0.7590106455316171
1.0,662,201,99,0,0.928,2.8015287421829407,0.7779712675237067
1.0,662,251,49,0,0.962,3.4944689658959716,0.7824477396501673
1.0,663,21,279,0,0.92,2.7061910877536732,0.8458657108125192
1.0,663,51,249,0,0.914,2.650910663129897,0.8537026706956383
1.0,663,61,239,1,0.91,2.6699089637168814,0.8367933541905852
1.0,663,71,229,0,0.92,2.712851992883414,0.8437634251429742
1.0,663,101,199,0,0.914,2.6518836622297557,0.8506856958567315
1.0,663,150,150,0,0.908,2.5868698009774103,0.8364884401514795
1.0,663,201,99,0,0.908,2.6232838919949564,0.8270955679114959
1.0,663,251,49,0,0.908,2.5933899224641337,0.8208315980459997
1.0,664,21,279,0,0.884,2.3365491012254247,0.6299223087963605
1.0,664,51,249,0,0.89,2.2545979826115037,0.7929286311420183
1.0,664,61,239,1,0.894,2.2944268727880544,0.7998474045296876
1.0,664,71,229,0,0.89,2.2722164541785794,0.8165036636053475
1.0,664,101,199,0,0.886,2.1519914479326694,0.8092271496920947
1.0,664,150,150,0,0.888,2.1980227719791756,0.8124097255401533
1.0,664,201,99,0,0.89,2.2426817429848476,0.7992703704718986
1.0,664,251,49,0,0.92,2.6425953012961365,0.8084025596717225
1.0,665,21,279,0,0.896,2.355132451515771,0.8027225397402153
1.0,665,51,249,0,0.9,2.390139358449668,0.8062191539809361
1.0,665,61,239,1,0.902,2.4423051580413526,0.8071232455801072
1.0,665,71,229,0,0.904,2.461115835367999,0.7971830018063241
1.0,665,101,199,0,0.902,2.471376502407026,0.7766649210059217
1.0,665,150,150,0,0.902,2.3582770266729525,0.7760743981557477
1.0,665,201,99,0,0.896,2.355162868114757,0.7979171458218289
1.0,665,251,49,0,0.898,2.359742353249422,0.7918951730809306
1.0,666,21,279,0,0.91,2.7191516927979853,0.9076131333350874
1.0,666,51,249,0,0.904,2.5651340728341063,0.8053107436471634
1.0,666,61,239,1,0.896,2.490695447870814,0.7842429826683858
1.0,666,71,229,0,0.896,2.4537553256211164,0.7874942190459262
1.0,666,101,199,0,0.896,2.4870295818792982,0.7836426716244312
1.0,666,150,150,0,0.894,2.4778919502950245,0.806014329329674
1.0,666,201,99,0,0.896,2.4902801283976035,0.7921479097842742
1.0,666,251,49,0,0.888,2.371887920301951,0.8172699351166199
1.0,667,21,279,0,0.892,2.2776763890108,0.7722938760681832
1.0,667,51,249,0,0.884,2.25390926462176,0.8234975683203265
1.0,667,61,239,1,0.884,2.262200522138961,0.8328437869415
1.0,667,71,229,0,0.884,2.2359490879022355,0.8214971290002973
1.0,667,101,199,0,0.884,2.2435446863220787,0.818210582504126
1.0,667,150,150,0,0.878,2.217536268017985,0.8408958645030783
1.0,667,201,99,0,0.884,2.2490464175631284,0.8158312203224267
1.0,667,251,49,0,0.904,2.510966884067719,0.8316924106726998
1.0,668,21,279,0,0.918,2.518837058048338,0.8007594412906106
1.0,668,51,249,0,0.908,2.502527921553379,0.7648783908644051
1.0,668,61,239,1,0.902,2.4120502003456052,0.7793051181627142
1.0,668,71,229,0,0.902,2.394913166829988,0.7859028078470516
1.0,668,101,199,0,0.902,2.4235777997930406,0.7910206371108762
1.0,668,150,150,0,0.902,2.423152822499332,0.7930121247905684
1.0,668,201,99,0,0.928,2.6666276008863408,0.7718929295554825
1.0,668,251,49,0,0.93,2.8033882455721564,0.76731372422493
1.0,669,21,279,0,0.862,2.1424860666483987,0.7275986149254499
1.0,669,51,249,0,0.888,2.280503700721116,0.7464220308900604
1.0,669,61,239,1,0.888,2.3289613821541613,0.7473892513248332
1.0,669,71,229,0,0.888,2.3075600942816203,0.7304825437098647
1.0,669,101,199,0,0.88,2.2502495408859287,0.7492006816432301
1.0,669,150,150,0,0.834,2.006205098762521,0.7622644696884664
1.0,669,201,99,0,0.872,2.183720024689541,0.7711967375654251
1.0,669,251,49,0,0.912,2.5024742311062917,0.7775360941399095
1.0,670,21,279,0,0.92,2.5986747960850862,0.809903967469592
1.0,670,51,249,0,0.924,2.6608257996521125,0.8415787105040814
1.0,670,61,239,1,0.924,2.640748008357171,0.8312351119477059
1.0,670,71,229,0,0.92,2.607441863768049,0.8103219287593131
1.0,670,101,199,0,0.92,2.6177162339359574,0.8005430300977094
1.0,670,150,150,0,0.912,2.499449613370512,0.799540657283744
1.0,670,201,99,0,0.93,2.777689061856603,0.8074047647227663
1.0,670,251,49,0,0.93,2.7825259372581357,0.8050428982675999
1.0,671,21,279,0,0.868,2.3531141043341703,0.6473308793468427
1.0,671,51,249,0,0.89,2.365517199176274,0.7081670727604283
1.0,671,61,239,1,0.898,2.4312016174269577,0.7227984206686822
1.0,671,71,229,0,0.898,2.423629297098107,0.7339076282770935
1.0,671,101,199,0,0.892,2.3696692133153645,0.7719281561548131
1.0,671,150,150,0,0.896,2.399377419084987,0.7741396612704595
1.0,671,201,99,0,0.872,2.273928093882119,0.7774240850263184
1.0,671,251,49,0,0.864,2.2194142512120165,0.7813949710724056
1.0,672,21,279,0,0.904,2.6206928558712725,0.8059571193284191
1.0,672,51,249,0,0.908,2.6699981334086336,0.7864409916086368
1.0,672,61,239,1,0.922,2.741399696473379,0.7874147153595347
1.0,672,71,229,0,0.922,2.7417805435749267,0.7957633930499082
1.0,672,101,199,0,0.914,2.7417546461992397,0.8191378132199155
1.0,672,150,150,0,0.922,2.741752930504079,0.7949614626323288
1.0,672,201,99,0,0.934,2.8754078963869865,0.8055931417145274
1.0,672,251,49,0,0.932,2.902758472254048,0.8140312981742197
1.0,673,21,279,0,0.898,2.43221217225491,0.8792239372637813
1.0,673,51,249,0,0.91,2.5247771732980353,0.8815560085322264
1.0,673,61,239,1,0.908,2.5147112834923635,0.8653080942199265
1.0,673,71,229,0,0.918,2.6123134650334565,0.8473169658694161
1.0,673,101,199,0,0.908,2.514133996669445,0.8444506311765921
1.0,673,150,150,0,0.912,2.575129970407821,0.8172878611947761
1.0,673,201,99,0,0.922,2.690975143435941,0.8167020776806628
1.0,673,251,49,0,0.934,2.9791408565500173,0.8246209983739851
1.0,674,21,279,0,0.92,2.502886659301034,0.789191193543558
1.0,674,51,249,0,0.928,2.5421048498381413,0.7984650566777279
1.0,674,61,239,1,0.936,2.621263105400297,0.7917437055929676
1.0,674,71,229,0,0.936,2.6406203625729043,0.7956932178336359
1.0,674,101,199,0,0.926,2.539686255593146,0.8056925677557231
1.0,674,150,150,0,0.942,2.7216987585119683,0.8071336096783831
1.0,674,201,99,0,0.92,2.498494300807606,0.7956465053638699
1.0,674,251,49,0,0.796,1.6631157467260893,0.8019718009832328
1.0,675,21,279,0,0.898,2.4065153881242924,0.7699249973192585
1.0,675,51,249,0,0.89,2.4605339359900764,0.8116139320903561
1.0,675,61,239,1,0.89,2.4679562173459946,0.8115309811002954
1.0,675,71,229,0,0.904,2.5324044999985627,0.8104879925554989
1.0,675,101,199,0,0.886,2.370551636625929,0.7748607082436473
1.0,675,150,150,0,0.874,2.23841636829354,0.7438122714723063
1.0,675,201,99,0,0.898,2.4454557280993097,0.7585169874179875
1.0,675,251,49,0,0.912,2.62596087297593,0.774127587656653
1.0,676,21,279,0,0.922,2.327762329850369,0.7845824246103514
1.0,676,51,249,0,0.912,2.2601732258268417,0.7370617517455232
1.0,676,61,239,1,0.916,2.2714266609988343,0.7763914464901871
1.0,676,71,229,0,0.922,2.302890305772039,0.7927105760496224
1.0,676,101,199,0,0.908,2.210759959453076,0.7643155695859956
1.0,676,150,150,0,0.91,2.2391001534494395,0.7560639200168486
1.0,676,201,99,0,0.916,2.2618333793808914,0.7657813458818117
1.0,676,251,49,0,0.888,2.0829436363832348,0.7581442764803147
1.0,677,21,279,0,0.86,2.0273165840602028,0.788210102754523
1.0,677,51,249,0,0.874,2.1739627870324134,0.8239033344785734
1.0,677,61,239,1,0.874,2.186691566502107,0.8469214700589222
1.0,677,71,229,0,0.87,2.119432823125709,0.8499100812346613
1.0,677,101,199,0,0.88,2.2273386536414064,0.8178334261658414
1.0,677,150,150,0,0.886,2.264815331368157,0.7818618531402294
1.0,677,201,99,0,0.898,2.389963833804051,0.7879704878657225
1.0,677,251,49,0,0.912,2.568580765433021,0.8065476975595423
1.0,678,21,279,0,0.916,2.565183584059577,0.7560933525361337
1.0,678,51,249,0,0.902,2.411034596289028,0.7978352142177259
1.0,678,61,239,1,0.898,2.400457637879649,0.806313366925112
1.0,678,71,229,0,0.9,2.405924713506465,0.8019188436791186
1.0,678,101,199,0,0.92,2.591666532680106,0.8121092534411956
1.0,678,150,150,0,0.918,2.5948550452964154,0.82154772421389
1.0,678,201,99,0,0.904,2.466009822442268,0.8103820961310184
1.0,678,251,49,0,0.944,3.0451463534527665,0.8148067984503061
1.0,679,21,279,0,0.902,2.546156666835821,0.722797872397628
1.0,679,51,249,0,0.92,2.7314750330951725,0.7122251258759128
1.0,679,61,239,1,0.924,2.7732933371525528,0.7012077477466382
1.0,679,71,229,0,0.928,2.762094825739482,0.7259515616751774
1.0,679,101,199,0,0.93,2.825772555887558,0.7790032278212214
1.0,679,150,150,0,0.894,2.437429451849582,0.7753271519260868
1.0,679,201,99,0,0.872,2.24318461025831,0.7855182379336964
1.0,679,251,49,0,0.872,2.244903123337256,0.7844536982244448
1.0,680,21,279,0,0.918,2.6561185075339138,0.706220486134982
1.0,680,51,249,0,0.926,2.7196686918751642,0.811910774494352
1.0,680,61,239,1,0.924,2.7031809172216836,0.8122241898083072
1.0,680,71,229,0,0.922,2.687016030076834,0.807835780838817
1.0,680,101,199,0,0.926,2.716165952214822,0.8129669079694807
1.0,680,150,150,0,0.93,2.7804786620649047,0.7982769193385822
1.0,680,201,99,0,0.934,2.8815493541973143,0.8025106858863048
1.0,680,251,49,0,0.946,2.9252359018576026,0.823215663229651
1.0,681,21,279,0,0.932,2.579530080569665,0.8732899130388041
1.0,681,51,249,0,0.93,2.5736818522805565,0.8994405873964573
1.0,681,61,239,1,0.924,2.534003022043679,0.8902795450315867
1.0,681,71,229,0,0.932,2.598113606742939,0.8664154711920741
1.0,681,101,199,0,0.938,2.64810213422569,0.8529850366977703
1.0,681,150,150,0,0.93,2.5850088221531675,0.8363139859643648
1.0,681,201,99,0,0.928,2.5253729458129657,0.8260882564754913
1.0,681,251,49,0,0.926,2.4884021941209946,0.8236231164514447
1.0,682,21,279,0,0.924,2.850318256331597,0.7518395770803401
1.0,682,51,249,0,0.924,2.836192895758911,0.7597681806717368
1.0,682,61,239,1,0.924,2.842125271983971,0.7582323500423767
1.0,682,71,229,0,0.924,2.8046371573200553,0.7679805571884798
1.0,682,101,199,0,0.916,2.6985368172556545,0.7850480223599688
1.0,682,150,150,0,0.922,2.7508727780053217,0.7981347426614376
1.0,682,201,99,0,0.904,2.446838998839311,0.7852164104635999
1.0,682,251,49,0,0.946,3.172088435466717,0.782282936482935
1.0,683,21,279,0,0.894,2.202424183513621,0.8005293680926102
1.0,683,51,249,0,0.89,2.16365515244647,0.8272339096635251
1.0,683,61,239,1,0.888,2.163001103661891,0.8342878558975134
1.0,683,71,229,0,0.89,2.1635156847090506,0.8287985018491467
1.0,683,101,199,0,0.904,2.271461458656877,0.8297941448303399
1.0,683,150,150,0,0.888,2.1422342875565765,0.8253632898790976
1.0,683,201,99,0,0.888,2.1332676494032636,0.8132124078666819
1.0,683,251,49,0,0.888,2.136393744605553,0.8173213150584496
1.0,684,21,279,0,0.882,2.3705512360190943,0.9213396298344714
1.0,684,51,249,0,0.872,2.2473573065334302,0.8420467584348992
1.0,684,61,239,1,0.868,2.223447148320467,0.8384899829631349
1.0,684,71,229,0,0.878,2.335926874183077,0.8144006759461457
1.0,684,101,199,0,0.878,2.331365020687323,0.8158117340013301
1.0,684,150,150,0,0.892,2.4081944349638045,0.7987601028847797
1.0,684,201,99,0,0.898,2.5174670838946884,0.8045582932201635
1.0,684,251,49,0,0.902,2.5446797575525206,0.7861383472932292
1.0,685,21,279,0,0.914,2.521006919373656,0.8984202025213224
1.0,685,51,249,0,0.874,2.2995761793410305,0.8269599172134137
1.0,685,61,239,1,0.874,2.3003155448484143,0.8266576753653416
1.0,685,71,229,0,0.874,2.309430802021022,0.8092955326384049
1.0,685,101,199,0,0.898,2.467591823988146,0.8544447907513447
1.0,685,150,150,0,0.902,2.4928887386098775,0.8320091223252991
1.0,685,201,99,0,0.902,2.472267133398331,0.8283914715307482
1.0,685,251,49,0,0.868,2.2698129326100074,0.8273411407585025
1.0,686,21,279,0,0.902,2.687227684556781,0.7772016747943808
1.0,686,51,249,0,0.88,2.5199539259650017,0.754295799653135
1.0,686,61,239,1,0.882,2.5261168881466083,0.7755171036661298
1.0,686,71,229,0,0.894,2.6148477276572675,0.7683949994166043
1.0,686,101,199,0,0.914,2.6995199812317865,0.8073351034353456
1.0,686,150,150,0,0.866,2.3545356974254155,0.8322819397147262
1.0,686,201,99,0,0.88,2.432411475089262,0.8378763801034097
1.0,686,251,49,0,0.942,2.9965219241774768,0.8341260815477164
1.0,687,21,279,0,0.914,2.3884668632756236,0.7924409620197017
1.0,687,51,249,0,0.912,2.4123294024403727,0.8292047346679364
1.0,687,61,239,1,0.918,2.4622511884448026,0.830555972865476
1.0,687,71,229,0,0.918,2.4625217777266593,0.8304606098425412
1.0,687,101,199,0,0.91,2.3731487485814364,0.8119980291849578
1.0,687,150,150,0,0.91,2.3786746242408414,0.806269546151362
1.0,687,201,99,0,0.93,2.568009838568777,0.7962230241957875
1.0,687,251,49,0,0.952,3.2313989483448378,0.7881112641879418
1.0,688,21,279,0,0.938,2.7028435984194488,0.8712377096728848
1.0,688,51,249,0,0.942,2.768199488761998,0.7866485497357837
1.0,688,61,239,1,0.934,2.6892360515028804,0.8064339965986169
1.0,688,71,229,0,0.934,2.6745721218714085,0.8157011104155714
1.0,688,101,199,0,0.94,2.756920562371768,0.7988868620141565
1.0,688,150,150,0,0.936,2.739982697137586,0.8172682716315419
1.0,688,201,99,0,0.938,2.760102077699281,0.8126644541713499
1.0,688,251,49,0,0.958,3.1319980241200702,0.8081084437050287
1.0,689,21,279,0,0.846,2.054538058545373,0.8712365679339897
1.0,689,51,249,0,0.858,2.1122767799753728,0.8693429949974094
1.0,689,61,239,1,0.852,2.094743796740913,0.8585671131898185
1.0,689,71,229,0,0.86,2.1221955878952796,0.845570314476139
1.0,689,101,199,0,0.842,2.010374448261993,0.8238107576482013
1.0,689,150,150,0,0.858,2.107774704776881,0.8355697163596706
1.0,689,201,99,0,0.866,2.1995712329239394,0.8255107195825708
1.0,689,251,49,0,0.888,2.277159816876255,0.8224569979805514
1.0,690,21,279,0,0.914,2.3028646513185005,0.7888008895443005
1.0,690,51,249,0,0.912,2.3261154485724362,0.8048467411275351
1.0,690,61,239,1,0.914,2.39748028119528,0.8179543655585491
1.0,690,71,229,0,0.916,2.413919096989513,0.7997930971234078
1.0,690,101,199,0,0.916,2.418405091146589,0.8086630989643833
1.0,690,150,150,0,0.922,2.5020099695383173,0.8114669548142603
1.0,690,201,99,0,0.928,2.590587470259656,0.8293867061299477
1.0,690,251,49,0,0.806,1.6556184982747537,0.8192721364989013
1.0,691,21,279,0,0.912,2.526900522895682,0.7423087676231578
1.0,691,51,249,0,0.916,2.5515015217161228,0.7734001612793034
1.0,691,61,239,1,0.916,2.568533873317073,0.7670298082298008
1.0,691,71,229,0,0.916,2.5681712279718214,0.7671652108239847
1.0,691,101,199,0,0.916,2.567245352236536,0.7586087917597344
1.0,691,150,150,0,0.916,2.5811326654335853,0.7811642626119146
1.0,691,201,99,0,0.934,2.762475783185765,0.7927707283109562
1.0,691,251,49,0,0.952,3.1543723250841107,0.7866054406136885
1.0,692,21,279,0,0.924,2.858665257339893,0.7301910628806736
1.0,692,51,249,0,0.926,2.8423498353268983,0.7604944861538102
1.0,692,61,239,1,0.926,2.8512550679901434,0.7505120124654036
1.0,692,71,229,0,0.916,2.663936800717203,0.7403950656128437
1.0,692,101,199,0,0.914,2.6586197103477542,0.7463627954162917
1.0,692,150,150,0,0.936,2.9305920061701682,0.7602587512906458
1.0,692,201,99,0,0.908,2.5889042813446554,0.7526041885856536
1.0,692,251,49,0,0.952,3.265296012090695,0.7726468322448018
1.0,693,21,279,0,0.928,2.5364136438474287,0.8318477726175102
1.0,693,51,249,0,0.928,2.506181281555394,0.8363612677916263
1.0,693,61,239,1,0.928,2.533001303807829,0.833583870806987
1.0,693,71,229,0,0.928,2.5464827775925896,0.8267367885420015
1.0,693,101,199,0,0.93,2.5773566051943475,0.8283844134826561
1.0,693,150,150,0,0.928,2.506110306002105,0.8361647922117414
1.0,693,201,99,0,0.912,2.3706261728376137,0.8195852486192627
1.0,693,251,49,0,0.928,2.4857484727100436,0.8134204103149913
1.0,694,21,279,0,0.894,2.5389168585521373,0.8773256871571763
1.0,694,51,249,0,0.888,2.384876027548148,0.8539538534956833
1.0,694,61,239,1,0.902,2.5490960470499684,0.8357145832593293
1.0,694,71,229,0,0.9,2.521518046550035,0.810713138073968
1.0,694,101,199,0,0.916,2.7421595180029446,0.8243922844176449
1.0,694,150,150,0,0.902,2.5660672270474905,0.8171056174209053
1.0,694,201,99,0,0.922,2.8379413771750146,0.7906014616567919
1.0,694,251,49,0,0.952,3.067423037027261,0.8020274986588636
1.0,695,21,279,0,0.926,2.857680226254858,0.8784392175445117
1.0,695,51,249,0,0.916,2.7263726798255195,0.8038536751342618
1.0,695,61,239,1,0.91,2.6791204336506356,0.8123704501437298
1.0,695,71,229,0,0.918,2.7560869672299932,0.8102148692718907
1.0,695,101,199,0,0.926,2.8435449049859,0.7855663906839712
1.0,695,150,150,0,0.914,2.703655172303964,0.8041232553590982
1.0,695,201,99,0,0.88,2.3515374725877307,0.7807369242880133
1.0,695,251,49,0,0.874,2.2993539628332074,0.7768968282630422
1.0,696,21,279,0,0.938,3.0610472434544915,0.7898379547564802
1.0,696,51,249,0,0.936,3.0251074976528196,0.8354938687903019
1.0,696,61,239,1,0.928,2.964825868570838,0.8138260885145948
1.0,696,71,229,0,0.928,2.9440068763309775,0.8056311951618412
1.0,696,101,199,0,0.938,3.061183434916188,0.7899982485123257
1.0,696,150,150,0,0.942,3.122420640686886,0.7818696521427477
1.0,696,201,99,0,0.956,3.4471470766553547,0.7649367458748388
1.0,696,251,49,0,0.95,3.3199240534805545,0.7485880256411152
1.0,697,21,279,0,0.882,2.2844771169864493,0.8127216520162792
1.0,697,51,249,0,0.88,2.266635879460055,0.8406603414601616
1.0,697,61,239,1,0.878,2.2528194147066745,0.8562205495212682
1.0,697,71,229,0,0.882,2.278429125956178,0.8273938044750888
1.0,697,101,199,0,0.866,2.1245083620817664,0.8071630034534486
1.0,697,150,150,0,0.854,2.0167241158367153,0.8042695921361017
1.0,697,201,99,0,0.852,2.018763545457755,0.8145747522029316
1.0,697,251,49,0,0.852,2.0202396238624036,0.822624879216103
1.0,698,21,279,0,0.916,2.4814201878490802,0.7859626211915622
1.0,698,51,249,0,0.912,2.3790797939989408,0.7984207148496046
1.0,698,61,239,1,0.91,2.367331890742881,0.7938737229349191
1.0,698,71,229,0,0.908,2.3141631714691444,0.7988332737010579
1.0,698,101,199,0,0.878,2.136261779888544,0.7970933696250834
1.0,698,150,150,0,0.896,2.258466038681091,0.801238254465433
1.0,698,201,99,0,0.912,2.3648147218747497,0.7967053410693842
1.0,698,251,49,0,0.912,2.380914422320777,0.7976996777894273
1.0,699,21,279,0,0.912,2.685556496129701,0.8797171877883585
1.0,699,51,249,0,0.918,2.706483538534197,0.8963222671181946
1.0,699,61,239,1,0.912,2.7136385565951198,0.8672456406978439
1.0,699,71,229,0,0.912,2.662358831682796,0.8618755478831996
1.0,699,101,199,0,0.934,2.916583850285393,0.8365966253561372
1.0,699,150,150,0,0.936,3.016171059291001,0.8324571057199204
1.0,699,201,99,0,0.96,3.4970295433441496,0.8176433417653193
1.0,699,251,49,0,0.964,3.64052136356368,0.8259679037427754
1.0,700,21,279,0,0.888,2.264821449718059,0.7009896735360195
1.0,700,51,249,0,0.89,2.2627022473726526,0.7306359769915365
1.0,700,61,239,1,0.896,2.272263147350285,0.7375811042107512
1.0,700,71,229,0,0.894,2.265315621543615,0.7416337645639568
1.0,700,101,199,0,0.892,2.2930149759773486,0.7253247159108235
1.0,700,150,150,0,0.86,2.0515097826141013,0.7355807578752566
1.0,700,201,99,0,0.862,2.0443246475747987,0.7614433006235828
1.0,700,251,49,0,0.86,2.0053743565601443,0.7797810889542028
1.0,701,21,279,0,0.9,2.4257875389676875,0.7689520487421492
1.0,701,51,249,0,0.918,2.525635874411673,0.8124873487187555
1.0,701,61,239,1,0.912,2.5077200809399316,0.7875809090434505
1.0,701,71,229,0,0.91,2.4932523313299977,0.7916930895318345
1.0,701,101,199,0,0.904,2.473553800369977,0.7802329993516416
1.0,701,150,150,0,0.906,2.485655878165681,0.7892692719927124
1.0,701,201,99,0,0.912,2.5063014389441465,0.7854549801113295
1.0,701,251,49,0,0.946,2.820113606147188,0.7855440633836873
1.0,702,21,279,0,0.832,1.9849994690186152,0.7695751219687282
1.0,702,51,249,0,0.838,2.0270022672352552,0.7597989612555087
1.0,702,61,239,1,0.84,2.0017042552316844,0.7839780192074777
1.0,702,71,229,0,0.838,2.013860404492756,0.764120696535613
1.0,702,101,199,0,0.82,1.9301914074325015,0.7772780263469016
1.0,702,150,150,0,0.818,1.9040462529988633,0.7809194016410161
1.0,702,201,99,0,0.814,1.8556312628892002,0.7907566585443353
1.0,702,251,49,0,0.838,1.977577339980481,0.7969607655888503
1.0,703,21,279,0,0.908,2.3744585823658286,0.8172104829513624
1.0,703,51,249,0,0.916,2.41633174414914,0.79997252352572
1.0,703,61,239,1,0.916,2.4115873347687167,0.802673839755648
1.0,703,71,229,0,0.916,2.414512423420572,0.8010079972375487
1.0,703,101,199,0,0.92,2.470544276227454,0.8027185075490773
1.0,703,150,150,0,0.878,2.2184045975898483,0.7812829388244066
1.0,703,201,99,0,0.904,2.32329692172,0.7865477177935705
1.0,703,251,49,0,0.92,2.4459704636424386,0.7792885246992355
1.0,704,21,279,0,0.9,2.589616405105478,0.6789592485563877
1.0,704,51,249,0,0.888,2.387724041937152,0.8598801563126691
1.0,704,61,239,1,0.888,2.388445762686551,0.853602795322581
1.0,704,71,229,0,0.882,2.347560308800841,0.848230364853092
1.0,704,101,199,0,0.864,2.2123065774562605,0.8236974415327377
1.0,704,150,150,0,0.87,2.293726053898153,0.8304915742335728
1.0,704,201,99,0,0.862,2.2092064097609763,0.824774672180409
1.0,704,251,49,0,0.866,2.2486826779552795,0.8111516434486851
1.0,705,21,279,0,0.926,2.785989873495985,0.7789438166832471
1.0,705,51,249,0,0.93,2.8071958200954352,0.7886362633594662
1.0,705,61,239,1,0.93,2.7916807464880957,0.8009998095554371
1.0,705,71,229,0,0.934,2.8444875670423224,0.8184122833187093
1.0,705,101,199,0,0.938,2.940520999188847,0.8195716178914488
1.0,705,150,150,0,0.94,2.939520224645939,0.7866509853487036
1.0,705,201,99,0,0.94,2.9273708844899486,0.7907253798303682
1.0,705,251,49,0,0.964,3.777485762547055,0.7971156742858339
1.0,706,21,279,0,0.9,2.3896899338855864,0.8019917793970701
1.0,706,51,249,0,0.898,2.3625056289100757,0.8034704954193744
1.0,706,61,239,1,0.898,2.359448012591733,0.7869255117613982
1.0,706,71,229,0,0.9,2.3734090571943054,0.7940657053543226
1.0,706,101,199,0,0.896,2.362440216795216,0.8294842552867463
1.0,706,150,150,0,0.89,2.3141698408483093,0.8189106388460506
1.0,706,201,99,0,0.904,2.4133015487591685,0.8012034800109864
1.0,706,251,49,0,0.924,2.6070067606456924,0.8210148894381744
1.0,707,21,279,0,0.902,2.3306523374223906,0.7052431861072863
1.0,707,51,249,0,0.906,2.286006991243119,0.7754326392317612
1.0,707,61,239,1,0.906,2.264725498977732,0.7801096501755709
1.0,707,71,229,0,0.904,2.3063978096326845,0.8189619992884811
1.0,707,101,199,0,0.904,2.297621753367778,0.8274522398450054
1.0,707,150,150,0,0.916,2.4183232639942527,0.8434357340556029
1.0,707,201,99,0,0.928,2.599511429548762,0.8508003856356354
1.0,707,251,49,0,0.932,2.654511201126832,0.8332180516741257
1.0,708,21,279,0,0.908,2.5835940931204715,0.7086947744245005
1.0,708,51,249,0,0.914,2.598145223372974,0.7354431022972892
1.0,708,61,239,1,0.916,2.671964144233152,0.7521397609738146
1.0,708,71,229,0,0.916,2.6720820827937697,0.7528404958881967
1.0,708,101,199,0,0.896,2.4138053992583104,0.7720856872830956
1.0,708,150,150,0,0.88,2.2549148512367996,0.7887221227111608
1.0,708,201,99,0,0.914,2.711461315955906,0.7815957940802601
1.0,708,251,49,0,0.872,2.2196069475178546,0.784981214184952
1.0,709,21,279,0,0.898,2.624782802245489,0.7559305445971718
1.0,709,51,249,0,0.904,2.7399217326085874,0.7483538287678676
1.0,709,61,239,1,0.906,2.752589749365798,0.7805930662546904
1.0,709,71,229,0,0.898,2.6935850453986587,0.803870106252442
1.0,709,101,199,0,0.918,2.9648111172494875,0.7910011123157122
1.0,709,150,150,0,0.896,2.667671753366845,0.814128191605159
1.0,709,201,99,0,0.862,2.2353003234312334,0.8268797039590672
1.0,709,251,49,0,0.896,2.6741719403448316,0.8115526624624742
1.0,710,21,279,0,0.9,2.463648460183967,0.800675659356044
1.0,710,51,249,0,0.9,2.5559080265599077,0.8542840252885329
1.0,710,61,239,1,0.902,2.5473795207874965,0.8456334698228052
1.0,710,71,229,0,0.904,2.5636219328909773,0.8425857115047279
1.0,710,101,199,0,0.906,2.5663094993802877,0.8343115797062818
1.0,710,150,150,0,0.906,2.6068827681940943,0.8179056625455325
1.0,710,201,99,0,0.926,2.776373926956977,0.8260007123429729
1.0,710,251,49,0,0.944,2.999311900128021,0.8339709064396322
1.0,711,21,279,0,0.922,2.5623149463799795,0.7798380401907107
1.0,711,51,249,0,0.928,2.5593856264183144,0.7964064658932336
1.0,711,61,239,1,0.922,2.570340856757315,0.7875392620734548
1.0,711,71,229,0,0.926,2.569993044797614,0.7893960905299022
1.0,711,101,199,0,0.94,2.6892580271763338,0.7810260855026108
1.0,711,150,150,0,0.94,2.690279880450063,0.7866228274569869
1.0,711,201,99,0,0.936,2.6946709092332193,0.8158231861265145
1.0,711,251,49,0,0.924,2.532922038088804,0.8150094849321676
1.0,712,21,279,0,0.9,2.348057269322959,0.7874343948448335
1.0,712,51,249,0,0.91,2.397518371942066,0.7482942178724192
1.0,712,61,239,1,0.906,2.390651178632257,0.8008766906060748
1.0,712,71,229,0,0.906,2.403731073332553,0.8026389490927802
1.0,712,101,199,0,0.914,2.404953903216805,0.7713334603011623
1.0,712,150,150,0,0.92,2.5225903510135255,0.7765348703620457
1.0,712,201,99,0,0.902,2.356374148050979,0.7762061669971021
1.0,712,251,49,0,0.828,1.9573968175211187,0.7880361979182834
1.0,713,21,279,0,0.93,2.7304864971370306,0.82597777916446
1.0,713,51,249,0,0.926,2.7939624352540857,0.8600761047590484
1.0,713,61,239,1,0.928,2.7956487073096814,0.8489258816429547
1.0,713,71,229,0,0.93,2.7804776771947415,0.838313948870145
1.0,713,101,199,0,0.926,2.7104205252579567,0.8364426436496396
1.0,713,150,150,0,0.926,2.7102218393881614,0.8363791986066047
1.0,713,201,99,0,0.872,2.2718566050545115,0.8289412151139397
1.0,713,251,49,0,0.878,2.360045428783141,0.8254294620050023
1.0,714,21,279,0,0.9,2.579541433145705,0.7928543817633926
1.0,714,51,249,0,0.9,2.566795196454178,0.8058669138201325
1.0,714,61,239,1,0.9,2.577167900564621,0.7798134142129298
1.0,714,71,229,0,0.898,2.5813691024172645,0.7713217468045578
1.0,714,101,199,0,0.898,2.5828476035213317,0.7704668429802789
1.0,714,150,150,0,0.9,2.5818015819819276,0.7777445621435628
1.0,714,201,99,0,0.896,2.4604000611791483,0.7776571844769554
1.0,714,251,49,0,0.966,3.6554305052330385,0.7781054018885287
1.0,715,21,279,0,0.874,2.204335822769297,0.8774966258465187
1.0,715,51,249,0,0.886,2.252886326767638,0.8438855669031747
1.0,715,61,239,1,0.884,2.216369690136641,0.8295665050690731
1.0,715,71,229,0,0.89,2.2293679491526515,0.8030956674383034
1.0,715,101,199,0,0.868,2.1265649833610243,0.8163990795753611
1.0,715,150,150,0,0.88,2.200984306709317,0.8166550809314959
1.0,715,201,99,0,0.874,2.1609263798815075,0.8156668800591009
1.0,715,251,49,0,0.888,2.225400205507034,0.8056495326925812
1.0,716,21,279,0,0.924,2.5902034162775474,0.9079033595323647
1.0,716,51,249,0,0.934,2.6742948759662584,0.8498966220200128
1.0,716,61,239,1,0.932,2.668033747794645,0.8283708088956976
1.0,716,71,229,0,0.934,2.6824029225833446,0.8223294116984737
1.0,716,101,199,0,0.936,2.6657590660119315,0.8021355760701342
1.0,716,150,150,0,0.934,2.674472917041707,0.8129487989530644
1.0,716,201,99,0,0.95,2.937252781651817,0.8058695047369397
1.0,716,251,49,0,0.888,2.1754776369426274,0.7950411873968155
1.0,717,21,279,0,0.936,2.9983473586294282,0.6515530540181135
1.0,717,51,249,0,0.912,2.523485015497823,0.734518808913366
1.0,717,61,239,1,0.912,2.521665222689835,0.7308885747655577
1.0,717,71,229,0,0.912,2.5262829829119626,0.7313379432608257
1.0,717,101,199,0,0.924,2.6866339791654177,0.7585879307829024
1.0,717,150,150,0,0.924,2.697449841021498,0.8115602997266556
1.0,717,201,99,0,0.934,2.7957203928122065,0.8124419976340826
1.0,717,251,49,0,0.948,3.3187546912187744,0.8186570834453598
1.0,718,21,279,0,0.94,2.958420363574116,0.8643970439522399
1.0,718,51,249,0,0.934,2.796140164028209,0.866428622901192
1.0,718,61,239,1,0.934,2.819742090297176,0.8319478930313428
1.0,718,71,229,0,0.932,2.8291807825240567,0.8212913895969328
1.0,718,101,199,0,0.932,2.8495757704369207,0.8135842907643069
1.0,718,150,150,0,0.934,2.8792887976881594,0.7972489135497268
1.0,718,201,99,0,0.93,2.8813770628181303,0.7905856224235196
1.0,718,251,49,0,0.87,2.2186031306740848,0.7786626905860404
1.0,719,21,279,0,0.934,2.788702596449722,0.7511382194472366
1.0,719,51,249,0,0.936,2.8999210461205176,0.7220750435245565
1.0,719,61,239,1,0.938,2.9243239868160202,0.7388604757202413
1.0,719,71,229,0,0.94,2.912619048715245,0.7535113584478769
1.0,719,101,199,0,0.938,2.8744861389825247,0.7709532045013103
1.0,719,150,150,0,0.948,2.9910121040073907,0.7823552012686129
1.0,719,201,99,0,0.962,3.4326303236782825,0.7771649600087595
1.0,719,251,49,0,0.962,3.4380210456120586,0.7662146774783763
1.0,720,21,279,0,0.936,2.8212266874655647,0.847337947662691
1.0,720,51,249,0,0.926,2.6420128042078694,0.7996412843037495
1.0,720,61,239,1,0.928,2.643339707856373,0.7732271291006391
1.0,720,71,229,0,0.93,2.7076581350121085,0.8058123322074241
1.0,720,101,199,0,0.93,2.7076058347095415,0.8057326651023066
1.0,720,150,150,0,0.924,2.603656225213634,0.8068661788820802
1.0,720,201,99,0,0.916,2.5036383642880695,0.8217262975968667
1.0,720,251,49,0,0.926,2.662205127391933,0.8081883003586106
1.0,721,21,279,0,0.932,2.662861687331333,0.7868634469262231
1.0,721,51,249,0,0.926,2.62513070072595,0.7571193473336143
1.0,721,61,239,1,0.93,2.653275733971405,0.7502577817766369
1.0,721,71,229,0,0.93,2.6578059216209455,0.7473609911280091
1.0,721,101,199,0,0.93,2.6568698069002696,0.7461701392869803
1.0,721,150,150,0,0.94,2.7589354058210147,0.7794132189044879
1.0,721,201,99,0,0.944,2.784341944838675,0.7768101542424839
1.0,721,251,49,0,0.94,2.745973233627643,0.7666278317172041
1.0,722,21,279,0,0.89,2.5275854499146884,0.7513555891428786
1.0,722,51,249,0,0.892,2.5210722853423633,0.7890038801291401
1.0,722,61,239,1,0.892,2.548513381518735,0.7833874503874032
1.0,722,71,229,0,0.9,2.708990172471647,0.7612908226313501
1.0,722,101,199,0,0.89,2.478610227912288,0.7636183452776789
1.0,722,150,150,0,0.886,2.4207714409004275,0.7711239073938744
1.0,722,201,99,0,0.882,2.3775866637468543,0.7725124059153295
1.0,722,251,49,0,0.856,2.092137187339128,0.7714230192275676
1.0,723,21,279,0,0.88,2.1853817957444637,0.7918082243977732
1.0,723,51,249,0,0.88,2.224355734427325,0.8257199879054088
1.0,723,61,239,1,0.882,2.2407108727596436,0.8111791072301243
1.0,723,71,229,0,0.884,2.255765090830725,0.8178695778398953
1.0,723,101,199,0,0.884,2.2558450269321106,0.8169871556943972
1.0,723,150,150,0,0.88,2.1770279562671195,0.7888572149803942
1.0,723,201,99,0,0.86,2.0506661973506524,0.7877617123661935
1.0,723,251,49,0,0.85,2.000750885255838,0.7992125032741132
1.0,724,21,279,0,0.82,1.991361621710451,0.7896227696873329
1.0,724,51,249,0,0.844,2.1572309855890097,0.7664839062211843
1.0,724,61,239,1,0.85,2.20761852679757,0.7801292549455513
1.0,724,71,229,0,0.856,2.2434417516140823,0.7933628041677944
1.0,724,101,199,0,0.896,2.5598670620327804,0.7776461726806508
1.0,724,150,150,0,0.85,2.210589573347829,0.7767678830156878
1.0,724,201,99,0,0.85,2.213652648053345,0.7733069081458436
1.0,724,251,49,0,0.852,2.220644469578041,0.7654238941679469
1.0,725,21,279,0,0.912,2.591898031435591,0.913465065772382
1.0,725,51,249,0,0.916,2.556741301541588,0.7987438618260029
1.0,725,61,239,1,0.918,2.5878800263657613,0.8021240504967282
1.0,725,71,229,0,0.918,2.5680495218674477,0.8078232202142196
1.0,725,101,199,0,0.916,2.527731797003761,0.8309284393097986
1.0,725,150,150,0,0.916,2.5051713354420597,0.8125184956405469
1.0,725,201,99,0,0.912,2.48749322770215,0.7951075447503293
1.0,725,251,49,0,0.84,2.0177461026551535,0.7905746062160569
1.0,726,21,279,0,0.94,2.9670844367293907,0.6873704946237615
1.0,726,51,249,0,0.946,3.088595034714186,0.8534842973208168
1.0,726,61,239,1,0.946,3.0807119126324882,0.8521783094159556
1.0,726,71,229,0,0.944,3.0228706413994675,0.8424480772017477
1.0,726,101,199,0,0.934,2.891189041797894,0.8192828187189094
1.0,726,150,150,0,0.934,2.8693805184780556,0.81530393950838
1.0,726,201,99,0,0.924,2.593360553534986,0.8023890233535246
1.0,726,251,49,0,0.918,2.375608259391542,0.8142087053481292
1.0,727,21,279,0,0.926,2.562704647100564,0.8036595481420084
1.0,727,51,249,0,0.926,2.61859361509005,0.840678366973112
1.0,727,61,239,1,0.924,2.593518791997588,0.8537461528876177
1.0,727,71,229,0,0.926,2.6116941420110136,0.8442598791233248
1.0,727,101,199,0,0.936,2.697728087369616,0.8307558690467148
1.0,727,150,150,0,0.936,2.723580171261624,0.8241448429220457
1.0,727,201,99,0,0.95,2.9934312676917227,0.8126582294430257
1.0,727,251,49,0,0.954,3.4095318887419475,0.8098867589337354
1.0,728,21,279,0,0.948,3.0153080783219806,0.8227531484848092
1.0,728,51,249,0,0.954,3.1621375773686395,0.7162985041766331
1.0,728,61,239,1,0.962,3.2904889607331262,0.7131743726566712
1.0,728,71,229,0,0.96,3.26735126819613,0.7584010450692165
1.0,728,101,199,0,0.96,3.27516089202129,0.7434081435702186
1.0,728,150,150,0,0.952,3.0987084684207655,0.7493599797752858
1.0,728,201,99,0,0.96,3.2623587124107933,0.7678467991684071
1.0,728,251,49,0,0.984,3.9388223815578476,0.7707727896121597
1.0,729,21,279,0,0.882,2.405856686814039,0.7785275662950228
1.0,729,51,249,0,0.892,2.4894467533485147,0.7998919849055962
1.0,729,61,239,1,0.9,2.5297309336170177,0.8129108600898103
1.0,729,71,229,0,0.9,2.536184351651624,0.8158417642577345
1.0,729,101,199,0,0.9,2.5681872747787557,0.8315906454948173
1.0,729,150,150,0,0.9,2.5632418568984656,0.8401332483549487
1.0,729,201,99,0,0.9,2.6109624088064147,0.8266343524254941
1.0,729,251,49,0,0.788,1.829821086111633,0.8411077919351438
1.0,730,21,279,0,0.902,2.255544585905548,0.7979758103356156
1.0,730,51,249,0,0.906,2.266294715589931,0.7632685737037599
1.0,730,61,239,1,0.906,2.273710789415145,0.755609849512795
1.0,730,71,229,0,0.908,2.282108871734187,0.7469551813691092
1.0,730,101,199,0,0.914,2.3714290276715237,0.7471738728738492
1.0,730,150,150,0,0.912,2.3407799499019157,0.7667877192445466
1.0,730,201,99,0,0.912,2.361115290026292,0.7605244837438967
1.0,730,251,49,0,0.918,2.3836925734972736,0.774829350165724
1.0,731,21,279,0,0.896,2.496114489494833,0.5729971830454621
1.0,731,51,249,0,0.922,2.465543874417782,0.7257059231821178
1.0,731,61,239,1,0.932,2.5626965506797856,0.7580174494164376
1.0,731,71,229,0,0.918,2.3875969601865354,0.7687461246539167
1.0,731,101,199,0,0.932,2.612059758496458,0.7739884548731286
1.0,731,150,150,0,0.94,2.8827123002822947,0.8196201885137061
1.0,731,201,99,0,0.93,2.6307153456709407,0.8125635544604366
1.0,731,251,49,0,0.912,2.284827839125703,0.8264838777843687
1.0,732,21,279,0,0.964,3.2258614902515106,0.639414244408291
1.0,732,51,249,0,0.952,2.961451954723835,0.7355321696813358
1.0,732,61,239,1,0.952,2.944225340394833,0.7513092462760226
1.0,732,71,229,0,0.95,2.9132691827424635,0.7601565429632653
1.0,732,101,199,0,0.954,2.978887344328132,0.7630796114953421
1.0,732,150,150,0,0.95,2.876032032415909,0.8000802945894788
1.0,732,201,99,0,0.882,2.283432652025632,0.8054716416348681
1.0,732,251,49,0,0.82,1.8436727367999306,0.8135940699786847
1.0,733,21,279,0,0.92,2.594444164648019,0.7997620195373355
1.0,733,51,249,0,0.92,2.6156715125783094,0.8145524712078634
1.0,733,61,239,1,0.92,2.626313543626718,0.8218009380014549
1.0,733,71,229,0,0.924,2.6953752932310464,0.7986905365137131
1.0,733,101,199,0,0.926,2.7542950305798906,0.7858662143896484
1.0,733,150,150,0,0.92,2.585197878463506,0.806207671187344
1.0,733,201,99,0,0.938,3.0636381952435396,0.8068781638400028
1.0,733,251,49,0,0.952,3.314768449755371,0.7976644269573038
1.0,734,21,279,0,0.9,2.3185535814494393,0.778119468003497
1.0,734,51,249,0,0.902,2.3484843469035566,0.7635803131482738
1.0,734,61,239,1,0.898,2.3220611921999557,0.7568239379044052
1.0,734,71,229,0,0.902,2.3504112409267726,0.7614517103354177
1.0,734,101,199,0,0.918,2.500667691909094,0.8164918858523398
1.0,734,150,150,0,0.93,2.6925942515847807,0.812081310972012
1.0,734,201,99,0,0.93,2.6971114876143703,0.8175704767880428
1.0,734,251,49,0,0.822,1.7232051822768522,0.8183271772758626
1.0,735,21,279,0,0.848,2.1092984439573756,0.8216155264520308
1.0,735,51,249,0,0.852,2.158090382652864,0.7734793740313775
1.0,735,61,239,1,0.848,2.1191971850403553,0.7723125973290121
1.0,735,71,229,0,0.848,2.1138254487801587,0.7912916500641487
1.0,735,101,199,0,0.842,2.0678606253241325,0.8096526977343828
1.0,735,150,150,0,0.864,2.2392392096375953,0.8123682808738554
1.0,735,201,99,0,0.846,2.089067928317389,0.8011971705452516
1.0,735,251,49,0,0.842,2.0626370667844975,0.7951198088065868
1.0,736,21,279,0,0.94,2.6486002165750926,0.8066879113410234
1.0,736,51,249,0,0.94,2.631115736419869,0.812915322627535
1.0,736,61,239,1,0.948,2.794195857700076,0.8048298800565021
1.0,736,71,229,0,0.954,2.8631537993311102,0.8159350495720297
1.0,736,101,199,0,0.956,2.941685327492173,0.7996954776045438
1.0,736,150,150,0,0.926,2.490400284962164,0.7846379888786407
1.0,736,201,99,0,0.94,2.6587064156804794,0.8037912988947514
1.0,736,251,49,0,0.958,3.1275673527105674,0.7984374617092482
1.0,737,21,279,0,0.904,2.3230851689927907,0.812252110238145
1.0,737,51,249,0,0.894,2.291068880849202,0.7865039929452913
1.0,737,61,239,1,0.89,2.2695712648480293,0.7697413626179722
1.0,737,71,229,0,0.894,2.278520398178993,0.776670850341531
1.0,737,101,199,0,0.894,2.2805161367901072,0.7782255145330179
1.0,737,150,150,0,0.896,2.299811922938486,0.7934386017138398
1.0,737,201,99,0,0.904,2.346416394890718,0.7859998293267908
1.0,737,251,49,0,0.886,2.229169189761328,0.7843995951338704
1.0,738,21,279,0,0.898,2.3925885197717927,0.797866647490974
1.0,738,51,249,0,0.898,2.379138665728954,0.7608180477001086
1.0,738,61,239,1,0.898,2.38380467942329,0.7588183952231978
1.0,738,71,229,0,0.9,2.409665522907516,0.7770463686872245
1.0,738,101,199,0,0.9,2.4236742871780455,0.760783998885487
1.0,738,150,150,0,0.9,2.4354144353724334,0.7660838046567358
1.0,738,201,99,0,0.89,2.3103755275280307,0.7872302307429911
1.0,738,251,49,0,0.86,2.0376527435098137,0.7946920709329246
1.0,739,21,279,0,0.858,2.084550383348902,0.7266696992882029
1.0,739,51,249,0,0.88,2.2839598604255835,0.8233596594400854
1.0,739,61,239,1,0.872,2.2562434942701795,0.8060092609793325
1.0,739,71,229,0,0.87,2.250515450473794,0.8046533531055508
1.0,739,101,199,0,0.864,2.1930697903190537,0.7913958635973042
1.0,739,150,150,0,0.866,2.212146819889744,0.7960929336185938
1.0,739,201,99,0,0.866,2.2065780712313736,0.789077344829022
1.0,739,251,49,0,0.906,2.792419592592343,0.7901364993693506
1.0,740,21,279,0,0.916,2.3461895038479352,0.7095879350411254
1.0,740,51,249,0,0.916,2.39274448950994,0.7779738769609448
1.0,740,61,239,1,0.918,2.413310790045579,0.7671259632832841
1.0,740,71,229,0,0.916,2.3938212323790475,0.7788731112051552
1.0,740,101,199,0,0.918,2.4340723915989537,0.7657764568978735
1.0,740,150,150,0,0.918,2.503892649325309,0.752987513418123
1.0,740,201,99,0,0.918,2.450640307270865,0.7545453868637374
1.0,740,251,49,0,0.918,2.43953873384332,0.7579826495288796
1.0,741,21,279,0,0.92,2.719429669726934,0.9044530710740927
1.0,741,51,249,0,0.918,2.674887403008136,0.8848984384657417
1.0,741,61,239,1,0.918,2.6704961719308487,0.8838860296716072
1.0,741,71,229,0,0.92,2.7146172737457763,0.8611839705258114
1.0,741,101,199,0,0.924,2.7811268510691636,0.8709668412932182
1.0,741,150,150,0,0.928,2.7937144431676444,0.8654841644535647
1.0,741,201,99,0,0.936,3.2139976852782413,0.8483841642102226
1.0,741,251,49,0,0.958,3.824103140458301,0.830348529910515
1.0,742,21,279,0,0.922,2.4592594513002686,0.8592054697008922
1.0,742,51,249,0,0.902,2.343143166590824,0.8402632159916729
1.0,742,61,239,1,0.906,2.3839064077502217,0.8202598617710771
1.0,742,71,229,0,0.908,2.4188230173264738,0.7933230478275999
1.0,742,101,199,0,0.918,2.464414810537798,0.781477769268166
1.0,742,150,150,0,0.904,2.3606500847987264,0.7815504491719819
1.0,742,201,99,0,0.904,2.360405146370604,0.7816764886645947
1.0,742,251,49,0,0.888,2.247180053959492,0.793031066646551
1.0,743,21,279,0,0.848,2.106448635402148,0.887880484213578
1.0,743,51,249,0,0.864,2.0692645126906646,0.7954879141251469
1.0,743,61,239,1,0.864,2.1063159288750675,0.7921909219939365
1.0,743,71,229,0,0.864,2.136115886978434,0.7831939037271805
1.0,743,101,199,0,0.864,2.143507861313996,0.7865273612869902
1.0,743,150,150,0,0.864,2.079367084274847,0.7981932670358546
1.0,743,201,99,0,0.808,1.7371171749290693,0.7922267515157098
1.0,743,251,49,0,0.752,1.5289521439436098,0.7902827762665323
1.0,744,21,279,0,0.906,2.4152634932238057,0.7496536687214796
1.0,744,51,249,0,0.906,2.3939754723351387,0.7630194694916737
1.0,744,61,239,1,0.906,2.3969810211050135,0.7617172473828325
1.0,744,71,229,0,0.906,2.449452118076919,0.7388690794998217
1.0,744,101,199,0,0.912,2.5142456053638234,0.7241073842813269
1.0,744,150,150,0,0.93,2.7546607541505246,0.7664296276573652
1.0,744,201,99,0,0.928,2.7244865678117076,0.7697472118739895
1.0,744,251,49,0,0.944,2.9992927962868388,0.7715576686990928
1.0,745,21,279,0,0.932,2.814969381917181,0.7439165023264637
1.0,745,51,249,0,0.93,2.6927695575538317,0.7821531332462028
1.0,745,61,239,1,0.93,2.7124700059231683,0.8025854659552484
1.0,745,71,229,0,0.918,2.6206172661232885,0.8122977037666336
1.0,745,101,199,0,0.932,2.8295582453701007,0.7922973831397379
1.0,745,150,150,0,0.934,2.8753799212299334,0.7916799895969806
1.0,745,201,99,0,0.932,2.8686691507485316,0.7856524539262862
1.0,745,251,49,0,0.914,2.483756054750338,0.7725502776055739
1.0,746,21,279,0,0.902,2.330358756930882,0.8425798742631643
1.0,746,51,249,0,0.904,2.36357978236276,0.8019548331150087
1.0,746,61,239,1,0.908,2.397756114543834,0.7774180499066115
1.0,746,71,229,0,0.912,2.4210471263427378,0.7602388629287582
1.0,746,101,199,0,0.908,2.3972801856117147,0.7777649612891895
1.0,746,150,150,0,0.912,2.434036461646394,0.7755793446364251
1.0,746,201,99,0,0.926,2.596563854428242,0.7741962280078871
1.0,746,251,49,0,0.926,2.595979701798941,0.7808612387271179
1.0,747,21,279,0,0.904,2.4091512672711137,0.7650683133491257
1.0,747,51,249,0,0.918,2.5879976103471187,0.8065510509770812
1.0,747,61,239,1,0.912,2.4476642256950107,0.7976883154757177
1.0,747,71,229,0,0.918,2.5875333255246113,0.8068121404953573
1.0,747,101,199,0,0.914,2.54367869808438,0.8312721117100271
1.0,747,150,150,0,0.908,2.4370700069388014,0.8379497553237157
1.0,747,201,99,0,0.862,2.155643940274074,0.8367326455283522
1.0,747,251,49,0,0.852,2.0108373378833906,0.8266461655018555
1.0,748,21,279,0,0.928,2.6660668497574096,0.8013182330065205
1.0,748,51,249,0,0.93,2.656252266832143,0.8075562045928872
1.0,748,61,239,1,0.928,2.663909773178094,0.802682130660156
1.0,748,71,229,0,0.94,2.7496646511181932,0.8406745146152277
1.0,748,101,199,0,0.936,2.691612130227455,0.8266325973739101
1.0,748,150,150,0,0.936,2.7666986799067708,0.7975245220187052
1.0,748,201,99,0,0.932,2.6967214937709465,0.8160089085987118
1.0,748,251,49,0,0.938,2.757527420338953,0.8224402747997659
1.0,749,21,279,0,0.904,2.4404037686606115,0.931818406826126
1.0,749,51,249,0,0.926,2.564675374448345,0.8853350342883742
1.0,749,61,239,1,0.928,2.5787426728578957,0.8710927106365488
1.0,749,71,229,0,0.928,2.5887243557293393,0.869847453047483
1.0,749,101,199,0,0.922,2.5217488413989093,0.8392383824275585
1.0,749,150,150,0,0.91,2.381576006751802,0.8174666979996152
1.0,749,201,99,0,0.908,2.3201126924060786,0.8094309313685455
1.0,749,251,49,0,0.954,3.1752953512095976,0.8099673400849653
1.0,750,21,279,0,0.88,2.483502167134682,0.6988991036932874
1.0,750,51,249,0,0.88,2.367734499003984,0.8111287392632003
1.0,750,61,239,1,0.882,2.4195506615189464,0.800747340526305
1.0,750,71,229,0,0.89,2.490396623703288,0.8167793655524278
1.0,750,101,199,0,0.88,2.3839907385883206,0.8022493662340715
1.0,750,150,150,0,0.884,2.4833730503535025,0.7765458244232583
1.0,750,201,99,0,0.92,2.7409356685529547,0.7876469082587365
1.0,750,251,49,0,0.92,2.7424001631390955,0.7726918026052458
1.0,751,21,279,0,0.928,2.667775373565074,0.6794156919234792
1.0,751,51,249,0,0.922,2.646134319701545,0.7747390298248809
1.0,751,61,239,1,0.92,2.643265776732868,0.7829964697881477
1.0,751,71,229,0,0.936,2.7662346950330656,0.7954906659759826
1.0,751,101,199,0,0.942,2.7904608155172514,0.7880037860661555
1.0,751,150,150,0,0.912,2.5573109405405594,0.7897369292945459
1.0,751,201,99,0,0.914,2.5494750397678936,0.7989253250136934
1.0,751,251,49,0,0.836,1.9323952416585197,0.8095676376013844
1.0,752,21,279,0,0.906,2.5220521570204952,0.8321203809999602
1.0,752,51,249,0,0.904,2.5023451168960205,0.8138491731143404
1.0,752,61,239,1,0.902,2.47117410363332,0.784508230215317
1.0,752,71,229,0,0.904,2.517131575429277,0.7960321785502277
1.0,752,101,199,0,0.924,2.722028155260997,0.824816097712653
1.0,752,150,150,0,0.942,3.0619087353550394,0.8226862510302122
1.0,752,201,99,0,0.942,3.0442060126121597,0.8207717788357487
1.0,752,251,49,0,0.834,1.9925548129830881,0.8312035007054608
1.0,753,21,279,0,0.866,2.1675967226449147,0.7532889411919148
1.0,753,51,249,0,0.868,2.1913275274651642,0.777161076370499
1.0,753,61,239,1,0.872,2.194275982758991,0.7757341951911982
1.0,753,71,229,0,0.88,2.2392742953276006,0.7713141104159444
1.0,753,101,199,0,0.88,2.2277985529233324,0.7941447720924553
1.0,753,150,150,0,0.852,2.069359327777667,0.786662167368354
1.0,753,201,99,0,0.848,2.0498756841691557,0.7781261505757933
1.0,753,251,49,0,0.848,2.059719313337153,0.782427255520812
1.0,754,21,279,0,0.932,2.9026013962221975,0.7106100192676063
1.0,754,51,249,0,0.944,3.0246840257171614,0.7979006119987643
1.0,754,61,239,1,0.934,2.986375606154008,0.8075437358758235
1.0,754,71,229,0,0.936,3.0023456335298797,0.7991124098527134
1.0,754,101,199,0,0.934,2.857288505639375,0.7584373653799362
1.0,754,150,150,0,0.934,2.8614714131218206,0.7546848951532868
1.0,754,201,99,0,0.934,2.872989265805867,0.7728713055595611
1.0,754,251,49,0,0.968,3.501565852063725,0.7861714872582405
1.0,755,21,279,0,0.914,2.588956728724891,0.862865850882025
1.0,755,51,249,0,0.906,2.568714273910058,0.8179677502833463
1.0,755,61,239,1,0.91,2.600218416095736,0.8342666020862332
1.0,755,71,229,0,0.914,2.6270639597011285,0.8320589364042086
1.0,755,101,199,0,0.912,2.6431204256481053,0.7989532256841472
1.0,755,150,150,0,0.906,2.5792699359259843,0.8150237541901162
1.0,755,201,99,0,0.916,2.6932194955490796,0.795538214166824
1.0,755,251,49,0,0.936,2.935807556348378,0.7905221210881564
1.0,756,21,279,0,0.874,2.227469744765126,0.8244775284344115
1.0,756,51,249,0,0.87,2.1844693270906266,0.868196900343653
1.0,756,61,239,1,0.874,2.198159600251966,0.8623477298434071
1.0,756,71,229,0,0.908,2.3339446126182084,0.8448514348727143
1.0,756,101,199,0,0.916,2.43792458182605,0.8118971835176518
1.0,756,150,150,0,0.92,2.5094424242455333,0.8060767010823975
1.0,756,201,99,0,0.918,2.470477635955995,0.8196162043570553
1.0,756,251,49,0,0.832,1.920171831888452,0.8104301663489154
1.0,757,21,279,0,0.902,2.4329463180993516,0.666176471036523
1.0,757,51,249,0,0.898,2.387313512591034,0.7102996631437248
1.0,757,61,239,1,0.888,2.2487438699037137,0.7628321474797571
1.0,757,71,229,0,0.894,2.289450904071745,0.7852739703724859
1.0,757,101,199,0,0.906,2.386229839382367,0.8040011774733398
1.0,757,150,150,0,0.908,2.3848170018497172,0.7988130013246396
1.0,757,201,99,0,0.92,2.548976088693124,0.8126648315380339
1.0,757,251,49,0,0.92,2.54913153930446,0.814740173575587
1.0,758,21,279,0,0.902,2.2310266161407366,0.693296610375682
1.0,758,51,249,0,0.89,2.087722701505957,0.797856163072849
1.0,758,61,239,1,0.894,2.1088366998907544,0.7813571482243944
1.0,758,71,229,0,0.892,2.1165135135168627,0.7714270563079889
1.0,758,101,199,0,0.896,2.1279999362846227,0.7936931669724474
1.0,758,150,150,0,0.918,2.352818843167559,0.8217962207487861
1.0,758,201,99,0,0.904,2.254359621020393,0.803130474222596
1.0,758,251,49,0,0.944,2.631015128556367,0.8053735006309992
1.0,759,21,279,0,0.87,2.2069924585417295,0.8107131659850332
1.0,759,51,249,0,0.868,2.174113443605929,0.8238604644520376
1.0,759,61,239,1,0.868,2.187279840254762,0.8185819210087033
1.0,759,71,229,0,0.876,2.240310141391162,0.8156769169262764
1.0,759,101,199,0,0.874,2.2530691670347562,0.7972189113166784
1.0,759,150,150,0,0.9,2.4412993159161327,0.8090194763019606
1.0,759,201,99,0,0.896,2.420257127079496,0.8128682660120997
1.0,759,251,49,0,0.94,2.823958480122326,0.795849420302197
1.0,760,21,279,0,0.924,2.499706243881252,0.8676821061463835
1.0,760,51,249,0,0.924,2.5660655228177527,0.8890351017438576
1.0,760,61,239,1,0.928,2.5835361095600495,0.8708986440507095
1.0,760,71,229,0,0.928,2.5607192465318147,0.8609105452374163
1.0,760,101,199,0,0.93,2.5518934772021384,0.8408406115557061
1.0,760,150,150,0,0.934,2.6167402564127498,0.8291868037853398
1.0,760,201,99,0,0.934,2.627076345719098,0.8179661098725468
1.0,760,251,49,0,0.924,2.425467806031461,0.8167483264073472
1.0,761,21,279,0,0.89,2.32108222639759,0.8388927653409789
1.0,761,51,249,0,0.896,2.435097912697109,0.7987258614741767
1.0,761,61,239,1,0.896,2.4483494790968097,0.7623748303033254
1.0,761,71,229,0,0.894,2.422749141849133,0.7628464473065334
1.0,761,101,199,0,0.884,2.288946795736807,0.7665489305694223
1.0,761,150,150,0,0.882,2.2773370995747135,0.7780619452761187
1.0,761,201,99,0,0.908,2.5203742449969564,0.771264598606647
1.0,761,251,49,0,0.95,3.3242572769586416,0.7596164956751066
1.0,762,21,279,0,0.908,2.455344612102337,0.8093421431084123
1.0,762,51,249,0,0.908,2.4403554366648454,0.8265417150281545
1.0,762,61,239,1,0.908,2.4748553394024086,0.8379330694157757
1.0,762,71,229,0,0.908,2.4271407417460424,0.8219712479224149
1.0,762,101,199,0,0.908,2.4687425374496126,0.8358712737151978
1.0,762,150,150,0,0.908,2.5045432861276296,0.8020110762491064
1.0,762,201,99,0,0.87,2.0966522211547622,0.8083679175296608
1.0,762,251,49,0,0.896,2.299645136066591,0.8043494491036571
1.0,763,21,279,0,0.904,2.3795080164093543,0.733317579652089
1.0,763,51,249,0,0.908,2.3694084687884134,0.7791077661928337
1.0,763,61,239,1,0.906,2.369940771341203,0.7769434184571187
1.0,763,71,229,0,0.908,2.368905189546176,0.7811327409910546
1.0,763,101,199,0,0.91,2.36944031005712,0.8015585887284734
1.0,763,150,150,0,0.908,2.36754940769727,0.7864880558698705
1.0,763,201,99,0,0.926,2.7550898812610773,0.7779928673966956
1.0,763,251,49,0,0.926,2.751318797709524,0.7711258523608108
1.0,764,21,279,0,0.898,2.3670219536136625,0.8288127106845137
1.0,764,51,249,0,0.884,2.307976135826644,0.7652135956804266
1.0,764,61,239,1,0.886,2.3090900247687616,0.7627554812151693
1.0,764,71,229,0,0.886,2.304876805848167,0.7720213204234931
1.0,764,101,199,0,0.884,2.2920684775989906,0.7625821854887849
1.0,764,150,150,0,0.924,2.576247114568746,0.7685748885495212
1.0,764,201,99,0,0.922,2.58558986632144,0.7764759354833134
1.0,764,251,49,0,0.9,2.3719680859081156,0.787663847518183
1.0,765,21,279,0,0.89,2.3196510226846923,0.8385313302884795
1.0,765,51,249,0,0.886,2.312401015857749,0.8072281519434116
1.0,765,61,239,1,0.886,2.3126556148938238,0.7925917862488036
1.0,765,71,229,0,0.886,2.3122512229070225,0.8116711890790158
1.0,765,101,199,0,0.886,2.3025105587800887,0.8039975847866121
1.0,765,150,150,0,0.886,2.312353881164477,0.8062842916067465
1.0,765,201,99,0,0.886,2.320897126059413,0.8050333391383974
1.0,765,251,49,0,0.886,2.3122533838746313,0.8014075781729175
1.0,766,21,279,0,0.912,2.563552329619506,0.6703731590035279
1.0,766,51,249,0,0.93,2.6851571403312544,0.7459640430217587
1.0,766,61,239,1,0.928,2.735136916601464,0.766828952117454
1.0,766,71,229,0,0.922,2.684661547361708,0.7918093824677169
1.0,766,101,199,0,0.918,2.5472323614240886,0.8159935261174388
1.0,766,150,150,0,0.93,2.8202806049276616,0.8084818345037986
1.0,766,201,99,0,0.952,3.0739845618767627,0.8105304908424154
1.0,766,251,49,0,0.93,2.8080413594046614,0.8246396354443583
1.0,767,21,279,0,0.88,2.2720535148424044,0.7925382870924093
1.0,767,51,249,0,0.868,2.2259066833613335,0.810429438189464
1.0,767,61,239,1,0.866,2.207626164189503,0.7951479212976852
1.0,767,71,229,0,0.854,2.1314504809540145,0.7857518932724893
1.0,767,101,199,0,0.876,2.254543950177247,0.7844752809624193
1.0,767,150,150,0,0.88,2.2786974325528853,0.78877220996592
1.0,767,201,99,0,0.878,2.288563171361815,0.7831686531163451
1.0,767,251,49,0,0.926,2.792128595394849,0.8086168173034392
1.0,768,21,279,0,0.918,2.803355423006986,0.85681873515469
1.0,768,51,249,0,0.918,2.7964190270974147,0.8134746656772696
1.0,768,61,239,1,0.94,2.953136224493942,0.8027332349520729
1.0,768,71,229,0,0.94,2.9706245927724644,0.8055310496478221
1.0,768,101,199,0,0.948,3.0999930002263074,0.814692601462983
1.0,768,150,150,0,0.92,2.7947791223852927,0.7994289835183617
1.0,768,201,99,0,0.968,3.3732795557476094,0.8167806361935374
1.0,768,251,49,0,0.98,4.010865316130986,0.824075746426658
1.0,769,21,279,0,0.838,1.978772864774431,0.8170524620487604
1.0,769,51,249,0,0.842,2.0190401325614866,0.7734776464160732
1.0,769,61,239,1,0.86,2.0715796135165943,0.774865578622676
1.0,769,71,229,0,0.864,2.1213110626781173,0.7534434024223448
1.0,769,101,199,0,0.874,2.179788805263223,0.78571218803177
1.0,769,150,150,0,0.872,2.1587410483400613,0.8135614331185524
1.0,769,201,99,0,0.9,2.409092418595359,0.8156681470365368
1.0,769,251,49,0,0.836,1.9477981776267734,0.8108196377023079
1.0,770,21,279,0,0.874,2.3822404920012525,0.9195104486902766
1.0,770,51,249,0,0.872,2.336805618841582,0.8410818359882735
1.0,770,61,239,1,0.886,2.427692960600779,0.8536973221181474
1.0,770,71,229,0,0.888,2.3998617432947627,0.8292721443338482
1.0,770,101,199,0,0.894,2.448545691961215,0.8134906353179041
1.0,770,150,150,0,0.858,2.19958693297873,0.8060508571911942
1.0,770,201,99,0,0.862,2.2069505243642444,0.8008932872042692
1.0,770,251,49,0,0.858,2.1911952993668145,0.8062195886328258
1.0,771,21,279,0,0.926,2.7440610495245865,0.761184070085814
1.0,771,51,249,0,0.924,2.7363288785270656,0.7676176312655664
1.0,771,61,239,1,0.932,2.772834428652788,0.7371589214456932
1.0,771,71,229,0,0.93,2.7617746926889915,0.7464096814938386
1.0,771,101,199,0,0.93,2.7582811969032965,0.7494837790936775
1.0,771,150,150,0,0.938,2.793098250122922,0.7639379652781162
1.0,771,201,99,0,0.928,2.7590389995430753,0.7732572873234581
1.0,771,251,49,0,0.976,3.667888481284846,0.786212765119338
1.0,772,21,279,0,0.914,2.519337391158353,0.8544352450986713
1.0,772,51,249,0,0.92,2.6218875744737526,0.816999673954941
1.0,772,61,239,1,0.922,2.6348778487201407,0.8400757654671044
1.0,772,71,229,0,0.914,2.5034462439299463,0.8454533381399334
1.0,772,101,199,0,0.922,2.641184502615699,0.8515280557168695
1.0,772,150,150,0,0.906,2.433666577005205,0.8590631284814476
1.0,772,201,99,0,0.942,3.057080922440824,0.8464350958015103
1.0,772,251,49,0,0.892,2.278423111859808,0.8423945898585778
1.0,773,21,279,0,0.886,2.374047183734252,0.7139623284275622
1.0,773,51,249,0,0.886,2.4067247604047672,0.6938794251039864
1.0,773,61,239,1,0.886,2.399231219687882,0.7030169694009216
1.0,773,71,229,0,0.884,2.368154897386648,0.7242640044293951
1.0,773,101,199,0,0.884,2.4167704140583925,0.7320438079322201
1.0,773,150,150,0,0.912,2.760199443202136,0.7577784533485475
1.0,773,201,99,0,0.926,2.853894410424724,0.7725426213815658
1.0,773,251,49,0,0.876,2.31516209967334,0.773508218832369
1.0,774,21,279,0,0.888,2.4526637904520103,0.833894464964353
1.0,774,51,249,0,0.888,2.434594942017036,0.8027575095563313
1.0,774,61,239,1,0.898,2.5325501098357996,0.805565423463174
1.0,774,71,229,0,0.902,2.5489889053443515,0.7920198130966875
1.0,774,101,199,0,0.902,2.54927656489865,0.820179520176663
1.0,774,150,150,0,0.904,2.570479857730281,0.8054945857401989
1.0,774,201,99,0,0.852,2.204521316364085,0.7793042998680875
1.0,774,251,49,0,0.852,2.1950924664345535,0.772734931284936
1.0,775,21,279,0,0.886,2.269719601889756,0.8154595076408616
1.0,775,51,249,0,0.88,2.2070714953832455,0.7669932365779392
1.0,775,61,239,1,0.882,2.2171784842183238,0.7851604093843914
1.0,775,71,229,0,0.882,2.2456945292006485,0.8093395786058133
1.0,775,101,199,0,0.882,2.2430698676010534,0.8054105723223004
1.0,775,150,150,0,0.884,2.277613614846551,0.7974510633018375
1.0,775,201,99,0,0.878,2.1722755047750533,0.794139781201537
1.0,775,251,49,0,0.918,2.5007873159869174,0.7860298751870682
1.0,776,21,279,0,0.87,2.272734105680791,0.6625625393527719
1.0,776,51,249,0,0.892,2.3220897917667207,0.7771609505765064
1.0,776,61,239,1,0.892,2.3630965907845,0.775810992518175
1.0,776,71,229,0,0.892,2.366398340116738,0.7772418897748988
1.0,776,101,199,0,0.894,2.418532090143058,0.7589327066824129
1.0,776,150,150,0,0.902,2.4582310805484635,0.7643642294206421
1.0,776,201,99,0,0.914,2.5728728265769343,0.7682043988145951
1.0,776,251,49,0,0.936,2.8088168625428453,0.7734532930852305
1.0,777,21,279,0,0.904,2.341523577460828,0.7802113171871213
1.0,777,51,249,0,0.902,2.3192256771721436,0.8126463675375445
1.0,777,61,239,1,0.9,2.307916683643214,0.8073836137863298
1.0,777,71,229,0,0.874,2.144790171440774,0.7891751725838275
1.0,777,101,199,0,0.888,2.2671321987759327,0.7847273657449886
1.0,777,150,150,0,0.902,2.3158080424918737,0.8011867603071284
1.0,777,201,99,0,0.886,2.216526273528688,0.7869874452430999
1.0,777,251,49,0,0.928,2.5492758827539985,0.7813258664248147
1.0,778,21,279,0,0.914,2.6740509874824614,0.8661516675582203
1.0,778,51,249,0,0.912,2.6436351638876103,0.7889017885081574
1.0,778,61,239,1,0.914,2.6500895354329,0.7975616864394448
1.0,778,71,229,0,0.912,2.6424061536978893,0.7893244415727744
1.0,778,101,199,0,0.906,2.522189425871635,0.7616778923076936
1.0,778,150,150,0,0.92,2.7610016701259017,0.7486364267328244
1.0,778,201,99,0,0.922,2.7902243741928023,0.7386322693461239
1.0,778,251,49,0,0.896,2.489939853007811,0.7475763849310777
1.0,779,21,279,0,0.908,2.522926162623655,0.9104444198690292
1.0,779,51,249,0,0.894,2.325797888870703,0.8525450580585947
1.0,779,61,239,1,0.9,2.3765925797353784,0.8578510346220043
1.0,779,71,229,0,0.908,2.475097169231858,0.843041838781922
1.0,779,101,199,0,0.894,2.3228381722010614,0.848375195364173
1.0,779,150,150,0,0.892,2.313129117981293,0.830574525166778
1.0,779,201,99,0,0.872,2.148983967824398,0.8551556737171617
1.0,779,251,49,0,0.89,2.2413427135079047,0.8436074424145402
1.0,780,21,279,0,0.914,2.485782881435505,0.8505039410419514
1.0,780,51,249,0,0.918,2.5002799481659013,0.8243400187240242
1.0,780,61,239,1,0.916,2.4819170615116843,0.8167263943274108
1.0,780,71,229,0,0.922,2.537809014847291,0.8383693576920808
1.0,780,101,199,0,0.926,2.6752435835910675,0.857309187466104
1.0,780,150,150,0,0.948,3.1967247677435915,0.8615842773819357
1.0,780,201,99,0,0.944,3.0082875495991037,0.8569706729173775
1.0,780,251,49,0,0.96,3.5623972270457522,0.8494289537700954
1.0,781,21,279,0,0.936,2.78400847508582,0.8252054235608447
1.0,781,51,249,0,0.936,2.7715627986940072,0.819391395269569
1.0,781,61,239,1,0.924,2.667351710720296,0.8101418374131186
1.0,781,71,229,0,0.93,2.6690663261247183,0.8134474950228695
1.0,781,101,199,0,0.932,2.755519841284345,0.8030216464356036
1.0,781,150,150,0,0.94,2.919985353234482,0.7779955764272953
1.0,781,201,99,0,0.942,2.922315261170519,0.7692806945958145
1.0,781,251,49,0,0.952,3.112148754988785,0.7762062834263758
1.0,782,21,279,0,0.874,2.2296862976891507,0.8089839656673061
1.0,782,51,249,0,0.87,2.180302015303889,0.7922834819693442
1.0,782,61,239,1,0.87,2.168242798016743,0.8019004369916433
1.0,782,71,229,0,0.874,2.2123114989909296,0.7907235359773792
1.0,782,101,199,0,0.878,2.28455269468588,0.798237813206748
1.0,782,150,150,0,0.904,2.617181416055123,0.8122221972995756
1.0,782,201,99,0,0.912,2.6964543082889905,0.784209711715059
1.0,782,251,49,0,0.882,2.3348122070365633,0.7800127159794773
1.0,783,21,279,0,0.878,2.3825869156392163,0.7793210567107998
1.0,783,51,249,0,0.89,2.4746178871640696,0.7862423853493384
1.0,783,61,239,1,0.89,2.469260856751403,0.7898914483464468
1.0,783,71,229,0,0.906,2.5491727789133227,0.7748251411663901
1.0,783,101,199,0,0.894,2.477730211655228,0.7841215590351162
1.0,783,150,150,0,0.876,2.365086106454037,0.7668536241078222
1.0,783,201,99,0,0.858,2.163020014309963,0.7752441046129589
1.0,783,251,49,0,0.87,2.2753903127957833,0.7794608953004667
1.0,784,21,279,0,0.878,2.3193038009916616,0.6639705203876914
1.0,784,51,249,0,0.882,2.304630906698336,0.7569736118441595
1.0,784,61,239,1,0.886,2.3117936817694464,0.7426750668719514
1.0,784,71,229,0,0.888,2.336188537598733,0.74197777841783
1.0,784,101,199,0,0.9,2.4333200877365506,0.7509894462983171
1.0,784,150,150,0,0.878,2.2272558571235486,0.7910050137310691
1.0,784,201,99,0,0.934,3.088415638311686,0.7926422406020661
1.0,784,251,49,0,0.946,3.4878673509530076,0.793935096286143
1.0,785,21,279,0,0.93,2.5858615487942256,0.8316752272463909
1.0,785,51,249,0,0.926,2.521117470024121,0.8107581665459972
1.0,785,61,239,1,0.926,2.5056390527955847,0.8077898290760275
1.0,785,71,229,0,0.924,2.44766349843405,0.8136276259221406
1.0,785,101,199,0,0.91,2.3515165774122315,0.8128966923895314
1.0,785,150,150,0,0.926,2.4898450427595744,0.8121179748861177
1.0,785,201,99,0,0.922,2.42559953374586,0.8251984209447726
1.0,785,251,49,0,0.954,2.8646118497042066,0.8231821801846784
1.0,786,21,279,0,0.922,2.6704506886826787,0.7409472263418729
1.0,786,51,249,0,0.918,2.6336781045154574,0.833225835432453
1.0,786,61,239,1,0.92,2.7073604663550204,0.8262835619573609
1.0,786,71,229,0,0.92,2.7346007799313763,0.8255182064401275
1.0,786,101,199,0,0.92,2.724571391839953,0.8294417853951295
1.0,786,150,150,0,0.922,2.7704930887917993,0.8115962639577264
1.0,786,201,99,0,0.892,2.3619730400953087,0.803937697930048
1.0,786,251,49,0,0.894,2.353834551251628,0.796030093707113
1.0,787,21,279,0,0.942,2.935967038387151,0.8632202687584404
1.0,787,51,249,0,0.958,3.074225949822936,0.840227795793301
1.0,787,61,239,1,0.96,3.17402270217266,0.8115763367587939
1.0,787,71,229,0,0.96,3.160961244266478,0.8038030074726873
1.0,787,101,199,0,0.942,2.8152219004051493,0.8047484423540208
1.0,787,150,150,0,0.906,2.4637429120792294,0.8132175195649535
1.0,787,201,99,0,0.954,3.026391659119909,0.7961622288351449
1.0,787,251,49,0,0.886,2.2720482708546217,0.795451808641151
1.0,788,21,279,0,0.916,2.57582804541826,0.7481554732503772
1.0,788,51,249,0,0.918,2.5484074902869214,0.771335137866701
1.0,788,61,239,1,0.916,2.5635458097578256,0.7506157604970584
1.0,788,71,229,0,0.914,2.5725176388146567,0.7295359515759979
1.0,788,101,199,0,0.914,2.5199689217890153,0.7451898459023498
1.0,788,150,150,0,0.914,2.515695051277593,0.7464711448708227
1.0,788,201,99,0,0.914,2.547784761129042,0.7468142709543173
1.0,788,251,49,0,0.902,2.3642656368842245,0.743865925812619
1.0,789,21,279,0,0.926,2.7940476117137223,0.8571670456758427
1.0,789,51,249,0,0.926,2.7880259627427706,0.8683098432140521
1.0,789,61,239,1,0.922,2.8006173929310316,0.8816255065432402
1.0,789,71,229,0,0.926,2.7952881834758445,0.8658086417452276
1.0,789,101,199,0,0.926,2.792432565191586,0.8449026454445464
1.0,789,150,150,0,0.926,2.7578623858644167,0.8396267539387829
1.0,789,201,99,0,0.9,2.36291260906684,0.8305248687367555
1.0,789,251,49,0,0.842,1.8164839822351573,0.8268608668593941
1.0,790,21,279,0,0.888,2.348853625784816,0.8394475890411484
1.0,790,51,249,0,0.894,2.3953361884819007,0.8380436911027119
1.0,790,61,239,1,0.892,2.3910389652239536,0.8212864912023516
1.0,790,71,229,0,0.894,2.4003683057556384,0.8272919513649795
1.0,790,101,199,0,0.902,2.4317296042618755,0.8358838784495126
1.0,790,150,150,0,0.908,2.477860620532867,0.8440157644652665
1.0,790,201,99,0,0.902,2.425664131281975,0.8388550897280007
1.0,790,251,49,0,0.784,1.7711881024964184,0.8243734733717735
1.0,791,21,279,0,0.924,2.6040880096579913,0.8038796496846043
1.0,791,51,249,0,0.928,2.687735196488549,0.8004125156982157
1.0,791,61,239,1,0.928,2.678404015905592,0.782623141559212
1.0,791,71,229,0,0.928,2.6992873324318607,0.7968312178199964
1.0,791,101,199,0,0.924,2.6174828029408412,0.792823083111301
1.0,791,150,150,0,0.924,2.6180034251278443,0.7923828815817641
1.0,791,201,99,0,0.916,2.537876001327527,0.7930371361172376
1.0,791,251,49,0,0.94,2.9642045027031765,0.7915026635128141
1.0,792,21,279,0,0.924,2.9140720570909826,0.8028991900599177
1.0,792,51,249,0,0.922,2.853353126451533,0.7379730502742885
1.0,792,61,239,1,0.92,2.8292683821645648,0.7660296428608447
1.0,792,71,229,0,0.92,2.874118951056207,0.7763241354472513
1.0,792,101,199,0,0.92,2.8650396439637698,0.7799305708655786
1.0,792,150,150,0,0.914,2.7881574854863,0.7848475474283995
1.0,792,201,99,0,0.92,2.832309974732347,0.7903810690920673
1.0,792,251,49,0,0.912,2.704378157850842,0.7814344052938662
1.0,793,21,279,0,0.91,2.3513418930074605,0.7960355890951387
1.0,793,51,249,0,0.902,2.297832709256231,0.7683431946677358
1.0,793,61,239,1,0.906,2.309412217172,0.7496086177316159
1.0,793,71,229,0,0.904,2.314314813132977,0.7686652869536155
1.0,793,101,199,0,0.914,2.37508091061293,0.7641161232472027
1.0,793,150,150,0,0.914,2.358887397488156,0.7860996235220485
1.0,793,201,99,0,0.928,2.583681559008317,0.7661942874296059
1.0,793,251,49,0,0.93,2.7139038773287805,0.7928817053560226
1.0,794,21,279,0,0.906,2.350872877497839,0.9260827312185657
1.0,794,51,249,0,0.906,2.202233014129741,0.8652940308373093
1.0,794,61,239,1,0.906,2.2149738946769038,0.8477887557765648
1.0,794,71,229,0,0.906,2.2181820299155386,0.8471667284940108
1.0,794,101,199,0,0.91,2.28982111284419,0.8387393284841237
1.0,794,150,150,0,0.908,2.2487039452042468,0.811575620246816
1.0,794,201,99,0,0.906,2.1624245764145824,0.8064465047556861
1.0,794,251,49,0,0.91,2.2626002833553973,0.7981752033015881
1.0,795,21,279,0,0.89,2.3998303084422057,0.820983676116169
1.0,795,51,249,0,0.896,2.472601586900242,0.7771184875887892
1.0,795,61,239,1,0.894,2.4777855213308375,0.7668633851989404
1.0,795,71,229,0,0.896,2.4888300945229216,0.7746269063221212
1.0,795,101,199,0,0.902,2.5211746254929834,0.796019504402628
1.0,795,150,150,0,0.894,2.4649579831583193,0.7895179946791195
1.0,795,201,99,0,0.902,2.504870958969175,0.7906039516168861
1.0,795,251,49,0,0.942,2.8886266660416577,0.784686050341719
1.0,796,21,279,0,0.916,2.660956612925431,0.7576896392169672
1.0,796,51,249,0,0.92,2.6708804488834876,0.8200730807554416
1.0,796,61,239,1,0.914,2.5592789124561333,0.7884053063998471
1.0,796,71,229,0,0.91,2.5446591795647437,0.7907360534938269
1.0,796,101,199,0,0.908,2.5305957246836495,0.7873264863922814
1.0,796,150,150,0,0.92,2.6330175773667444,0.7956278389859504
1.0,796,201,99,0,0.888,2.369056330562438,0.7863050463186908
1.0,796,251,49,0,0.908,2.5402465254763538,0.7896693573279262
1.0,797,21,279,0,0.906,2.5213755493259686,0.8828782019623651
1.0,797,51,249,0,0.902,2.462817826109774,0.8646767546590797
1.0,797,61,239,1,0.902,2.483237963254627,0.8363395889375309
1.0,797,71,229,0,0.906,2.5189115310901244,0.8157452983842137
1.0,797,101,199,0,0.908,2.4992422861380383,0.7948356448936695
1.0,797,150,150,0,0.906,2.4784527279473765,0.7956668598208492
1.0,797,201,99,0,0.912,2.5733062186531543,0.7940868224798832
1.0,797,251,49,0,0.914,2.629240561325399,0.7983769630226619
1.0,798,21,279,0,0.85,2.190150364560306,0.6571026091958989
1.0,798,51,249,0,0.856,2.1427590056490944,0.7367689655084926
1.0,798,61,239,1,0.852,2.124639610137483,0.7532143053834739
1.0,798,71,229,0,0.856,2.131531823015673,0.745100070235186
1.0,798,101,199,0,0.838,2.043983304476421,0.741432185862552
1.0,798,150,150,0,0.852,2.097805024232131,0.779843292452244
1.0,798,201,99,0,0.852,2.096876337344303,0.7806976777445688
1.0,798,251,49,0,0.892,2.421912552451699,0.7784513389242421
1.0,799,21,279,0,0.898,2.6044012133342913,0.745123282059016
1.0,799,51,249,0,0.904,2.6489479595939884,0.7685202137354913
1.0,799,61,239,1,0.906,2.6935477585429015,0.770607383182211
1.0,799,71,229,0,0.9,2.639008188327314,0.8069953424714704
1.0,799,101,199,0,0.908,2.7046383038094666,0.7998636772997642
1.0,799,150,150,0,0.872,2.298929264677351,0.7910091848125703
1.0,799,201,99,0,0.846,2.1477324031664224,0.805362405710402
1.0,799,251,49,0,0.866,2.2474642138802063,0.8187894986764997
1.0,800,21,279,0,0.912,2.547883006272938,0.8021779012006612
1.0,800,51,249,0,0.908,2.5345131216175036,0.83645358707971
1.0,800,61,239,1,0.908,2.533336985129761,0.8395403486892847
1.0,800,71,229,0,0.906,2.530492731474581,0.8470467573397646
1.0,800,101,199,0,0.912,2.539384805218574,0.8237850359495296
1.0,800,150,150,0,0.918,2.655936112097873,0.8042767511983451
1.0,800,201,99,0,0.918,2.614865422417376,0.7990333483067811
1.0,800,251,49,0,0.852,2.0130426557190058,0.7957265721620796
1.0,801,21,279,0,0.882,2.289051959273879,0.7283729582723574
1.0,801,51,249,0,0.88,2.2762276500577556,0.7876858578392563
1.0,801,61,239,1,0.878,2.2546242626333886,0.8056168203418977
1.0,801,71,229,0,0.876,2.2568877802553677,0.7991289527454113
1.0,801,101,199,0,0.878,2.251691281828392,0.8079554809959254
1.0,801,150,150,0,0.854,2.0661163714203097,0.8042407959016448
1.0,801,201,99,0,0.866,2.151261151363227,0.8119586253635708
1.0,801,251,49,0,0.86,2.1269582594660874,0.8032317585615496
1.0,802,21,279,0,0.9,2.487818852102558,0.8430231403529559
1.0,802,51,249,0,0.914,2.665269377004593,0.8184694539277048
1.0,802,61,239,1,0.914,2.686373265094332,0.8084025106772881
1.0,802,71,229,0,0.916,2.7004849158215394,0.8062299980593326
1.0,802,101,199,0,0.914,2.6934654224943904,0.7982490274598257
1.0,802,150,150,0,0.924,2.7790263690625507,0.7987271530497156
1.0,802,201,99,0,0.914,2.623418745598024,0.7927601367546174
1.0,802,251,49,0,0.906,2.5729777723318796,0.7820932625197087
1.0,803,21,279,0,0.9,2.477983612668562,0.7352816580247259
1.0,803,51,249,0,0.904,2.469314763091147,0.8069970449886937
1.0,803,61,239,1,0.902,2.461618702119957,0.8021957854510651
1.0,803,71,229,0,0.9,2.4569815929924204,0.7797300976433966
1.0,803,101,199,0,0.912,2.646674846039278,0.7744161731161798
1.0,803,150,150,0,0.918,2.655504530947316,0.7905916615432386
1.0,803,201,99,0,0.922,2.723350827677633,0.770333993701639
1.0,803,251,49,0,0.922,2.7252342919260055,0.7853077621096435
1.0,804,21,279,0,0.904,2.546932178447894,0.7930227697237453
1.0,804,51,249,0,0.9,2.4703876038176777,0.8240639446119943
1.0,804,61,239,1,0.898,2.442006846081602,0.8329747868928539
1.0,804,71,229,0,0.894,2.4459411187630704,0.8453025014293876
1.0,804,101,199,0,0.9,2.4781146948873376,0.8323433393920205
1.0,804,150,150,0,0.9,2.462936162702737,0.8210365214571731
1.0,804,201,99,0,0.842,2.0429703401164288,0.7990978724155318
1.0,804,251,49,0,0.908,2.6134202611359485,0.7981522549479925
1.0,805,21,279,0,0.908,2.4622648737755766,0.8538325645747878
1.0,805,51,249,0,0.91,2.5787240866211834,0.8053785018663339
1.0,805,61,239,1,0.904,2.4477387163827538,0.812501360799393
1.0,805,71,229,0,0.902,2.37861182543421,0.8073575759261115
1.0,805,101,199,0,0.894,2.355085479853722,0.8002050253763746
1.0,805,150,150,0,0.904,2.3923440105295657,0.8034236570085344
1.0,805,201,99,0,0.892,2.3552857001408953,0.7981600138718922
1.0,805,251,49,0,0.894,2.3660939793230753,0.802443834095921
1.0,806,21,279,0,0.904,2.570223927111298,0.8741901660424892
1.0,806,51,249,0,0.912,2.573407724930558,0.8341961334331085
1.0,806,61,239,1,0.914,2.5722736010378284,0.8283204033919109
1.0,806,71,229,0,0.916,2.7095335630082773,0.8107558053923324
1.0,806,101,199,0,0.928,2.8591930301008914,0.8188958539593352
1.0,806,150,150,0,0.912,2.568636053485049,0.8119970208101992
1.0,806,201,99,0,0.854,2.0462580086966913,0.8211457273029525
1.0,806,251,49,0,0.858,2.0859888600398286,0.8153432189451107
1.0,807,21,279,0,0.918,2.5727875582845177,0.6340663852551934
1.0,807,51,249,0,0.908,2.405984885834353,0.7263779732370568
1.0,807,61,239,1,0.906,2.382754649134384,0.7432031229508476
1.0,807,71,229,0,0.916,2.4356963001560783,0.7611688791387409
1.0,807,101,199,0,0.916,2.470105582549174,0.8012918313893317
1.0,807,150,150,0,0.92,2.527413159868297,0.8102972274893295
1.0,807,201,99,0,0.922,2.5258650983589233,0.8077343287557041
1.0,807,251,49,0,0.926,2.6036491335708587,0.7956383304508052
1.0,808,21,279,0,0.922,2.5726114617788634,0.6642847376367548
1.0,808,51,249,0,0.924,2.5539660131784894,0.6882756697751418
1.0,808,61,239,1,0.918,2.5031148015766207,0.7467673994133665
1.0,808,71,229,0,0.924,2.5456224434840933,0.7317886314226838
1.0,808,101,199,0,0.918,2.490242215631665,0.7502352273050197
1.0,808,150,150,0,0.92,2.5803981825942848,0.7801918114932325
1.0,808,201,99,0,0.902,2.3624365941577508,0.7855441087438029
1.0,808,251,49,0,0.902,2.340045987211423,0.7931896855793901
1.0,809,21,279,0,0.926,2.7280959174940906,0.7907147879757808
1.0,809,51,249,0,0.922,2.6197451895788366,0.7877486040825589
1.0,809,61,239,1,0.926,2.6640245320759557,0.7724320374822156
1.0,809,71,229,0,0.922,2.6108378065890436,0.8014525426787309
1.0,809,101,199,0,0.926,2.7235981069001376,0.7860887840169459
1.0,809,150,150,0,0.926,2.7353510053275665,0.7899322212731775
1.0,809,201,99,0,0.92,2.5841791201356092,0.8008722722188035
1.0,809,251,49,0,0.948,2.9056183892280467,0.7895324584370086
1.0,810,21,279,0,0.874,2.3259656274665215,0.7322750166811659
1.0,810,51,249,0,0.87,2.237657152976036,0.7742046050580955
1.0,810,61,239,1,0.87,2.2478097184950236,0.7805579337882104
1.0,810,71,229,0,0.868,2.2030159822917614,0.7758450770738493
1.0,810,101,199,0,0.862,2.19356448866592,0.7817601201587032
1.0,810,150,150,0,0.858,2.1735632905249784,0.7709939066145969
1.0,810,201,99,0,0.858,2.177041170367417,0.7650145586141216
1.0,810,251,49,0,0.858,2.1621036941691836,0.7786239246173718
1.0,811,21,279,0,0.866,2.270581570018943,0.7423209580471255
1.0,811,51,249,0,0.874,2.3170081114415484,0.7551108626637433
1.0,811,61,239,1,0.874,2.3257730962736853,0.7575609849989674
1.0,811,71,229,0,0.876,2.3053799120148004,0.784199854301722
1.0,811,101,199,0,0.866,2.254880637827315,0.7992959777353235
1.0,811,150,150,0,0.864,2.218496936630358,0.7770822459082586
1.0,811,201,99,0,0.87,2.2739685982976425,0.785616996407039
1.0,811,251,49,0,0.87,2.269445496376905,0.7809171649225187
1.0,812,21,279,0,0.912,2.406048243682497,0.8505276553633042
1.0,812,51,249,0,0.908,2.3071758632330694,0.822396342920956
1.0,812,61,239,1,0.896,2.1372174005324895,0.817648768599489
1.0,812,71,229,0,0.9,2.1862576284061297,0.8248475641663858
1.0,812,101,199,0,0.908,2.299116808876011,0.8309445284085195
1.0,812,150,150,0,0.916,2.478159626506259,0.8352696248159261
1.0,812,201,99,0,0.91,2.3530585894135503,0.8167530832217215
1.0,812,251,49,0,0.92,2.5481377121393645,0.8084235160975713
1.0,813,21,279,0,0.946,2.944537767361622,0.7582566408788716
1.0,813,51,249,0,0.946,2.9511162967151563,0.746700159808534
1.0,813,61,239,1,0.946,2.9523351341300477,0.7444997857207466
1.0,813,71,229,0,0.946,2.9963465890574716,0.7384469075327297
1.0,813,101,199,0,0.95,3.043167809936986,0.7985556294991357
1.0,813,150,150,0,0.95,3.0471375805534517,0.8003718980194435
1.0,813,201,99,0,0.946,2.9609147152245034,0.7920904662038988
1.0,813,251,49,0,0.936,2.789107073739771,0.7981328344781646
1.0,814,21,279,0,0.91,2.4578492973999966,0.8066212997462696
1.0,814,51,249,0,0.896,2.37572177367986,0.8351201000251001
1.0,814,61,239,1,0.892,2.3403934509109305,0.8438113020890174
1.0,814,71,229,0,0.888,2.3087888801892538,0.8430689463814997
1.0,814,101,199,0,0.872,2.183901724228596,0.8274452372768065
1.0,814,150,150,0,0.872,2.195605639993532,0.8018012656548414
1.0,814,201,99,0,0.908,2.449139263636529,0.7760312973754286
1.0,814,251,49,0,0.874,2.153061874306145,0.7733237157225188
1.0,815,21,279,0,0.896,2.3317977742089546,0.8149481344953199
1.0,815,51,249,0,0.906,2.489769227508518,0.8458231492820677
1.0,815,61,239,1,0.906,2.4598330959465846,0.8423558969518797
1.0,815,71,229,0,0.906,2.397798953109828,0.8145372179756823
1.0,815,101,199,0,0.902,2.3907121239369844,0.7962505539606497
1.0,815,150,150,0,0.9,2.4133161699747943,0.776990452175962
1.0,815,201,99,0,0.898,2.356558469589734,0.7854673878411998
1.0,815,251,49,0,0.92,2.748202413611634,0.7937605120062651
1.0,816,21,279,0,0.906,2.4937481557457524,0.7728844915403807
1.0,816,51,249,0,0.906,2.536338278845391,0.7595812577353298
1.0,816,61,239,1,0.906,2.5526942531471506,0.7545190619723546
1.0,816,71,229,0,0.91,2.5636236380955606,0.7857336874866399
1.0,816,101,199,0,0.898,2.4873042511030365,0.8485120294770311
1.0,816,150,150,0,0.92,2.6589161098338354,0.8480562052697266
1.0,816,201,99,0,0.938,2.8729897026896496,0.8453685024613525
1.0,816,251,49,0,0.95,3.1803755499831627,0.8287472855088166
1.0,817,21,279,0,0.92,2.6118001171085425,0.6085012403567316
1.0,817,51,249,0,0.93,2.7229564074192663,0.7269777506750301
1.0,817,61,239,1,0.934,2.737600283603101,0.7128704137721839
1.0,817,71,229,0,0.93,2.720025312215079,0.7297321394512629
1.0,817,101,199,0,0.93,2.703650676834893,0.7447400348447022
1.0,817,150,150,0,0.912,2.4930912304791764,0.7462479912733191
1.0,817,201,99,0,0.912,2.4969376465150726,0.7491867071438815
1.0,817,251,49,0,0.96,3.1229443111064885,0.7472258202280639
1.0,818,21,279,0,0.894,2.4212896082618927,0.7106318492719664
1.0,818,51,249,0,0.9,2.4202644876224806,0.7376939303697259
1.0,818,61,239,1,0.916,2.521405163904166,0.7726853374213535
1.0,818,71,229,0,0.926,2.591481184417451,0.7715064813350426
1.0,818,101,199,0,0.912,2.4708722318570695,0.7582831750458862
1.0,818,150,150,0,0.894,2.355676163666523,0.7382365877135814
1.0,818,201,99,0,0.868,2.15276637549207,0.7575812462402867
1.0,818,251,49,0,0.798,1.7388042718293022,0.7605072276091355
1.0,819,21,279,0,0.88,2.216620298076848,0.8467104378157891
1.0,819,51,249,0,0.908,2.473628944793196,0.8047724859892488
1.0,819,61,239,1,0.906,2.455669834052683,0.8111665529040609
1.0,819,71,229,0,0.884,2.1820268313614615,0.8060999682104762
1.0,819,101,199,0,0.916,2.5292648968043094,0.7872426012398841
1.0,819,150,150,0,0.91,2.490430907517176,0.8182658002317863
1.0,819,201,99,0,0.914,2.549446034996211,0.8111551199956388
1.0,819,251,49,0,0.942,3.107636172584945,0.8092644187350766
1.0,820,21,279,0,0.878,2.3084886282852857,0.8228264574711339
1.0,820,51,249,0,0.872,2.234186784880152,0.7870868756786905
1.0,820,61,239,1,0.862,2.1950143848337373,0.8110972971515227
1.0,820,71,229,0,0.864,2.199413092346809,0.8057914538379244
1.0,820,101,199,0,0.858,2.1543168473758376,0.8171597624474511
1.0,820,150,150,0,0.874,2.2420276792427667,0.8101867093344974
1.0,820,201,99,0,0.864,2.164503089122004,0.7958572984603361
1.0,820,251,49,0,0.874,2.2722975176630453,0.7817336980501772
1.0,821,21,279,0,0.932,2.5736927806245173,0.8694369051155876
1.0,821,51,249,0,0.942,2.7752433215880323,0.8373735591370927
1.0,821,61,239,1,0.94,2.740057760233992,0.8357669989523107
1.0,821,71,229,0,0.944,2.7684879395584963,0.8302109317296679
1.0,821,101,199,0,0.94,2.7397307302711713,0.832771727100115
1.0,821,150,150,0,0.952,2.9734441240845544,0.8199526805904429
1.0,821,201,99,0,0.96,3.0639299600477163,0.796165480745474
1.0,821,251,49,0,0.97,3.307518098498033,0.7946196668411745
1.0,822,21,279,0,0.924,2.989706967206839,0.7950119160817489
1.0,822,51,249,0,0.926,2.9923101706343687,0.7725798832844264
1.0,822,61,239,1,0.926,2.986929306255685,0.7746240806249401
1.0,822,71,229,0,0.93,3.0138949128431975,0.7690378796269459
1.0,822,101,199,0,0.916,2.7889300746174097,0.7768810827400496
1.0,822,150,150,0,0.894,2.4110324382511363,0.7635678632164691
1.0,822,201,99,0,0.898,2.450827807104658,0.7723425833146761
1.0,822,251,49,0,0.908,2.6334257714563916,0.7652554636409392
1.0,823,21,279,0,0.908,2.4526399789163826,0.8280003975985394
1.0,823,51,249,0,0.91,2.4593599469877865,0.8394646378779796
1.0,823,61,239,1,0.912,2.4655254501632453,0.8347915480843426
1.0,823,71,229,0,0.914,2.4835472527740077,0.8390307271891612
1.0,823,101,199,0,0.906,2.434901069376418,0.8313801411755724
1.0,823,150,150,0,0.904,2.4075850210164633,0.8208414994647991
1.0,823,201,99,0,0.91,2.4610175945008814,0.8185397481705964
1.0,823,251,49,0,0.918,2.6252682498033892,0.8122701934542946
1.0,824,21,279,0,0.92,2.507090281879371,0.752565991025829
1.0,824,51,249,0,0.918,2.506507919895511,0.7900002362379267
1.0,824,61,239,1,0.918,2.506436008875071,0.790027198190231
1.0,824,71,229,0,0.92,2.54272230919294,0.7771788340835056
1.0,824,101,199,0,0.918,2.495241723719001,0.803531336079388
1.0,824,150,150,0,0.918,2.5380480716063274,0.8194753717579191
1.0,824,201,99,0,0.934,2.6373897514485476,0.8139747946974888
1.0,824,251,49,0,0.918,2.5443117797838335,0.8108267569011925
1.0,825,21,279,0,0.938,2.628326619648538,0.7022462718551452
1.0,825,51,249,0,0.942,2.627824540745798,0.7393286356631585
1.0,825,61,239,1,0.942,2.6286803138258343,0.7416277226514248
1.0,825,71,229,0,0.942,2.627097017347543,0.7646551272850135
1.0,825,101,199,0,0.94,2.5949665964319886,0.782183629931732
1.0,825,150,150,0,0.954,2.7459743741711122,0.7991051169816417
1.0,825,201,99,0,0.948,2.6136825544780566,0.8156863401487094
1.0,825,251,49,0,0.922,2.296490116346209,0.8028116003300368
1.0,826,21,279,0,0.846,2.212570653749858,0.8207467506524371
1.0,826,51,249,0,0.854,2.2806965847150193,0.8411246433537857
1.0,826,61,239,1,0.862,2.313873885555381,0.8620766342878277
1.0,826,71,229,0,0.854,2.2645467794428598,0.8525786184644162
1.0,826,101,199,0,0.854,2.278264665351395,0.8458743475222021
1.0,826,150,150,0,0.884,2.54923568363941,0.8459860406720205
1.0,826,201,99,0,0.928,3.046491387624167,0.8169366906687114
1.0,826,251,49,0,0.898,2.687500884006748,0.818049150430748
1.0,827,21,279,0,0.926,2.602265523730101,0.7829531054307599
1.0,827,51,249,0,0.918,2.562687071264841,0.7430568686706407
1.0,827,61,239,1,0.92,2.5862509927687953,0.7633444314540841
1.0,827,71,229,0,0.924,2.593554622861917,0.774925618525347
1.0,827,101,199,0,0.92,2.579713317366781,0.7845561282616119
1.0,827,150,150,0,0.928,2.658270060034661,0.7783820667787137
1.0,827,201,99,0,0.942,2.8448675434131045,0.8160496173143479
1.0,827,251,49,0,0.948,2.882791138394907,0.8220173389954868
1.0,828,21,279,0,0.852,1.9891007174364785,0.7858771982048717
1.0,828,51,249,0,0.852,1.9970919736744819,0.8110766487283301
1.0,828,61,239,1,0.854,2.0120174268218594,0.7981741289006834
1.0,828,71,229,0,0.856,2.02272266708878,0.803781873236132
1.0,828,101,199,0,0.866,2.102129308554361,0.7801002153969437
1.0,828,150,150,0,0.852,1.962425449953294,0.7710392991197791
1.0,828,201,99,0,0.852,1.9913541513221402,0.7871044436334014
1.0,828,251,49,0,0.852,2.0020564047902485,0.7928788221431817
1.0,829,21,279,0,0.882,2.2966922996111583,0.8381345244666831
1.0,829,51,249,0,0.876,2.2253429068649258,0.8293087154124035
1.0,829,61,239,1,0.876,2.2061413775321888,0.8257371812031306
1.0,829,71,229,0,0.87,2.194904384444176,0.8080365967251409
1.0,829,101,199,0,0.87,2.2083605159020787,0.7990210766031735
1.0,829,150,150,0,0.892,2.438881162461462,0.8049497748225609
1.0,829,201,99,0,0.89,2.426259534551615,0.8161779089827824
1.0,829,251,49,0,0.936,2.9142700212471264,0.8145714696273869
1.0,830,21,279,0,0.884,2.31653353561253,0.7387117934050543
1.0,830,51,249,0,0.86,2.226698456915783,0.7251536113189543
1.0,830,61,239,1,0.868,2.2519567060026913,0.7595750205868695
1.0,830,71,229,0,0.862,2.2370967053614987,0.7386268566509507
1.0,830,101,199,0,0.874,2.282405681840185,0.7401833245485533
1.0,830,150,150,0,0.862,2.220280266413528,0.7531768892097832
1.0,830,201,99,0,0.824,1.9846752636292577,0.8012455170335936
1.0,830,251,49,0,0.822,1.9533156189628706,0.7988571635049843
1.0,831,21,279,0,0.918,2.3768953128594767,0.8918696579754045
1.0,831,51,249,0,0.924,2.3024252477101586,0.8444334112852695
1.0,831,61,239,1,0.93,2.3682779606229962,0.8226042452919743
1.0,831,71,229,0,0.928,2.3367516873178196,0.8163436916417547
1.0,831,101,199,0,0.932,2.3805866335689014,0.8231319731809889
1.0,831,150,150,0,0.934,2.4000271920506027,0.8006192268733832
1.0,831,201,99,0,0.926,2.3179191584238024,0.8042295820261045
1.0,831,251,49,0,0.94,2.4402727850469272,0.8098351399815982
1.0,832,21,279,0,0.89,2.307531633242545,0.8194416009214858
1.0,832,51,249,0,0.88,2.242015319999086,0.8232385732215962
1.0,832,61,239,1,0.886,2.2536181145157133,0.8148225195454775
1.0,832,71,229,0,0.894,2.3229463348605393,0.8070517062983028
1.0,832,101,199,0,0.9,2.3821012322342647,0.8012184720292203
1.0,832,150,150,0,0.896,2.344093790820135,0.8087284784184866
1.0,832,201,99,0,0.91,2.5224080085763196,0.8199196539184785
1.0,832,251,49,0,0.922,2.739636729188478,0.8349201983172826
1.0,833,21,279,0,0.914,2.5902788339028158,0.7610660285837275
1.0,833,51,249,0,0.914,2.6195735919776375,0.7694305208792513
1.0,833,61,239,1,0.916,2.618498300502053,0.7836755895083064
1.0,833,71,229,0,0.918,2.6179905144836195,0.7883038589968143
1.0,833,101,199,0,0.922,2.6437066589665354,0.7835044705411046
1.0,833,150,150,0,0.944,2.8164088886791907,0.7930789812761513
1.0,833,201,99,0,0.944,2.8165974766057054,0.7937944556362438
1.0,833,251,49,0,0.944,2.815225897661371,0.7886466432053532
1.0,834,21,279,0,0.896,2.353269615277694,0.8331155823125801
1.0,834,51,249,0,0.914,2.449667068391799,0.7932131899750544
1.0,834,61,239,1,0.908,2.4290294225108635,0.8016041373265134
1.0,834,71,229,0,0.914,2.4544129352923636,0.7912949543090844
1.0,834,101,199,0,0.886,2.2912221101687793,0.8175306345757801
1.0,834,150,150,0,0.888,2.330005633116686,0.8310129294199018
1.0,834,201,99,0,0.882,2.2648860537856166,0.8230890072239303
1.0,834,251,49,0,0.806,1.8067931786425524,0.8130063687902577
1.0,835,21,279,0,0.922,2.618232264738637,0.8044639432751013
1.0,835,51,249,0,0.924,2.6408238199443765,0.8211574104213303
1.0,835,61,239,1,0.924,2.651570167768209,0.8288759765761423
1.0,835,71,229,0,0.922,2.631042040873178,0.8140102474462674
1.0,835,101,199,0,0.92,2.578488000978065,0.7988602406159351
1.0,835,150,150,0,0.912,2.4661571492191383,0.8035436948267068
1.0,835,201,99,0,0.92,2.57908414545305,0.7947753596296795
1.0,835,251,49,0,0.938,2.8995604993723414,0.8033089934364351
1.0,836,21,279,0,0.902,2.4611480327110584,0.82530705177377
1.0,836,51,249,0,0.9,2.4639698309572506,0.8551386633853585
1.0,836,61,239,1,0.9,2.5093915005829004,0.8648456976736532
1.0,836,71,229,0,0.904,2.497443185994614,0.8517260532602998
1.0,836,101,199,0,0.894,2.3997753264673514,0.8295738198718587
1.0,836,150,150,0,0.892,2.39371448670645,0.8112661529863142
1.0,836,201,99,0,0.92,2.667153819977475,0.8235683208736098
1.0,836,251,49,0,0.92,2.669351097027316,0.8261171463225655
1.0,837,21,279,0,0.92,2.44683405891639,0.872164395129241
1.0,837,51,249,0,0.918,2.472367856857728,0.7849095992333663
1.0,837,61,239,1,0.918,2.481199374609807,0.7958979346127015
1.0,837,71,229,0,0.918,2.481541385898444,0.7963158044463411
1.0,837,101,199,0,0.92,2.493457696104578,0.798812037160314
1.0,837,150,150,0,0.894,2.26723927636303,0.8166709842004514
1.0,837,201,99,0,0.9,2.274963150349782,0.80761290824147
1.0,837,251,49,0,0.872,2.169316680134543,0.8094552262315443
1.0,838,21,279,0,0.9,2.4470231443785297,0.7133506745181379
1.0,838,51,249,0,0.896,2.4261369250939335,0.8189144309605242
1.0,838,61,239,1,0.892,2.3488180832543284,0.8138917149506715
1.0,838,71,229,0,0.87,2.142884373400747,0.8106311090884916
1.0,838,101,199,0,0.868,2.1734609495430828,0.8376172215622258
1.0,838,150,150,0,0.868,2.1557407331779967,0.8218765811299219
1.0,838,201,99,0,0.9,2.436402684452602,0.8245035488257161
1.0,838,251,49,0,0.912,2.6186894375925784,0.8200457682455733
1.0,839,21,279,0,0.91,2.552777537270777,0.6797747145522631
1.0,839,51,249,0,0.902,2.4927873296139653,0.8353205817513935
1.0,839,61,239,1,0.916,2.5730453311805026,0.8234530745172006
1.0,839,71,229,0,0.916,2.6092487083814966,0.8400090622563664
1.0,839,101,199,0,0.928,2.848184999898322,0.8343596339945474
1.0,839,150,150,0,0.916,2.612324828803152,0.8066407261069749
1.0,839,201,99,0,0.904,2.44593223501709,0.8055166577498831
1.0,839,251,49,0,0.916,2.6533037972998343,0.8018417912531192
1.0,840,21,279,0,0.904,2.4879143093526426,0.8659586141426812
1.0,840,51,249,0,0.916,2.594703655188442,0.8873136091044458
1.0,840,61,239,1,0.904,2.4714608029652294,0.866986081933276
1.0,840,71,229,0,0.904,2.466818032965166,0.8683345653619752
1.0,840,101,199,0,0.902,2.490737442937357,0.8431693854987302
1.0,840,150,150,0,0.888,2.3021024399605583,0.8132633487398528
1.0,840,201,99,0,0.902,2.4726095270018793,0.8229864569411477
1.0,840,251,49,0,0.942,3.041494400078271,0.8134421113018748
1.0,841,21,279,0,0.91,2.7452177439372862,0.863131603698782
1.0,841,51,249,0,0.9,2.685465277250535,0.8639811059021218
1.0,841,61,239,1,0.896,2.7034446891978012,0.8928151414433539
1.0,841,71,229,0,0.896,2.6915034048759985,0.9046114569523854
1.0,841,101,199,0,0.904,2.770520571358272,0.8955351232283882
1.0,841,150,150,0,0.902,2.722797492651697,0.8804141504253071
1.0,841,201,99,0,0.902,2.6422104934500577,0.8485211335479905
1.0,841,251,49,0,0.858,2.2717470587173008,0.838053638721538
1.0,842,21,279,0,0.908,2.6075558932653573,0.8856296694611233
1.0,842,51,249,0,0.914,2.5406621460311736,0.7857918886977937
1.0,842,61,239,1,0.916,2.550458077583503,0.7972018019800072
1.0,842,71,229,0,0.914,2.5327145209555484,0.8179315211949086
1.0,842,101,199,0,0.916,2.5599611812756176,0.8010748479071546
1.0,842,150,150,0,0.918,2.595710157837985,0.8249068473577507
1.0,842,201,99,0,0.916,2.6076060591124137,0.817319847336408
1.0,842,251,49,0,0.952,3.1392066286021074,0.8298440240764262
1.0,843,21,279,0,0.92,2.461449109731249,0.6913041708042187
1.0,843,51,249,0,0.922,2.473892413612304,0.7871598895549103
1.0,843,61,239,1,0.928,2.542989916440189,0.8124656170796796
1.0,843,71,229,0,0.928,2.5412235906112155,0.8155319062851781
1.0,843,101,199,0,0.914,2.3895631973729095,0.8191156480157958
1.0,843,150,150,0,0.94,2.7064899876597734,0.8222218176265805
1.0,843,201,99,0,0.94,2.712358710978516,0.81441528525668
1.0,843,251,49,0,0.956,2.889484450211461,0.8145220395596792
1.0,844,21,279,0,0.892,2.317611699720648,0.755483710466584
1.0,844,51,249,0,0.888,2.29592627856975,0.7621872433885098
1.0,844,61,239,1,0.888,2.282950119448662,0.7715934923990372
1.0,844,71,229,0,0.89,2.336921813921269,0.7729970792472385
1.0,844,101,199,0,0.89,2.3083620117373993,0.7781142098193788
1.0,844,150,150,0,0.898,2.5436522882110766,0.7812845143242361
1.0,844,201,99,0,0.888,2.2967956892402652,0.7871865241586572
1.0,844,251,49,0,0.902,2.54415002089351,0.7953643341621799
1.0,845,21,279,0,0.92,2.6823952938852442,0.8591954665141613
1.0,845,51,249,0,0.924,2.7383045238939503,0.8324990932302333
1.0,845,61,239,1,0.932,2.7914275339967527,0.8075042142146209
1.0,845,71,229,0,0.93,2.7628954413460765,0.7898585088818382
1.0,845,101,199,0,0.934,2.8462005313390666,0.789472391011048
1.0,845,150,150,0,0.936,2.903101358805806,0.8119371070148494
1.0,845,201,99,0,0.936,2.916331888260306,0.798685785339221
1.0,845,251,49,0,0.94,3.01515708435268,0.8006736960068614
1.0,846,21,279,0,0.86,2.2551760780514267,0.6910540137400761
1.0,846,51,249,0,0.876,2.343712485433238,0.778837164264499
1.0,846,61,239,1,0.856,2.240599461627082,0.7593756108976747
1.0,846,71,229,0,0.856,2.22922095948493,0.7532727004725804
1.0,846,101,199,0,0.874,2.338723941912516,0.7809751799989157
1.0,846,150,150,0,0.86,2.232687000848553,0.774354275589625
1.0,846,201,99,0,0.934,2.9649085463559888,0.792050595492442
1.0,846,251,49,0,0.862,2.2374096233488996,0.7893673552020101
1.0,847,21,279,0,0.886,2.4423312684101437,0.7261889451142702
1.0,847,51,249,0,0.882,2.3945028614877093,0.7327806974897427
1.0,847,61,239,1,0.882,2.3935718344423087,0.7336587907419015
1.0,847,71,229,0,0.882,2.403008850983224,0.7255467931100825
1.0,847,101,199,0,0.878,2.375090067873738,0.7438390870504883
1.0,847,150,150,0,0.898,2.4385944778279685,0.7664382602600834
1.0,847,201,99,0,0.908,2.5603564206114307,0.7750065281063319
1.0,847,251,49,0,0.876,2.3236361126782086,0.7782370556741247
1.0,848,21,279,0,0.902,2.336852834666731,0.6869053647021047
1.0,848,51,249,0,0.912,2.395301287073223,0.7714989457984499
1.0,848,61,239,1,0.916,2.449753763653536,0.7866997968848889
1.0,848,71,229,0,0.916,2.4490775597871735,0.8028868825072067
1.0,848,101,199,0,0.918,2.449927944829441,0.7827381487449923
1.0,848,150,150,0,0.93,2.6144710187163227,0.7820021056992973
1.0,848,201,99,0,0.94,2.6852587874197544,0.799818480816728
1.0,848,251,49,0,0.942,2.790525945881114,0.8074682805832571
1.0,849,21,279,0,0.912,2.7024162859585075,0.7764042266920174
1.0,849,51,249,0,0.918,2.768051001406284,0.8229261730539297
1.0,849,61,239,1,0.914,2.707365040990923,0.8208868259326064
1.0,849,71,229,0,0.916,2.7473662407175654,0.835894002938816
1.0,849,101,199,0,0.914,2.672443647649393,0.8303030280896624
1.0,849,150,150,0,0.908,2.4683208629190636,0.8085287828892517
1.0,849,201,99,0,0.908,2.4733674304408395,0.8039757879719858
1.0,849,251,49,0,0.896,2.3345045805794626,0.7991278967431791
1.0,850,21,279,0,0.89,2.1763615053961005,0.7842468808225478
1.0,850,51,249,0,0.896,2.214069741389485,0.7936619016925954
1.0,850,61,239,1,0.896,2.2335571444888918,0.7871160439961582
1.0,850,71,229,0,0.892,2.174886921832749,0.806988115861919
1.0,850,101,199,0,0.882,2.1082549951693994,0.8100463247952339
1.0,850,150,150,0,0.896,2.2070496984529973,0.7960331383704611
1.0,850,201,99,0,0.886,2.1314266711792955,0.7872615177248302
1.0,850,251,49,0,0.896,2.2567571548868566,0.7793922091876906
1.0,851,21,279,0,0.91,2.5573691879952167,0.8221231463560984
1.0,851,51,249,0,0.908,2.4695525065040624,0.7979864178282795
1.0,851,61,239,1,0.902,2.427237471020606,0.7666874692842129
1.0,851,71,229,0,0.898,2.391129688693661,0.772209052919445
1.0,851,101,199,0,0.916,2.573863536966948,0.7836373138789425
1.0,851,150,150,0,0.882,2.287015842437576,0.788059007899725
1.0,851,201,99,0,0.882,2.2920115367254827,0.781816411861019
1.0,851,251,49,0,0.83,1.9636794808173352,0.7911023157957116
1.0,852,21,279,0,0.886,2.4267390965925246,0.8081561145909701
1.0,852,51,249,0,0.874,2.330604851305077,0.8389804827750444
1.0,852,61,239,1,0.882,2.390008395108638,0.8300683492638505
1.0,852,71,229,0,0.88,2.3453657444976326,0.848109659590909
1.0,852,101,199,0,0.88,2.3871739486253754,0.835175903993185
1.0,852,150,150,0,0.88,2.3717405086539194,0.8120607043866536
1.0,852,201,99,0,0.88,2.371429493284449,0.8098840811986857
1.0,852,251,49,0,0.85,2.0789204796981187,0.8092487725694872
1.0,853,21,279,0,0.924,2.666201851689656,0.7991727722574732
1.0,853,51,249,0,0.914,2.5449542836320096,0.7772538964169846
1.0,853,61,239,1,0.912,2.5285953681425535,0.7895548037074381
1.0,853,71,229,0,0.906,2.475658634827904,0.7759668564389135
1.0,853,101,199,0,0.912,2.5589544746026602,0.8075115550483788
1.0,853,150,150,0,0.92,2.6059766880337745,0.8230544908757239
1.0,853,201,99,0,0.938,3.0381678363542406,0.8433427808247234
1.0,853,251,49,0,0.948,3.162014793581696,0.838427682877252
1.0,854,21,279,0,0.9,2.540719435277779,0.8673384174848737
1.0,854,51,249,0,0.908,2.6017367269494387,0.8184928199234275
1.0,854,61,239,1,0.908,2.634217060541652,0.8065704087763482
1.0,854,71,229,0,0.91,2.657764747717948,0.7992425496456792
1.0,854,101,199,0,0.912,2.6490852460812957,0.8043980559101715
1.0,854,150,150,0,0.928,2.8632801296835813,0.8250319881399816
1.0,854,201,99,0,0.916,2.6303739064172236,0.8377466356748745
1.0,854,251,49,0,0.91,2.613011341370134,0.825624896534797
1.0,855,21,279,0,0.868,2.431671916647132,0.7744608454649706
1.0,855,51,249,0,0.876,2.5370746777293105,0.7621310697410029
1.0,855,61,239,1,0.874,2.52096989707197,0.7688021511192651
1.0,855,71,229,0,0.896,2.579467833251654,0.7740399853125605
1.0,855,101,199,0,0.904,2.6143832514701018,0.7813575608421272
1.0,855,150,150,0,0.904,2.6514210910632174,0.7718136777748541
1.0,855,201,99,0,0.904,2.623481110427626,0.7762421282148779
1.0,855,251,49,0,0.928,3.001580527461331,0.7566588237879726
1.0,856,21,279,0,0.902,2.4970648855202535,0.8758072348110311
1.0,856,51,249,0,0.906,2.4983745996484004,0.8411756039020659
1.0,856,61,239,1,0.902,2.4537294836114842,0.8258961136792371
1.0,856,71,229,0,0.904,2.4670198073403515,0.8190950183179536
1.0,856,101,199,0,0.928,2.6996596564540125,0.7988668715372222
1.0,856,150,150,0,0.93,2.7198236979338835,0.8043957477392475
1.0,856,201,99,0,0.932,2.7322984313640264,0.7982790897646087
1.0,856,251,49,0,0.854,2.0092356298077334,0.8084063512310506
1.0,857,21,279,0,0.918,2.5573507042391945,0.7091010826431337
1.0,857,51,249,0,0.916,2.5338399365078392,0.7613900260706364
1.0,857,61,239,1,0.916,2.5350840354259137,0.7587957168422338
1.0,857,71,229,0,0.916,2.559996613308643,0.7477781460882481
1.0,857,101,199,0,0.916,2.610138465997865,0.7568637890651828
1.0,857,150,150,0,0.924,2.6711501379212867,0.7549252968195924
1.0,857,201,99,0,0.922,2.664468850836257,0.7831684593477777
1.0,857,251,49,0,0.934,2.864093491276288,0.7872396454249522
1.0,858,21,279,0,0.894,2.4768600419448332,0.7531909612352803
1.0,858,51,249,0,0.886,2.2789722887350328,0.7780232867476103
1.0,858,61,239,1,0.89,2.367140972112157,0.8036212919716428
1.0,858,71,229,0,0.89,2.3507848709599837,0.7994814527944608
1.0,858,101,199,0,0.89,2.4323769532219877,0.8182894050963802
1.0,858,150,150,0,0.89,2.422975953369264,0.8214405130157417
1.0,858,201,99,0,0.896,2.504648815382482,0.8124690466140048
1.0,858,251,49,0,0.926,2.7919772909543816,0.8076482930527286
1.0,859,21,279,0,0.894,2.3285647155717917,0.7787489395374427
1.0,859,51,249,0,0.892,2.322216082988832,0.814305077395073
1.0,859,61,239,1,0.888,2.303547343330637,0.7993558053104909
1.0,859,71,229,0,0.884,2.29291817667531,0.795790984428946
1.0,859,101,199,0,0.884,2.2951797350378738,0.7965505523390268
1.0,859,150,150,0,0.91,2.4625441435943194,0.8045770427494346
1.0,859,201,99,0,0.888,2.2952650372866854,0.8097555706968945
1.0,859,251,49,0,0.884,2.269768122556906,0.7974758152154271
1.0,860,21,279,0,0.92,2.572976502707798,0.7918585124241083
1.0,860,51,249,0,0.912,2.4489245015974133,0.7984243783166319
1.0,860,61,239,1,0.912,2.436149123715369,0.8075507251714781
1.0,860,71,229,0,0.908,2.471037508005669,0.8262294026923515
1.0,860,101,199,0,0.906,2.413489248347845,0.8150225766744233
1.0,860,150,150,0,0.912,2.425040094590618,0.801563916759882
1.0,860,201,99,0,0.91,2.403713300517797,0.7900120711004647
1.0,860,251,49,0,0.91,2.4036751824427864,0.789991352257173
1.0,861,21,279,0,0.896,2.4591564080619577,0.8067504816130286
1.0,861,51,249,0,0.916,2.6380503445203614,0.7869415785453414
1.0,861,61,239,1,0.902,2.5439805465747014,0.7833282515169421
1.0,861,71,229,0,0.904,2.547112025376882,0.780421492950376
1.0,861,101,199,0,0.928,2.7235837392495093,0.8013869047662533
1.0,861,150,150,0,0.928,2.7484570805341217,0.789133665091461
1.0,861,201,99,0,0.928,2.753686710864525,0.7854726160280833
1.0,861,251,49,0,0.934,2.837704073464953,0.8014197926808861
1.0,862,21,279,0,0.898,2.392524538674651,0.8340402835603892
1.0,862,51,249,0,0.894,2.338465150399953,0.7953411622841525
1.0,862,61,239,1,0.892,2.3173431602089174,0.7881360798835485
1.0,862,71,229,0,0.902,2.381930163983112,0.8100725447330144
1.0,862,101,199,0,0.896,2.38519017026832,0.8330065197671257
1.0,862,150,150,0,0.926,2.6160024124253707,0.8250010462802483
1.0,862,201,99,0,0.934,2.7179820850366916,0.8260519851955672
1.0,862,251,49,0,0.974,3.2748832260396976,0.8234542156620474
1.0,863,21,279,0,0.908,2.5282139755309547,0.7131816482623606
1.0,863,51,249,0,0.906,2.492527112392491,0.7846422968375795
1.0,863,61,239,1,0.912,2.546901136375132,0.7688859483855423
1.0,863,71,229,0,0.912,2.5449604121855236,0.7694443764539155
1.0,863,101,199,0,0.88,2.3747588776555366,0.8195816202724386
1.0,863,150,150,0,0.858,2.166536088328822,0.7970646883679143
1.0,863,201,99,0,0.858,2.169639067865672,0.7914584787885998
1.0,863,251,49,0,0.888,2.376442565631356,0.7911990900689645
1.0,864,21,279,0,0.874,2.3139887498467733,0.8754691611868669
1.0,864,51,249,0,0.862,2.181050284384457,0.8447588613812936
1.0,864,61,239,1,0.866,2.2021695775196686,0.8446788113614607
1.0,864,71,229,0,0.866,2.1991393188388377,0.8157784412920065
1.0,864,101,199,0,0.874,2.2352952626213236,0.8044073895756566
1.0,864,150,150,0,0.822,1.8649731907161056,0.8013998000624631
1.0,864,201,99,0,0.834,1.9239968646958356,0.8010447223726846
1.0,864,251,49,0,0.81,1.7758128471914587,0.7931109691005063
1.0,865,21,279,0,0.898,2.3615171975412688,0.7169905397878181
1.0,865,51,249,0,0.894,2.247332623111028,0.7617360571709736
1.0,865,61,239,1,0.894,2.262688509633733,0.7660879718799042
1.0,865,71,229,0,0.9,2.3011017841336256,0.7595582169645695
1.0,865,101,199,0,0.904,2.339424653983534,0.7873993335127
1.0,865,150,150,0,0.894,2.2539045066695436,0.7865102021971491
1.0,865,201,99,0,0.904,2.3297345071313447,0.7908385103575607
1.0,865,251,49,0,0.824,1.9306876451979902,0.78871670546484
1.0,866,21,279,0,0.926,2.731511478423127,0.8424604100956133
1.0,866,51,249,0,0.944,3.0899019004343065,0.7654283756085337
1.0,866,61,239,1,0.946,3.156770827436182,0.7879353182571018
1.0,866,71,229,0,0.944,3.112583843625003,0.8067479316275873
1.0,866,101,199,0,0.946,3.149890159924671,0.7908822553745283
1.0,866,150,150,0,0.93,2.9000092495832623,0.7784362663697512
1.0,866,201,99,0,0.922,2.6808638966994014,0.7909033284762904
1.0,866,251,49,0,0.886,2.1639216671952135,0.8024634716425942
1.0,867,21,279,0,0.904,2.3443499489326887,0.8401092108770283
1.0,867,51,249,0,0.918,2.5543374523281956,0.8667969452504574
1.0,867,61,239,1,0.918,2.5544899397451473,0.8667377023694798
1.0,867,71,229,0,0.918,2.5486281771064396,0.8690155079430947
1.0,867,101,199,0,0.918,2.5714324746882005,0.860159272024909
1.0,867,150,150,0,0.884,2.2564283245242973,0.8544483822396126
1.0,867,201,99,0,0.93,2.6672292525419907,0.823106432197053
1.0,867,251,49,0,0.93,2.6685136979069757,0.8226112213598089
1.0,868,21,279,0,0.916,2.557184257567492,0.7912696244766817
1.0,868,51,249,0,0.898,2.372063870311239,0.7672614173872705
1.0,868,61,239,1,0.892,2.308828807500641,0.7656620542243043
1.0,868,71,229,0,0.896,2.368768040828935,0.7788327600438159
1.0,868,101,199,0,0.892,2.283559489697263,0.7654300429445875
1.0,868,150,150,0,0.858,2.1389620834703433,0.7694875772469351
1.0,868,201,99,0,0.854,2.1390517489631544,0.789696349991272
1.0,868,251,49,0,0.872,2.2278008332354733,0.796075230212317
1.0,869,21,279,0,0.886,2.452729045168935,0.8221161473643739
1.0,869,51,249,0,0.884,2.44014092759972,0.7662026495058507
1.0,869,61,239,1,0.884,2.4530520465356958,0.7719041621319094
1.0,869,71,229,0,0.886,2.4463747103118827,0.8006289866124148
1.0,869,101,199,0,0.884,2.4318963913871006,0.8097806604336175
1.0,869,150,150,0,0.896,2.533366666857187,0.8246433034716835
1.0,869,201,99,0,0.896,2.545871206431619,0.8205091062884413
1.0,869,251,49,0,0.88,2.348039669706726,0.8043289796760705
1.0,870,21,279,0,0.916,2.5744016673108145,0.7517762775692977
1.0,870,51,249,0,0.922,2.6128796930361995,0.7588760135806598
1.0,870,61,239,1,0.916,2.570939729670434,0.7484147324853706
1.0,870,71,229,0,0.916,2.5694346009961375,0.7769294253234833
1.0,870,101,199,0,0.914,2.557793395031721,0.7817272095030776
1.0,870,150,150,0,0.912,2.529114087911101,0.7748744173549228
1.0,870,201,99,0,0.91,2.500221249921074,0.7744769813861118
1.0,870,251,49,0,0.942,2.842157903753466,0.7858160105868413
1.0,871,21,279,0,0.862,2.3804065117412345,0.6906736967947367
1.0,871,51,249,0,0.876,2.429103703929616,0.7345181507296074
1.0,871,61,239,1,0.866,2.382043974155916,0.7392990845963321
1.0,871,71,229,0,0.874,2.423866832247998,0.7335182846377672
1.0,871,101,199,0,0.898,2.585900725118589,0.7630040616916914
1.0,871,150,150,0,0.902,2.681904070397787,0.7638116914458236
1.0,871,201,99,0,0.924,2.908062920249685,0.7689570498575213
1.0,871,251,49,0,0.904,2.7003373683147087,0.7681175087804069
1.0,872,21,279,0,0.904,2.4671257168409437,0.748881681670514
1.0,872,51,249,0,0.906,2.4129532528576654,0.8233185363036859
1.0,872,61,239,1,0.894,2.3208353324969666,0.8259404270124275
1.0,872,71,229,0,0.894,2.3435768336443044,0.8300950864086745
1.0,872,101,199,0,0.896,2.34684024961435,0.8280331535700558
1.0,872,150,150,0,0.896,2.345458226393648,0.8289068089251902
1.0,872,201,99,0,0.924,2.702031762665267,0.8322653955489491
1.0,872,251,49,0,0.942,3.097230423033827,0.8333626730520118
1.0,873,21,279,0,0.898,2.460994184484578,0.779499798902679
1.0,873,51,249,0,0.91,2.5355510416555584,0.8272770734567818
1.0,873,61,239,1,0.912,2.559186358585787,0.8180084012727429
1.0,873,71,229,0,0.906,2.5336472260846947,0.8457000047202026
1.0,873,101,199,0,0.906,2.5446500885809296,0.8338122910048058
1.0,873,150,150,0,0.912,2.60627816684236,0.8143169126540917
1.0,873,201,99,0,0.908,2.568007236608036,0.8083655845791435
1.0,873,251,49,0,0.912,2.5569877782652894,0.820405704256526
1.0,874,21,279,0,0.914,2.4126234553801096,0.7622931747499065
1.0,874,51,249,0,0.918,2.4481248594326703,0.8325828766440398
1.0,874,61,239,1,0.918,2.4455245279262297,0.8451474612129873
1.0,874,71,229,0,0.918,2.4493230941974344,0.8239480028899626
1.0,874,101,199,0,0.916,2.4326355467827687,0.8049842869082778
1.0,874,150,150,0,0.924,2.58346925171768,0.8125281377974625
1.0,874,201,99,0,0.946,2.848164794963119,0.8160393769424599
1.0,874,251,49,0,0.936,2.771288575425216,0.8161158345151007
1.0,875,21,279,0,0.878,2.2509444901213316,0.6841611457959929
1.0,875,51,249,0,0.886,2.257348248094079,0.8044781545304021
1.0,875,61,239,1,0.888,2.288579013375817,0.8004048574816571
1.0,875,71,229,0,0.888,2.288833675650978,0.7817522562007224
1.0,875,101,199,0,0.888,2.2705643869441072,0.8116031103235438
1.0,875,150,150,0,0.888,2.254591219675197,0.8216029542753652
1.0,875,201,99,0,0.894,2.331384085313798,0.8151373889404284
1.0,875,251,49,0,0.888,2.2602012962681686,0.8180832890416115
1.0,876,21,279,0,0.886,2.266786999902095,0.7705426957265735
1.0,876,51,249,0,0.88,2.281154296650984,0.8003900861983078
1.0,876,61,239,1,0.882,2.2650227477942524,0.7818716480475467
1.0,876,71,229,0,0.886,2.3073002899687576,0.7882659124036093
1.0,876,101,199,0,0.88,2.2268058629038214,0.775236437903809
1.0,876,150,150,0,0.886,2.3222277875986173,0.8065708742209055
1.0,876,201,99,0,0.886,2.3214267043874024,0.8055481455810095
1.0,876,251,49,0,0.9,2.448427127436841,0.7965237381817348
1.0,877,21,279,0,0.92,2.407851293992557,0.8302167465217981
1.0,877,51,249,0,0.908,2.370031069765583,0.8124530598557814
1.0,877,61,239,1,0.908,2.3692239716693644,0.8110983115354038
1.0,877,71,229,0,0.904,2.3787125402408242,0.798118109671503
1.0,877,101,199,0,0.92,2.4543089690073137,0.8044980043306852
1.0,877,150,150,0,0.93,2.576501401108768,0.7744161913215115
1.0,877,201,99,0,0.944,2.84766259458067,0.7663773903808195
1.0,877,251,49,0,0.958,3.1294363575666013,0.7627904332430623
1.0,878,21,279,0,0.906,2.4133793833814887,0.721691008104622
1.0,878,51,249,0,0.91,2.4965088076853554,0.8163018004465638
1.0,878,61,239,1,0.912,2.517985828907321,0.8316795039014512
1.0,878,71,229,0,0.91,2.508412806773383,0.8221662496807958
1.0,878,101,199,0,0.91,2.527773064337133,0.8428261150827423
1.0,878,150,150,0,0.914,2.5771903963428158,0.8248955291777216
1.0,878,201,99,0,0.91,2.5256689315855665,0.8176918912028088
1.0,878,251,49,0,0.936,2.9143916520311457,0.8049739392597973
1.0,879,21,279,0,0.918,2.8605475621120493,0.8613019083716165
1.0,879,51,249,0,0.92,2.863813141779686,0.8324334180326338
1.0,879,61,239,1,0.922,2.874962161978193,0.814818821409247
1.0,879,71,229,0,0.926,2.967108267120861,0.8027199744203836
1.0,879,101,199,0,0.92,2.8777580099411817,0.7952732756872583
1.0,879,150,150,0,0.93,3.222467325962878,0.7586424407614513
1.0,879,201,99,0,0.934,3.2268291273622163,0.7774952053480874
1.0,879,251,49,0,0.94,3.3536259940883846,0.7971492806960939
1.0,880,21,279,0,0.896,2.2788508117208726,0.8073979391332453
1.0,880,51,249,0,0.908,2.4407960012597827,0.8654814775146971
1.0,880,61,239,1,0.908,2.4064246394946998,0.8448738529962724
1.0,880,71,229,0,0.904,2.3835973153695504,0.8321482735865373
1.0,880,101,199,0,0.908,2.4392489302643545,0.8090819323732467
1.0,880,150,150,0,0.918,2.569686319168656,0.8019439239010804
1.0,880,201,99,0,0.92,2.5637326805789358,0.8140833768315422
1.0,880,251,49,0,0.94,2.7717893458303844,0.8082117426394959
1.0,881,21,279,0,0.934,2.8702753304517925,0.7982435215918966
1.0,881,51,249,0,0.942,3.0179023218454217,0.7987991821227078
1.0,881,61,239,1,0.94,2.973948807930445,0.801759713211046
1.0,881,71,229,0,0.94,2.9688328600338276,0.8112664482301127
1.0,881,101,199,0,0.956,3.2720413302182614,0.8237740537725013
1.0,881,150,150,0,0.964,3.424996139459179,0.8330533221854274
1.0,881,201,99,0,0.93,2.8453999008857274,0.814890653780348
1.0,881,251,49,0,0.956,3.3113312576864975,0.8121521823097699
1.0,882,21,279,0,0.896,2.407824582017665,0.8479214106319868
1.0,882,51,249,0,0.898,2.4074921313564293,0.7842823751504969
1.0,882,61,239,1,0.894,2.3394649983106843,0.7851386822415121
1.0,882,71,229,0,0.9,2.4206439820633285,0.7760600316984916
1.0,882,101,199,0,0.906,2.4857565662432144,0.7581015719393278
1.0,882,150,150,0,0.896,2.391932638340548,0.7896506715640698
1.0,882,201,99,0,0.904,2.4617207237931615,0.7992225448469537
1.0,882,251,49,0,0.906,2.4695194173127906,0.7961647086677176
1.0,883,21,279,0,0.88,2.2137426438720067,0.8004610838144873
1.0,883,51,249,0,0.88,2.2119211389322686,0.8035189326573046
1.0,883,61,239,1,0.88,2.212867532562619,0.8019367131565203
1.0,883,71,229,0,0.882,2.252340898470438,0.7947986822361659
1.0,883,101,199,0,0.882,2.2173018964961733,0.8204536492109372
1.0,883,150,150,0,0.88,2.238708438829172,0.8102108744720409
1.0,883,201,99,0,0.884,2.2733813558876137,0.8007312860046197
1.0,883,251,49,0,0.886,2.2751245371532063,0.7983948306639385
1.0,884,21,279,0,0.898,2.460388936995134,0.5685952474836532
1.0,884,51,249,0,0.902,2.383620692092072,0.6947339815000309
1.0,884,61,239,1,0.884,2.283660023413292,0.7016498132039125
1.0,884,71,229,0,0.886,2.300536295501332,0.7100282265453542
1.0,884,101,199,0,0.892,2.3051702814746964,0.7251881911144199
1.0,884,150,150,0,0.898,2.365669898355951,0.7541218643838724
1.0,884,201,99,0,0.938,2.6820010428141106,0.7553896337921426
1.0,884,251,49,0,0.968,3.2190880581427557,0.784693405309045
1.0,885,21,279,0,0.892,2.21014136761235,0.7911382133332494
1.0,885,51,249,0,0.89,2.1718030946425326,0.8038912850939116
1.0,885,61,239,1,0.888,2.1587954475225932,0.7898151576567286
1.0,885,71,229,0,0.886,2.152705164760018,0.7834199768759217
1.0,885,101,199,0,0.888,2.1764774016898927,0.7751135149629115
1.0,885,150,150,0,0.912,2.342164511117234,0.7723990098272482
1.0,885,201,99,0,0.888,2.1926189026872964,0.7866939374419653
1.0,885,251,49,0,0.932,2.592511154586453,0.7856865161918493
1.0,886,21,279,0,0.898,2.4994702078348245,0.7488496636493617
1.0,886,51,249,0,0.896,2.4392922430792545,0.7578887195550703
1.0,886,61,239,1,0.89,2.4208063317971,0.7430843912245789
1.0,886,71,229,0,0.884,2.342404027302607,0.7484230810383081
1.0,886,101,199,0,0.884,2.334611071899244,0.7517525675891136
1.0,886,150,150,0,0.88,2.2620321323454546,0.7859219581646036
1.0,886,201,99,0,0.874,2.2065125416398423,0.77594231931005
1.0,886,251,49,0,0.886,2.324249972152363,0.7867295892155204
1.0,887,21,279,0,0.888,2.1922388276477833,0.822350665343434
1.0,887,51,249,0,0.874,2.157904505058802,0.8371998045110108
1.0,887,61,239,1,0.878,2.1726187795488388,0.8272686858404762
1.0,887,71,229,0,0.882,2.1801738220264557,0.8221217070449027
1.0,887,101,199,0,0.926,2.5791532276495013,0.8145703400751414
1.0,887,150,150,0,0.926,2.578052730149312,0.8171875709040289
1.0,887,201,99,0,0.926,2.5772115591271363,0.8180859927827863
1.0,887,251,49,0,0.898,2.344800709719206,0.8299149202620633
1.0,888,21,279,0,0.872,2.151248290934558,0.8028452178150315
1.0,888,51,249,0,0.854,2.041999661129939,0.8141501627812207
1.0,888,61,239,1,0.83,1.9356743853634966,0.7827210111823993
1.0,888,71,229,0,0.848,2.0504232376895497,0.7856653977898219
1.0,888,101,199,0,0.85,2.0015687563624778,0.8313143869246289
1.0,888,150,150,0,0.844,1.996597553419028,0.8109570387178391
1.0,888,201,99,0,0.816,1.8455676931776916,0.7999118660466424
1.0,888,251,49,0,0.79,1.6871540983522664,0.7996985941454724
1.0,889,21,279,0,0.872,2.2015320011437236,0.8354096795633678
1.0,889,51,249,0,0.878,2.2459067763093015,0.8200066273138512
1.0,889,61,239,1,0.884,2.2950980568356507,0.8398454871162381
1.0,889,71,229,0,0.878,2.230978357545114,0.8234089852425105
1.0,889,101,199,0,0.878,2.2341561157708014,0.7994220103088124
1.0,889,150,150,0,0.862,2.148371150579323,0.798695848472597
1.0,889,201,99,0,0.876,2.2285727761984995,0.8059766112126843
1.0,889,251,49,0,0.924,2.665928325746575,0.8162018426821636
1.0,890,21,279,0,0.874,2.275460123619605,0.6764080117632394
1.0,890,51,249,0,0.872,2.26867171266694,0.7144745934794708
1.0,890,61,239,1,0.842,2.0944163720749267,0.7521753630965161
1.0,890,71,229,0,0.844,2.095873013447255,0.7656666458651774
1.0,890,101,199,0,0.854,2.160396058652688,0.8031519322185684
1.0,890,150,150,0,0.854,2.1570268739745093,0.8022998659065165
1.0,890,201,99,0,0.854,2.1309430317587865,0.7956869760316958
1.0,890,251,49,0,0.848,2.12567671832497,0.7943482567617516
1.0,891,21,279,0,0.898,2.322248951321463,0.8551293716504624
1.0,891,51,249,0,0.884,2.23765846107132,0.848128203365218
1.0,891,61,239,1,0.892,2.288051975005815,0.8552956370619124
1.0,891,71,229,0,0.87,2.1665437933830254,0.8428932486553794
1.0,891,101,199,0,0.904,2.3386834333986313,0.8411710313732847
1.0,891,150,150,0,0.856,2.071277516764202,0.821500971017912
1.0,891,201,99,0,0.856,2.0713455139088293,0.8272401449007697
1.0,891,251,49,0,0.974,3.8140411320771364,0.822508777759738
1.0,892,21,279,0,0.886,2.3097713041217824,0.7956673335120243
1.0,892,51,249,0,0.882,2.2595922567801217,0.8148630731779508
1.0,892,61,239,1,0.87,2.2044131469206287,0.8047140430298361
1.0,892,71,229,0,0.862,2.117356622510173,0.7910902362969251
1.0,892,101,199,0,0.864,2.1381855407284065,0.7945141024545327
1.0,892,150,150,0,0.862,2.101891725775681,0.7885078235923076
1.0,892,201,99,0,0.862,2.119864413661989,0.79150574479396
1.0,892,251,49,0,0.834,1.8921001882983162,0.8144250010406378
1.0,893,21,279,0,0.922,2.6177770675116983,0.7025797199146177
1.0,893,51,249,0,0.918,2.563959950504213,0.7503783126116464
1.0,893,61,239,1,0.918,2.57046059754825,0.7503279167993606
1.0,893,71,229,0,0.922,2.638593108334968,0.7526352508241279
1.0,893,101,199,0,0.92,2.5744747716036427,0.745536263065977
1.0,893,150,150,0,0.922,2.633846569549948,0.7513764707159768
1.0,893,201,99,0,0.912,2.5126281444732976,0.7709330480369139
1.0,893,251,49,0,0.858,2.03904136320845,0.7842312662024115
1.0,894,21,279,0,0.9,2.4164340440866963,0.8467860818327196
1.0,894,51,249,0,0.888,2.292157923565285,0.865197644591006
1.0,894,61,239,1,0.9,2.4086125565186665,0.8603495575029917
1.0,894,71,229,0,0.9,2.4110858974890883,0.856130928221859
1.0,894,101,199,0,0.888,2.2827009378079506,0.8189608464109285
1.0,894,150,150,0,0.904,2.4405230118187644,0.8057071075094111
1.0,894,201,99,0,0.898,2.415437431084447,0.800536977468647
1.0,894,251,49,0,0.856,2.0646256707608046,0.7870858410162477
1.0,895,21,279,0,0.916,2.45816991946626,0.705354314128043
1.0,895,51,249,0,0.906,2.418553779133858,0.7549802119742588
1.0,895,61,239,1,0.914,2.477185949437139,0.7432579180566071
1.0,895,71,229,0,0.912,2.484625904786275,0.7663456778784808
1.0,895,101,199,0,0.914,2.4965804303647863,0.7605743471436773
1.0,895,150,150,0,0.928,2.674945958174875,0.7600850284053269
1.0,895,201,99,0,0.904,2.3920005769030275,0.7620884478719415
1.0,895,251,49,0,0.926,2.634071635575592,0.7663385067354616
1.0,896,21,279,0,0.908,2.4581222566526075,0.8149126137093977
1.0,896,51,249,0,0.914,2.5013933867359106,0.8055538864404751
1.0,896,61,239,1,0.918,2.602885910982675,0.7768603063635696
1.0,896,71,229,0,0.918,2.5998424457544487,0.7781729455814155
1.0,896,101,199,0,0.924,2.72023570417535,0.7881648979132398
1.0,896,150,150,0,0.924,2.729179309765408,0.7863497866367017
1.0,896,201,99,0,0.894,2.34959510804787,0.7813860489079402
1.0,896,251,49,0,0.9,2.376327297217398,0.7772782034104571
1.0,897,21,279,0,0.922,2.482726907123627,0.7500630681227761
1.0,897,51,249,0,0.922,2.4635826005045844,0.7902366181142384
1.0,897,61,239,1,0.922,2.4647381027645543,0.7884780426823736
1.0,897,71,229,0,0.928,2.5949321384349435,0.7898044699408883
1.0,897,101,199,0,0.908,2.3236778561650144,0.7914870241612109
1.0,897,150,150,0,0.878,2.119924492352771,0.7751132142757649
1.0,897,201,99,0,0.874,2.065504605766476,0.7901080285738848
1.0,897,251,49,0,0.88,2.1041641430975195,0.799727989968903
1.0,898,21,279,0,0.868,2.2461441984429573,0.7961353227625207
1.0,898,51,249,0,0.908,2.5163573362522005,0.8531844315446471
1.0,898,61,239,1,0.904,2.4792917799785066,0.8422071832687734
1.0,898,71,229,0,0.898,2.4394911533877086,0.8299944363734904
1.0,898,101,199,0,0.884,2.369932345697927,0.8181467065036957
1.0,898,150,150,0,0.94,2.7879433719346904,0.8234218635843652
1.0,898,201,99,0,0.896,2.4767486824869382,0.8103593730740285
1.0,898,251,49,0,0.882,2.3516278906799606,0.8156537801025714
1.0,899,21,279,0,0.912,2.4825322682796895,0.8395427873059015
1.0,899,51,249,0,0.912,2.4913108425088875,0.8288148229479457
1.0,899,61,239,1,0.91,2.501018484144032,0.8160148981091916
1.0,899,71,229,0,0.926,2.7144290221516,0.8077824180744596
1.0,899,101,199,0,0.928,2.7345901842813176,0.7919206417584066
1.0,899,150,150,0,0.926,2.722235342059154,0.8016494994470015
1.0,899,201,99,0,0.91,2.4984448148331966,0.8195143643598493
1.0,899,251,49,0,0.928,2.7754837092944498,0.8204092950229165
1.0,900,21,279,0,0.88,2.2920118896029797,0.8805751005264376
1.0,900,51,249,0,0.89,2.350164194712319,0.8449952930610585
1.0,900,61,239,1,0.904,2.4531768189988528,0.8432863102354019
1.0,900,71,229,0,0.902,2.4468762359667475,0.8459646854519394
1.0,900,101,199,0,0.878,2.213163145193169,0.8387234080059541
1.0,900,150,150,0,0.906,2.4812591942577957,0.8314212061716929
1.0,900,201,99,0,0.866,2.123892486556305,0.8200171091389123
1.0,900,251,49,0,0.87,2.1833766054080357,0.8100314245702958
1.0,901,21,279,0,0.912,2.5880235396198312,0.8003153873898947
1.0,901,51,249,0,0.908,2.5353113071952125,0.7466009416663187
1.0,901,61,239,1,0.908,2.531044803360363,0.7614917671612652
1.0,901,71,229,0,0.91,2.5958695721641143,0.7926369891999028
1.0,901,101,199,0,0.918,2.65734945372053,0.7927857348845294
1.0,901,150,150,0,0.918,2.6528757494710162,0.795200497239716
1.0,901,201,99,0,0.926,2.7804649451457055,0.7928009076400105
1.0,901,251,49,0,0.926,2.774003985278656,0.7902591045114729
1.0,902,21,279,0,0.912,2.6031260512781795,0.8099322402022568
1.0,902,51,249,0,0.9,2.5270900827669753,0.786981382467062
1.0,902,61,239,1,0.898,2.50121578697384,0.8005104697205454
1.0,902,71,229,0,0.902,2.578108709200687,0.7838318842347615
1.0,902,101,199,0,0.9,2.5651623783004776,0.7681037648062717
1.0,902,150,150,0,0.872,2.244626203013492,0.7943590858814776
1.0,902,201,99,0,0.934,2.986052411957053,0.7922097258356937
1.0,902,251,49,0,0.934,3.0020704339414768,0.7934968262886276
1.0,903,21,279,0,0.924,2.9429385752937667,0.8945717620895546
1.0,903,51,249,0,0.914,2.779144737549093,0.8610685458729698
1.0,903,61,239,1,0.916,2.8005619993001005,0.8495865907190391
1.0,903,71,229,0,0.912,2.6970193332754815,0.8327797324296368
1.0,903,101,199,0,0.876,2.3440808945924223,0.8224675509986992
1.0,903,150,150,0,0.878,2.381202279241431,0.8158895416539284
1.0,903,201,99,0,0.914,2.681089164625701,0.821647386429211
1.0,903,251,49,0,0.902,2.5906242622452447,0.8174248378948715
1.0,904,21,279,0,0.888,2.2458463737281207,0.7523948693908142
1.0,904,51,249,0,0.886,2.2611707600839637,0.8171665125647961
1.0,904,61,239,1,0.878,2.208032788153005,0.8085586991729174
1.0,904,71,229,0,0.878,2.186403175828514,0.8147239086132061
1.0,904,101,199,0,0.874,2.1670616197987673,0.8284052797700914
1.0,904,150,150,0,0.87,2.1365215963965505,0.8271130113280115
1.0,904,201,99,0,0.848,1.9988004472245675,0.8301624598003832
1.0,904,251,49,0,0.778,1.600548607683011,0.8313021019328132
1.0,905,21,279,0,0.916,2.3674420611188793,0.7858155499140616
1.0,905,51,249,0,0.914,2.3895607678995803,0.8135197809100518
1.0,905,61,239,1,0.918,2.4353916668092954,0.794525028033608
1.0,905,71,229,0,0.918,2.417852236959297,0.7922911564503461
1.0,905,101,199,0,0.904,2.213726399120429,0.782806415407063
1.0,905,150,150,0,0.888,2.1283005974870695,0.7968098840699654
1.0,905,201,99,0,0.88,2.047096253511237,0.7964098892114368
1.0,905,251,49,0,0.89,2.1331676946640634,0.7881456658115746
1.0,906,21,279,0,0.922,2.5932901449521046,0.8735937189858004
1.0,906,51,249,0,0.904,2.397175654353067,0.786200075957335
1.0,906,61,239,1,0.9,2.348408517808525,0.7774555364014578
1.0,906,71,229,0,0.886,2.2255668257792944,0.7819388520855438
1.0,906,101,199,0,0.882,2.206199249963598,0.7935388035657925
1.0,906,150,150,0,0.938,2.7361878389077865,0.8045114746440509
1.0,906,201,99,0,0.9,2.3133988480509107,0.799585965525724
1.0,906,251,49,0,0.954,3.2802696048512345,0.7954979230740795
1.0,907,21,279,0,0.892,2.248255576936941,0.8733469128835213
1.0,907,51,249,0,0.89,2.188813473335186,0.8258287438409395
1.0,907,61,239,1,0.89,2.1764971904627513,0.8354733062128509
1.0,907,71,229,0,0.89,2.2140780650795078,0.8357539610146583
1.0,907,101,199,0,0.888,2.197845776897755,0.8011074183952148
1.0,907,150,150,0,0.892,2.235114373204421,0.789772786378603
1.0,907,201,99,0,0.91,2.416504809041356,0.7821045359216675
1.0,907,251,49,0,0.908,2.413181109300042,0.7785068560220624
1.0,908,21,279,0,0.902,2.4631450520648444,0.8402802464429374
1.0,908,51,249,0,0.902,2.4650762893606664,0.825630618327947
1.0,908,61,239,1,0.906,2.519118951246337,0.8100002448669917
1.0,908,71,229,0,0.908,2.5358964280492535,0.8093759204902045
1.0,908,101,199,0,0.908,2.540521092498853,0.8044299177729853
1.0,908,150,150,0,0.93,2.78884631823832,0.7993466642261308
1.0,908,201,99,0,0.95,3.050297748808891,0.7864268733170074
1.0,908,251,49,0,0.958,3.223109670378388,0.7867233092836602
1.0,909,21,279,0,0.844,2.0319481437210474,0.6853199679976767
1.0,909,51,249,0,0.874,2.0654940313786985,0.7430970310999854
1.0,909,61,239,1,0.878,2.088162685234216,0.7592296170741277
1.0,909,71,229,0,0.87,2.056522945717235,0.7850867887383625
1.0,909,101,199,0,0.874,2.0778689848896055,0.7755893125523017
1.0,909,150,150,0,0.866,2.0201316191551038,0.779277870779778
1.0,909,201,99,0,0.868,2.032353111395783,0.7859938110870713
1.0,909,251,49,0,0.872,2.066376408917922,0.7806974524799036
1.0,910,21,279,0,0.892,2.471306003928094,0.646685658288981
1.0,910,51,249,0,0.912,2.5441421994742277,0.7237232898989584
1.0,910,61,239,1,0.906,2.4729451825233237,0.754750718543174
1.0,910,71,229,0,0.918,2.5677569870154797,0.7451854471909694
1.0,910,101,199,0,0.882,2.2526412801015323,0.7873948199317625
1.0,910,150,150,0,0.898,2.384367543342287,0.8059929097256233
1.0,910,201,99,0,0.906,2.541835356113491,0.8062082463013656
1.0,910,251,49,0,0.898,2.3969221101152787,0.8186160806150946
1.0,911,21,279,0,0.886,2.457746680497345,0.8150921714016145
1.0,911,51,249,0,0.894,2.4111016498377422,0.6890412921842614
1.0,911,61,239,1,0.892,2.408774310167959,0.6843360010975843
1.0,911,71,229,0,0.876,2.32490563029821,0.7035121000097434
1.0,911,101,199,0,0.88,2.3374872773546995,0.6958827632100302
1.0,911,150,150,0,0.878,2.3297010208066986,0.7268318758665604
1.0,911,201,99,0,0.896,2.4780164140223206,0.7387043274070338
1.0,911,251,49,0,0.898,2.5256174833794294,0.7530292613543058
1.0,912,21,279,0,0.906,2.5263099795314385,0.7614212181611335
1.0,912,51,249,0,0.918,2.6272626867534616,0.8470132371977908
1.0,912,61,239,1,0.916,2.6207388848306774,0.8434051407230154
1.0,912,71,229,0,0.92,2.651473089432584,0.8519798057100754
1.0,912,101,199,0,0.914,2.593524240633233,0.8391802415563352
1.0,912,150,150,0,0.91,2.5477488984591155,0.8045636562598979
1.0,912,201,99,0,0.928,2.7788384981566496,0.8015825310246565
1.0,912,251,49,0,0.95,3.105106270872055,0.7941940337391749
1.0,913,21,279,0,0.896,2.6035955728117295,0.8020860166606109
1.0,913,51,249,0,0.892,2.6165041357587353,0.82784669018305
1.0,913,61,239,1,0.892,2.614407941239333,0.8292726412433368
1.0,913,71,229,0,0.894,2.6132507702002785,0.822874081186705
1.0,913,101,199,0,0.894,2.613121874295909,0.8226830177074872
1.0,913,150,150,0,0.894,2.6096272073842472,0.8176546071869073
1.0,913,201,99,0,0.894,2.5882656039505743,0.8209003036801812
1.0,913,251,49,0,0.842,2.068502626498203,0.8261867357482396
1.0,914,21,279,0,0.946,2.7301539857969948,0.7829715205635144
1.0,914,51,249,0,0.946,2.7230744112452507,0.7683391838996566
1.0,914,61,239,1,0.948,2.7267682044361723,0.7658040753430356
1.0,914,71,229,0,0.946,2.783490595992315,0.7792324887656762
1.0,914,101,199,0,0.95,2.829146550881827,0.8105008679950766
1.0,914,150,150,0,0.94,2.6530037246274825,0.8148223963897622
1.0,914,201,99,0,0.946,2.758644045157123,0.7995337198095163
1.0,914,251,49,0,0.95,2.8468433810016096,0.8043619762436669
1.0,915,21,279,0,0.886,2.4153925999681287,0.9003442903263952
1.0,915,51,249,0,0.874,2.2858226087263747,0.853243806097793
1.0,915,61,239,1,0.868,2.2545954905974814,0.8419354358896814
1.0,915,71,229,0,0.868,2.261794350322412,0.8444956925618913
1.0,915,101,199,0,0.87,2.269102124739622,0.84026747780494
1.0,915,150,150,0,0.892,2.34562509419697,0.8317976633178912
1.0,915,201,99,0,0.892,2.3490528776948123,0.8329414493362
1.0,915,251,49,0,0.892,2.3590095742804214,0.8362623923654092
1.0,916,21,279,0,0.888,2.494753157863182,0.8666974161475308
1.0,916,51,249,0,0.888,2.523234012005,0.8810712103772653
1.0,916,61,239,1,0.886,2.497528652780491,0.8690380074292655
1.0,916,71,229,0,0.892,2.546794440138659,0.8879061802831216
1.0,916,101,199,0,0.888,2.488299544016004,0.8506295410452915
1.0,916,150,150,0,0.904,2.7181480554741175,0.8342121307565673
1.0,916,201,99,0,0.896,2.616258177559287,0.8231987557713852
1.0,916,251,49,0,0.894,2.599246898125465,0.808859713568927
1.0,917,21,279,0,0.894,2.438966458378526,0.7840812486576222
1.0,917,51,249,0,0.888,2.3779966822137406,0.7731989641225426
1.0,917,61,239,1,0.89,2.4187568754633486,0.7531674520479377
1.0,917,71,229,0,0.888,2.3975559746601385,0.7412986830572389
1.0,917,101,199,0,0.89,2.4252473401124437,0.750406233456387
1.0,917,150,150,0,0.888,2.322674717259735,0.794750889462565
1.0,917,201,99,0,0.888,2.337912802594274,0.7950886919636604
1.0,917,251,49,0,0.888,2.3393107820428702,0.7882192146578068
1.0,918,21,279,0,0.91,2.3754856964448208,0.7540870129130253
1.0,918,51,249,0,0.912,2.488464684778595,0.7915545569703926
1.0,918,61,239,1,0.91,2.474646456317472,0.8037282419843124
1.0,918,71,229,0,0.916,2.494803243454395,0.7858892283300939
1.0,918,101,199,0,0.92,2.562008777286219,0.7797905665245075
1.0,918,150,150,0,0.904,2.339475856970126,0.7820662451007032
1.0,918,201,99,0,0.902,2.3110886625382516,0.7755149666117362
1.0,918,251,49,0,0.876,2.0271358229426837,0.8023100308179134
1.0,919,21,279,0,0.896,2.400788610744569,0.8691212096996088
1.0,919,51,249,0,0.898,2.4067094652588006,0.8588767735418273
1.0,919,61,239,1,0.9,2.420307828648059,0.8504724860033734
1.0,919,71,229,0,0.896,2.4250201820392405,0.8475670918770271
1.0,919,101,199,0,0.904,2.481027359643119,0.839162873954026
1.0,919,150,150,0,0.898,2.468517267261275,0.8209204785155988
1.0,919,201,99,0,0.896,2.435357246296734,0.8101043921305472
1.0,919,251,49,0,0.86,2.072962857125638,0.7979105839354244
1.0,920,21,279,0,0.878,2.2118054314799322,0.7485411154019155
1.0,920,51,249,0,0.868,2.1696537349090357,0.7373903035039083
1.0,920,61,239,1,0.874,2.1919972429903862,0.7540572623040993
1.0,920,71,229,0,0.876,2.195360788380967,0.7649013260544745
1.0,920,101,199,0,0.848,2.077458494844608,0.7758107566881645
1.0,920,150,150,0,0.886,2.36540248136619,0.7637058543016237
1.0,920,201,99,0,0.844,2.0409773182426885,0.7657224914590908
1.0,920,251,49,0,0.928,2.7780661653106473,0.774626083696434
1.0,921,21,279,0,0.864,2.338131178988081,0.8705164831504068
1.0,921,51,249,0,0.868,2.365356060117992,0.8519033510071058
1.0,921,61,239,1,0.87,2.385901002310934,0.8440651177999162
1.0,921,71,229,0,0.868,2.358973244378778,0.823508677196537
1.0,921,101,199,0,0.874,2.408536243720806,0.8234987430557796
1.0,921,150,150,0,0.918,2.816317989674804,0.8013169048436353
1.0,921,201,99,0,0.934,2.9111803384970205,0.802798842673088
1.0,921,251,49,0,0.924,2.8764993502418847,0.8160963805297483
1.0,922,21,279,0,0.886,2.4360788006160283,0.7662904941454894
1.0,922,51,249,0,0.894,2.428411641118658,0.8062575063664132
1.0,922,61,239,1,0.9,2.474015770875768,0.7962591665457475
1.0,922,71,229,0,0.9,2.46899363771142,0.7988489648969298
1.0,922,101,199,0,0.894,2.4259094904393876,0.8000844394734792
1.0,922,150,150,0,0.916,2.562429143422573,0.8049261186015997
1.0,922,201,99,0,0.916,2.5768250059858855,0.7988577680548651
1.0,922,251,49,0,0.918,2.6116361715479535,0.8032866713439695
1.0,923,21,279,0,0.9,2.304338368332453,0.7228347882395871
1.0,923,51,249,0,0.898,2.295468415517336,0.7500951836270855
1.0,923,61,239,1,0.9,2.2972596944222223,0.7570811945710892
1.0,923,71,229,0,0.898,2.293502897426808,0.7423564696182244
1.0,923,101,199,0,0.898,2.2848327277183524,0.7348763694113282
1.0,923,150,150,0,0.898,2.2942054560273704,0.7451314176003094
1.0,923,201,99,0,0.908,2.4319143800084277,0.7802393902803438
1.0,923,251,49,0,0.908,2.4209005130114223,0.7834516127820724
1.0,924,21,279,0,0.9,2.3978262313917167,0.7895133794285966
1.0,924,51,249,0,0.9,2.3930591708524696,0.8260466991182558
1.0,924,61,239,1,0.898,2.3430812448077143,0.8183476103758348
1.0,924,71,229,0,0.89,2.351576936770708,0.8408199557913085
1.0,924,101,199,0,0.892,2.3302441536967278,0.8251097759162174
1.0,924,150,150,0,0.886,2.3043527797895873,0.8107898594274907
1.0,924,201,99,0,0.886,2.3092774481509633,0.814655265850252
1.0,924,251,49,0,0.906,2.516539576753515,0.8015324730594453
1.0,925,21,279,0,0.918,2.6370227694502373,0.788146121095549
1.0,925,51,249,0,0.926,2.7470868517671247,0.8095992652939991
1.0,925,61,239,1,0.922,2.726602276676097,0.8162658293683112
1.0,925,71,229,0,0.93,2.7831629858288824,0.8103914599442071
1.0,925,101,199,0,0.926,2.7850090799676956,0.8292328765440908
1.0,925,150,150,0,0.932,2.868133650559308,0.8183408312388886
1.0,925,201,99,0,0.912,2.6175908988497496,0.8144228673806896
1.0,925,251,49,0,0.944,3.024068420506312,0.8089666537065943
1.0,926,21,279,0,0.91,2.5851538138657584,0.6420980877086883
1.0,926,51,249,0,0.9,2.413002481383165,0.8165634748109051
1.0,926,61,239,1,0.896,2.3899513380665387,0.8120824373211946
1.0,926,71,229,0,0.896,2.401750315321423,0.8309762681316376
1.0,926,101,199,0,0.898,2.4095552811660683,0.8197477814631369
1.0,926,150,150,0,0.902,2.4581951673177196,0.8251462613345312
1.0,926,201,99,0,0.864,2.106033648469462,0.7984580131831448
1.0,926,251,49,0,0.894,2.366194840945416,0.7860664112457533
1.0,927,21,279,0,0.904,2.441870553712929,0.8257190699209904
1.0,927,51,249,0,0.894,2.3589640717999174,0.854245097887243
1.0,927,61,239,1,0.892,2.3276341376647305,0.8466039171816311
1.0,927,71,229,0,0.88,2.3053949193464334,0.8458009021087585
1.0,927,101,199,0,0.88,2.2870697470081875,0.8342604337966314
1.0,927,150,150,0,0.88,2.2728495115502,0.8165187064747597
1.0,927,201,99,0,0.862,2.1361578509119163,0.8196867416600677
1.0,927,251,49,0,0.9,2.4286635145703577,0.80841835271485
1.0,928,21,279,0,0.888,2.2143961194854964,0.8054649484886659
1.0,928,51,249,0,0.888,2.2307315529712763,0.7931428374846076
1.0,928,61,239,1,0.888,2.2145036521465316,0.8053852153969971
1.0,928,71,229,0,0.888,2.199729764850286,0.8161776658208356
1.0,928,101,199,0,0.902,2.3982978957892818,0.8073133458228474
1.0,928,150,150,0,0.868,2.0281325088078406,0.8149684430133152
1.0,928,201,99,0,0.854,1.8858366777468363,0.8110334506387243
1.0,928,251,49,0,0.862,1.9831089260909862,0.8090471821872203
1.0,929,21,279,0,0.926,2.637660288784733,0.6630980810608306
1.0,929,51,249,0,0.924,2.523046746516665,0.7466330546116274
1.0,929,61,239,1,0.926,2.51339622814994,0.7804638353560769
1.0,929,71,229,0,0.926,2.5133605128959537,0.7806422299988951
1.0,929,101,199,0,0.944,2.880858000055527,0.7883641392738159
1.0,929,150,150,0,0.876,2.1957473986139413,0.829949293140777
1.0,929,201,99,0,0.888,2.253335889764988,0.8304141778330327
1.0,929,251,49,0,0.848,2.09682099863637,0.8429254476625571
1.0,930,21,279,0,0.91,2.4587502510244166,0.7757989265579729
1.0,930,51,249,0,0.896,2.3685287563812567,0.8286943308062161
1.0,930,61,239,1,0.9,2.3999530942554883,0.8174574495755681
1.0,930,71,229,0,0.902,2.4132843374096136,0.8104982473036628
1.0,930,101,199,0,0.902,2.408023072798662,0.7965937546671102
1.0,930,150,150,0,0.892,2.282930140160198,0.8044599274492716
1.0,930,201,99,0,0.9,2.3998949228567716,0.8159030293425396
1.0,930,251,49,0,0.79,1.6931975170809164,0.8161763434631193
1.0,931,21,279,0,0.91,2.5584477028128685,0.903857588227903
1.0,931,51,249,0,0.912,2.5828502760583425,0.7863479060117295
1.0,931,61,239,1,0.91,2.5774558316440506,0.7756438413933084
1.0,931,71,229,0,0.912,2.581863391140152,0.7843797821497549
1.0,931,101,199,0,0.91,2.5765484692215312,0.793955320905388
1.0,931,150,150,0,0.91,2.569057302747471,0.7984597179721448
1.0,931,201,99,0,0.918,2.68673448741005,0.7961120040477009
1.0,931,251,49,0,0.934,2.875037381614004,0.820864587746396
1.0,932,21,279,0,0.896,2.5605847295957562,0.8901226438110688
1.0,932,51,249,0,0.904,2.515431338048247,0.8231489653015552
1.0,932,61,239,1,0.91,2.539371526960828,0.8009791380326841
1.0,932,71,229,0,0.916,2.567761325596628,0.8012189183467797
1.0,932,101,199,0,0.918,2.572592894985142,0.8204931280167271
1.0,932,150,150,0,0.914,2.548104445527902,0.8121342244270392
1.0,932,201,99,0,0.914,2.5472969513099417,0.8098918942048526
1.0,932,251,49,0,0.91,2.5298686769251635,0.8171787583578806
1.0,933,21,279,0,0.89,2.4120550166886243,0.7096777273265553
1.0,933,51,249,0,0.874,2.315119744803085,0.7790074784360086
1.0,933,61,239,1,0.868,2.281401847268118,0.7676124155840167
1.0,933,71,229,0,0.874,2.307927829308716,0.7676968827547958
1.0,933,101,199,0,0.892,2.4189074856026767,0.7769209375724798
1.0,933,150,150,0,0.914,2.675086050110409,0.7631258408049582
1.0,933,201,99,0,0.866,2.2146209436768585,0.7658391700149064
1.0,933,251,49,0,0.868,2.2789056499220015,0.7668907654791591
1.0,934,21,279,0,0.908,2.4530256760118876,0.7872578689811909
1.0,934,51,249,0,0.9,2.359794740861398,0.8136101070511681
1.0,934,61,239,1,0.904,2.402381511825848,0.7976318343657235
1.0,934,71,229,0,0.898,2.3179369179091296,0.7744727693744874
1.0,934,101,199,0,0.894,2.306853219440528,0.7784286130264906
1.0,934,150,150,0,0.89,2.2882241969914987,0.803155113846271
1.0,934,201,99,0,0.89,2.2878202918046333,0.800706160452232
1.0,934,251,49,0,0.89,2.2822818779774607,0.7985725070833993
1.0,935,21,279,0,0.858,2.053732379526189,0.8541899285725383
1.0,935,51,249,0,0.856,2.02431035853516,0.8421976864466829
1.0,935,61,239,1,0.864,2.038858565444537,0.8382027933735019
1.0,935,71,229,0,0.866,2.0402718650502507,0.8333047275365456
1.0,935,101,199,0,0.866,2.035321355216713,0.8249055415242025
1.0,935,150,150,0,0.87,2.0527314199078783,0.8001698002978532
1.0,935,201,99,0,0.876,2.1488754272975643,0.7993360671974598
1.0,935,251,49,0,0.874,2.142306337137903,0.7962763342477314
1.0,936,21,279,0,0.892,2.320902986579303,0.8097663117430309
1.0,936,51,249,0,0.89,2.2838389615968775,0.8200096678628386
1.0,936,61,239,1,0.888,2.2833878795034632,0.8255517468946245
1.0,936,71,229,0,0.89,2.2875046784091233,0.8158973853059639
1.0,936,101,199,0,0.89,2.299842618249616,0.811288493728079
1.0,936,150,150,0,0.896,2.3844480277224576,0.7919681031768102
1.0,936,201,99,0,0.896,2.38584484582492,0.7858678498865335
1.0,936,251,49,0,0.938,2.7582351970677657,0.7784208926241364
1.0,937,21,279,0,0.89,2.3453377233976735,0.755983792305444
1.0,937,51,249,0,0.898,2.4096492996807974,0.7207355762495904
1.0,937,61,239,1,0.896,2.3976167953513285,0.7395705656584945
1.0,937,71,229,0,0.896,2.399900695215645,0.7531393625042605
1.0,937,101,199,0,0.894,2.3706459185966833,0.7431672936847957
1.0,937,150,150,0,0.86,2.0496441710318765,0.7599466752157357
1.0,937,201,99,0,0.894,2.3610987783542976,0.7659031513534931
1.0,937,251,49,0,0.912,2.5472196019357396,0.7707572710930345
1.0,938,21,279,0,0.894,2.421610082631519,0.8549645649833815
1.0,938,51,249,0,0.9,2.4749040720191595,0.8367083172301513
1.0,938,61,239,1,0.898,2.4530652200724044,0.8421308277649845
1.0,938,71,229,0,0.876,2.2492729936220126,0.8488395902839677
1.0,938,101,199,0,0.858,2.1228147962680355,0.8351743989821745
1.0,938,150,150,0,0.848,2.0457419549620233,0.8110272208179838
1.0,938,201,99,0,0.856,2.0939303989488853,0.8146552459525408
1.0,938,251,49,0,0.94,3.095725262247937,0.8204917393813538
1.0,939,21,279,0,0.85,2.1779545785268666,0.8066250884660203
1.0,939,51,249,0,0.848,2.2148659663265127,0.8359725573065507
1.0,939,61,239,1,0.848,2.2053521149755118,0.8420305258321558
1.0,939,71,229,0,0.848,2.1967968795326107,0.8480837274023473
1.0,939,101,199,0,0.848,2.202921494930777,0.8428309778601705
1.0,939,150,150,0,0.846,2.124840381983201,0.8482109065458242
1.0,939,201,99,0,0.836,2.0308099009953233,0.8191424117834666
1.0,939,251,49,0,0.91,2.621544305067776,0.8131263301246786
1.0,940,21,279,0,0.866,2.18602679980256,0.8708816422429406
1.0,940,51,249,0,0.86,2.1488759161555917,0.8402994293301034
1.0,940,61,239,1,0.862,2.1764442840397096,0.8300312824486503
1.0,940,71,229,0,0.868,2.2013208462519107,0.8552673907022815
1.0,940,101,199,0,0.87,2.218109608681097,0.8366614148345823
1.0,940,150,150,0,0.806,1.8826122165619303,0.8270802080583787
1.0,940,201,99,0,0.81,1.911471670445416,0.8318842636309176
1.0,940,251,49,0,0.806,1.8901600604008695,0.8174794605864952
1.0,941,21,279,0,0.9,2.261082037282319,0.8500624369187443
1.0,941,51,249,0,0.904,2.2471986825498624,0.7762703356453601
1.0,941,61,239,1,0.906,2.260403405576505,0.7922746683042642
1.0,941,71,229,0,0.896,2.221738968996853,0.8265079536538767
1.0,941,101,199,0,0.908,2.2648969507347303,0.7978349246402406
1.0,941,150,150,0,0.912,2.280166666587758,0.7816551798453073
1.0,941,201,99,0,0.91,2.3026180492408383,0.8042206334875446
1.0,941,251,49,0,0.908,2.3094810286535483,0.8113009066411705
1.0,942,21,279,0,0.88,2.3752707219850717,0.7524938189160529
1.0,942,51,249,0,0.884,2.395614979207392,0.8150994417037168
1.0,942,61,239,1,0.88,2.3828161855462358,0.8230154745395786
1.0,942,71,229,0,0.88,2.3891245260708867,0.8204764264262733
1.0,942,101,199,0,0.884,2.405428619669724,0.8155454036845091
1.0,942,150,150,0,0.856,2.2176246623192015,0.8136090437490783
1.0,942,201,99,0,0.854,2.191201698055529,0.8139147768926697
1.0,942,251,49,0,0.864,2.2465591100134805,0.8190899234121638
1.0,943,21,279,0,0.896,2.5883465857560557,0.7604951776744071
1.0,943,51,249,0,0.902,2.618162487937515,0.7688088322509897
1.0,943,61,239,1,0.908,2.6689212285094683,0.8047420682331361
1.0,943,71,229,0,0.908,2.662473684886625,0.8200031091844849
1.0,943,101,199,0,0.908,2.6727380137487615,0.7986675334357938
1.0,943,150,150,0,0.908,2.66695116512589,0.8077581399410719
1.0,943,201,99,0,0.886,2.4170281781124423,0.808205395593606
1.0,943,251,49,0,0.888,2.4574992023747426,0.7930180863231888
1.0,944,21,279,0,0.902,2.401960851737921,0.7772341947167056
1.0,944,51,249,0,0.898,2.378518012262272,0.7873969825736209
1.0,944,61,239,1,0.896,2.3904660883698323,0.8098592349416843
1.0,944,71,229,0,0.902,2.429650562113942,0.7912398583535293
1.0,944,101,199,0,0.91,2.492209013393133,0.7924844696030368
1.0,944,150,150,0,0.91,2.49209727451731,0.7935231639925989
1.0,944,201,99,0,0.878,2.258985330761792,0.7899166529909185
1.0,944,251,49,0,0.874,2.245661688357226,0.7806524259170825
1.0,945,21,279,0,0.922,2.667984828744027,0.8959433385638748
1.0,945,51,249,0,0.932,2.7439106584794244,0.7825879999355746
1.0,945,61,239,1,0.93,2.7364770564195835,0.7706929867531156
1.0,945,71,229,0,0.932,2.7199300783206604,0.7461363919901961
1.0,945,101,199,0,0.938,2.873181406388547,0.7687025563625737
1.0,945,150,150,0,0.936,2.906644428756682,0.7877860240882187
1.0,945,201,99,0,0.916,2.548130324950213,0.7966262814105686
1.0,945,251,49,0,0.936,2.8402550512459968,0.7956801258470514
1.0,946,21,279,0,0.892,2.2100747462523214,0.8026822086348341
1.0,946,51,249,0,0.89,2.223705002728396,0.7819188084396841
1.0,946,61,239,1,0.898,2.2405999924901296,0.8014676897511177
1.0,946,71,229,0,0.894,2.2382515166618715,0.8059373877673108
1.0,946,101,199,0,0.888,2.1897845877398447,0.7997582870531754
1.0,946,150,150,0,0.87,2.0615198973159963,0.7844339372807383
1.0,946,201,99,0,0.874,2.06747442137739,0.7927645386440211
1.0,946,251,49,0,0.87,2.0591689241165505,0.7840644109078102
1.0,947,21,279,0,0.916,2.6016145810838744,0.7759988916125133
1.0,947,51,249,0,0.918,2.639382429107082,0.8919236317655341
1.0,947,61,239,1,0.904,2.4986015249415354,0.885925782101195
1.0,947,71,229,0,0.904,2.502418083182445,0.8844699400153472
1.0,947,101,199,0,0.914,2.557981415269324,0.8633745569113267
1.0,947,150,150,0,0.924,2.755072348929886,0.8491989961955113
1.0,947,201,99,0,0.924,2.752021509908964,0.8380700557674916
1.0,947,251,49,0,0.924,2.8026368367343486,0.8338545728089969
1.0,948,21,279,0,0.906,2.3426934273560254,0.6796092378456673
1.0,948,51,249,0,0.904,2.302599139079659,0.7285209437943962
1.0,948,61,239,1,0.902,2.2857722683427584,0.749417356376996
1.0,948,71,229,0,0.902,2.3050962070654117,0.7402284001463898
1.0,948,101,199,0,0.926,2.547191876787184,0.7606301688442558
1.0,948,150,150,0,0.94,2.6982022056864956,0.7693047032857933
1.0,948,201,99,0,0.824,1.8119023574873026,0.7769915861265174
1.0,948,251,49,0,0.94,2.698437784210863,0.773323482555809
1.0,949,21,279,0,0.892,2.407573915535624,0.8698678764838249
1.0,949,51,249,0,0.882,2.3844514874491614,0.8357260664457359
1.0,949,61,239,1,0.892,2.383542794151192,0.8243597201836791
1.0,949,71,229,0,0.894,2.452436651690663,0.8377470772231176
1.0,949,101,199,0,0.894,2.45729102866384,0.8313180863578682
1.0,949,150,150,0,0.882,2.3275182835555532,0.814916628934218
1.0,949,201,99,0,0.892,2.3817973583336944,0.806966066139527
1.0,949,251,49,0,0.82,1.921332219533232,0.7903059650061505
1.0,950,21,279,0,0.906,2.61869712546011,0.8357095134302432
1.0,950,51,249,0,0.92,2.7741713774030603,0.8457523100495626
1.0,950,61,239,1,0.916,2.6804622911928653,0.8351607863355848
1.0,950,71,229,0,0.924,2.7804361029549964,0.8114440032462651
1.0,950,101,199,0,0.894,2.5160521919101257,0.8045732899970129
1.0,950,150,150,0,0.908,2.639825980683456,0.8140222895124436
1.0,950,201,99,0,0.908,2.667942873509917,0.7856418120870493
1.0,950,251,49,0,0.896,2.4883737393096728,0.7963956041259935
1.0,951,21,279,0,0.894,2.394126691193739,0.814307354766505
1.0,951,51,249,0,0.888,2.3255536177482417,0.8552980924825404
1.0,951,61,239,1,0.89,2.3323482580479715,0.831065408218218
1.0,951,71,229,0,0.892,2.3307307330292235,0.8165357248600507
1.0,951,101,199,0,0.85,2.042778055670448,0.8055101753879119
1.0,951,150,150,0,0.846,1.9905248157294768,0.7839418493587946
1.0,951,201,99,0,0.842,1.975727092147945,0.7979392882974601
1.0,951,251,49,0,0.882,2.2985465326644934,0.7894218475144857
1.0,952,21,279,0,0.89,2.2209458083476563,0.8077445537550166
1.0,952,51,249,0,0.888,2.192827554442153,0.8257052236822644
1.0,952,61,239,1,0.89,2.2216618458486828,0.8206120535918439
1.0,952,71,229,0,0.886,2.190827401756097,0.797930778918517
1.0,952,101,199,0,0.89,2.209275234022817,0.8193992278848873
1.0,952,150,150,0,0.894,2.2714789364682697,0.7959083023598853
1.0,952,201,99,0,0.88,2.102129960998225,0.8064621312660448
1.0,952,251,49,0,0.914,2.6543214425855766,0.8010810233572465
1.0,953,21,279,0,0.896,2.426969338233589,0.6296158277699052
1.0,953,51,249,0,0.916,2.4606369402561907,0.7660232364284364
1.0,953,61,239,1,0.904,2.289833156073459,0.7820585181971991
1.0,953,71,229,0,0.904,2.2893883945579994,0.7806823873850074
1.0,953,101,199,0,0.908,2.3541126730294484,0.8107311662970526
1.0,953,150,150,0,0.932,2.62483984442745,0.798474129094083
1.0,953,201,99,0,0.908,2.3579689177430647,0.8090957190015557
1.0,953,251,49,0,0.766,1.5806120849666805,0.7973769562426395
1.0,954,21,279,0,0.902,2.295859581012968,0.8154785939260484
1.0,954,51,249,0,0.876,2.1098715977794935,0.8096803099508275
1.0,954,61,239,1,0.874,2.114040811018844,0.8177225496371602
1.0,954,71,229,0,0.888,2.19775038464677,0.8345176670402268
1.0,954,101,199,0,0.89,2.207831195053262,0.8373784952160314
1.0,954,150,150,0,0.874,2.1147015393769344,0.8190447479585782
1.0,954,201,99,0,0.854,2.01978623640791,0.8136631148586546
1.0,954,251,49,0,0.928,2.551534538156137,0.8172877811799767
1.0,955,21,279,0,0.926,2.5518856039614732,0.8353604978398091
1.0,955,51,249,0,0.924,2.5449717589052185,0.8381067255678105
1.0,955,61,239,1,0.926,2.5508927322136734,0.8287717244308553
1.0,955,71,229,0,0.926,2.5596297666455086,0.8325453137127612
1.0,955,101,199,0,0.924,2.517859396807155,0.796266107112014
1.0,955,150,150,0,0.926,2.5861383721655837,0.8056195472391601
1.0,955,201,99,0,0.928,2.6981790941059773,0.7827560033425267
1.0,955,251,49,0,0.966,3.4525670098047185,0.7817145558105806
1.0,956,21,279,0,0.878,2.1746188539004443,0.7216683893643487
1.0,956,51,249,0,0.886,2.189215483505937,0.7729305131544647
1.0,956,61,239,1,0.878,2.159680662798721,0.7839778107642419
1.0,956,71,229,0,0.878,2.1431519305199878,0.7824614531913124
1.0,956,101,199,0,0.888,2.19017942506875,0.7838525174813993
1.0,956,150,150,0,0.888,2.2221883097319655,0.7941583139456664
1.0,956,201,99,0,0.864,2.0224726808723017,0.7997432250364506
1.0,956,251,49,0,0.806,1.7724689150399422,0.7952339510338066
1.0,957,21,279,0,0.876,2.1268475561253797,0.7349575912330869
1.0,957,51,249,0,0.868,2.0724968315471495,0.7689882680202508
1.0,957,61,239,1,0.866,2.063535472407799,0.7822949828657442
1.0,957,71,229,0,0.86,2.0386684691191848,0.785866639792989
1.0,957,101,199,0,0.854,1.9923030078362185,0.780798723588136
1.0,957,150,150,0,0.862,2.0608698973501385,0.7951501722620677
1.0,957,201,99,0,0.812,1.7819066227989901,0.7972085795244236
1.0,957,251,49,0,0.788,1.6118646842578246,0.7814775612260438
1.0,958,21,279,0,0.914,2.4659128770656515,0.7156653517631308
1.0,958,51,249,0,0.92,2.4645316046427506,0.724910940374087
1.0,958,61,239,1,0.92,2.474243680966907,0.7236027392007999
1.0,958,71,229,0,0.92,2.4596093115147277,0.7537456054786651
1.0,958,101,199,0,0.922,2.4902042213609645,0.7668181894967696
1.0,958,150,150,0,0.924,2.5072512768631334,0.7848474743096588
1.0,958,201,99,0,0.922,2.5146984606002585,0.7681894907439492
1.0,958,251,49,0,0.944,2.9118560325047174,0.7663459892448667
1.0,959,21,279,0,0.894,2.235824832214849,0.8057645695332121
1.0,959,51,249,0,0.892,2.230346829374578,0.8092517968759938
1.0,959,61,239,1,0.886,2.197426986524526,0.8304208058680107
1.0,959,71,229,0,0.866,2.055926140856425,0.8072747495289486
1.0,959,101,199,0,0.858,1.9624418394093013,0.7804558584297685
1.0,959,150,150,0,0.878,2.1553628366614626,0.7818123441626352
1.0,959,201,99,0,0.896,2.2528480776948725,0.7761353736266643
1.0,959,251,49,0,0.898,2.2718941781216273,0.7809449961469848
1.0,960,21,279,0,0.884,2.376579913738923,0.8016133199166339
1.0,960,51,249,0,0.876,2.331766071511053,0.8658444101930866
1.0,960,61,239,1,0.864,2.2568621935271107,0.8692101140427191
1.0,960,71,229,0,0.878,2.328940684535849,0.8476221035009661
1.0,960,101,199,0,0.852,2.09120378189202,0.8280886300426171
1.0,960,150,150,0,0.85,2.1039823272662304,0.8158571174154626
1.0,960,201,99,0,0.886,2.3717676982392955,0.8071754969557038
1.0,960,251,49,0,0.888,2.4150181560599178,0.805213877038281
1.0,961,21,279,0,0.928,2.6954713675882096,0.7158336014829376
1.0,961,51,249,0,0.93,2.6941303252967046,0.7318680375118003
1.0,961,61,239,1,0.93,2.6989060890852317,0.7245728140167791
1.0,961,71,229,0,0.928,2.705110233137318,0.7149399149999903
1.0,961,101,199,0,0.93,2.6928054549083877,0.7338723090818053
1.0,961,150,150,0,0.932,2.655933741376754,0.7857953200702473
1.0,961,201,99,0,0.94,2.803455911588135,0.7811819070967547
1.0,961,251,49,0,0.942,2.8949594350267915,0.780623024840401
1.0,962,21,279,0,0.872,2.2777351400022754,0.7776560483384439
1.0,962,51,249,0,0.874,2.268257907026302,0.8067397572572664
1.0,962,61,239,1,0.874,2.287451482470102,0.7849580073287726
1.0,962,71,229,0,0.874,2.2918988017872572,0.7776685728316352
1.0,962,101,199,0,0.878,2.2947935654242246,0.8152255724898516
1.0,962,150,150,0,0.878,2.320228922097197,0.8233111630737272
1.0,962,201,99,0,0.878,2.300406768848404,0.8170140308280516
1.0,962,251,49,0,0.924,2.823657536874994,0.8046145564369737
1.0,963,21,279,0,0.9,2.286823183756108,0.7989676523976545
1.0,963,51,249,0,0.894,2.259872929657161,0.8198526236233961
1.0,963,61,239,1,0.896,2.278690008139507,0.8238275024399545
1.0,963,71,229,0,0.892,2.246727923278694,0.8310742609469433
1.0,963,101,199,0,0.904,2.3676013207467785,0.8317731388839441
1.0,963,150,150,0,0.888,2.2341487364577435,0.8234305542075939
1.0,963,201,99,0,0.88,2.193574901637072,0.8288750810542348
1.0,963,251,49,0,0.904,2.3540941488211833,0.8222846904397304
1.0,964,21,279,0,0.878,2.2967954599612876,0.7666262003197518
1.0,964,51,249,0,0.874,2.233032114479064,0.7530372278834909
1.0,964,61,239,1,0.874,2.2486232192051765,0.7463799778639515
1.0,964,71,229,0,0.866,2.171811917951988,0.7975475739207828
1.0,964,101,199,0,0.872,2.222443664671611,0.7890735599582949
1.0,964,150,150,0,0.878,2.285486379101177,0.7717953389104504
1.0,964,201,99,0,0.886,2.4137464782417943,0.7748969577396064
1.0,964,251,49,0,0.886,2.4659615713502516,0.7742528826492856
1.0,965,21,279,0,0.882,2.1793466901220038,0.8270453877863578
1.0,965,51,249,0,0.88,2.13421381997748,0.8096811322751274
1.0,965,61,239,1,0.89,2.2008694526529298,0.8247206902382617
1.0,965,71,229,0,0.88,2.138601483869987,0.8032060531793705
1.0,965,101,199,0,0.896,2.252413526480583,0.8160494801804047
1.0,965,150,150,0,0.894,2.2387664821235966,0.7973152795387991
1.0,965,201,99,0,0.9,2.334210642869498,0.8187297105217681
1.0,965,251,49,0,0.858,2.0051200728114393,0.813083800457379
1.0,966,21,279,0,0.876,2.3042127490378705,0.7453222118295104
1.0,966,51,249,0,0.876,2.250835326929738,0.8024731646112412
1.0,966,61,239,1,0.876,2.298441405315857,0.7860160889863059
1.0,966,71,229,0,0.874,2.28873681305761,0.767542217906782
1.0,966,101,199,0,0.876,2.2987778178124407,0.7747509758294275
1.0,966,150,150,0,0.878,2.3038455640301363,0.7837228114765827
1.0,966,201,99,0,0.876,2.30966389394197,0.7705935581193413
1.0,966,251,49,0,0.872,2.2906123829771063,0.7607143923980736
1.0,967,21,279,0,0.902,2.4451215610322588,0.8636409960042941
1.0,967,51,249,0,0.892,2.2632520046345634,0.7940875026843598
1.0,967,61,239,1,0.894,2.2923813861687177,0.8064704079587921
1.0,967,71,229,0,0.888,2.235770620556064,0.7824440351324603
1.0,967,101,199,0,0.884,2.195905589779325,0.7736580607045507
1.0,967,150,150,0,0.89,2.2484777848011746,0.7878247915068163
1.0,967,201,99,0,0.886,2.2257466530304266,0.7782016577079174
1.0,967,251,49,0,0.88,2.102231373792683,0.7771747732945253
1.0,968,21,279,0,0.932,2.8053747120887738,0.750827757600065
1.0,968,51,249,0,0.926,2.7660001923638236,0.7838462559391809
1.0,968,61,239,1,0.93,2.8088373087191347,0.775446211466309
1.0,968,71,229,0,0.932,2.808090520554685,0.7695809651537456
1.0,968,101,199,0,0.934,2.863463976565464,0.7693780438446586
1.0,968,150,150,0,0.93,2.8448854197980316,0.7806393989879329
1.0,968,201,99,0,0.948,3.0989408666770295,0.7931427860481669
1.0,968,251,49,0,0.96,3.4835480699211105,0.7998077281687268
1.0,969,21,279,0,0.898,2.63523921345775,0.9213749756018554
1.0,969,51,249,0,0.908,2.6730900901482584,0.8219772043056316
1.0,969,61,239,1,0.91,2.689145958710732,0.8146637529864629
1.0,969,71,229,0,0.906,2.6860419460790372,0.8400719312033516
1.0,969,101,199,0,0.9,2.6012262525861214,0.8520775982146928
1.0,969,150,150,0,0.938,3.005014970512022,0.8370698083493268
1.0,969,201,99,0,0.936,2.9797114116595367,0.8258713938876455
1.0,969,251,49,0,0.878,2.3764161180963774,0.8028475016079106
1.0,970,21,279,0,0.878,2.171116066986485,0.7874842565275516
1.0,970,51,249,0,0.902,2.3822072872336153,0.7847562410079567
1.0,970,61,239,1,0.902,2.3803845913272017,0.7887526847243929
1.0,970,71,229,0,0.902,2.3825602401993837,0.7839861955848623
1.0,970,101,199,0,0.902,2.376522341137507,0.7973342049430492
1.0,970,150,150,0,0.876,2.0895110428499213,0.7952550804266745
1.0,970,201,99,0,0.91,2.5140554892398943,0.7918187552023175
1.0,970,251,49,0,0.91,2.4990863783836286,0.8061673570594526
1.0,971,21,279,0,0.912,2.674354358161625,0.6825283686689526
1.0,971,51,249,0,0.91,2.6193982479077613,0.723500953711116
1.0,971,61,239,1,0.908,2.6252478694693155,0.7393803889197863
1.0,971,71,229,0,0.906,2.651994230890533,0.7604387354928469
1.0,971,101,199,0,0.906,2.657600359337712,0.7649101084625202
1.0,971,150,150,0,0.904,2.622659437783531,0.7676086442481381
1.0,971,201,99,0,0.916,2.8063286934495433,0.7812858821272067
1.0,971,251,49,0,0.89,2.408668841884362,0.7820627723630773
1.0,972,21,279,0,0.896,2.444474698063281,0.78500756003119
1.0,972,51,249,0,0.894,2.443906014025235,0.7302284226808848
1.0,972,61,239,1,0.894,2.441226831175297,0.7322935297592353
1.0,972,71,229,0,0.888,2.376315747617829,0.7205737611685405
1.0,972,101,199,0,0.902,2.4912036140556975,0.7389797755096699
1.0,972,150,150,0,0.894,2.4156592005244804,0.7514785510481544
1.0,972,201,99,0,0.9,2.44652673301779,0.786649694419538
1.0,972,251,49,0,0.914,2.644378850281978,0.8001733653479708
1.0,973,21,279,0,0.85,2.2479052499857426,0.8881173463483255
1.0,973,51,249,0,0.844,2.220585633375456,0.9236182787303028
1.0,973,61,239,1,0.85,2.251842912169334,0.9076984683200743
1.0,973,71,229,0,0.85,2.2305296612344265,0.8930995794018164
1.0,973,101,199,0,0.84,2.1698490174922744,0.8731282543557559
1.0,973,150,150,0,0.862,2.257486310260353,0.8296133678516628
1.0,973,201,99,0,0.87,2.3067597312774804,0.8401606725572602
1.0,973,251,49,0,0.866,2.293354722715035,0.8488609112588749
1.0,974,21,279,0,0.886,2.464723835605763,0.741973440122196
1.0,974,51,249,0,0.89,2.4846859728103547,0.7771343839846395
1.0,974,61,239,1,0.904,2.5740935493472046,0.7821977147938972
1.0,974,71,229,0,0.89,2.4923368111514566,0.8045515112322863
1.0,974,101,199,0,0.858,2.182817124536022,0.8023479256533752
1.0,974,150,150,0,0.87,2.2705683112160258,0.807559492316803
1.0,974,201,99,0,0.87,2.3023776742721083,0.8102057853081928
1.0,974,251,49,0,0.9,2.530395015189576,0.810193243578587
1.0,975,21,279,0,0.92,2.7682081891189148,0.8620561296030733
1.0,975,51,249,0,0.926,2.8253705054842393,0.8549453708839708
1.0,975,61,239,1,0.92,2.7614453963575833,0.8360559850801501
1.0,975,71,229,0,0.924,2.7825396096091093,0.8305748790043015
1.0,975,101,199,0,0.92,2.7319777637710603,0.8290755776950027
1.0,975,150,150,0,0.922,2.7698656324656836,0.8338641410562232
1.0,975,201,99,0,0.93,2.9104935725573258,0.8247915001840799
1.0,975,251,49,0,0.926,2.8092340949855026,0.8236853872192577
1.0,976,21,279,0,0.92,2.5956976673369887,0.7548241284970574
1.0,976,51,249,0,0.92,2.597075332001019,0.7573850347966147
1.0,976,61,239,1,0.92,2.5979406769598015,0.7590316197896081
1.0,976,71,229,0,0.92,2.5965616613612728,0.7564217652518744
1.0,976,101,199,0,0.918,2.5870748249616304,0.781308433732956
1.0,976,150,150,0,0.934,2.7368029371068228,0.7629491154220612
1.0,976,201,99,0,0.93,2.7155758900718836,0.7920189741305922
1.0,976,251,49,0,0.924,2.6123021632090193,0.793758125615996
1.0,977,21,279,0,0.91,2.4783918255086084,0.7958835931615474
1.0,977,51,249,0,0.91,2.48461897812537,0.761886236266389
1.0,977,61,239,1,0.906,2.461965152135071,0.768304076716131
1.0,977,71,229,0,0.912,2.518363180977726,0.7524153781961924
1.0,977,101,199,0,0.912,2.5074691649967855,0.760402114836505
1.0,977,150,150,0,0.92,2.7350184981852266,0.758060230360064
1.0,977,201,99,0,0.92,2.708688567160573,0.7782819282802955
1.0,977,251,49,0,0.922,2.716596789145251,0.7857490491867359
1.0,978,21,279,0,0.898,2.5376153623649613,0.7963413434867459
1.0,978,51,249,0,0.898,2.5175256436086917,0.8137672208848006
1.0,978,61,239,1,0.896,2.507292031006925,0.8227121469239036
1.0,978,71,229,0,0.904,2.54171625070709,0.8297275357407669
1.0,978,101,199,0,0.89,2.4782211196328983,0.8060296431649251
1.0,978,150,150,0,0.902,2.5648081992680245,0.7906461636241968
1.0,978,201,99,0,0.908,2.6269546511047146,0.7863285780595183
1.0,978,251,49,0,0.908,2.61994794807589,0.7898368843474926
1.0,979,21,279,0,0.868,2.189375987620476,0.7509860568493456
1.0,979,51,249,0,0.866,2.153180015737147,0.7675642345182118
1.0,979,61,239,1,0.866,2.164228253337077,0.7643640603157811
1.0,979,71,229,0,0.868,2.1735575635194393,0.7693853829120709
1.0,979,101,199,0,0.87,2.209083598841517,0.8034220991674117
1.0,979,150,150,0,0.86,2.115115204880226,0.7921465278251243
1.0,979,201,99,0,0.858,2.111840500674856,0.7944973206860944
1.0,979,251,49,0,0.864,2.1881872291262856,0.7911827093571824
1.0,980,21,279,0,0.918,2.608812879588071,0.7632215941148116
1.0,980,51,249,0,0.922,2.65393248678972,0.7454972555297776
1.0,980,61,239,1,0.918,2.610703374929406,0.7387804423391511
1.0,980,71,229,0,0.916,2.5634251622247364,0.7285483750475442
1.0,980,101,199,0,0.924,2.6784074279008987,0.7527450666619842
1.0,980,150,150,0,0.92,2.6141131608240857,0.7395027775346604
1.0,980,201,99,0,0.858,2.1343394570546588,0.758188288593615
1.0,980,251,49,0,0.934,2.847131328673788,0.7670113225760183
1.0,981,21,279,0,0.9,2.504056769643733,0.9101996604504298
1.0,981,51,249,0,0.88,2.308829250448395,0.7978033917222396
1.0,981,61,239,1,0.888,2.3444122589825485,0.7998082355025697
1.0,981,71,229,0,0.888,2.3719590991641946,0.8022543511553066
1.0,981,101,199,0,0.898,2.5212647376724355,0.7802868930106758
1.0,981,150,150,0,0.906,2.592887503088328,0.7889452608326885
1.0,981,201,99,0,0.906,2.5945501033792278,0.7900447419285528
1.0,981,251,49,0,0.906,2.590635655633361,0.787457789262223
1.0,982,21,279,0,0.898,2.2775909167097654,0.7815120049631854
1.0,982,51,249,0,0.902,2.2906890433339586,0.8221381249213136
1.0,982,61,239,1,0.906,2.3375908375061667,0.8038991145503264
1.0,982,71,229,0,0.908,2.36025851122539,0.8057608677239714
1.0,982,101,199,0,0.892,2.206749287821044,0.8083244183083175
1.0,982,150,150,0,0.856,1.9844280118115907,0.7885737017559258
1.0,982,201,99,0,0.914,2.405974544481884,0.7983347124898338
1.0,982,251,49,0,0.914,2.3934937056685963,0.7922667824057282
1.0,983,21,279,0,0.894,2.341189734460136,0.7904751467802692
1.0,983,51,249,0,0.9,2.436126067522943,0.7298931548685661
1.0,983,61,239,1,0.898,2.4120614928122466,0.76512530806939
1.0,983,71,229,0,0.892,2.3837106485733868,0.7558712086918502
1.0,983,101,199,0,0.894,2.3937758264978233,0.7467627645812577
1.0,983,150,150,0,0.918,2.493867878244425,0.7814997526555305
1.0,983,201,99,0,0.908,2.4367488922995055,0.7956115268519777
1.0,983,251,49,0,0.894,2.3564933850445224,0.7847567572193436
1.0,984,21,279,0,0.876,2.402035050571332,0.7835823866511652
1.0,984,51,249,0,0.874,2.3938293054229023,0.7367870260573234
1.0,984,61,239,1,0.87,2.382254606568806,0.7634470986246757
1.0,984,71,229,0,0.89,2.4918685783112964,0.7591220717832053
1.0,984,101,199,0,0.89,2.5393898428992023,0.7599002464348227
1.0,984,150,150,0,0.89,2.554469675303164,0.7708331851856667
1.0,984,201,99,0,0.868,2.368501278319792,0.800441874227941
1.0,984,251,49,0,0.87,2.384173823244693,0.8001794992740241
1.0,985,21,279,0,0.912,2.707513788341152,0.774918646411934
1.0,985,51,249,0,0.912,2.6895143632541663,0.7388383868346793
1.0,985,61,239,1,0.914,2.70709063360556,0.7370092083222718
1.0,985,71,229,0,0.912,2.6988627787984423,0.7558361962299458
1.0,985,101,199,0,0.928,2.8563623713249773,0.7255643590315545
1.0,985,150,150,0,0.91,2.6708589226695865,0.7543020115260389
1.0,985,201,99,0,0.932,2.900873673409349,0.7690683586479089
1.0,985,251,49,0,0.934,2.9399322907541685,0.7541121536797817
1.0,986,21,279,0,0.914,2.3700457461953497,0.7893869113693199
1.0,986,51,249,0,0.904,2.3042605885889174,0.7403099696015776
1.0,986,61,239,1,0.902,2.267244490818485,0.7488870206945204
1.0,986,71,229,0,0.896,2.2562631588555613,0.7368850193785517
1.0,986,101,199,0,0.918,2.3603481165152704,0.7503302136924879
1.0,986,150,150,0,0.922,2.489780638859497,0.7375597624693514
1.0,986,201,99,0,0.92,2.447721577872185,0.7554347979689073
1.0,986,251,49,0,0.934,2.620021726364081,0.7544873851874815
1.0,987,21,279,0,0.872,2.2269963154719195,0.8747017188451073
1.0,987,51,249,0,0.872,2.2433682446368994,0.8050248468347319
1.0,987,61,239,1,0.872,2.233590111697113,0.8018962925599373
1.0,987,71,229,0,0.872,2.2380431875110887,0.8013643632255507
1.0,987,101,199,0,0.87,2.2336351144313586,0.7865917023539807
1.0,987,150,150,0,0.844,1.9834643445946327,0.7861854459822761
1.0,987,201,99,0,0.798,1.6829277720919595,0.7920129992307177
1.0,987,251,49,0,0.8,1.7240270020170174,0.8048414688199825
1.0,988,21,279,0,0.896,2.4774350254136563,0.8776003132644513
1.0,988,51,249,0,0.896,2.4333669894368173,0.8325426547911069
1.0,988,61,239,1,0.894,2.3731553675737134,0.8129596884273845
1.0,988,71,229,0,0.896,2.409135804137937,0.8195013038377202
1.0,988,101,199,0,0.9,2.4499479288344217,0.8216243107418517
1.0,988,150,150,0,0.902,2.4884955482824416,0.8236724600663771
1.0,988,201,99,0,0.908,2.544540176713307,0.8301616824866904
1.0,988,251,49,0,0.92,2.634765194963446,0.8350509436323686
1.0,989,21,279,0,0.86,2.274549485669164,0.7667632701663301
1.0,989,51,249,0,0.846,2.2253774279452845,0.7399371497419988
1.0,989,61,239,1,0.86,2.272747329137818,0.7183238794191525
1.0,989,71,229,0,0.85,2.225535957924829,0.7686436369756977
1.0,989,101,199,0,0.878,2.325341254978195,0.8238531381669095
1.0,989,150,150,0,0.85,2.2074327350341356,0.8233736657062607
1.0,989,201,99,0,0.856,2.245445697049441,0.8171271069932343
1.0,989,251,49,0,0.854,2.2241257321995955,0.8131216284424669
1.0,990,21,279,0,0.924,2.353686242912251,0.8654971221695537
1.0,990,51,249,0,0.914,2.2579885736542646,0.833281649263842
1.0,990,61,239,1,0.898,2.154554412894122,0.8236126759301258
1.0,990,71,229,0,0.906,2.2208266068288074,0.8026291160088962
1.0,990,101,199,0,0.92,2.308597728502769,0.7796428408017336
1.0,990,150,150,0,0.918,2.287800009135605,0.794701278322545
1.0,990,201,99,0,0.92,2.3013520658944344,0.8007407976092139
1.0,990,251,49,0,0.944,2.5128575033424085,0.8046971694649283
1.0,991,21,279,0,0.894,2.6618072036425593,0.7175389257009173
1.0,991,51,249,0,0.9,2.6603934816683266,0.8313549542769539
1.0,991,61,239,1,0.89,2.5880884337854453,0.8167219126872212
1.0,991,71,229,0,0.902,2.7139247550185854,0.801154662682615
1.0,991,101,199,0,0.902,2.7292556371673036,0.7948430854691309
1.0,991,150,150,0,0.902,2.7322187374211273,0.7872683382905663
1.0,991,201,99,0,0.9,2.7340736886091377,0.7820085763189408
1.0,991,251,49,0,0.882,2.4654639777213028,0.7839765603179656
1.0,992,21,279,0,0.928,2.4115495914511444,0.8470961871205025
1.0,992,51,249,0,0.918,2.3526069657897652,0.8161129085996958
1.0,992,61,239,1,0.92,2.3749111044163893,0.8091502216810345
1.0,992,71,229,0,0.93,2.418172138342735,0.8291710475941578
1.0,992,101,199,0,0.932,2.4327859965093372,0.838443389752944
1.0,992,150,150,0,0.934,2.5232566394743654,0.8545775870940193
1.0,992,201,99,0,0.952,2.9721054168879255,0.8608765494236198
1.0,992,251,49,0,0.948,2.8992224067114867,0.8463887304481572
1.0,993,21,279,0,0.9,2.467832460405315,0.7814329989921496
1.0,993,51,249,0,0.9,2.4581823315410563,0.7939570248139257
1.0,993,61,239,1,0.898,2.4633205695876423,0.786123069447573
1.0,993,71,229,0,0.892,2.4043125414049995,0.7721270153063555
1.0,993,101,199,0,0.89,2.3618546630586015,0.7892450583068042
1.0,993,150,150,0,0.9,2.4465764913274657,0.8115236125349701
1.0,993,201,99,0,0.884,2.297702858895051,0.8055119219266043
1.0,993,251,49,0,0.886,2.3077599896995302,0.8023301985953436
1.0,994,21,279,0,0.926,2.51044057447625,0.7644264410855819
1.0,994,51,249,0,0.93,2.501842923084542,0.7954287409480927
1.0,994,61,239,1,0.928,2.4949749765789364,0.80026035959793
1.0,994,71,229,0,0.932,2.5066697613439777,0.8180951317183583
1.0,994,101,199,0,0.938,2.570644268912976,0.8213501123027465
1.0,994,150,150,0,0.948,2.6260196343426805,0.8201843020268488
1.0,994,201,99,0,0.934,2.5169963528440102,0.8147675366235001
1.0,994,251,49,0,0.942,2.603746367717297,0.8113986940984458
1.0,995,21,279,0,0.904,2.263716011743607,0.8346852648629498
1.0,995,51,249,0,0.896,2.224943866104708,0.7817077041489644
1.0,995,61,239,1,0.876,2.0973003418481113,0.7575022206515996
1.0,995,71,229,0,0.888,2.206380094278645,0.7766507932160799
1.0,995,101,199,0,0.916,2.4181315725021517,0.7946757097657761
1.0,995,150,150,0,0.92,2.4936781601697495,0.8009490692528008
1.0,995,201,99,0,0.942,2.8047895879849447,0.7940506437353501
1.0,995,251,49,0,0.946,2.8212135124842965,0.7902178983504904
1.0,996,21,279,0,0.888,2.4102786036873676,0.7709688516946019
1.0,996,51,249,0,0.87,2.2307658670920283,0.8901954518877715
1.0,996,61,239,1,0.884,2.363090884740413,0.8730497930535941
1.0,996,71,229,0,0.88,2.32590514261131,0.857515135764182
1.0,996,101,199,0,0.892,2.4260517599222005,0.8325621887358385
1.0,996,150,150,0,0.894,2.4496666271053926,0.7999050978482719
1.0,996,201,99,0,0.894,2.44979962394466,0.7997195826390208
1.0,996,251,49,0,0.942,3.0925741955042056,0.8025627409632856
1.0,997,21,279,0,0.908,2.276063187475343,0.8374676245762865
1.0,997,51,249,0,0.914,2.321631035428975,0.809588618202378
1.0,997,61,239,1,0.902,2.2393313794704635,0.7877025471778071
1.0,997,71,229,0,0.9,2.225735484966989,0.7953114114200684
1.0,997,101,199,0,0.91,2.2744323860010756,0.8104024643984001
1.0,997,150,150,0,0.906,2.254969631742437,0.8043824666633763
1.0,997,201,99,0,0.894,2.1789005175396756,0.8079257422696106
1.0,997,251,49,0,0.884,2.1189708125866695,0.794396590877288
1.0,998,21,279,0,0.912,2.578506094780316,0.7163170552859855
1.0,998,51,249,0,0.918,2.4685987682761006,0.8173944093503435
1.0,998,61,239,1,0.922,2.531822591508085,0.7969353411890603
1.0,998,71,229,0,0.934,2.6713414532976576,0.8011369993360409
1.0,998,101,199,0,0.94,2.760290888207841,0.8121140470783498
1.0,998,150,150,0,0.94,2.9466159360978623,0.8030118411240805
1.0,998,201,99,0,0.942,2.999410609659205,0.8041345629499577
1.0,998,251,49,0,0.906,2.3991381779367447,0.7874128662380432
1.0,999,21,279,0,0.908,2.7597603012507337,0.7313139630002349
1.0,999,51,249,0,0.916,2.929018578401608,0.7567486281474924
1.0,999,61,239,1,0.928,3.0218949868462825,0.7618676219236359
1.0,999,71,229,0,0.928,2.98914221741141,0.7926147259449273
1.0,999,101,199,0,0.924,2.951834958287441,0.789733789288573
1.0,999,150,150,0,0.908,2.726897297135638,0.8061061792180941
1.0,999,201,99,0,0.872,2.1702081162496265,0.7969371685524171
1.0,999,251,49,0,0.872,2.1751030651961774,0.7950054992103837
1.5,0,21,279,0,0.894,2.2936412621889186,0.8509802769802197
1.5,0,51,249,0,0.904,2.3847710984861905,0.7665714227968435
1.5,0,71,229,1,0.886,2.185825618861781,0.7746786061800126
1.5,0,101,199,0,0.878,2.0991958963086446,0.7680503161987025
1.5,0,150,150,0,0.894,2.2557830412914472,0.7602628144158373
1.5,0,201,99,0,0.85,1.9197453493471457,0.7596441699069801
1.5,0,251,49,0,0.878,2.0999669609940073,0.7642010064836989
1.5,1,21,279,0,0.92,2.4658995002562114,0.7386150163464206
1.5,1,51,249,0,0.918,2.446770322229949,0.7806643337451493
1.5,1,71,229,1,0.926,2.6225380348046614,0.7702343195949602
1.5,1,101,199,0,0.926,2.608993235916606,0.7628076479942234
1.5,1,150,150,0,0.916,2.4135823364040716,0.7701549694731056
1.5,1,201,99,0,0.942,2.7371387525420983,0.7820307392825884
1.5,1,251,49,0,0.962,3.0805644457475028,0.7736637637272538
1.5,2,21,279,0,0.94,2.635544373041975,0.8178697015239073
1.5,2,51,249,0,0.92,2.4332731370602136,0.763482913896592
1.5,2,71,229,1,0.92,2.433506953804519,0.7615750495670508
1.5,2,101,199,0,0.926,2.4678884171168276,0.7456812470559809
1.5,2,150,150,0,0.94,2.6688848093532713,0.8040240009111229
1.5,2,201,99,0,0.96,2.8490781881576,0.7829200754867601
1.5,2,251,49,0,0.882,2.1581014594863612,0.794688563471591
1.5,3,21,279,0,0.92,2.6394529113510026,0.9294779384276916
1.5,3,51,249,0,0.916,2.555501423233539,0.852330294868557
1.5,3,71,229,1,0.894,2.3039289008472696,0.7861285852514888
1.5,3,101,199,0,0.898,2.3567443134552044,0.80644914742281
1.5,3,150,150,0,0.896,2.3201415944633608,0.7965984131867606
1.5,3,201,99,0,0.882,2.1928849332445117,0.7812753098860586
1.5,3,251,49,0,0.898,2.3758255599253926,0.7748074135326221
1.5,4,21,279,0,0.9,2.58655895889411,0.8424259514456786
1.5,4,51,249,0,0.912,2.684289060827561,0.8056924919541024
1.5,4,71,229,1,0.906,2.604430814644416,0.8177361838277218
1.5,4,101,199,0,0.908,2.6415383684527267,0.8214119166863427
1.5,4,150,150,0,0.9,2.5283867592018376,0.8124886616700411
1.5,4,201,99,0,0.872,2.2328773078353574,0.8027752477064494
1.5,4,251,49,0,0.888,2.406977424240402,0.8049369555600704
1.5,5,21,279,0,0.85,2.2001661736825193,0.6305502268907907
1.5,5,51,249,0,0.854,2.1338707752446155,0.6994980756757854
1.5,5,71,229,1,0.858,2.1473721770491703,0.7296508616943518
1.5,5,101,199,0,0.864,2.161182569322173,0.743346610577566
1.5,5,150,150,0,0.868,2.249413523220611,0.7094033173842401
1.5,5,201,99,0,0.848,2.081312128245084,0.7257716900798243
1.5,5,251,49,0,0.846,2.0720686611341446,0.7331171733939561
1.5,6,21,279,0,0.938,2.7255158486128215,0.834291061365049
1.5,6,51,249,0,0.928,2.6704041421195353,0.6895263149859889
1.5,6,71,229,1,0.928,2.5917777814765053,0.7209388545029557
1.5,6,101,199,0,0.928,2.632022764694081,0.7513401962054178
1.5,6,150,150,0,0.928,2.5753187308557437,0.7416371140616616
1.5,6,201,99,0,0.928,2.737881156260722,0.7466956114147253
1.5,6,251,49,0,0.934,2.8163271604299296,0.7658717707585194
1.5,7,21,279,0,0.912,2.5534301389062657,0.8817227699915224
1.5,7,51,249,0,0.912,2.5382116236143926,0.7498230806819324
1.5,7,71,229,1,0.91,2.5273627762111865,0.7419700510272038
1.5,7,101,199,0,0.912,2.542830729101435,0.7531485452843198
1.5,7,150,150,0,0.912,2.539477329038319,0.7688329913862216
1.5,7,201,99,0,0.914,2.585642097039872,0.7835032589003083
1.5,7,251,49,0,0.912,2.5358979990383976,0.7729529368204917
1.5,8,21,279,0,0.924,2.5772615456313854,0.8556824411106698
1.5,8,51,249,0,0.93,2.6883186922469577,0.838411982102646
1.5,8,71,229,1,0.924,2.5903751108394055,0.855951964885788
1.5,8,101,199,0,0.906,2.337937694084802,0.8515721841916344
1.5,8,150,150,0,0.93,2.673369667343597,0.8264317727430454
1.5,8,201,99,0,0.902,2.3233023483491424,0.7947036121952618
1.5,8,251,49,0,0.942,2.9679806633429093,0.7931485959553425
1.5,9,21,279,0,0.9,2.5163737099964236,0.7743951651893533
1.5,9,51,249,0,0.908,2.574513345578154,0.826798890194452
1.5,9,71,229,1,0.908,2.590347788618738,0.8341511555304256
1.5,9,101,199,0,0.91,2.5576904876121733,0.8134148881818786
1.5,9,150,150,0,0.878,2.3216878826647673,0.8135086718226597
1.5,9,201,99,0,0.908,2.5573172281812893,0.81771570805473
1.5,9,251,49,0,0.908,2.548244204136428,0.8011088866880841
1.5,10,21,279,0,0.906,2.4091970384625783,0.7289837183284684
1.5,10,51,249,0,0.894,2.3294093652182943,0.7561858897876499
1.5,10,71,229,1,0.892,2.2742275983766587,0.8172520957794707
1.5,10,101,199,0,0.88,2.2083620076217834,0.8297771741451211
1.5,10,150,150,0,0.892,2.3198726601148043,0.8120718658104974
1.5,10,201,99,0,0.898,2.361652351221157,0.8195353533535844
1.5,10,251,49,0,0.912,2.5225087523423957,0.8285201754051509
1.5,11,21,279,0,0.882,2.1377401303158083,0.8251579287148437
1.5,11,51,249,0,0.892,2.260953798129092,0.8621182990244232
1.5,11,71,229,1,0.908,2.382764754852111,0.8306710423073898
1.5,11,101,199,0,0.926,2.6626346257208744,0.832839480708895
1.5,11,150,150,0,0.896,2.3425923707661913,0.8105294135245965
1.5,11,201,99,0,0.936,2.74436642122938,0.8024765233448866
1.5,11,251,49,0,0.958,3.1443141214862105,0.8167974008950873
1.5,12,21,279,0,0.884,2.1365011459321988,0.8925232906813243
1.5,12,51,249,0,0.874,2.017141607844659,0.8128117045432279
1.5,12,71,229,1,0.874,2.020672923882316,0.8123789910219898
1.5,12,101,199,0,0.878,2.059382102778682,0.8223902431051703
1.5,12,150,150,0,0.878,2.0582347064384403,0.8110291323117305
1.5,12,201,99,0,0.88,2.0732777089074514,0.8175617888110523
1.5,12,251,49,0,0.856,1.9000369956926433,0.7999132017891882
1.5,13,21,279,0,0.94,2.5207407065758916,0.7609663943586136
1.5,13,51,249,0,0.936,2.4974319456279916,0.776094189830395
1.5,13,71,229,1,0.94,2.583434141449214,0.7949313790372413
1.5,13,101,199,0,0.946,2.6758870044153875,0.7958032644034094
1.5,13,150,150,0,0.932,2.463287480556576,0.7765818065752462
1.5,13,201,99,0,0.936,2.465643006294491,0.7809389424830842
1.5,13,251,49,0,0.854,1.9333895289905267,0.773615586096203
1.5,14,21,279,0,0.906,2.2765093540120596,0.6802849224617153
1.5,14,51,249,0,0.9,2.0816444201353734,0.8403927138426339
1.5,14,71,229,1,0.9,2.1344757616970003,0.7956756754576302
1.5,14,101,199,0,0.898,2.0861425052676514,0.781864261017638
1.5,14,150,150,0,0.898,2.0813216011739484,0.7758620689889292
1.5,14,201,99,0,0.898,2.079065003815309,0.7898036962582373
1.5,14,251,49,0,0.898,2.08158230620918,0.77618738436135
1.5,15,21,279,0,0.932,2.5247878412014706,0.8219861114920254
1.5,15,51,249,0,0.926,2.428315013480175,0.7920045102405908
1.5,15,71,229,1,0.918,2.3025321155720637,0.7824689447038937
1.5,15,101,199,0,0.916,2.305297623484894,0.7921785928200014
1.5,15,150,150,0,0.936,2.5479611399876605,0.816026873651362
1.5,15,201,99,0,0.932,2.5367768494979437,0.8205115840076768
1.5,15,251,49,0,0.94,2.5699327921444284,0.8220174417571744
1.5,16,21,279,0,0.916,2.4694349556539588,0.8429033742665055
1.5,16,51,249,0,0.92,2.505847169269564,0.8433196685125584
1.5,16,71,229,1,0.924,2.492827991958941,0.8175843082283307
1.5,16,101,199,0,0.924,2.4564119818329355,0.8014066421318728
1.5,16,150,150,0,0.926,2.4410769774560075,0.7905857989740105
1.5,16,201,99,0,0.924,2.4605982237049977,0.8042430345949175
1.5,16,251,49,0,0.926,2.53681139356278,0.8035068836994682
1.5,17,21,279,0,0.916,2.5901755174887566,0.6562412692630835
1.5,17,51,249,0,0.912,2.4788246518919035,0.7287587823207543
1.5,17,71,229,1,0.912,2.4495382029317923,0.7512540468182997
1.5,17,101,199,0,0.906,2.4046129526357944,0.7804810442132342
1.5,17,150,150,0,0.934,2.6201403230020204,0.7864979080320672
1.5,17,201,99,0,0.934,2.6272004042023487,0.791674928586917
1.5,17,251,49,0,0.936,2.6907428803773747,0.8012828203008896
1.5,18,21,279,0,0.91,2.405136684538754,0.8661668619421024
1.5,18,51,249,0,0.912,2.440537963686466,0.8540930983128163
1.5,18,71,229,1,0.912,2.4342612585156833,0.8428879945030464
1.5,18,101,199,0,0.918,2.4203350417615037,0.7980088668607637
1.5,18,150,150,0,0.928,2.6158911540763037,0.8188535631201805
1.5,18,201,99,0,0.936,2.7100655008163885,0.8162112011908061
1.5,18,251,49,0,0.944,2.862421708007295,0.8107549691211156
1.5,19,21,279,0,0.906,2.3839043459418328,0.7029872293269315
1.5,19,51,249,0,0.898,2.2757495312090223,0.7752653636241232
1.5,19,71,229,1,0.898,2.292779780034595,0.7742319967049244
1.5,19,101,199,0,0.93,2.6278713639570976,0.8227594310428105
1.5,19,150,150,0,0.926,2.59321497651162,0.8128369939427049
1.5,19,201,99,0,0.96,3.0846295972164355,0.8081805524490653
1.5,19,251,49,0,0.852,1.9813432902303694,0.7906448265581715
1.5,20,21,279,0,0.896,2.3804008158491725,0.8771730204953183
1.5,20,51,249,0,0.892,2.316015406247185,0.8157323601926159
1.5,20,71,229,1,0.892,2.307922275907432,0.7943803072840471
1.5,20,101,199,0,0.89,2.2930329179109448,0.8076359204109971
1.5,20,150,150,0,0.89,2.2872859854187833,0.8127565486538744
1.5,20,201,99,0,0.884,2.2313553729894826,0.8146201780843776
1.5,20,251,49,0,0.834,1.9243621253164205,0.8002718901239975
1.5,21,21,279,0,0.918,2.51738385614576,0.7277955200060899
1.5,21,51,249,0,0.906,2.3780432455129548,0.7117046168246145
1.5,21,71,229,1,0.904,2.3583059367278354,0.7181017335327925
1.5,21,101,199,0,0.902,2.3505938873647154,0.7349421689467789
1.5,21,150,150,0,0.904,2.3114476139219287,0.778464107465879
1.5,21,201,99,0,0.916,2.424130011896844,0.7862002711801738
1.5,21,251,49,0,0.878,2.1188054841976265,0.7891415947937294
1.5,22,21,279,0,0.942,2.8032008001683315,0.9139889041532888
1.5,22,51,249,0,0.934,2.664641417529904,0.83648374655731
1.5,22,71,229,1,0.934,2.66336636647994,0.8370068338434772
1.5,22,101,199,0,0.934,2.5935797207205353,0.8317128184696726
1.5,22,150,150,0,0.934,2.551649695854275,0.8165175059573809
1.5,22,201,99,0,0.934,2.5168646183334857,0.804030861831374
1.5,22,251,49,0,0.936,2.6803722729729835,0.7989883328123863
1.5,23,21,279,0,0.928,2.453538608519154,0.8570671377609075
1.5,23,51,249,0,0.93,2.449833816592546,0.8273590736038061
1.5,23,71,229,1,0.938,2.535332244298835,0.8388072088023296
1.5,23,101,199,0,0.93,2.491981482985445,0.8196605283509721
1.5,23,150,150,0,0.932,2.515446256984559,0.7969769792534125
1.5,23,201,99,0,0.932,2.547938231052739,0.765744829059991
1.5,23,251,49,0,0.932,2.533802708467439,0.7699980527333811
1.5,24,21,279,0,0.928,2.4132276706681095,0.8183734655291846
1.5,24,51,249,0,0.924,2.44103632695757,0.8332609483411088
1.5,24,71,229,1,0.91,2.2945911807038226,0.799887533947991
1.5,24,101,199,0,0.924,2.4389846243203532,0.830571493953357
1.5,24,150,150,0,0.926,2.452911773066891,0.8488564100479049
1.5,24,201,99,0,0.924,2.3923878251534516,0.8240035036490675
1.5,24,251,49,0,0.846,1.8102593671221021,0.8277078910156237
1.5,25,21,279,0,0.904,2.524345949330989,0.8168326484549718
1.5,25,51,249,0,0.91,2.623421533413198,0.7889981174519118
1.5,25,71,229,1,0.922,2.6801884390782496,0.8359336573361439
1.5,25,101,199,0,0.908,2.552016773739214,0.8222584921671975
1.5,25,150,150,0,0.91,2.565737241784997,0.789806515433276
1.5,25,201,99,0,0.91,2.5751751596932255,0.7853001663166898
1.5,25,251,49,0,0.94,3.033576241655282,0.7982160576238361
1.5,26,21,279,0,0.868,2.281681467763795,0.8742582113723352
1.5,26,51,249,0,0.874,2.3404905495979023,0.8636797996734852
1.5,26,71,229,1,0.878,2.3041710618197464,0.8290986857602911
1.5,26,101,199,0,0.886,2.3433620763931238,0.7813537352307593
1.5,26,150,150,0,0.868,2.2533280699357863,0.7734906990092751
1.5,26,201,99,0,0.87,2.2472109572692327,0.7853373872894123
1.5,26,251,49,0,0.798,1.7766116904938034,0.7958573301832129
1.5,27,21,279,0,0.9,2.2646714527173977,0.7867891072555491
1.5,27,51,249,0,0.906,2.3954062330936465,0.842622158959698
1.5,27,71,229,1,0.904,2.4574563801237295,0.9051653513401895
1.5,27,101,199,0,0.906,2.414579308542383,0.8785989306594748
1.5,27,150,150,0,0.898,2.2412971177028322,0.8660063291198347
1.5,27,201,99,0,0.9,2.26322512374383,0.8655068966660117
1.5,27,251,49,0,0.966,3.208970639328735,0.8585749608470268
1.5,28,21,279,0,0.88,2.2019382221311816,0.662062234624047
1.5,28,51,249,0,0.868,2.0443483437811443,0.7230420764871885
1.5,28,71,229,1,0.862,2.046642504827914,0.8016118606858039
1.5,28,101,199,0,0.852,1.8928888264566448,0.8230758902717682
1.5,28,150,150,0,0.856,1.9856897015267656,0.8368688429941491
1.5,28,201,99,0,0.842,1.8239940450047178,0.8367525396134925
1.5,28,251,49,0,0.852,1.8974780418062804,0.8292104159005094
1.5,29,21,279,0,0.894,2.236996297928875,0.8999609458431228
1.5,29,51,249,0,0.904,2.2415817172695545,0.8485675463712545
1.5,29,71,229,1,0.9,2.2011420527191166,0.8450710096087343
1.5,29,101,199,0,0.908,2.356093395169012,0.8430041060177172
1.5,29,150,150,0,0.924,2.475408650830779,0.8243008044877614
1.5,29,201,99,0,0.934,2.615661630420275,0.8196849323806155
1.5,29,251,49,0,0.97,3.111773915179421,0.8223212761799065
1.5,30,21,279,0,0.928,2.4565021758552694,0.8462428739403406
1.5,30,51,249,0,0.928,2.4240991830134244,0.833120259140699
1.5,30,71,229,1,0.928,2.474729205904663,0.8428937041567252
1.5,30,101,199,0,0.93,2.514277813258833,0.8455872494415568
1.5,30,150,150,0,0.928,2.413092112614725,0.8414423555867009
1.5,30,201,99,0,0.914,2.2529593967453563,0.8243985713100077
1.5,30,251,49,0,0.908,2.2076378396690832,0.8165015907468124
1.5,31,21,279,0,0.86,2.097784252048859,0.8818261586353383
1.5,31,51,249,0,0.858,2.085178588168935,0.8739010221061188
1.5,31,71,229,1,0.854,2.00141723238874,0.8438820578994966
1.5,31,101,199,0,0.85,1.995514436123554,0.8366896736488795
1.5,31,150,150,0,0.834,1.8721950332927146,0.8425210683908035
1.5,31,201,99,0,0.834,1.869852672060276,0.8366859177947111
1.5,31,251,49,0,0.814,1.7909597495067604,0.833185946498315
1.5,32,21,279,0,0.854,2.2252689768405545,0.812037832573245
1.5,32,51,249,0,0.858,2.2024664816680803,0.744109047985492
1.5,32,71,229,1,0.858,2.1860109578817353,0.7490813341003748
1.5,32,101,199,0,0.862,2.252130215574208,0.7627938210766092
1.5,32,150,150,0,0.894,2.5178101777949426,0.7724353273249556
1.5,32,201,99,0,0.898,2.6544143270907252,0.7815611475572629
1.5,32,251,49,0,0.856,2.2135385489967585,0.7741408359790043
1.5,33,21,279,0,0.918,2.414411286515477,0.7236457596310766
1.5,33,51,249,0,0.918,2.418777652507134,0.7221310840384535
1.5,33,71,229,1,0.918,2.4149471796784776,0.7234598346072293
1.5,33,101,199,0,0.916,2.376201347608192,0.7282009199655445
1.5,33,150,150,0,0.916,2.3572664688819134,0.7568605950670996
1.5,33,201,99,0,0.916,2.361160125256901,0.7797059851393361
1.5,33,251,49,0,0.87,2.0662641090028533,0.7786893743692133
1.5,34,21,279,0,0.894,2.3361179237626133,0.907990735651381
1.5,34,51,249,0,0.894,2.2776372137430863,0.8624791598658582
1.5,34,71,229,1,0.9,2.2944983890426265,0.8424164261306347
1.5,34,101,199,0,0.896,2.234116744106369,0.8158237346250699
1.5,34,150,150,0,0.894,2.2175611776030277,0.8123694087367035
1.5,34,201,99,0,0.906,2.3714174556467924,0.8006238069854761
1.5,34,251,49,0,0.856,1.9894549325376376,0.7988400541385346
1.5,35,21,279,0,0.868,2.022487437679543,0.8236769250941618
1.5,35,51,249,0,0.862,1.9392387865501743,0.8561740840521129
1.5,35,71,229,1,0.864,1.9440041261329808,0.8505144402270375
1.5,35,101,199,0,0.856,1.9019925213184161,0.8177088346323526
1.5,35,150,150,0,0.856,1.8918899730589869,0.8217111394323856
1.5,35,201,99,0,0.866,1.980561088267952,0.8043095027102269
1.5,35,251,49,0,0.866,1.980057029018629,0.8049843770066675
1.5,36,21,279,0,0.944,2.39788580088213,0.7832874648183467
1.5,36,51,249,0,0.932,2.2420215145764177,0.8032225964751516
1.5,36,71,229,1,0.932,2.2387192909627838,0.7973562180089631
1.5,36,101,199,0,0.932,2.242731596463777,0.7962873307284107
1.5,36,150,150,0,0.918,2.0829886160799806,0.7800692532360287
1.5,36,201,99,0,0.93,2.2331554921943835,0.7873493174084716
1.5,36,251,49,0,0.932,2.2421581743821672,0.8034642890510921
1.5,37,21,279,0,0.866,2.0585551727712352,0.6101222691370881
1.5,37,51,249,0,0.886,2.1081412194153257,0.7304875594290781
1.5,37,71,229,1,0.882,2.0759193133425073,0.730237709170284
1.5,37,101,199,0,0.882,2.0796613718213703,0.7616809005415436
1.5,37,150,150,0,0.866,1.9255522100208455,0.7749700536003268
1.5,37,201,99,0,0.828,1.7542120515719,0.7976035956736021
1.5,37,251,49,0,0.902,2.2714655353559516,0.8190630319789188
1.5,38,21,279,0,0.87,2.315973049881849,0.98
1.5,38,51,249,0,0.86,2.160752145883784,0.878936558325371
1.5,38,71,229,1,0.846,2.074688092031743,0.834497686143696
1.5,38,101,199,0,0.878,2.2418045962027184,0.8210276983321304
1.5,38,150,150,0,0.892,2.326918912335639,0.8130412631571866
1.5,38,201,99,0,0.814,1.8925320899768658,0.8170659449183189
1.5,38,251,49,0,0.83,1.971061256050642,0.8130151362309306
1.5,39,21,279,0,0.934,2.6346251867195183,0.8853397403774457
1.5,39,51,249,0,0.92,2.4094787747287247,0.8317597609589075
1.5,39,71,229,1,0.92,2.384742780933379,0.7972737149772418
1.5,39,101,199,0,0.922,2.434828359333056,0.8376815449412398
1.5,39,150,150,0,0.92,2.4046746100643306,0.8244679831928514
1.5,39,201,99,0,0.908,2.275182501920238,0.8057439900556668
1.5,39,251,49,0,0.974,3.236451698469218,0.8071720457835175
1.5,40,21,279,0,0.882,2.1733405633533676,0.6945382665526175
1.5,40,51,249,0,0.9,2.2700290880650646,0.8365380263404525
1.5,40,71,229,1,0.9,2.287629871780525,0.8378625526228267
1.5,40,101,199,0,0.9,2.3017691440349206,0.8422766366055079
1.5,40,150,150,0,0.9,2.2802895038943363,0.8332789365641485
1.5,40,201,99,0,0.888,2.1683345904577527,0.8362965104260625
1.5,40,251,49,0,0.898,2.267259272269155,0.8247486923861653
1.5,41,21,279,0,0.93,2.3745584796152386,0.8222928845460196
1.5,41,51,249,0,0.932,2.4136994806961067,0.8156116127550174
1.5,41,71,229,1,0.932,2.413527852444623,0.8091166318713059
1.5,41,101,199,0,0.942,2.5322204647310054,0.8176347725136871
1.5,41,150,150,0,0.954,2.8226402962770205,0.8086305294730817
1.5,41,201,99,0,0.954,2.801820568655362,0.8145386223803418
1.5,41,251,49,0,0.946,2.634687156897643,0.8064315990532952
1.5,42,21,279,0,0.87,2.352250643394141,0.716614598404098
1.5,42,51,249,0,0.876,2.420520731765148,0.8056737908806775
1.5,42,71,229,1,0.858,2.243633134539823,0.7708652950894316
1.5,42,101,199,0,0.864,2.3123442059391293,0.7843481150269406
1.5,42,150,150,0,0.886,2.5226310551725306,0.8173915473800099
1.5,42,201,99,0,0.888,2.5541255177085525,0.8152010264467984
1.5,42,251,49,0,0.896,2.7400161799517613,0.8151538877730489
1.5,43,21,279,0,0.91,2.154888411926947,0.7323932577570955
1.5,43,51,249,0,0.91,2.143910679399683,0.7083765673971549
1.5,43,71,229,1,0.904,2.1096597968584563,0.7345390821808049
1.5,43,101,199,0,0.898,2.060402360583403,0.793285129917382
1.5,43,150,150,0,0.91,2.1947936772154315,0.820689983092269
1.5,43,201,99,0,0.876,1.8711628632793686,0.8259920808174721
1.5,43,251,49,0,0.83,1.6221218093772205,0.8082152944298306
1.5,44,21,279,0,0.866,2.319077997640035,0.7815399981171112
1.5,44,51,249,0,0.878,2.3802944984851417,0.8326871876580078
1.5,44,71,229,1,0.882,2.4097712264094917,0.8474743283739415
1.5,44,101,199,0,0.87,2.338384229331863,0.8340735261075485
1.5,44,150,150,0,0.898,2.6559663742865456,0.8290871336339432
1.5,44,201,99,0,0.884,2.5071982013792162,0.8081507833412225
1.5,44,251,49,0,0.866,2.3216138441928997,0.815399879401381
1.5,45,21,279,0,0.936,2.4627914986711055,0.8448569998090404
1.5,45,51,249,0,0.928,2.3421493337264265,0.7375564448672426
1.5,45,71,229,1,0.932,2.4340675872267767,0.7521018477443334
1.5,45,101,199,0,0.934,2.3926005863071906,0.7783509633189114
1.5,45,150,150,0,0.874,2.0197153635412928,0.8080902593779475
1.5,45,201,99,0,0.868,1.9446870122485294,0.807968358737452
1.5,45,251,49,0,0.868,1.944871395036128,0.8078521425623219
1.5,46,21,279,0,0.906,2.435629957177773,0.8782178487852104
1.5,46,51,249,0,0.904,2.3430505086814044,0.7500166537179016
1.5,46,71,229,1,0.908,2.3870576437599857,0.7435213475528314
1.5,46,101,199,0,0.918,2.4806095490458566,0.7584895486123503
1.5,46,150,150,0,0.904,2.3814880605432607,0.7864129449875283
1.5,46,201,99,0,0.902,2.3485610178092955,0.7919901223736707
1.5,46,251,49,0,0.898,2.294205047729232,0.7949465238353917
1.5,47,21,279,0,0.9,2.3436175719895793,0.7725653448607428
1.5,47,51,249,0,0.902,2.3296780198611553,0.7987370825327228
1.5,47,71,229,1,0.902,2.3305252031094996,0.7968256546373536
1.5,47,101,199,0,0.9,2.3356828452883036,0.7848985566185064
1.5,47,150,150,0,0.9,2.3344035621661083,0.7888450335718307
1.5,47,201,99,0,0.876,2.0137003073342905,0.7831706300712751
1.5,47,251,49,0,0.954,3.0939484877164247,0.7984145452305431
1.5,48,21,279,0,0.878,2.611048938867328,0.6066695572171685
1.5,48,51,249,0,0.89,2.6105028196963125,0.6527090256440337
1.5,48,71,229,1,0.896,2.602843070232887,0.704427747439836
1.5,48,101,199,0,0.886,2.5660918380527034,0.7528910261062554
1.5,48,150,150,0,0.896,2.6167519555471728,0.7633723995002986
1.5,48,201,99,0,0.832,2.1410866668975497,0.769130412073009
1.5,48,251,49,0,0.926,3.0340139686611862,0.7699020901869809
1.5,49,21,279,0,0.86,1.9652947960067617,0.7285709558556723
1.5,49,51,249,0,0.854,1.998734632338202,0.8766355004050053
1.5,49,71,229,1,0.868,2.0284332331160324,0.856526505306146
1.5,49,101,199,0,0.868,2.0447235986616534,0.8530463507996526
1.5,49,150,150,0,0.856,1.9175361487876394,0.8304258853408609
1.5,49,201,99,0,0.874,2.080338231866057,0.830779207322024
1.5,49,251,49,0,0.834,1.7836290363075842,0.8156828232347555
1.5,50,21,279,0,0.888,2.329492814854899,0.8198025265885616
1.5,50,51,249,0,0.888,2.315874263574752,0.8119768164032246
1.5,50,71,229,1,0.892,2.3455918643030467,0.7966977386583658
1.5,50,101,199,0,0.888,2.3311782840586286,0.820778066409007
1.5,50,150,150,0,0.898,2.468042662832215,0.8134311400671949
1.5,50,201,99,0,0.898,2.4859485159593087,0.8070040465362877
1.5,50,251,49,0,0.898,2.5013380027834384,0.8148864112153509
1.5,51,21,279,0,0.918,2.534548418869773,0.7454344330117298
1.5,51,51,249,0,0.904,2.415784783822818,0.7627831658668421
1.5,51,71,229,1,0.906,2.393615691691898,0.7758433672542362
1.5,51,101,199,0,0.912,2.4996953409673424,0.7904427123452531
1.5,51,150,150,0,0.912,2.507653081744048,0.7844559742532256
1.5,51,201,99,0,0.908,2.4246640768039933,0.7846374317666446
1.5,51,251,49,0,0.91,2.4198751945174095,0.7873633182718073
1.5,52,21,279,0,0.914,2.5239061234209306,0.7844099642081896
1.5,52,51,249,0,0.91,2.545939774784856,0.8277975410596041
1.5,52,71,229,1,0.91,2.5511588406244354,0.8266541303902223
1.5,52,101,199,0,0.918,2.5749168556490183,0.8113078335315116
1.5,52,150,150,0,0.918,2.58924300510156,0.8129675510411218
1.5,52,201,99,0,0.902,2.388261556611269,0.8195929365511773
1.5,52,251,49,0,0.908,2.5340213070868707,0.8333783960709217
1.5,53,21,279,0,0.856,2.014321209597634,0.7407813990452653
1.5,53,51,249,0,0.856,2.0198371799354673,0.7211613815885659
1.5,53,71,229,1,0.864,2.0579079574043537,0.685900902354476
1.5,53,101,199,0,0.848,1.9678784123282054,0.7417467971364741
1.5,53,150,150,0,0.858,2.000993528962259,0.766023648969119
1.5,53,201,99,0,0.86,2.014095136059974,0.7696234337620254
1.5,53,251,49,0,0.926,2.5864694053664716,0.7662265324494382
1.5,54,21,279,0,0.912,2.315776959357886,0.7832409803404607
1.5,54,51,249,0,0.912,2.3233126202941343,0.7940427894936483
1.5,54,71,229,1,0.892,2.123528305348628,0.771534348996199
1.5,54,101,199,0,0.89,2.1264296924254285,0.7816789570733096
1.5,54,150,150,0,0.894,2.1482587585470276,0.7619055860199924
1.5,54,201,99,0,0.886,2.05076776784544,0.7897189409221557
1.5,54,251,49,0,0.914,2.3283700670334544,0.7996385925537329
1.5,55,21,279,0,0.866,2.1117461634910115,0.8754846131506976
1.5,55,51,249,0,0.87,2.14327702676171,0.8419813541552125
1.5,55,71,229,1,0.878,2.1793641103191,0.8292368169306266
1.5,55,101,199,0,0.882,2.186030322425682,0.8213183002706246
1.5,55,150,150,0,0.848,1.975660779803023,0.8300055070625011
1.5,55,201,99,0,0.85,1.9752031730064252,0.8287962856400318
1.5,55,251,49,0,0.858,2.0404927496916123,0.8142850901391614
1.5,56,21,279,0,0.9,2.5568461557362143,0.7433360643917181
1.5,56,51,249,0,0.858,2.176977289809008,0.7380552981091065
1.5,56,71,229,1,0.87,2.29911835787216,0.7342361387670003
1.5,56,101,199,0,0.85,2.154230032878179,0.7308832723569091
1.5,56,150,150,0,0.868,2.281414558925332,0.7446489746434656
1.5,56,201,99,0,0.844,2.0714961324295142,0.7521404065000419
1.5,56,251,49,0,0.788,1.7419028459739982,0.77864089552657
1.5,57,21,279,0,0.9,2.2123924310809575,0.7315529260169215
1.5,57,51,249,0,0.904,2.2947411276709557,0.8072506449190179
1.5,57,71,229,1,0.908,2.314807528728694,0.7859218834024025
1.5,57,101,199,0,0.908,2.32444720666622,0.773431761518437
1.5,57,150,150,0,0.942,2.617193267256115,0.7888357994532661
1.5,57,201,99,0,0.936,2.546781490760527,0.7854078646501641
1.5,57,251,49,0,0.852,1.8598016410572364,0.7958445834064559
1.5,58,21,279,0,0.904,2.3119968103968604,0.8265535250666541
1.5,58,51,249,0,0.904,2.2917893492591572,0.8274036230350721
1.5,58,71,229,1,0.896,2.2284294500211743,0.773309776120795
1.5,58,101,199,0,0.888,2.1738305005126413,0.7957484772696077
1.5,58,150,150,0,0.886,2.150424192658448,0.8053319952509731
1.5,58,201,99,0,0.92,2.511569456691878,0.8005680656040061
1.5,58,251,49,0,0.916,2.4671966793790507,0.8011006594268123
1.5,59,21,279,0,0.904,2.2806017203696607,0.8651574026072459
1.5,59,51,249,0,0.894,2.218907469850592,0.8020762102774392
1.5,59,71,229,1,0.894,2.2187560112720637,0.8016752185982317
1.5,59,101,199,0,0.914,2.3863117794701028,0.8615860868018798
1.5,59,150,150,0,0.902,2.319360914521383,0.8389967110674743
1.5,59,201,99,0,0.924,2.56755009173744,0.7792166338252049
1.5,59,251,49,0,0.932,2.6779579209849906,0.7856960541879879
1.5,60,21,279,0,0.918,2.610818924055093,0.8119859033167678
1.5,60,51,249,0,0.916,2.6371170159559867,0.7778208003340954
1.5,60,71,229,1,0.916,2.635455638287551,0.777433040782136
1.5,60,101,199,0,0.916,2.6380414669819476,0.7780364163656216
1.5,60,150,150,0,0.92,2.652025721122014,0.7685865037706231
1.5,60,201,99,0,0.92,2.647945434455231,0.764192257034468
1.5,60,251,49,0,0.968,3.7753899257051446,0.7684618107874451
1.5,61,21,279,0,0.894,2.1769884995441835,0.7768168611930519
1.5,61,51,249,0,0.894,2.2058732165425217,0.7664357291448648
1.5,61,71,229,1,0.892,2.217093867219795,0.8069329835635611
1.5,61,101,199,0,0.892,2.238270264826304,0.8094357833229484
1.5,61,150,150,0,0.912,2.4765232325290354,0.815532471238235
1.5,61,201,99,0,0.948,3.101922748388997,0.8137621893148971
1.5,61,251,49,0,0.958,3.3259100001228425,0.8108618599656514
1.5,62,21,279,0,0.878,2.290997859124367,0.5819404436566442
1.5,62,51,249,0,0.884,2.3037435150932333,0.6189274890877401
1.5,62,71,229,1,0.882,2.2841357976406305,0.6257988605177409
1.5,62,101,199,0,0.9,2.2843886819746193,0.6835548866751232
1.5,62,150,150,0,0.868,2.080305861273928,0.7348832926485207
1.5,62,201,99,0,0.862,1.9808055081913987,0.78955168437523
1.5,62,251,49,0,0.836,1.8698299554593725,0.7815832415827393
1.5,63,21,279,0,0.914,2.464242498396565,0.8077970450693897
1.5,63,51,249,0,0.9,2.3710525475315514,0.8578682438857053
1.5,63,71,229,1,0.902,2.395024401416793,0.8804449364695072
1.5,63,101,199,0,0.904,2.4212484463999258,0.862145591600428
1.5,63,150,150,0,0.918,2.5587856531300903,0.840050036424419
1.5,63,201,99,0,0.918,2.543463465870489,0.8222564275643832
1.5,63,251,49,0,0.87,2.0992892682997972,0.8238505311520965
1.5,64,21,279,0,0.932,2.7238367277695312,0.8198008554185577
1.5,64,51,249,0,0.93,2.7766320619953047,0.8528129963406607
1.5,64,71,229,1,0.932,2.7884955645872433,0.8267076909285425
1.5,64,101,199,0,0.932,2.830699016157848,0.8196366914477557
1.5,64,150,150,0,0.93,2.663911444208695,0.8319624786396393
1.5,64,201,99,0,0.872,2.0858680847745807,0.8117057422296263
1.5,64,251,49,0,0.82,1.7521686085741741,0.8383268123258929
1.5,65,21,279,0,0.922,2.4200795164378976,0.7890407435774847
1.5,65,51,249,0,0.906,2.2776344548957312,0.8214802264874635
1.5,65,71,229,1,0.888,2.2047416257210246,0.8425495893995728
1.5,65,101,199,0,0.91,2.2931592707085655,0.8052587180144154
1.5,65,150,150,0,0.918,2.377769914579115,0.8039777057130548
1.5,65,201,99,0,0.92,2.3939756551505162,0.8020921502751747
1.5,65,251,49,0,0.948,2.94627071750081,0.7905809207258603
1.5,66,21,279,0,0.884,2.1377255807706423,0.7771663176970678
1.5,66,51,249,0,0.882,2.0997822524062912,0.7902393955386199
1.5,66,71,229,1,0.882,2.1040924935155956,0.7984643176965649
1.5,66,101,199,0,0.882,2.073078950217581,0.7994781324130613
1.5,66,150,150,0,0.882,2.076833989159245,0.7981769699878957
1.5,66,201,99,0,0.874,1.935842778801707,0.7888234256700427
1.5,66,251,49,0,0.85,1.797542057570633,0.7815430317293398
1.5,67,21,279,0,0.918,2.3420371867714294,0.7560206910476436
1.5,67,51,249,0,0.918,2.348869554833514,0.7575403878672502
1.5,67,71,229,1,0.924,2.4205085369361714,0.7801591719809575
1.5,67,101,199,0,0.924,2.4239810501099353,0.778065683917757
1.5,67,150,150,0,0.922,2.401206898812483,0.7918399751438512
1.5,67,201,99,0,0.928,2.453371130215423,0.7840604120672453
1.5,67,251,49,0,0.92,2.412243540225757,0.7783413234356372
1.5,68,21,279,0,0.916,2.5012055796463484,0.7917859791803061
1.5,68,51,249,0,0.926,2.562877105108679,0.7918997476623911
1.5,68,71,229,1,0.908,2.432411655668946,0.7581968596150481
1.5,68,101,199,0,0.932,2.620969106100707,0.768373630776267
1.5,68,150,150,0,0.944,2.8612029366835445,0.7387282407860332
1.5,68,201,99,0,0.94,2.7279397219579904,0.7890033361405911
1.5,68,251,49,0,0.858,2.0237452054528045,0.7936913477251479
1.5,69,21,279,0,0.906,2.472417977747466,0.8065788618990017
1.5,69,51,249,0,0.9,2.371092971770585,0.7675571673632394
1.5,69,71,229,1,0.898,2.3507997004767276,0.7828205635012216
1.5,69,101,199,0,0.888,2.22051354486113,0.8298212168346637
1.5,69,150,150,0,0.88,2.0929006903150507,0.8045979730033364
1.5,69,201,99,0,0.886,2.1809852357051085,0.8044313513786788
1.5,69,251,49,0,0.94,3.0092686094828376,0.8115147896226146
1.5,70,21,279,0,0.892,2.210798302266942,0.6226427384961271
1.5,70,51,249,0,0.898,2.1676608419761325,0.7179924560158111
1.5,70,71,229,1,0.9,2.1844840910617958,0.7234736832176931
1.5,70,101,199,0,0.904,2.24486582747182,0.7425787183331716
1.5,70,150,150,0,0.894,2.1435967753584757,0.748286010488262
1.5,70,201,99,0,0.888,2.1256945671922876,0.7706935579609854
1.5,70,251,49,0,0.942,2.555139633828812,0.7688132007562293
1.5,71,21,279,0,0.926,2.456559200772529,0.8032947426063644
1.5,71,51,249,0,0.936,2.583116916850862,0.755552019170405
1.5,71,71,229,1,0.938,2.6125456647777257,0.7492829421761404
1.5,71,101,199,0,0.922,2.4164597460553323,0.8174471936716404
1.5,71,150,150,0,0.918,2.363035615180985,0.8364725405795586
1.5,71,201,99,0,0.918,2.3393229302148746,0.8449787877620952
1.5,71,251,49,0,0.962,3.1614743960627694,0.8305743742179984
1.5,72,21,279,0,0.928,2.377686593843382,0.8605626492842218
1.5,72,51,249,0,0.932,2.4020628358126705,0.8467753259881322
1.5,72,71,229,1,0.934,2.4592898269217014,0.8359960144067333
1.5,72,101,199,0,0.942,2.567994537479657,0.845966888811047
1.5,72,150,150,0,0.944,2.626981743317113,0.8303898995064547
1.5,72,201,99,0,0.934,2.3942501605765436,0.8040733016600196
1.5,72,251,49,0,0.934,2.4000686087403498,0.8055607211709225
1.5,73,21,279,0,0.9,2.4946341028416965,0.98
1.5,73,51,249,0,0.904,2.332953384238841,0.8973505621774466
1.5,73,71,229,1,0.902,2.2774596693178735,0.8737358319455668
1.5,73,101,199,0,0.922,2.428937449657213,0.8507921253596001
1.5,73,150,150,0,0.898,2.234519759902567,0.823185217721099
1.5,73,201,99,0,0.942,2.88025741471036,0.8407289680920522
1.5,73,251,49,0,0.95,3.0098414000055933,0.8218956999501481
1.5,74,21,279,0,0.92,2.432023047303189,0.8537304613096504
1.5,74,51,249,0,0.916,2.4282194795187517,0.8039693032351185
1.5,74,71,229,1,0.924,2.4738615330840985,0.860683154026738
1.5,74,101,199,0,0.92,2.43882553889286,0.8657540128918174
1.5,74,150,150,0,0.926,2.536041287103589,0.8584189482787203
1.5,74,201,99,0,0.908,2.31914454419354,0.8475486633852617
1.5,74,251,49,0,0.952,3.060233917319122,0.8322822271495408
1.5,75,21,279,0,0.934,2.912334032079567,0.8333547977778516
1.5,75,51,249,0,0.934,2.9158088337789323,0.8323467674052988
1.5,75,71,229,1,0.934,2.9097122896525662,0.8341159610874198
1.5,75,101,199,0,0.926,2.840171277651309,0.8244195297028095
1.5,75,150,150,0,0.934,2.8692852851814643,0.8459189022063187
1.5,75,201,99,0,0.94,3.0260380372990374,0.8225410991896394
1.5,75,251,49,0,0.932,2.9110420703688233,0.82205260505549
1.5,76,21,279,0,0.856,2.07595873113746,0.8726326794519258
1.5,76,51,249,0,0.87,2.1352537880626987,0.8769639365624863
1.5,76,71,229,1,0.872,2.1428684211487674,0.8511146268593941
1.5,76,101,199,0,0.872,2.1501074694796714,0.8467858421113587
1.5,76,150,150,0,0.872,2.1473143811446618,0.8289173975905673
1.5,76,201,99,0,0.894,2.3173217802027235,0.8075904881306166
1.5,76,251,49,0,0.922,2.5307572499395556,0.8012594701878069
1.5,77,21,279,0,0.9,2.324473149306057,0.7616896430770619
1.5,77,51,249,0,0.9,2.336882192757311,0.8010940312545484
1.5,77,71,229,1,0.896,2.304844393187299,0.8357323257161092
1.5,77,101,199,0,0.894,2.315324387377944,0.8148981241877563
1.5,77,150,150,0,0.896,2.348082287585732,0.8362024017054408
1.5,77,201,99,0,0.898,2.3682809554349182,0.8280123342924691
1.5,77,251,49,0,0.894,2.207527486704357,0.8168114302104801
1.5,78,21,279,0,0.902,2.3146747901488207,0.82814990407022
1.5,78,51,249,0,0.912,2.345893024245247,0.7849746401647112
1.5,78,71,229,1,0.908,2.3391656975600346,0.7635949257314286
1.5,78,101,199,0,0.914,2.347887711912399,0.7911188596139264
1.5,78,150,150,0,0.878,2.1259280757121823,0.7929388151666833
1.5,78,201,99,0,0.854,1.9709484952730232,0.7806908175278955
1.5,78,251,49,0,0.838,1.8716553469410502,0.7815356371277736
1.5,79,21,279,0,0.94,2.7201977503066206,0.8287701311239367
1.5,79,51,249,0,0.938,2.729049990996048,0.8186910138412717
1.5,79,71,229,1,0.938,2.711957614797998,0.808029638156914
1.5,79,101,199,0,0.94,2.7221745902046393,0.8349147066407556
1.5,79,150,150,0,0.95,2.8798046441573426,0.832852454022795
1.5,79,201,99,0,0.976,3.4468658273059436,0.8248573753360188
1.5,79,251,49,0,0.984,3.746940136001004,0.8134572876644357
1.5,80,21,279,0,0.89,2.289694994972516,0.8351880207591046
1.5,80,51,249,0,0.876,2.1841969524789437,0.8737725397278796
1.5,80,71,229,1,0.872,2.113716447158779,0.8552732916583455
1.5,80,101,199,0,0.87,2.0672742241279476,0.8323196748399376
1.5,80,150,150,0,0.876,2.06972808564802,0.7955168210060375
1.5,80,201,99,0,0.904,2.4139178387836675,0.7945739504073014
1.5,80,251,49,0,0.926,2.6789664038287255,0.8003178283456334
1.5,81,21,279,0,0.868,2.1878933801009812,0.6777494186881009
1.5,81,51,249,0,0.86,2.0860327686955635,0.7716268948369218
1.5,81,71,229,1,0.87,2.1417896866805597,0.7733362246736225
1.5,81,101,199,0,0.852,2.0402458699844717,0.8094443945243458
1.5,81,150,150,0,0.846,1.996505265226534,0.8190684022183168
1.5,81,201,99,0,0.844,1.9873249436243985,0.8126277312504546
1.5,81,251,49,0,0.836,1.9610972368574535,0.7932552227255316
1.5,82,21,279,0,0.91,2.356096617247387,0.8912651155263004
1.5,82,51,249,0,0.9,2.2168265510170766,0.7995413594893039
1.5,82,71,229,1,0.898,2.2062928647901927,0.7915062493847416
1.5,82,101,199,0,0.914,2.3576722187228945,0.7835525305292222
1.5,82,150,150,0,0.938,2.5679681931626965,0.7938886220868566
1.5,82,201,99,0,0.948,2.8418709373035425,0.8318225880326043
1.5,82,251,49,0,0.902,2.2560381770691134,0.8273215767530482
1.5,83,21,279,0,0.892,2.202770342759175,0.746482019666809
1.5,83,51,249,0,0.878,2.139602564921015,0.7782001096009195
1.5,83,71,229,1,0.866,2.0821948660692113,0.8213581703417087
1.5,83,101,199,0,0.868,2.1064437451397793,0.8207039930852283
1.5,83,150,150,0,0.88,2.213765802430201,0.8365654556559091
1.5,83,201,99,0,0.86,1.9898036748129644,0.8200388703832696
1.5,83,251,49,0,0.866,2.0709816859149024,0.8137317120915637
1.5,84,21,279,0,0.92,2.662153408510577,0.8021635488511074
1.5,84,51,249,0,0.922,2.7996512686615262,0.7133216629811086
1.5,84,71,229,1,0.92,2.6697720325998686,0.797605849036049
1.5,84,101,199,0,0.928,2.790597578534389,0.8481592493982706
1.5,84,150,150,0,0.932,2.925249384864728,0.8192287839975293
1.5,84,201,99,0,0.932,2.8498265282780646,0.8114319593934173
1.5,84,251,49,0,0.888,2.371957552462952,0.808363381004876
1.5,85,21,279,0,0.864,2.218186258736917,0.8441591580450706
1.5,85,51,249,0,0.878,2.287948527751977,0.85251262381958
1.5,85,71,229,1,0.864,2.215609869543471,0.8472170410840265
1.5,85,101,199,0,0.866,2.223244059921073,0.8380287746916342
1.5,85,150,150,0,0.898,2.429204794662218,0.8341254912554747
1.5,85,201,99,0,0.906,2.4699658778323412,0.8083058109568246
1.5,85,251,49,0,0.93,2.856350305151168,0.7871836215351594
1.5,86,21,279,0,0.924,2.4198323834185493,0.7944779849058508
1.5,86,51,249,0,0.928,2.387617037522652,0.7633059348571228
1.5,86,71,229,1,0.924,2.395683705350686,0.7800744080789357
1.5,86,101,199,0,0.93,2.481884065925027,0.7531055683150493
1.5,86,150,150,0,0.908,2.265917967752946,0.7581290590004202
1.5,86,201,99,0,0.94,2.591465438734459,0.7563955804905675
1.5,86,251,49,0,0.904,2.233805290850483,0.7658658513236904
1.5,87,21,279,0,0.846,1.9782047470718813,0.7358091960938218
1.5,87,51,249,0,0.854,2.0248323283997216,0.7437412840763455
1.5,87,71,229,1,0.842,1.9687621589488802,0.7502318896275798
1.5,87,101,199,0,0.828,1.9028548845839224,0.7677066759292268
1.5,87,150,150,0,0.818,1.870051540679958,0.7613355556927096
1.5,87,201,99,0,0.798,1.6957256045879179,0.7917855987338166
1.5,87,251,49,0,0.804,1.7469702846462611,0.7927272784205608
1.5,88,21,279,0,0.86,2.0537624694828427,0.7929798578752391
1.5,88,51,249,0,0.862,2.0296292332223915,0.7785294520005857
1.5,88,71,229,1,0.852,2.0172661086463695,0.8092005023849396
1.5,88,101,199,0,0.854,2.005877105725527,0.7932062146108402
1.5,88,150,150,0,0.862,2.064545353708254,0.786750291461389
1.5,88,201,99,0,0.86,2.0600817303353316,0.791666962516615
1.5,88,251,49,0,0.84,1.9424730085492756,0.8076424532948906
1.5,89,21,279,0,0.904,2.275598722707861,0.7221094831390942
1.5,89,51,249,0,0.884,2.156598082454647,0.7763247374213451
1.5,89,71,229,1,0.89,2.1842761782445987,0.7485571209861511
1.5,89,101,199,0,0.906,2.3046302904718665,0.7541801652400864
1.5,89,150,150,0,0.906,2.346513631791246,0.7876301697686725
1.5,89,201,99,0,0.906,2.348047375323461,0.786380587189577
1.5,89,251,49,0,0.916,2.5737553570694165,0.7889541514267994
1.5,90,21,279,0,0.932,2.483884654992136,0.7339965628648757
1.5,90,51,249,0,0.914,2.272710990972576,0.8250190670401947
1.5,90,71,229,1,0.916,2.2786345411023112,0.8278236284826597
1.5,90,101,199,0,0.912,2.2418439927799727,0.8049939278249353
1.5,90,150,150,0,0.912,2.2357551632394186,0.8010871140623449
1.5,90,201,99,0,0.938,2.4645084431602635,0.792546238298831
1.5,90,251,49,0,0.948,2.6497025947580877,0.8109178277352691
1.5,91,21,279,0,0.93,2.6699758296673926,0.7525707262492497
1.5,91,51,249,0,0.94,2.758509233902909,0.9239495619873681
1.5,91,71,229,1,0.944,2.854341800709206,0.8902217796896806
1.5,91,101,199,0,0.948,2.9210328177394125,0.8659302080672938
1.5,91,150,150,0,0.942,2.8228321803783993,0.8086881773967369
1.5,91,201,99,0,0.924,2.5506062323693195,0.7908546034476683
1.5,91,251,49,0,0.904,2.2669006652381887,0.7833518959479827
1.5,92,21,279,0,0.892,2.327840603647137,0.6865009600019981
1.5,92,51,249,0,0.892,2.2369412461354643,0.760122877407062
1.5,92,71,229,1,0.892,2.2656858952191485,0.7689966988198232
1.5,92,101,199,0,0.9,2.3434695474483935,0.7706349343201307
1.5,92,150,150,0,0.9,2.3160176698401655,0.7843198905011248
1.5,92,201,99,0,0.886,2.165062525493354,0.8082243033803711
1.5,92,251,49,0,0.898,2.257966848071104,0.8146762645746688
1.5,93,21,279,0,0.924,2.318242269940513,0.7607388378025748
1.5,93,51,249,0,0.918,2.2226652862439145,0.8189491789141
1.5,93,71,229,1,0.92,2.3420906176602903,0.8242353350357225
1.5,93,101,199,0,0.938,2.5606750293202754,0.8426615381582157
1.5,93,150,150,0,0.942,2.6453248683063326,0.8141903483478419
1.5,93,201,99,0,0.918,2.2035017782402604,0.8268888598081107
1.5,93,251,49,0,0.942,2.7064669315966663,0.8027644867586972
1.5,94,21,279,0,0.89,2.359035570783786,0.647358138257364
1.5,94,51,249,0,0.922,2.525477772609991,0.7417925903555626
1.5,94,71,229,1,0.916,2.4959175369237894,0.78303934203879
1.5,94,101,199,0,0.874,2.1669809664552524,0.7383797137452431
1.5,94,150,150,0,0.906,2.386575598413293,0.7899942316350225
1.5,94,201,99,0,0.916,2.4741301457864955,0.7884498385635421
1.5,94,251,49,0,0.922,2.5801475340671476,0.776263228431501
1.5,95,21,279,0,0.936,2.6062100734339673,0.8044049658812384
1.5,95,51,249,0,0.936,2.5982918926868996,0.8074623216705515
1.5,95,71,229,1,0.936,2.5893588718612555,0.7915203668319125
1.5,95,101,199,0,0.936,2.5804809907753787,0.7939257268079805
1.5,95,150,150,0,0.936,2.6063346005512553,0.7716058773344429
1.5,95,201,99,0,0.938,2.63049874123729,0.780452105482654
1.5,95,251,49,0,0.944,3.214650909287228,0.7967288359734338
1.5,96,21,279,0,0.876,2.186050527638212,0.7710468745537128
1.5,96,51,249,0,0.874,2.1249879806679863,0.8060502006825606
1.5,96,71,229,1,0.874,2.089457814888039,0.8148783198378314
1.5,96,101,199,0,0.872,2.0854040681206425,0.8111863956819195
1.5,96,150,150,0,0.87,2.0865993518286947,0.802247151434919
1.5,96,201,99,0,0.868,2.084401243711864,0.7969890954595884
1.5,96,251,49,0,0.854,1.9823823616497789,0.7859717957448367
1.5,97,21,279,0,0.892,2.0401332017238785,0.7543984563467996
1.5,97,51,249,0,0.89,2.049304784859207,0.8066494172375633
1.5,97,71,229,1,0.89,2.0758490655816715,0.8328190974656017
1.5,97,101,199,0,0.898,2.0864573961600783,0.820018744055668
1.5,97,150,150,0,0.918,2.3106912283511924,0.7742823455137507
1.5,97,201,99,0,0.918,2.31664730044068,0.7837113399820063
1.5,97,251,49,0,0.918,2.3143871845160096,0.781038953365653
1.5,98,21,279,0,0.936,2.6005479605911894,0.9056727519944354
1.5,98,51,249,0,0.92,2.3897839629779245,0.8745759119457416
1.5,98,71,229,1,0.914,2.3117622217984892,0.855991306913753
1.5,98,101,199,0,0.91,2.2374637635822454,0.8305784785109026
1.5,98,150,150,0,0.918,2.383743570634477,0.8381482549110878
1.5,98,201,99,0,0.904,2.1807004232371585,0.8137586810078066
1.5,98,251,49,0,0.97,3.275626365812675,0.8091029440906594
1.5,99,21,279,0,0.892,2.3560489566192264,0.9201244505557125
1.5,99,51,249,0,0.902,2.3232624823489925,0.8128429357577553
1.5,99,71,229,1,0.902,2.3502145089482838,0.7884318098600034
1.5,99,101,199,0,0.904,2.333180067364644,0.7741722527604125
1.5,99,150,150,0,0.906,2.4516490877940043,0.7684551775331027
1.5,99,201,99,0,0.904,2.3274050164242537,0.769533088357356
1.5,99,251,49,0,0.892,2.2242541355618215,0.7837250250437925
1.5,100,21,279,0,0.86,2.109445356715206,0.570188415855166
1.5,100,51,249,0,0.816,1.7899155463274008,0.7193675116962001
1.5,100,71,229,1,0.828,1.8438326207634828,0.7174572167893449
1.5,100,101,199,0,0.814,1.7410091781255117,0.784836697421902
1.5,100,150,150,0,0.824,1.7932389317252806,0.791592760158128
1.5,100,201,99,0,0.82,1.8091237462025855,0.7610208686551924
1.5,100,251,49,0,0.81,1.7148350191230703,0.7578550449514158
1.5,101,21,279,0,0.898,2.4552657051856785,0.98
1.5,101,51,249,0,0.89,2.2910671033618946,0.9345407057525051
1.5,101,71,229,1,0.892,2.273616242512394,0.9169005796437218
1.5,101,101,199,0,0.892,2.284538118808956,0.8844588588696428
1.5,101,150,150,0,0.886,2.173419486377075,0.8608756248606132
1.5,101,201,99,0,0.896,2.3477743353822023,0.853075080231625
1.5,101,251,49,0,0.898,2.367766981311789,0.843023769498209
1.5,102,21,279,0,0.912,2.394110033165035,0.8531600141615301
1.5,102,51,249,0,0.912,2.3985811434365503,0.8466012463964624
1.5,102,71,229,1,0.912,2.3608801359367932,0.8246589648903042
1.5,102,101,199,0,0.916,2.4309607725196494,0.7941149424617553
1.5,102,150,150,0,0.916,2.4213443036249003,0.8107825662374492
1.5,102,201,99,0,0.866,2.056299155007404,0.8073733267575239
1.5,102,251,49,0,0.948,2.917905476500481,0.7891010390091815
1.5,103,21,279,0,0.908,2.2798212250586865,0.7506653557965672
1.5,103,51,249,0,0.908,2.206492113473933,0.8309021656500906
1.5,103,71,229,1,0.908,2.240011019993566,0.8098838855253078
1.5,103,101,199,0,0.908,2.2480192672062413,0.8047756835006653
1.5,103,150,150,0,0.898,2.145362346316955,0.8017080836505919
1.5,103,201,99,0,0.888,2.109518929047729,0.8200949287078836
1.5,103,251,49,0,0.956,2.9401930265493066,0.8117171006662426
1.5,104,21,279,0,0.92,2.5525898424204962,0.7326458535487284
1.5,104,51,249,0,0.92,2.5493458911912232,0.7341333485849167
1.5,104,71,229,1,0.926,2.6080827494316985,0.7903158288980993
1.5,104,101,199,0,0.938,2.8527841466834856,0.790468755586404
1.5,104,150,150,0,0.926,2.642782540339416,0.7655323953761943
1.5,104,201,99,0,0.926,2.6150347953467783,0.7853536160360564
1.5,104,251,49,0,0.948,3.0152468570881195,0.8011718090022075
1.5,105,21,279,0,0.924,2.775752934960471,0.8116783639471871
1.5,105,51,249,0,0.916,2.7347844173970923,0.8272183329667911
1.5,105,71,229,1,0.916,2.656972640290453,0.7971828389818406
1.5,105,101,199,0,0.898,2.3815023876949777,0.8273724007958719
1.5,105,150,150,0,0.9,2.4318741219525504,0.8169851766510415
1.5,105,201,99,0,0.906,2.580017885155964,0.8011458481052015
1.5,105,251,49,0,0.898,2.3345903715176,0.7977186725463526
1.5,106,21,279,0,0.892,2.303084900403312,0.6798524257859545
1.5,106,51,249,0,0.89,2.3232984639095413,0.7732931820502632
1.5,106,71,229,1,0.898,2.3717016025930353,0.8009448378787213
1.5,106,101,199,0,0.894,2.343052666395926,0.7891476604822943
1.5,106,150,150,0,0.902,2.463184315461365,0.7928221755445923
1.5,106,201,99,0,0.918,2.6454223339933707,0.7847521655399752
1.5,106,251,49,0,0.936,2.9116729868216953,0.7825276540201398
1.5,107,21,279,0,0.942,2.586349238505917,0.6486092061272085
1.5,107,51,249,0,0.944,2.582847088367942,0.8351006664146652
1.5,107,71,229,1,0.944,2.5844224795814124,0.8228296419577408
1.5,107,101,199,0,0.948,2.642281376376611,0.7996387156687179
1.5,107,150,150,0,0.948,2.67827383211518,0.8125188901046191
1.5,107,201,99,0,0.948,2.628820462170299,0.794369238082617
1.5,107,251,49,0,0.924,2.275932407921619,0.788885232033867
1.5,108,21,279,0,0.886,2.3060582120331796,0.6695297323743669
1.5,108,51,249,0,0.898,2.3131985746717016,0.7255969276923835
1.5,108,71,229,1,0.9,2.299240853508905,0.8114794209929098
1.5,108,101,199,0,0.876,2.1253918027221808,0.8006357964659749
1.5,108,150,150,0,0.882,2.129979316724171,0.8192309509765319
1.5,108,201,99,0,0.866,2.038150536301763,0.8244268292322977
1.5,108,251,49,0,0.9,2.300135872745774,0.8130272885757663
1.5,109,21,279,0,0.87,2.147322591134328,0.8240178885120031
1.5,109,51,249,0,0.862,2.120573904359974,0.7656133720356479
1.5,109,71,229,1,0.87,2.1490944587101852,0.8250713095333885
1.5,109,101,199,0,0.862,2.1046083068545682,0.7982692139549341
1.5,109,150,150,0,0.846,2.02052813880487,0.8019295463056639
1.5,109,201,99,0,0.848,2.017235087392682,0.8075902636325242
1.5,109,251,49,0,0.824,1.8837101635717117,0.80055671457273
1.5,110,21,279,0,0.892,2.476046470532791,0.6531012809910094
1.5,110,51,249,0,0.872,2.3046538678791384,0.6923941685453324
1.5,110,71,229,1,0.88,2.333008942143124,0.7133855428801354
1.5,110,101,199,0,0.888,2.2845258073338517,0.7724858872706705
1.5,110,150,150,0,0.87,2.14105424245113,0.7895469241043909
1.5,110,201,99,0,0.872,2.123210641150281,0.8157427440490296
1.5,110,251,49,0,0.872,2.1288891888199077,0.818264791081319
1.5,111,21,279,0,0.866,2.097459928632087,0.8607262277109913
1.5,111,51,249,0,0.88,2.1938055175252704,0.8470337356043293
1.5,111,71,229,1,0.88,2.1758683254067503,0.8560519846089283
1.5,111,101,199,0,0.886,2.2584129676236633,0.8390065872157217
1.5,111,150,150,0,0.864,1.9995162511734397,0.822815502955446
1.5,111,201,99,0,0.858,1.933703602289592,0.8048187695584348
1.5,111,251,49,0,0.864,2.0172730338554894,0.8040728898445019
1.5,112,21,279,0,0.9,2.4078405403605556,0.7469683797593936
1.5,112,51,249,0,0.892,2.3413972286389324,0.7965178719315952
1.5,112,71,229,1,0.892,2.3427774385931435,0.8014175862484424
1.5,112,101,199,0,0.892,2.3283775132866946,0.8113301023243038
1.5,112,150,150,0,0.892,2.3306514630320327,0.8011000694928865
1.5,112,201,99,0,0.872,2.1473368045269945,0.8040626185299771
1.5,112,251,49,0,0.868,2.1237892084383336,0.8123720182850498
1.5,113,21,279,0,0.876,2.179423306258531,0.8006593447042648
1.5,113,51,249,0,0.844,2.0325788778891702,0.8487203877065754
1.5,113,71,229,1,0.846,2.0323017503875045,0.8443234029690531
1.5,113,101,199,0,0.852,2.0347878300808526,0.8122986066943464
1.5,113,150,150,0,0.84,1.9737323043243062,0.8104190250969834
1.5,113,201,99,0,0.848,2.040550110378675,0.8375467255031561
1.5,113,251,49,0,0.844,2.0194338432955194,0.8491838971113828
1.5,114,21,279,0,0.91,2.407718392908363,0.7180047154681944
1.5,114,51,249,0,0.9,2.3262449143207724,0.735933961014433
1.5,114,71,229,1,0.91,2.4093200852409473,0.7194600321311028
1.5,114,101,199,0,0.898,2.327864534940886,0.7328655382016429
1.5,114,150,150,0,0.892,2.1473056688218013,0.7534560511734264
1.5,114,201,99,0,0.888,2.124222345270788,0.7850023770709069
1.5,114,251,49,0,0.872,1.9969955879496217,0.7809042968822005
1.5,115,21,279,0,0.936,2.4808627227074256,0.752311542638798
1.5,115,51,249,0,0.924,2.318033847472726,0.8061874915809742
1.5,115,71,229,1,0.924,2.3663490499692217,0.8201954202925121
1.5,115,101,199,0,0.924,2.320969014986225,0.8053226389558175
1.5,115,150,150,0,0.93,2.3516827546269177,0.7962870744838644
1.5,115,201,99,0,0.936,2.4351698482266513,0.8058778584666473
1.5,115,251,49,0,0.958,2.733302434265206,0.8086257631650283
1.5,116,21,279,0,0.858,2.0441871742062183,0.8286161731722582
1.5,116,51,249,0,0.868,2.11092061430823,0.7908214631500425
1.5,116,71,229,1,0.868,2.1074749213965,0.7927434774589185
1.5,116,101,199,0,0.866,2.0892929224011305,0.8073982811612761
1.5,116,150,150,0,0.868,2.1134865990880036,0.8012461297024653
1.5,116,201,99,0,0.868,2.0829148636004367,0.7977619774271452
1.5,116,251,49,0,0.852,1.9686835711386679,0.7847145827053713
1.5,117,21,279,0,0.93,2.4945365374696022,0.7453890960705285
1.5,117,51,249,0,0.93,2.5011584694048743,0.7386308806438681
1.5,117,71,229,1,0.94,2.6144173925824967,0.7778894131177558
1.5,117,101,199,0,0.936,2.5877526295062774,0.7930553581198636
1.5,117,150,150,0,0.922,2.459193478539837,0.8060316541019118
1.5,117,201,99,0,0.922,2.4582610881748286,0.8057135707441521
1.5,117,251,49,0,0.906,2.221654078918949,0.8105683676549328
1.5,118,21,279,0,0.916,2.409285023982744,0.750519445370233
1.5,118,51,249,0,0.914,2.3021571550821083,0.8043528769121334
1.5,118,71,229,1,0.904,2.2219023779954106,0.7962032661530181
1.5,118,101,199,0,0.914,2.2832645659541058,0.8139866411162899
1.5,118,150,150,0,0.92,2.4012633114809367,0.80149852620558
1.5,118,201,99,0,0.92,2.403143751729482,0.7815262177101688
1.5,118,251,49,0,0.92,2.4026405294525395,0.7890772847181187
1.5,119,21,279,0,0.89,2.3780062254944476,0.6128736497696184
1.5,119,51,249,0,0.874,2.2023154623804952,0.7803801054241831
1.5,119,71,229,1,0.874,2.1714622563198342,0.7718224322430997
1.5,119,101,199,0,0.874,2.178248304895913,0.7667186028174515
1.5,119,150,150,0,0.878,2.2497153189399426,0.74527360342048
1.5,119,201,99,0,0.908,2.4809915026035068,0.8062577447247514
1.5,119,251,49,0,0.92,2.683137950978732,0.8051883830509122
1.5,120,21,279,0,0.944,2.4987484553900767,0.707063846412661
1.5,120,51,249,0,0.944,2.5421674527714564,0.7774853526852539
1.5,120,71,229,1,0.95,2.6375439921949897,0.7748836078598572
1.5,120,101,199,0,0.952,2.684796476172547,0.7509088377841103
1.5,120,150,150,0,0.948,2.6149398988473727,0.8005815118021642
1.5,120,201,99,0,0.96,2.9476707357776286,0.793013046938448
1.5,120,251,49,0,0.96,2.917038438504781,0.7943851198943144
1.5,121,21,279,0,0.87,2.0775092540470665,0.8491223541625006
1.5,121,51,249,0,0.858,2.0131681513867803,0.8031670296063533
1.5,121,71,229,1,0.88,2.0867876117177144,0.8118608417964561
1.5,121,101,199,0,0.874,2.0596785338783246,0.8324151781635432
1.5,121,150,150,0,0.852,1.9347882724719025,0.8074390103123212
1.5,121,201,99,0,0.854,1.9494627034848206,0.7905936782178802
1.5,121,251,49,0,0.838,1.8620912792403328,0.7884720355764324
1.5,122,21,279,0,0.918,2.687466767183088,0.6980868709066326
1.5,122,51,249,0,0.912,2.495968681168745,0.7338919074802487
1.5,122,71,229,1,0.914,2.532597823632546,0.7649789284771099
1.5,122,101,199,0,0.882,2.2259158149475526,0.7764326920942993
1.5,122,150,150,0,0.882,2.202360240943416,0.81247124656822
1.5,122,201,99,0,0.868,2.124873256281078,0.8009672923582467
1.5,122,251,49,0,0.872,2.1464906998838096,0.8226541631379637
1.5,123,21,279,0,0.88,2.3233675033010464,0.8892031655451207
1.5,123,51,249,0,0.874,2.314684199603042,0.8187995772489031
1.5,123,71,229,1,0.876,2.3412987896692212,0.8004308563820409
1.5,123,101,199,0,0.884,2.393161311054794,0.8331577204047642
1.5,123,150,150,0,0.922,2.813525507204021,0.8286640336982992
1.5,123,201,99,0,0.922,2.813251044239873,0.8256259967633485
1.5,123,251,49,0,0.922,2.8138870452324656,0.8332136692621172
1.5,124,21,279,0,0.884,2.241335453058452,0.7763522931683008
1.5,124,51,249,0,0.892,2.337408328458182,0.7589526451330635
1.5,124,71,229,1,0.89,2.344204189029267,0.7697774724122992
1.5,124,101,199,0,0.902,2.3950307302149163,0.8474547344132084
1.5,124,150,150,0,0.892,2.241704353808271,0.8349913789050792
1.5,124,201,99,0,0.868,2.0364791385913334,0.8277939181320855
1.5,124,251,49,0,0.886,2.2305278102399435,0.8330187314089986
1.5,125,21,279,0,0.878,2.1490085750473096,0.7676797383726432
1.5,125,51,249,0,0.872,2.1142149831213035,0.8635717657074602
1.5,125,71,229,1,0.872,2.0853221052152864,0.855259426044877
1.5,125,101,199,0,0.874,2.084906048939083,0.8431536534643609
1.5,125,150,150,0,0.88,2.1117463175268396,0.8255274261071898
1.5,125,201,99,0,0.88,2.1188395278203687,0.8218844277151337
1.5,125,251,49,0,0.93,2.68924396228996,0.8023975849920981
1.5,126,21,279,0,0.884,2.2344068557308785,0.6747182911307377
1.5,126,51,249,0,0.866,2.094251982681501,0.7478379547953276
1.5,126,71,229,1,0.874,2.134283166623578,0.7563915838981738
1.5,126,101,199,0,0.886,2.218137078650776,0.7774281218476046
1.5,126,150,150,0,0.886,2.218566342293115,0.7671877516970619
1.5,126,201,99,0,0.884,2.2189167278183612,0.7521426579596012
1.5,126,251,49,0,0.85,1.970085028237975,0.7682098406005194
1.5,127,21,279,0,0.894,2.1630282400403185,0.8462786480840662
1.5,127,51,249,0,0.894,2.1945898434894335,0.8262617251017456
1.5,127,71,229,1,0.896,2.2176081817156015,0.8110592789961424
1.5,127,101,199,0,0.898,2.250595196986402,0.824944339387002
1.5,127,150,150,0,0.898,2.2677310307467122,0.8242401216274293
1.5,127,201,99,0,0.892,2.1619523195108785,0.8124044525653009
1.5,127,251,49,0,0.948,2.7012268206924857,0.8045133021454426
1.5,128,21,279,0,0.892,2.3052423046020314,0.6785788021782236
1.5,128,51,249,0,0.888,2.2468969286565104,0.717101383119527
1.5,128,71,229,1,0.888,2.289132019331056,0.6891661344081697
1.5,128,101,199,0,0.876,2.15022991359369,0.7236206324051481
1.5,128,150,150,0,0.888,2.2241002939807863,0.7659254575170111
1.5,128,201,99,0,0.82,1.829039688469812,0.7609103880824074
1.5,128,251,49,0,0.878,2.136546115804819,0.7679295818235309
1.5,129,21,279,0,0.882,2.102175832375092,0.7577556040268105
1.5,129,51,249,0,0.878,2.0668405724554413,0.7704152655276783
1.5,129,71,229,1,0.88,2.0268982618816804,0.7998169513930432
1.5,129,101,199,0,0.888,2.114296944235505,0.7849211589887928
1.5,129,150,150,0,0.878,2.039047539072852,0.7803942228676879
1.5,129,201,99,0,0.888,2.1398916154239567,0.79008579346275
1.5,129,251,49,0,0.886,2.0785945437725557,0.809557085177556
1.5,130,21,279,0,0.91,2.380839194428376,0.7606920592365772
1.5,130,51,249,0,0.906,2.350417506053431,0.7949493883757723
1.5,130,71,229,1,0.91,2.390822641859668,0.8084077663094269
1.5,130,101,199,0,0.912,2.426451477570102,0.8202591434477039
1.5,130,150,150,0,0.93,2.5639228294655987,0.835622007232159
1.5,130,201,99,0,0.904,2.2916847726617426,0.8343197603525977
1.5,130,251,49,0,0.88,2.0846179216612244,0.8272418536695384
1.5,131,21,279,0,0.898,2.29175352257401,0.8170866473887959
1.5,131,51,249,0,0.898,2.274621022844864,0.7830952912383694
1.5,131,71,229,1,0.898,2.284664416665254,0.8023042621104466
1.5,131,101,199,0,0.89,2.2360710093641973,0.793491841387676
1.5,131,150,150,0,0.894,2.239648177374368,0.7716412355412355
1.5,131,201,99,0,0.868,2.145771490690884,0.7760208289804846
1.5,131,251,49,0,0.898,2.2744254210141617,0.7827381918581491
1.5,132,21,279,0,0.9,2.2483332678539627,0.7926230055728702
1.5,132,51,249,0,0.89,2.216773510128729,0.7689386342991272
1.5,132,71,229,1,0.894,2.18657697426183,0.8137817086493278
1.5,132,101,199,0,0.892,2.168392657609389,0.796109924142527
1.5,132,150,150,0,0.86,1.9267010808113085,0.7811730201018983
1.5,132,201,99,0,0.82,1.7329696384169753,0.7494562984757488
1.5,132,251,49,0,0.81,1.6875434538726601,0.7651736740486279
1.5,133,21,279,0,0.906,2.489796802480265,0.6738387883592881
1.5,133,51,249,0,0.9,2.4109764004263208,0.706248255508373
1.5,133,71,229,1,0.904,2.460916255789829,0.7507500416104195
1.5,133,101,199,0,0.91,2.5474744546317662,0.7721737437332147
1.5,133,150,150,0,0.898,2.4320293182109447,0.7831452792925371
1.5,133,201,99,0,0.934,2.7895930148301824,0.7786516347478925
1.5,133,251,49,0,0.958,3.11211650019494,0.786383441156953
1.5,134,21,279,0,0.912,2.2901635528361277,0.8022110265190108
1.5,134,51,249,0,0.918,2.4219045099236305,0.8981105194858315
1.5,134,71,229,1,0.924,2.4653690739370404,0.8713257924129881
1.5,134,101,199,0,0.914,2.33466396130961,0.8125813623744556
1.5,134,150,150,0,0.91,2.2431134062949223,0.7959450833179714
1.5,134,201,99,0,0.906,2.19168882350687,0.8068596014020247
1.5,134,251,49,0,0.904,2.1262108482156896,0.7954725031197826
1.5,135,21,279,0,0.904,2.4594447600419205,0.8765819858833989
1.5,135,51,249,0,0.91,2.529917034768259,0.7889531448368047
1.5,135,71,229,1,0.91,2.494978859776604,0.7789874149861284
1.5,135,101,199,0,0.91,2.4914689502835046,0.7950708930345651
1.5,135,150,150,0,0.92,2.679518010485681,0.774452295409834
1.5,135,201,99,0,0.928,2.814821909385585,0.7699473337347873
1.5,135,251,49,0,0.936,2.951230508041962,0.7729911346889987
1.5,136,21,279,0,0.884,2.222827682287523,0.7864371241757692
1.5,136,51,249,0,0.884,2.2623446316211346,0.8210762594965766
1.5,136,71,229,1,0.886,2.332711294782769,0.8558979136069825
1.5,136,101,199,0,0.882,2.2361634454909534,0.8310102315237303
1.5,136,150,150,0,0.882,2.2209344304767393,0.8114637012417572
1.5,136,201,99,0,0.852,1.9811846102218633,0.8098620658634136
1.5,136,251,49,0,0.858,1.9942591296824776,0.8055545803402373
1.5,137,21,279,0,0.934,2.5243460069471277,0.7542723731084156
1.5,137,51,249,0,0.934,2.543159753444753,0.7607835289790524
1.5,137,71,229,1,0.936,2.5621147816091105,0.7668549077386921
1.5,137,101,199,0,0.94,2.617464005235908,0.7217930568652107
1.5,137,150,150,0,0.936,2.5622835886889503,0.7382451091938311
1.5,137,201,99,0,0.95,2.733662336333433,0.7772911053872711
1.5,137,251,49,0,0.96,2.9697963313526765,0.7914387969313965
1.5,138,21,279,0,0.892,2.1837876008971344,0.7927264169055334
1.5,138,51,249,0,0.876,2.104001844959951,0.8326817665365881
1.5,138,71,229,1,0.892,2.198632938723205,0.8130171507379221
1.5,138,101,199,0,0.908,2.3353127213489504,0.7992037688002493
1.5,138,150,150,0,0.902,2.2673663175542615,0.7839168579136018
1.5,138,201,99,0,0.888,2.158733132683187,0.7719414513416845
1.5,138,251,49,0,0.924,2.5156493829221263,0.7647550937561354
1.5,139,21,279,0,0.91,2.4661651030564142,0.8256758437576628
1.5,139,51,249,0,0.908,2.400358272803972,0.8870414687972937
1.5,139,71,229,1,0.916,2.5140662211048115,0.8553249096306462
1.5,139,101,199,0,0.902,2.367828649033532,0.8326440776111574
1.5,139,150,150,0,0.9,2.3381567627073703,0.8080286393497166
1.5,139,201,99,0,0.93,2.8740573126795086,0.8575743142270863
1.5,139,251,49,0,0.954,3.1320407373412404,0.8518215714746351
1.5,140,21,279,0,0.892,2.3885228373172316,0.89088256363125
1.5,140,51,249,0,0.89,2.408510006966175,0.8762368527270077
1.5,140,71,229,1,0.882,2.3517812706992496,0.8397453620763008
1.5,140,101,199,0,0.896,2.4022697926455705,0.8023548985892034
1.5,140,150,150,0,0.894,2.3954972781711,0.8062265229092884
1.5,140,201,99,0,0.888,2.4011503597253503,0.821289014752755
1.5,140,251,49,0,0.892,2.417764220478078,0.8145701346704639
1.5,141,21,279,0,0.906,2.490053574242689,0.6844167696743126
1.5,141,51,249,0,0.884,2.2476753067335378,0.7541305109822296
1.5,141,71,229,1,0.884,2.2432875833436237,0.7827176802669651
1.5,141,101,199,0,0.892,2.295645051220141,0.7729811491772584
1.5,141,150,150,0,0.888,2.2890474181311067,0.8009201948134667
1.5,141,201,99,0,0.902,2.4505661055145374,0.8223660779612649
1.5,141,251,49,0,0.912,2.590076366314993,0.8202803209912861
1.5,142,21,279,0,0.872,2.2142725942534045,0.8716865393073552
1.5,142,51,249,0,0.87,2.2179866035295186,0.8347410071661294
1.5,142,71,229,1,0.916,2.442414231533516,0.8184849107997665
1.5,142,101,199,0,0.916,2.4399552092922887,0.8200501105007544
1.5,142,150,150,0,0.882,2.29404109455036,0.8014064904496236
1.5,142,201,99,0,0.868,2.178171989070105,0.8110066840088401
1.5,142,251,49,0,0.86,2.1348797541487237,0.8177716280450709
1.5,143,21,279,0,0.898,2.327674950329614,0.938746247943072
1.5,143,51,249,0,0.894,2.256165120097041,0.8795550808563175
1.5,143,71,229,1,0.896,2.236652030746053,0.87333376881376
1.5,143,101,199,0,0.902,2.3235558824657936,0.8598542441327601
1.5,143,150,150,0,0.9,2.2669813287638436,0.8397827573574806
1.5,143,201,99,0,0.926,2.508598752142502,0.8351408835033395
1.5,143,251,49,0,0.934,2.6315248864152383,0.8361990664524505
1.5,144,21,279,0,0.898,2.3808562806399762,0.8342571960185594
1.5,144,51,249,0,0.9,2.408698075900046,0.7509933890280694
1.5,144,71,229,1,0.902,2.452406060264035,0.790945222441747
1.5,144,101,199,0,0.912,2.5993043275522925,0.7883110960519195
1.5,144,150,150,0,0.898,2.4276962733578595,0.8044073942732216
1.5,144,201,99,0,0.866,2.096348155322475,0.7870943268963873
1.5,144,251,49,0,0.912,2.6054423965465605,0.7903013175489843
1.5,145,21,279,0,0.89,2.400778812598125,0.7494264958712848
1.5,145,51,249,0,0.888,2.3476752839087793,0.8327487043762789
1.5,145,71,229,1,0.896,2.4350814465324806,0.8168953576432009
1.5,145,101,199,0,0.894,2.4586052636196674,0.78769686486361
1.5,145,150,150,0,0.896,2.463347366747907,0.7780887484952342
1.5,145,201,99,0,0.896,2.4769893436138957,0.7803345917085018
1.5,145,251,49,0,0.802,1.8679258804425185,0.7944595711967757
1.5,146,21,279,0,0.928,2.524468110463668,0.5971771376757538
1.5,146,51,249,0,0.934,2.5202103006239542,0.6254866350774705
1.5,146,71,229,1,0.926,2.3743890786476185,0.6986681368281136
1.5,146,101,199,0,0.936,2.3951643818619845,0.7263206387742288
1.5,146,150,150,0,0.946,2.610641524596744,0.7586237888773998
1.5,146,201,99,0,0.95,2.67949073210601,0.7734429292835506
1.5,146,251,49,0,0.974,3.455927810106351,0.7787995367694496
1.5,147,21,279,0,0.918,2.5348502390038843,0.8009085716879661
1.5,147,51,249,0,0.922,2.568802732054398,0.7746293004567992
1.5,147,71,229,1,0.922,2.567318702987312,0.7757765401963352
1.5,147,101,199,0,0.924,2.599405180759543,0.8258172091328062
1.5,147,150,150,0,0.922,2.582959983387074,0.8057603974369628
1.5,147,201,99,0,0.976,3.450633852879197,0.7842266510208235
1.5,147,251,49,0,0.988,4.001651618176175,0.7832897953831136
1.5,148,21,279,0,0.874,2.2179550786831244,0.9517398210036553
1.5,148,51,249,0,0.888,2.259142902706141,0.8587867646649322
1.5,148,71,229,1,0.908,2.352428979859495,0.8708122118149031
1.5,148,101,199,0,0.89,2.272672736809308,0.8540742921967067
1.5,148,150,150,0,0.888,2.246492150810319,0.8337722833954565
1.5,148,201,99,0,0.906,2.3534360897896978,0.8265603468647637
1.5,148,251,49,0,0.932,2.5543181196043334,0.8144713679815795
1.5,149,21,279,0,0.904,2.3294622825533127,0.7931104665750328
1.5,149,51,249,0,0.912,2.4716211039191838,0.7110748719475749
1.5,149,71,229,1,0.912,2.4642555958412657,0.7188935163430914
1.5,149,101,199,0,0.902,2.3011579612921347,0.7841061791915164
1.5,149,150,150,0,0.908,2.4170182348204676,0.7701142091232824
1.5,149,201,99,0,0.852,1.9795400176222329,0.777829782343423
1.5,149,251,49,0,0.806,1.6309343868502975,0.7858373688922777
1.5,150,21,279,0,0.9,2.4195807944614294,0.9313956550880755
1.5,150,51,249,0,0.872,2.159366611950885,0.8944763213961088
1.5,150,71,229,1,0.856,2.0759151498132042,0.884706799367887
1.5,150,101,199,0,0.854,2.0138747628338884,0.8704759145271713
1.5,150,150,150,0,0.858,2.0005533292989415,0.861459828363814
1.5,150,201,99,0,0.864,2.0152049798385265,0.8362634901431629
1.5,150,251,49,0,0.828,1.849097470235346,0.8329433210120339
1.5,151,21,279,0,0.894,2.435016976026656,0.5909304713014534
1.5,151,51,249,0,0.898,2.387133402035268,0.6843169983810543
1.5,151,71,229,1,0.896,2.366431045775648,0.6932579283748976
1.5,151,101,199,0,0.902,2.342229217943509,0.7576767942617607
1.5,151,150,150,0,0.892,2.2526930376538186,0.766688326057137
1.5,151,201,99,0,0.9,2.311075221680164,0.7303821106392239
1.5,151,251,49,0,0.828,1.7615062494322453,0.750327177178212
1.5,152,21,279,0,0.926,2.745785239022491,0.8256813108758629
1.5,152,51,249,0,0.93,2.7576413059702265,0.7830279295892938
1.5,152,71,229,1,0.916,2.5934822855183985,0.8183028510271411
1.5,152,101,199,0,0.92,2.606832938300426,0.8111424072601466
1.5,152,150,150,0,0.9,2.4115207001828702,0.7897065207977086
1.5,152,201,99,0,0.92,2.6073454856913116,0.8108651236462299
1.5,152,251,49,0,0.888,2.2381969683711658,0.7970560381001309
1.5,153,21,279,0,0.846,2.0953823297617857,0.8736542836283182
1.5,153,51,249,0,0.838,2.0880094323662863,0.8916762304208912
1.5,153,71,229,1,0.852,2.0978674150890653,0.840281044365106
1.5,153,101,199,0,0.854,2.10795198293973,0.8397894404343567
1.5,153,150,150,0,0.856,2.1375184238789,0.835996188469221
1.5,153,201,99,0,0.848,2.054165257255506,0.8193537056056229
1.5,153,251,49,0,0.848,2.0487276723057204,0.8027949859824243
1.5,154,21,279,0,0.91,2.3078980438189416,0.7918653814781461
1.5,154,51,249,0,0.908,2.2839928648415615,0.7379495921495471
1.5,154,71,229,1,0.874,2.1380367960588273,0.7452127123996771
1.5,154,101,199,0,0.87,2.133545548233545,0.7317679635431527
1.5,154,150,150,0,0.918,2.340229910933448,0.7787116067462202
1.5,154,201,99,0,0.918,2.339698909880841,0.7764145754858703
1.5,154,251,49,0,0.928,2.3676191609989443,0.8001340158405444
1.5,155,21,279,0,0.902,2.426005902936617,0.7714264793694
1.5,155,51,249,0,0.904,2.4089046608467,0.7918597991896636
1.5,155,71,229,1,0.904,2.4233701666034166,0.7751499712979191
1.5,155,101,199,0,0.92,2.524947082038643,0.818360922379187
1.5,155,150,150,0,0.9,2.3292751573652124,0.8251251010522271
1.5,155,201,99,0,0.904,2.405983000127593,0.7991832870925558
1.5,155,251,49,0,0.906,2.396909461051383,0.8113797729614804
1.5,156,21,279,0,0.908,2.4611102329640318,0.7087093699107344
1.5,156,51,249,0,0.912,2.4718817769449175,0.7365484479880331
1.5,156,71,229,1,0.914,2.485931245645479,0.7149569835118764
1.5,156,101,199,0,0.914,2.482266900703482,0.7264569151421155
1.5,156,150,150,0,0.928,2.6326083524362542,0.7495315054181311
1.5,156,201,99,0,0.936,2.7513667497001224,0.7618493725084947
1.5,156,251,49,0,0.942,2.9007629958056063,0.766059365362103
1.5,157,21,279,0,0.886,2.240988460526471,0.9031222788680002
1.5,157,51,249,0,0.89,2.165175172071843,0.8096187386482928
1.5,157,71,229,1,0.896,2.2035210150376483,0.7916478800317867
1.5,157,101,199,0,0.884,2.1278763165914434,0.7880653418319516
1.5,157,150,150,0,0.926,2.474383699408534,0.7969534943696258
1.5,157,201,99,0,0.872,2.071666963711223,0.7692366342350305
1.5,157,251,49,0,0.866,2.0500068983416355,0.7916214874563064
1.5,158,21,279,0,0.934,2.5462176593610475,0.7771227031897615
1.5,158,51,249,0,0.94,2.564296866280894,0.7949138404775756
1.5,158,71,229,1,0.938,2.5899422353377064,0.7615558013981815
1.5,158,101,199,0,0.936,2.552652231540932,0.7896720474707284
1.5,158,150,150,0,0.93,2.420938357978123,0.770494598926366
1.5,158,201,99,0,0.928,2.414887976257072,0.7796351446508948
1.5,158,251,49,0,0.928,2.421922670675247,0.7925122260574041
1.5,159,21,279,0,0.896,2.3591788988512645,0.7379819136610185
1.5,159,51,249,0,0.88,2.233886183315719,0.8114761313492335
1.5,159,71,229,1,0.892,2.3129256687116566,0.8336373771462493
1.5,159,101,199,0,0.892,2.3194631203797966,0.8354532506274659
1.5,159,150,150,0,0.88,2.251407091561622,0.8387982184396746
1.5,159,201,99,0,0.868,2.0869673945002023,0.825686469264468
1.5,159,251,49,0,0.924,2.5792416541273147,0.8304657736639529
1.5,160,21,279,0,0.916,2.4227752938450524,0.7005588395422622
1.5,160,51,249,0,0.916,2.3131295842683253,0.7743817201251186
1.5,160,71,229,1,0.91,2.2660623742127735,0.8121513119283328
1.5,160,101,199,0,0.906,2.2159204575901876,0.8086162779909077
1.5,160,150,150,0,0.91,2.2681966244269636,0.8141905339332154
1.5,160,201,99,0,0.912,2.270510462491124,0.800195268548531
1.5,160,251,49,0,0.816,1.6912490518644046,0.788930258608902
1.5,161,21,279,0,0.894,2.4386632130878088,0.6858959239947796
1.5,161,51,249,0,0.864,2.1732072835754406,0.7716476584617484
1.5,161,71,229,1,0.848,2.055543557418857,0.8088121773171217
1.5,161,101,199,0,0.852,2.064887000824311,0.7986305220221595
1.5,161,150,150,0,0.848,2.0736108639377844,0.8223846004742641
1.5,161,201,99,0,0.86,2.1327869128229135,0.8233112708695564
1.5,161,251,49,0,0.778,1.6803372589013366,0.82362546577142
1.5,162,21,279,0,0.894,2.339241893608184,0.6591981081500752
1.5,162,51,249,0,0.88,2.2053139544376674,0.7631349316990124
1.5,162,71,229,1,0.89,2.328913898288043,0.7529977591675036
1.5,162,101,199,0,0.886,2.349634803544763,0.790870713075389
1.5,162,150,150,0,0.888,2.3642646715202753,0.8062971958700614
1.5,162,201,99,0,0.888,2.3573728684701503,0.7846888886353567
1.5,162,251,49,0,0.886,2.356794960869218,0.7947201338262128
1.5,163,21,279,0,0.88,2.0538563722900762,0.7949105262736549
1.5,163,51,249,0,0.876,2.0341589277442003,0.7897536057575808
1.5,163,71,229,1,0.868,1.9893708871620124,0.7698799638069375
1.5,163,101,199,0,0.87,2.007625390992872,0.7752901570764104
1.5,163,150,150,0,0.872,2.021859505325774,0.7689204427090149
1.5,163,201,99,0,0.88,2.0578645961056408,0.7827696851227295
1.5,163,251,49,0,0.868,1.9896097666705723,0.7659492543737344
1.5,164,21,279,0,0.908,2.3578673876978646,0.8764893774065259
1.5,164,51,249,0,0.902,2.3386640838401407,0.9212655439408466
1.5,164,71,229,1,0.914,2.434193182338374,0.9024640745207385
1.5,164,101,199,0,0.91,2.4052262844529624,0.8943763032627458
1.5,164,150,150,0,0.912,2.3858747713435267,0.8657633025818927
1.5,164,201,99,0,0.892,2.1290471019284642,0.8501510795776872
1.5,164,251,49,0,0.892,2.1240420550126573,0.8247879604820361
1.5,165,21,279,0,0.926,2.5241031685371595,0.750337213457665
1.5,165,51,249,0,0.926,2.4833691002736415,0.7671682394638595
1.5,165,71,229,1,0.916,2.4477085972691985,0.8044525644604837
1.5,165,101,199,0,0.922,2.461485874524269,0.7969596020721348
1.5,165,150,150,0,0.914,2.403337132085072,0.792708358269441
1.5,165,201,99,0,0.914,2.404553704454809,0.7986187870935808
1.5,165,251,49,0,0.902,2.3000172621140993,0.7967480945154045
1.5,166,21,279,0,0.928,2.5021593855471274,0.6817532520655198
1.5,166,51,249,0,0.934,2.4589016131804784,0.777938797928298
1.5,166,71,229,1,0.938,2.487747948213928,0.7558404329554164
1.5,166,101,199,0,0.934,2.433793584566282,0.7694846689010143
1.5,166,150,150,0,0.904,2.1450812876334853,0.7719391850538284
1.5,166,201,99,0,0.904,2.1582800678618677,0.757777543193719
1.5,166,251,49,0,0.934,2.4016164900681463,0.7629260937007304
1.5,167,21,279,0,0.878,2.1147550968002666,0.738254853920078
1.5,167,51,249,0,0.898,2.3440151636340305,0.7773969799457178
1.5,167,71,229,1,0.904,2.367368861331259,0.7501628783577086
1.5,167,101,199,0,0.878,2.0907375451669514,0.7491554435637493
1.5,167,150,150,0,0.884,2.1950531555046346,0.7859688214589643
1.5,167,201,99,0,0.842,1.8929256054367456,0.7682729827709561
1.5,167,251,49,0,0.836,1.861311566896943,0.7692194790104432
1.5,168,21,279,0,0.89,2.3350325929238163,0.7731870004365365
1.5,168,51,249,0,0.894,2.4003060865541164,0.8083196553332207
1.5,168,71,229,1,0.874,2.295371101732656,0.8054686280149053
1.5,168,101,199,0,0.876,2.3008200432574073,0.818792625359798
1.5,168,150,150,0,0.9,2.4626738507002157,0.8183670315423626
1.5,168,201,99,0,0.934,2.848316579354456,0.8094695703932607
1.5,168,251,49,0,0.96,3.2168244141105724,0.8251402720665902
1.5,169,21,279,0,0.918,2.506796581339795,0.6492892387268636
1.5,169,51,249,0,0.902,2.3056709564267557,0.7254882805307927
1.5,169,71,229,1,0.906,2.3355297590290256,0.7264122776736243
1.5,169,101,199,0,0.904,2.3120757694083665,0.75594988362223
1.5,169,150,150,0,0.914,2.522255429857094,0.7494817180872921
1.5,169,201,99,0,0.912,2.501571472916461,0.7588410905202869
1.5,169,251,49,0,0.926,2.675856666868604,0.7620605794677903
1.5,170,21,279,0,0.886,2.482552903707394,0.98
1.5,170,51,249,0,0.878,2.228056276970983,0.8899815443456968
1.5,170,71,229,1,0.898,2.3975224501542556,0.9042176467977201
1.5,170,101,199,0,0.9,2.4078613838238216,0.8855222892828648
1.5,170,150,150,0,0.904,2.414845753430854,0.867299728872425
1.5,170,201,99,0,0.91,2.541136088217817,0.8405434820090981
1.5,170,251,49,0,0.942,3.0370909793821044,0.8234880771650557
1.5,171,21,279,0,0.868,2.1893060431981457,0.7590903708320622
1.5,171,51,249,0,0.87,2.19932197625652,0.8401985457463712
1.5,171,71,229,1,0.87,2.1886340361662975,0.824735101008696
1.5,171,101,199,0,0.87,2.2085261160948595,0.8405751029670208
1.5,171,150,150,0,0.868,2.174971515908329,0.811597964009134
1.5,171,201,99,0,0.87,2.195970273396794,0.8079064558729464
1.5,171,251,49,0,0.868,2.17734290152227,0.8058338313535242
1.5,172,21,279,0,0.916,2.3415151498517224,0.8412869069381292
1.5,172,51,249,0,0.926,2.4641415282968793,0.7822256075896584
1.5,172,71,229,1,0.932,2.5356801254328927,0.7728667333437662
1.5,172,101,199,0,0.93,2.5737801237881404,0.7449081666947704
1.5,172,150,150,0,0.94,2.641277898817202,0.7896520786458784
1.5,172,201,99,0,0.942,2.663247429751057,0.8014726052978353
1.5,172,251,49,0,0.95,2.828965561628306,0.8267929861863209
1.5,173,21,279,0,0.896,2.165134993828618,0.7625593259643527
1.5,173,51,249,0,0.9,2.2712749876685154,0.8388904611387582
1.5,173,71,229,1,0.892,2.225697209610872,0.8554678547566373
1.5,173,101,199,0,0.894,2.2365246534050978,0.851547473752673
1.5,173,150,150,0,0.896,2.2399148943092455,0.8338796912654205
1.5,173,201,99,0,0.908,2.3337892993530214,0.815823034041318
1.5,173,251,49,0,0.922,2.5260787681915415,0.8222662573728797
1.5,174,21,279,0,0.856,2.247751562183482,0.8332073183624068
1.5,174,51,249,0,0.85,2.2033343461203945,0.8556767100311369
1.5,174,71,229,1,0.846,2.1574636911338927,0.8427522987128432
1.5,174,101,199,0,0.846,2.137498697186924,0.8335224781306851
1.5,174,150,150,0,0.842,2.1262228397685257,0.8149641616663372
1.5,174,201,99,0,0.846,2.128324120049146,0.8224028814532612
1.5,174,251,49,0,0.842,2.118593059837798,0.8087524149754678
1.5,175,21,279,0,0.914,2.4091621434645507,0.7767291958508458
1.5,175,51,249,0,0.912,2.4235919103623167,0.7925152296544438
1.5,175,71,229,1,0.912,2.4137020092304846,0.7798412033429175
1.5,175,101,199,0,0.92,2.446321826858332,0.793046439146338
1.5,175,150,150,0,0.922,2.498849693675422,0.8141897161648762
1.5,175,201,99,0,0.926,2.5180845299240535,0.80017248043629
1.5,175,251,49,0,0.952,2.8437620432354827,0.7918767475440052
1.5,176,21,279,0,0.932,2.495521337006351,0.8971777782513737
1.5,176,51,249,0,0.932,2.351139474596264,0.8093784669722918
1.5,176,71,229,1,0.93,2.3504213584972256,0.8294764504575504
1.5,176,101,199,0,0.93,2.347219052885696,0.8601815460311665
1.5,176,150,150,0,0.926,2.311828136314472,0.8505808042294706
1.5,176,201,99,0,0.914,2.1810050030725407,0.835885802993597
1.5,176,251,49,0,0.93,2.3447493373079653,0.8263875569500466
1.5,177,21,279,0,0.918,2.42899099774931,0.8140828813703412
1.5,177,51,249,0,0.924,2.5668488599268566,0.9052638414227744
1.5,177,71,229,1,0.912,2.45163095295188,0.8615851455925828
1.5,177,101,199,0,0.908,2.3570756629340175,0.8278848620339854
1.5,177,150,150,0,0.892,2.2067338367622527,0.8402280044982211
1.5,177,201,99,0,0.896,2.232227527027783,0.82313822576859
1.5,177,251,49,0,0.898,2.255316362894424,0.8072790744446342
1.5,178,21,279,0,0.86,2.0268565787830766,0.8025094692615415
1.5,178,51,249,0,0.86,2.0249160068637644,0.805203852761098
1.5,178,71,229,1,0.862,2.030366452660258,0.7974714056250383
1.5,178,101,199,0,0.868,2.04848202409617,0.8175266958845614
1.5,178,150,150,0,0.866,2.0409638847590528,0.8063876868145552
1.5,178,201,99,0,0.858,2.0175004018941785,0.815399712477342
1.5,178,251,49,0,0.866,2.0411341313316007,0.8115780443179114
1.5,179,21,279,0,0.91,2.39394256203128,0.9528121710311285
1.5,179,51,249,0,0.902,2.1204153783242683,0.8167607244682492
1.5,179,71,229,1,0.904,2.143045677842272,0.7840311770821233
1.5,179,101,199,0,0.902,2.1614345002204236,0.8028405937550028
1.5,179,150,150,0,0.902,2.140198373874374,0.7930790795286679
1.5,179,201,99,0,0.884,1.993221375864632,0.8015671265012156
1.5,179,251,49,0,0.856,1.756259215224204,0.7956575584930333
1.5,180,21,279,0,0.89,2.205092964361016,0.733779355625404
1.5,180,51,249,0,0.89,2.2084095337975707,0.732727384449208
1.5,180,71,229,1,0.888,2.1710680631155865,0.7257374149712688
1.5,180,101,199,0,0.89,2.193452286009896,0.7524651963781948
1.5,180,150,150,0,0.89,2.2107243795502742,0.7600261953291714
1.5,180,201,99,0,0.89,2.202974613937582,0.7623799406764389
1.5,180,251,49,0,0.902,2.325026631457391,0.7706274043487572
1.5,181,21,279,0,0.92,2.1608203497565244,0.8885230918026954
1.5,181,51,249,0,0.916,2.140728657105866,0.898819726140713
1.5,181,71,229,1,0.928,2.2930293357992886,0.9205320368059017
1.5,181,101,199,0,0.93,2.2607310399957203,0.8613131845206689
1.5,181,150,150,0,0.936,2.2984864275567944,0.8338691882810861
1.5,181,201,99,0,0.936,2.282237519449273,0.8389876549983067
1.5,181,251,49,0,0.976,3.041963573557697,0.827818865859511
1.5,182,21,279,0,0.874,2.097899678789511,0.8039033234587178
1.5,182,51,249,0,0.878,2.131814379146428,0.7864272897212187
1.5,182,71,229,1,0.886,2.168531188722701,0.7853798986368481
1.5,182,101,199,0,0.876,2.087486989395274,0.7977595911130129
1.5,182,150,150,0,0.862,1.9483312436860405,0.8036571421472773
1.5,182,201,99,0,0.868,1.9953549997779954,0.8167256994794223
1.5,182,251,49,0,0.856,1.8945000609150893,0.815530974288223
1.5,183,21,279,0,0.894,2.342979408464874,0.7958697543289621
1.5,183,51,249,0,0.898,2.3901478650825174,0.812289211974844
1.5,183,71,229,1,0.892,2.3377206254882976,0.7884670077891627
1.5,183,101,199,0,0.902,2.4075511421988796,0.8034895904706871
1.5,183,150,150,0,0.888,2.2710480951062255,0.818839345030774
1.5,183,201,99,0,0.906,2.405220543077952,0.8139633588736525
1.5,183,251,49,0,0.908,2.439674460634372,0.8225726071731219
1.5,184,21,279,0,0.872,2.3371192223949184,0.7136482838808965
1.5,184,51,249,0,0.858,2.268492969732027,0.7352839549460709
1.5,184,71,229,1,0.848,2.218894431001725,0.7384309063439944
1.5,184,101,199,0,0.846,2.1982794012792217,0.7466443486190611
1.5,184,150,150,0,0.836,2.1481155956568148,0.7328118958322719
1.5,184,201,99,0,0.824,2.0256606292686423,0.7784371077602044
1.5,184,251,49,0,0.758,1.7423217718598158,0.7770249851149105
1.5,185,21,279,0,0.898,2.222753314187965,0.7425206407109329
1.5,185,51,249,0,0.9,2.318512683646951,0.7294314171291023
1.5,185,71,229,1,0.896,2.215861298665369,0.7648249354031821
1.5,185,101,199,0,0.9,2.2947795944133333,0.8048498022876865
1.5,185,150,150,0,0.902,2.3508781594536994,0.7882998220770957
1.5,185,201,99,0,0.902,2.348022165492578,0.8003566978953227
1.5,185,251,49,0,0.9,2.281041510927269,0.7926268197384682
1.5,186,21,279,0,0.884,2.2583968675384223,0.7658695419375586
1.5,186,51,249,0,0.902,2.4353159823482873,0.8027502090103096
1.5,186,71,229,1,0.906,2.5460551226669814,0.8174696663965982
1.5,186,101,199,0,0.894,2.3843037710195913,0.7838225466627592
1.5,186,150,150,0,0.904,2.4512731479474525,0.7934446460776423
1.5,186,201,99,0,0.872,2.160333158125162,0.7943924562057454
1.5,186,251,49,0,0.862,2.095510863046768,0.8044872174887105
1.5,187,21,279,0,0.92,2.472686545502768,0.7745390658322416
1.5,187,51,249,0,0.928,2.5682924100130355,0.8431967892987674
1.5,187,71,229,1,0.926,2.5374257133138434,0.8252230248864659
1.5,187,101,199,0,0.93,2.598940978411812,0.7991394318201648
1.5,187,150,150,0,0.93,2.6256890996357636,0.8101328070870334
1.5,187,201,99,0,0.93,2.596903132487466,0.7981285689339561
1.5,187,251,49,0,0.922,2.4993608850750526,0.7963972408118398
1.5,188,21,279,0,0.932,2.71661944123011,0.8132302787776634
1.5,188,51,249,0,0.938,2.7576221820607927,0.7744686223392608
1.5,188,71,229,1,0.938,2.746588327777214,0.7658508785810185
1.5,188,101,199,0,0.942,2.7959068456280716,0.7749393681293338
1.5,188,150,150,0,0.938,2.7563444856338175,0.7734534517181426
1.5,188,201,99,0,0.942,2.827727010808931,0.781880883489018
1.5,188,251,49,0,0.956,3.117767621363545,0.8039233292173201
1.5,189,21,279,0,0.92,2.5807318239059396,0.8513726259582279
1.5,189,51,249,0,0.924,2.5571853603973684,0.8115586959380097
1.5,189,71,229,1,0.932,2.6294197590922566,0.8304359890976603
1.5,189,101,199,0,0.938,2.665104597203131,0.8037890578454414
1.5,189,150,150,0,0.938,2.675038087085813,0.8123557700662897
1.5,189,201,99,0,0.938,2.6661194176565615,0.8045154121684679
1.5,189,251,49,0,0.968,3.304812185365353,0.8004299387522817
1.5,190,21,279,0,0.904,2.2832714324597583,0.8665594658423648
1.5,190,51,249,0,0.912,2.3180358846382143,0.8219660688795688
1.5,190,71,229,1,0.91,2.2927168060307603,0.7865606100235099
1.5,190,101,199,0,0.914,2.3720795003548463,0.8216729347297256
1.5,190,150,150,0,0.908,2.307398544195976,0.8007602276396971
1.5,190,201,99,0,0.9,2.2421437864120812,0.7869749073188471
1.5,190,251,49,0,0.94,2.649585773326761,0.783656658082559
1.5,191,21,279,0,0.896,2.2980076645073426,0.8230409338314071
1.5,191,51,249,0,0.882,2.231597681471373,0.7752970892477914
1.5,191,71,229,1,0.882,2.213710248895953,0.771368784781388
1.5,191,101,199,0,0.89,2.2694216715773856,0.7617478375568871
1.5,191,150,150,0,0.892,2.321732503490935,0.7339197695979749
1.5,191,201,99,0,0.896,2.32049116703509,0.7788491189438098
1.5,191,251,49,0,0.914,2.5437912002567313,0.7920081997319091
1.5,192,21,279,0,0.886,2.2694029796679076,0.7449197646147779
1.5,192,51,249,0,0.894,2.291812080954097,0.813202331517179
1.5,192,71,229,1,0.88,2.259469090060291,0.8762033509464956
1.5,192,101,199,0,0.884,2.281933041019748,0.8782525474782342
1.5,192,150,150,0,0.884,2.2824883372340756,0.8482212516591352
1.5,192,201,99,0,0.898,2.4186032220330103,0.8236198182408356
1.5,192,251,49,0,0.836,1.912824489046343,0.8282644341108919
1.5,193,21,279,0,0.876,2.136622199487012,0.8222942416533686
1.5,193,51,249,0,0.882,2.191204981517054,0.8155794267305566
1.5,193,71,229,1,0.874,2.1577314419164404,0.8068164975410976
1.5,193,101,199,0,0.884,2.14866657697979,0.7842450118003325
1.5,193,150,150,0,0.898,2.2310813202090523,0.7530383581787894
1.5,193,201,99,0,0.894,2.2057942103408688,0.7658652552027209
1.5,193,251,49,0,0.89,2.184047745938674,0.7728361653254474
1.5,194,21,279,0,0.888,2.410177269701605,0.8113225264246167
1.5,194,51,249,0,0.888,2.462247944588915,0.7992647239007706
1.5,194,71,229,1,0.888,2.4529152230725337,0.8027536520790748
1.5,194,101,199,0,0.892,2.4685870292501564,0.7870713449222763
1.5,194,150,150,0,0.91,2.6200173337905817,0.827414687246202
1.5,194,201,99,0,0.918,2.77618730748698,0.8317922105943852
1.5,194,251,49,0,0.942,3.081445431072179,0.8335972140060608
1.5,195,21,279,0,0.914,2.445451109186497,0.6507358693525895
1.5,195,51,249,0,0.918,2.4590041850501723,0.6906908561045487
1.5,195,71,229,1,0.922,2.508909833809205,0.713484928641008
1.5,195,101,199,0,0.932,2.576552204873762,0.7034149446986581
1.5,195,150,150,0,0.922,2.486225368668262,0.7478699876615428
1.5,195,201,99,0,0.928,2.587463701709836,0.7772700278554563
1.5,195,251,49,0,0.924,2.5763369768388866,0.7989350658261725
1.5,196,21,279,0,0.89,2.318666896699994,0.7122055955666089
1.5,196,51,249,0,0.908,2.425370667592886,0.7790113762743839
1.5,196,71,229,1,0.908,2.4192248625292474,0.7867999942428707
1.5,196,101,199,0,0.906,2.4071669700790763,0.8019008714539628
1.5,196,150,150,0,0.884,2.208922328063518,0.8017420908830566
1.5,196,201,99,0,0.906,2.401246772449319,0.8092309487863788
1.5,196,251,49,0,0.878,2.18616448094605,0.8122396009037833
1.5,197,21,279,0,0.902,2.5472659059179175,0.6983204350911473
1.5,197,51,249,0,0.898,2.4700762063859507,0.7810163686765147
1.5,197,71,229,1,0.898,2.4680344469079794,0.7869237987980733
1.5,197,101,199,0,0.896,2.4638343627224977,0.7986286075481083
1.5,197,150,150,0,0.896,2.494865421296986,0.8069983817353263
1.5,197,201,99,0,0.884,2.3242300920102332,0.797253619508755
1.5,197,251,49,0,0.868,2.2000241258734365,0.8150694663527333
1.5,198,21,279,0,0.88,2.2011472273014743,0.8653569897451726
1.5,198,51,249,0,0.88,2.1902078030987004,0.8553900360506012
1.5,198,71,229,1,0.88,2.1976318675033863,0.8626224238207026
1.5,198,101,199,0,0.878,2.156174377339171,0.8632332498712804
1.5,198,150,150,0,0.862,2.056422461342424,0.838168397746497
1.5,198,201,99,0,0.866,2.1534241193825654,0.8335765735032313
1.5,198,251,49,0,0.864,2.094396345456242,0.8279164792416064
1.5,199,21,279,0,0.894,2.243916792455893,0.7807904214403018
1.5,199,51,249,0,0.916,2.4178482739920955,0.7956489793269297
1.5,199,71,229,1,0.894,2.275860366217978,0.7525298478703439
1.5,199,101,199,0,0.896,2.2811415379641766,0.757843502308845
1.5,199,150,150,0,0.882,2.1581072828287935,0.7451573247210675
1.5,199,201,99,0,0.882,2.1594645335563043,0.7433941551207315
1.5,199,251,49,0,0.924,2.5371012682937506,0.7703794453883152
1.5,200,21,279,0,0.902,2.3333279408004093,0.8150557490275773
1.5,200,51,249,0,0.918,2.457716108252451,0.7948002304063474
1.5,200,71,229,1,0.918,2.461480586899559,0.793690462257335
1.5,200,101,199,0,0.912,2.4276603471408458,0.8037017183669062
1.5,200,150,150,0,0.916,2.453116093295272,0.8049211722058506
1.5,200,201,99,0,0.926,2.6340907202662027,0.7771851959829242
1.5,200,251,49,0,0.92,2.594509590003052,0.7916355622577218
1.5,201,21,279,0,0.906,2.3377680814938757,0.7792010077432154
1.5,201,51,249,0,0.908,2.3717854648554977,0.7650590626075274
1.5,201,71,229,1,0.904,2.3418901497130595,0.7591366757776155
1.5,201,101,199,0,0.912,2.4083636424749413,0.7577248934365582
1.5,201,150,150,0,0.904,2.3375455851728204,0.7637382008517408
1.5,201,201,99,0,0.904,2.3355241804547697,0.7661200233456419
1.5,201,251,49,0,0.93,2.64869575303995,0.7738321857171527
1.5,202,21,279,0,0.89,2.2689451048107556,0.7137142573303872
1.5,202,51,249,0,0.91,2.4379023595178424,0.7921231359644098
1.5,202,71,229,1,0.904,2.347578378379001,0.7927627890797484
1.5,202,101,199,0,0.906,2.392833549056666,0.75991649675633
1.5,202,150,150,0,0.918,2.5023118164504177,0.7390033080230318
1.5,202,201,99,0,0.92,2.538258640017263,0.7321846901545628
1.5,202,251,49,0,0.906,2.406809445427044,0.7532519372772366
1.5,203,21,279,0,0.894,2.2458737336470294,0.8645619261064502
1.5,203,51,249,0,0.922,2.390716920273656,0.8070705519374624
1.5,203,71,229,1,0.926,2.452657755969646,0.7918278590968278
1.5,203,101,199,0,0.918,2.414335193839914,0.7844702629447141
1.5,203,150,150,0,0.926,2.446208875400866,0.7947580929365802
1.5,203,201,99,0,0.922,2.4007257982275396,0.7978277943440462
1.5,203,251,49,0,0.922,2.3859875768462855,0.8112836415628681
1.5,204,21,279,0,0.896,2.312616050463948,0.7937594208502669
1.5,204,51,249,0,0.908,2.390882206940965,0.8150318223669456
1.5,204,71,229,1,0.91,2.417869201698867,0.8211494336508747
1.5,204,101,199,0,0.922,2.5307659824584583,0.8497469258628616
1.5,204,150,150,0,0.922,2.567020161589063,0.8445296762395104
1.5,204,201,99,0,0.914,2.487075426953958,0.772482402368007
1.5,204,251,49,0,0.968,3.3102825946769077,0.7658955547466408
1.5,205,21,279,0,0.898,2.2743756768137646,0.8352696924334184
1.5,205,51,249,0,0.894,2.200702875667863,0.7681382230189858
1.5,205,71,229,1,0.894,2.123304260105935,0.7477323008064762
1.5,205,101,199,0,0.888,2.1002460686178765,0.7435891517211656
1.5,205,150,150,0,0.912,2.4108424548064167,0.7575177505719783
1.5,205,201,99,0,0.95,2.691244414914945,0.7561365634226559
1.5,205,251,49,0,0.91,2.3886180117316327,0.7638043513294098
1.5,206,21,279,0,0.868,2.128275722370119,0.6952090377969019
1.5,206,51,249,0,0.872,2.176950911118036,0.6693508876475416
1.5,206,71,229,1,0.878,2.218142082361567,0.7119524418644072
1.5,206,101,199,0,0.878,2.1837635371308433,0.7373485269178314
1.5,206,150,150,0,0.916,2.5491624250318043,0.7730101376654541
1.5,206,201,99,0,0.932,2.8352842214524077,0.809665746050207
1.5,206,251,49,0,0.912,2.475857175919691,0.8105839649585781
1.5,207,21,279,0,0.908,2.449923538121835,0.7944830932963285
1.5,207,51,249,0,0.91,2.4559404916584398,0.8018225657891586
1.5,207,71,229,1,0.91,2.459168759578477,0.8059527987031624
1.5,207,101,199,0,0.898,2.3638544734269673,0.8109075696475464
1.5,207,150,150,0,0.912,2.476720646379111,0.8318889405016978
1.5,207,201,99,0,0.91,2.4692860925284954,0.8200236224129822
1.5,207,251,49,0,0.908,2.444110851532095,0.8317933486140151
1.5,208,21,279,0,0.896,2.3091051250306003,0.8579198975275811
1.5,208,51,249,0,0.892,2.3082027225350084,0.8190052411667103
1.5,208,71,229,1,0.896,2.375295839841174,0.79098762694543
1.5,208,101,199,0,0.892,2.323949087224534,0.7820715090157601
1.5,208,150,150,0,0.9,2.409086329421073,0.8018812076689149
1.5,208,201,99,0,0.914,2.4822014998329904,0.8034967255755946
1.5,208,251,49,0,0.904,2.420106590647201,0.7903334903561192
1.5,209,21,279,0,0.898,2.210800556206674,0.8689327739792837
1.5,209,51,249,0,0.898,2.2444675180345586,0.872273221655554
1.5,209,71,229,1,0.9,2.248048553438503,0.8525212865569166
1.5,209,101,199,0,0.91,2.3199436234735114,0.804281205636094
1.5,209,150,150,0,0.934,2.6242842090380742,0.7920709696788525
1.5,209,201,99,0,0.942,2.7701411224812875,0.8117196575518284
1.5,209,251,49,0,0.96,3.2739130395002713,0.8230379570706213
1.5,210,21,279,0,0.904,2.4699697787755133,0.8878824462425959
1.5,210,51,249,0,0.92,2.6060976349915337,0.8915915848356837
1.5,210,71,229,1,0.906,2.5023122618251414,0.8732837500600094
1.5,210,101,199,0,0.904,2.3979667658537602,0.8416758356815733
1.5,210,150,150,0,0.904,2.4127464368945737,0.8346145984279214
1.5,210,201,99,0,0.904,2.443802112346438,0.8453687562125857
1.5,210,251,49,0,0.936,2.7648668529941034,0.8409695058491828
1.5,211,21,279,0,0.896,2.5883952103006043,0.8564639071729744
1.5,211,51,249,0,0.904,2.6280581089963553,0.7823057447237177
1.5,211,71,229,1,0.902,2.6263575240883603,0.7863152103089426
1.5,211,101,199,0,0.9,2.6416160320806386,0.8309266292176303
1.5,211,150,150,0,0.904,2.6618291508872525,0.8122560698039876
1.5,211,201,99,0,0.898,2.61624738736379,0.8080967115588367
1.5,211,251,49,0,0.904,2.6615345112504154,0.8097056656966698
1.5,212,21,279,0,0.85,2.0803835502303505,0.8344577799708247
1.5,212,51,249,0,0.836,1.939409651174424,0.7992211452174525
1.5,212,71,229,1,0.834,1.9192665092590504,0.8003660505975608
1.5,212,101,199,0,0.844,2.004852097745791,0.8108359431190407
1.5,212,150,150,0,0.842,1.9941743540960395,0.7853372011545413
1.5,212,201,99,0,0.842,1.9590751814735452,0.7703139550952341
1.5,212,251,49,0,0.858,2.063284828719666,0.760858911658105
1.5,213,21,279,0,0.91,2.332394541418875,0.8020160195079318
1.5,213,51,249,0,0.902,2.2118229312024122,0.800805796414961
1.5,213,71,229,1,0.896,2.1449716963720826,0.8341110743658989
1.5,213,101,199,0,0.898,2.156694335463783,0.8165448816382262
1.5,213,150,150,0,0.918,2.3839032638675035,0.7994155820918711
1.5,213,201,99,0,0.936,2.547224175384508,0.8062084072947886
1.5,213,251,49,0,0.932,2.5058901992151292,0.8119424751914355
1.5,214,21,279,0,0.92,2.491959061544534,0.7606037814229425
1.5,214,51,249,0,0.92,2.4840306278701507,0.7731343124812501
1.5,214,71,229,1,0.92,2.4909736768445647,0.7622062954858753
1.5,214,101,199,0,0.91,2.3805280092764782,0.77289362939173
1.5,214,150,150,0,0.91,2.399963531702295,0.7659937086682076
1.5,214,201,99,0,0.884,2.168545582415989,0.7819288633531565
1.5,214,251,49,0,0.828,1.7591836677793253,0.8043555561165239
1.5,215,21,279,0,0.874,2.3549575385460098,0.6381470624635076
1.5,215,51,249,0,0.888,2.3749007142228775,0.7250219506914088
1.5,215,71,229,1,0.888,2.3136345159605525,0.7662769270278881
1.5,215,101,199,0,0.886,2.2802092700322527,0.7883436567274663
1.5,215,150,150,0,0.886,2.287801495643839,0.7833544991547792
1.5,215,201,99,0,0.876,2.227794618644588,0.7738719244156957
1.5,215,251,49,0,0.894,2.3413909171143277,0.7846907308097796
1.5,216,21,279,0,0.862,2.161571411621534,0.8518694245966868
1.5,216,51,249,0,0.87,2.1973222479055208,0.8142461020580261
1.5,216,71,229,1,0.872,2.2192944394635967,0.824849746609298
1.5,216,101,199,0,0.88,2.333173143412032,0.8070155269816145
1.5,216,150,150,0,0.846,1.95022817828322,0.831605642159684
1.5,216,201,99,0,0.82,1.787657339993432,0.8329247658674798
1.5,216,251,49,0,0.834,1.8486249772990118,0.8247038983831995
1.5,217,21,279,0,0.876,2.270219573587483,0.8110802952479396
1.5,217,51,249,0,0.87,2.2376811624259325,0.7846003553052202
1.5,217,71,229,1,0.876,2.234403325194825,0.8004873395078568
1.5,217,101,199,0,0.874,2.2327812143992785,0.8076116196930421
1.5,217,150,150,0,0.876,2.280297250593575,0.8263894610430279
1.5,217,201,99,0,0.914,2.661748660321925,0.8037107812015943
1.5,217,251,49,0,0.88,2.3055408149571437,0.7907256222069852
1.5,218,21,279,0,0.906,2.3163078912627086,0.8216109784509618
1.5,218,51,249,0,0.918,2.3567015867259506,0.7867923331595431
1.5,218,71,229,1,0.926,2.4482989688373906,0.7736093740449254
1.5,218,101,199,0,0.916,2.4003037669489906,0.8165484995081362
1.5,218,150,150,0,0.928,2.4541326050615524,0.788477707647655
1.5,218,201,99,0,0.922,2.362256487761105,0.782305858838068
1.5,218,251,49,0,0.932,2.5431750299349085,0.784977998917618
1.5,219,21,279,0,0.89,2.2985014888822706,0.7376163299741963
1.5,219,51,249,0,0.888,2.288882929356998,0.7383944944873071
1.5,219,71,229,1,0.884,2.250734322476287,0.759985428790039
1.5,219,101,199,0,0.884,2.249820224886169,0.7778169144979206
1.5,219,150,150,0,0.884,2.2488397719676017,0.7769964320602771
1.5,219,201,99,0,0.884,2.233048940718798,0.7680862172739754
1.5,219,251,49,0,0.884,2.234792486255337,0.7672854650854729
1.5,220,21,279,0,0.9,2.32558150786396,0.8599631227750943
1.5,220,51,249,0,0.91,2.3842681756848987,0.8015691171593035
1.5,220,71,229,1,0.91,2.3846000424153027,0.8012479947574196
1.5,220,101,199,0,0.904,2.366545608681002,0.818441868635253
1.5,220,150,150,0,0.9,2.2806488153072704,0.7991760501514468
1.5,220,201,99,0,0.898,2.2845027747738333,0.8011145011129291
1.5,220,251,49,0,0.898,2.264352646392916,0.7953413436668851
1.5,221,21,279,0,0.9,2.465530310642547,0.8346236699004715
1.5,221,51,249,0,0.898,2.445675572721766,0.8690561672751287
1.5,221,71,229,1,0.904,2.5018942179495753,0.8489866832918788
1.5,221,101,199,0,0.894,2.4629612208419984,0.8176398445248457
1.5,221,150,150,0,0.928,2.7132803027352534,0.8203248528703042
1.5,221,201,99,0,0.892,2.4064449581398866,0.8106300390638003
1.5,221,251,49,0,0.934,2.7839543353472087,0.8066933157502049
1.5,222,21,279,0,0.882,2.0985908170578185,0.8837133754753814
1.5,222,51,249,0,0.886,2.156492582475128,0.8126334228724038
1.5,222,71,229,1,0.89,2.202385097674724,0.7889235289093572
1.5,222,101,199,0,0.886,2.1490780578482753,0.7986985610161738
1.5,222,150,150,0,0.886,2.183989746113193,0.8020051539199518
1.5,222,201,99,0,0.896,2.26139065821512,0.8059093901860424
1.5,222,251,49,0,0.922,2.607573294620282,0.8109312791312436
1.5,223,21,279,0,0.912,2.6389540393948785,0.98
1.5,223,51,249,0,0.92,2.47615491509118,0.9245496773392842
1.5,223,71,229,1,0.904,2.3616511360119685,0.8434009444441088
1.5,223,101,199,0,0.904,2.357283156220803,0.8387001842826073
1.5,223,150,150,0,0.914,2.4626471766559934,0.8581434679644422
1.5,223,201,99,0,0.902,2.354486462339525,0.8356719783751855
1.5,223,251,49,0,0.92,2.4878300462823693,0.8153363324848165
1.5,224,21,279,0,0.91,2.4071733468631606,0.6290514875602292
1.5,224,51,249,0,0.9,2.3856521307671814,0.6773999773248932
1.5,224,71,229,1,0.91,2.3898451031084305,0.6587120353935317
1.5,224,101,199,0,0.914,2.482489152777837,0.7271094813729008
1.5,224,150,150,0,0.906,2.3831583342566303,0.7257375654998423
1.5,224,201,99,0,0.91,2.3892510413702546,0.7564476653293323
1.5,224,251,49,0,0.91,2.3905874548003494,0.7604940433229945
1.5,225,21,279,0,0.89,2.2152211150130587,0.8179801773297269
1.5,225,51,249,0,0.896,2.264111390615583,0.8263594906160744
1.5,225,71,229,1,0.89,2.2008530420394807,0.833744648198871
1.5,225,101,199,0,0.888,2.2045186880547187,0.846856108235062
1.5,225,150,150,0,0.904,2.3823687616778537,0.8170885135191246
1.5,225,201,99,0,0.896,2.3167406054822712,0.800481968746912
1.5,225,251,49,0,0.866,2.014610668524823,0.8058943452048796
1.5,226,21,279,0,0.912,2.3776971284929274,0.7790610459583202
1.5,226,51,249,0,0.9,2.3250918444660855,0.8361487268679731
1.5,226,71,229,1,0.914,2.4644467654838547,0.8274091064273642
1.5,226,101,199,0,0.912,2.4172328866987596,0.8169516922454508
1.5,226,150,150,0,0.914,2.405297881872629,0.7841032221392128
1.5,226,201,99,0,0.882,2.194779676455773,0.7586200496914449
1.5,226,251,49,0,0.922,2.575138584314991,0.7703329915826245
1.5,227,21,279,0,0.87,2.048030437212419,0.8546927488811641
1.5,227,51,249,0,0.872,2.0674922522447505,0.8191909112607253
1.5,227,71,229,1,0.872,2.0629639320454616,0.8216462452393086
1.5,227,101,199,0,0.876,2.082443354242776,0.8366598134989849
1.5,227,150,150,0,0.872,2.0498796079748165,0.8377404682171604
1.5,227,201,99,0,0.91,2.5106291992677257,0.8101552615962724
1.5,227,251,49,0,0.908,2.5056024286486083,0.8065253624659842
1.5,228,21,279,0,0.88,2.208524511744945,0.8126362712374808
1.5,228,51,249,0,0.882,2.2374744387094,0.8310230924286912
1.5,228,71,229,1,0.89,2.296454140277595,0.8164212354489045
1.5,228,101,199,0,0.886,2.2464792846459765,0.8028424075933813
1.5,228,150,150,0,0.888,2.2958308483336727,0.8112010135405121
1.5,228,201,99,0,0.886,2.2524390402432246,0.8054565329286938
1.5,228,251,49,0,0.906,2.439682720331832,0.7980125675159091
1.5,229,21,279,0,0.892,2.2100696274795757,0.6499232653330662
1.5,229,51,249,0,0.898,2.240106666845097,0.7693862642941872
1.5,229,71,229,1,0.894,2.248823916132833,0.781517329858237
1.5,229,101,199,0,0.884,2.1664527166539793,0.7641171466993213
1.5,229,150,150,0,0.886,2.1663377874483563,0.7552015688330764
1.5,229,201,99,0,0.884,2.1700096900349863,0.7684643909572572
1.5,229,251,49,0,0.916,2.4799802840190788,0.7793319020548358
1.5,230,21,279,0,0.88,2.3346087307413237,0.5963081317779229
1.5,230,51,249,0,0.9,2.4215462024275314,0.6027427682865703
1.5,230,71,229,1,0.88,2.3022964762986704,0.6280143568447548
1.5,230,101,199,0,0.894,2.384599169892186,0.6765695845335912
1.5,230,150,150,0,0.884,2.23370820614247,0.7144564398377894
1.5,230,201,99,0,0.89,2.3485229371529774,0.7440186246121283
1.5,230,251,49,0,0.85,2.0592191673226927,0.7352022722008017
1.5,231,21,279,0,0.872,2.2089140227214434,0.7714660774397903
1.5,231,51,249,0,0.868,2.1620745207646803,0.7614211715645317
1.5,231,71,229,1,0.872,2.192755914641874,0.7656746644856957
1.5,231,101,199,0,0.866,2.13856486529245,0.7749331870690221
1.5,231,150,150,0,0.866,2.1246331477558744,0.7693335120476372
1.5,231,201,99,0,0.828,1.8367325453790435,0.7860528754354617
1.5,231,251,49,0,0.778,1.6221076703866861,0.790479278458505
1.5,232,21,279,0,0.872,2.0682858140301668,0.7722382002817905
1.5,232,51,249,0,0.872,2.0456748086940757,0.7665949239579797
1.5,232,71,229,1,0.872,2.058957324211837,0.7926805453336317
1.5,232,101,199,0,0.88,2.184356575976459,0.8616448209518988
1.5,232,150,150,0,0.88,2.1725746938031927,0.8569060508778098
1.5,232,201,99,0,0.874,2.0829932008818566,0.8493262511792073
1.5,232,251,49,0,0.874,2.0785631001285143,0.8462300419433173
1.5,233,21,279,0,0.894,2.392173878556314,0.8951743548704003
1.5,233,51,249,0,0.888,2.248754596818121,0.8291060065917353
1.5,233,71,229,1,0.892,2.2902445468565746,0.8084870296930077
1.5,233,101,199,0,0.892,2.300850222616207,0.8136046601946524
1.5,233,150,150,0,0.886,2.241263421278818,0.839258154240698
1.5,233,201,99,0,0.884,2.220760524314791,0.8349183272766654
1.5,233,251,49,0,0.892,2.2900510128580627,0.8182212529094776
1.5,234,21,279,0,0.914,2.6409579876600384,0.7565138983058223
1.5,234,51,249,0,0.922,2.6370405121390696,0.8169325333421691
1.5,234,71,229,1,0.93,2.7580558923362752,0.8548789896376705
1.5,234,101,199,0,0.906,2.4321848430783666,0.8391346364560546
1.5,234,150,150,0,0.944,2.908986304833958,0.8096601565563111
1.5,234,201,99,0,0.954,3.182245637741334,0.803294523982862
1.5,234,251,49,0,0.966,3.4869271080921287,0.7876712147126952
1.5,235,21,279,0,0.892,2.3064623606817642,0.7730472664234772
1.5,235,51,249,0,0.886,2.2776288211782867,0.7688832123478553
1.5,235,71,229,1,0.892,2.3050343756106875,0.7800653537666108
1.5,235,101,199,0,0.904,2.520979052120267,0.7865646434451998
1.5,235,150,150,0,0.87,2.190203464142087,0.7732066076149152
1.5,235,201,99,0,0.834,1.970787377651749,0.7835400863744184
1.5,235,251,49,0,0.856,2.067974026626686,0.7798172475602732
1.5,236,21,279,0,0.914,2.4780998957607068,0.807819394016987
1.5,236,51,249,0,0.904,2.416093197338661,0.7849777799955442
1.5,236,71,229,1,0.908,2.427254684390109,0.7886343280315907
1.5,236,101,199,0,0.904,2.3817431622128487,0.7952353875161485
1.5,236,150,150,0,0.904,2.36027966581765,0.8060232152181044
1.5,236,201,99,0,0.868,2.0562920204464543,0.798299367645392
1.5,236,251,49,0,0.904,2.3789090407968176,0.7930361824920303
1.5,237,21,279,0,0.922,2.451426091333037,0.7462222763704802
1.5,237,51,249,0,0.94,2.7707580806340166,0.8679970361043349
1.5,237,71,229,1,0.936,2.706755596840246,0.8376295469141417
1.5,237,101,199,0,0.934,2.636317144657115,0.8146648393295337
1.5,237,150,150,0,0.942,2.7453953084194285,0.7973939596662103
1.5,237,201,99,0,0.944,2.780633373129416,0.8051591508309038
1.5,237,251,49,0,0.916,2.3991031524296806,0.800831626203788
1.5,238,21,279,0,0.902,2.384634923958805,0.7085689579502769
1.5,238,51,249,0,0.912,2.457031172975786,0.7331077747929767
1.5,238,71,229,1,0.93,2.649734374945951,0.7438648771982709
1.5,238,101,199,0,0.926,2.597102989561419,0.790580979804931
1.5,238,150,150,0,0.924,2.5651006809861507,0.773490574776679
1.5,238,201,99,0,0.92,2.5207062886470113,0.8057192329454279
1.5,238,251,49,0,0.9,2.301068283140704,0.8019128003612692
1.5,239,21,279,0,0.916,2.738814384702507,0.6803047037437797
1.5,239,51,249,0,0.916,2.6120271148768133,0.7566586972109395
1.5,239,71,229,1,0.912,2.547546958298874,0.7857772003057305
1.5,239,101,199,0,0.91,2.5411082916036283,0.8009004304798252
1.5,239,150,150,0,0.916,2.5704302222423667,0.8091062882732296
1.5,239,201,99,0,0.928,2.7505121505775576,0.8232302029328201
1.5,239,251,49,0,0.938,3.0363474549182885,0.8213561764864181
1.5,240,21,279,0,0.91,2.386820330261842,0.8051544751840464
1.5,240,51,249,0,0.924,2.4406626368740496,0.8402676777349009
1.5,240,71,229,1,0.908,2.3275295416014115,0.8238346219572904
1.5,240,101,199,0,0.904,2.2918629560370234,0.8069692750717826
1.5,240,150,150,0,0.874,2.0006769836047167,0.8028990143254143
1.5,240,201,99,0,0.848,1.901857402902258,0.8174312652487923
1.5,240,251,49,0,0.9,2.2681590517695875,0.8251783181682606
1.5,241,21,279,0,0.81,1.8868125787445174,0.7499300161397304
1.5,241,51,249,0,0.816,1.926801077945471,0.8361947631140848
1.5,241,71,229,1,0.814,1.923784386852675,0.8386596255040296
1.5,241,101,199,0,0.814,1.924879683976202,0.8398790199162249
1.5,241,150,150,0,0.844,2.086271543481851,0.8254339718472192
1.5,241,201,99,0,0.848,2.104286813252219,0.798208814808635
1.5,241,251,49,0,0.91,2.633383189856513,0.7916316045584386
1.5,242,21,279,0,0.898,2.081577995756239,0.8224409366924782
1.5,242,51,249,0,0.9,2.113766606447753,0.833803345133594
1.5,242,71,229,1,0.9,2.14565227925884,0.7936028314898892
1.5,242,101,199,0,0.9,2.1296955520120617,0.8141297435666468
1.5,242,150,150,0,0.896,2.0736141475580174,0.8180561489878021
1.5,242,201,99,0,0.904,2.1818451575244335,0.8104758321065582
1.5,242,251,49,0,0.926,2.4446828158624965,0.8213176379821293
1.5,243,21,279,0,0.916,2.356813782436418,0.8209148869138128
1.5,243,51,249,0,0.912,2.3602043364683776,0.8475191714996796
1.5,243,71,229,1,0.91,2.397212486720006,0.8719893560957003
1.5,243,101,199,0,0.91,2.3876705589069216,0.8691356525280689
1.5,243,150,150,0,0.95,2.811822865890429,0.851289583501895
1.5,243,201,99,0,0.956,2.8560961489403742,0.8275813148032849
1.5,243,251,49,0,0.956,2.8814273474371923,0.8141813817059802
1.5,244,21,279,0,0.862,2.178645519921751,0.7966851552829408
1.5,244,51,249,0,0.854,2.0873127138834904,0.7375650967456716
1.5,244,71,229,1,0.856,2.079193664448463,0.7571906113526933
1.5,244,101,199,0,0.868,2.235400819984492,0.7479347795195892
1.5,244,150,150,0,0.832,1.9696383891492653,0.7766054133245414
1.5,244,201,99,0,0.852,2.068898579827639,0.780735816719027
1.5,244,251,49,0,0.852,2.0688200597714985,0.7809104254717564
1.5,245,21,279,0,0.91,2.4948294963180278,0.8372546903977949
1.5,245,51,249,0,0.92,2.629774722010505,0.8293527454830654
1.5,245,71,229,1,0.924,2.6198849001091986,0.8214245562044644
1.5,245,101,199,0,0.924,2.61271419326688,0.8115241197928261
1.5,245,150,150,0,0.924,2.597362795183167,0.8144387111605137
1.5,245,201,99,0,0.924,2.6197554994654686,0.821246884844566
1.5,245,251,49,0,0.924,2.6196492902635935,0.8211010293299286
1.5,246,21,279,0,0.912,2.532208956379001,0.8068121711462999
1.5,246,51,249,0,0.888,2.3263375077429074,0.732648831532564
1.5,246,71,229,1,0.876,2.245356893822747,0.7224915318763793
1.5,246,101,199,0,0.866,2.1784691679619215,0.7269631680975875
1.5,246,150,150,0,0.88,2.2351355050782895,0.7329743663686107
1.5,246,201,99,0,0.886,2.301109345191591,0.7469219270151906
1.5,246,251,49,0,0.896,2.407952589088253,0.7736624795956754
1.5,247,21,279,0,0.886,2.1451598521191872,0.591825513691497
1.5,247,51,249,0,0.902,2.0502152344368865,0.8142873018351591
1.5,247,71,229,1,0.9,2.06450396167696,0.8354024759802025
1.5,247,101,199,0,0.902,2.0552981945687887,0.8070904190798449
1.5,247,150,150,0,0.874,1.921556724341061,0.8233575903063762
1.5,247,201,99,0,0.88,1.9546100403837938,0.8225880066254193
1.5,247,251,49,0,0.906,2.1221931308462065,0.80480405016539
1.5,248,21,279,0,0.896,2.3701840581922498,0.64403961409589
1.5,248,51,249,0,0.896,2.3752229762325805,0.7744735376051604
1.5,248,71,229,1,0.9,2.3858882981827274,0.8074849770980654
1.5,248,101,199,0,0.902,2.39576707839354,0.803626152738098
1.5,248,150,150,0,0.918,2.502775478796285,0.7617429663227535
1.5,248,201,99,0,0.918,2.5098660892747486,0.7661903566613132
1.5,248,251,49,0,0.87,2.1994213040540926,0.7836859545970817
1.5,249,21,279,0,0.874,2.287521953357986,0.817616634841843
1.5,249,51,249,0,0.874,2.2614639220241317,0.7265138111561437
1.5,249,71,229,1,0.876,2.3057659556884347,0.7636459840412482
1.5,249,101,199,0,0.864,2.15705586224885,0.7635270538246728
1.5,249,150,150,0,0.832,1.9455863443192467,0.7991704170965906
1.5,249,201,99,0,0.836,1.9450019808839412,0.8099500597225341
1.5,249,251,49,0,0.866,2.191573484309475,0.8066966382637897
1.5,250,21,279,0,0.892,2.1995520372854362,0.7908935089552467
1.5,250,51,249,0,0.892,2.236154546862958,0.8037341921599481
1.5,250,71,229,1,0.9,2.289040285275057,0.7929540690559554
1.5,250,101,199,0,0.9,2.354078271477958,0.8100777066527848
1.5,250,150,150,0,0.902,2.3628212753037405,0.8051011003683554
1.5,250,201,99,0,0.902,2.333323348184561,0.7925928132046295
1.5,250,251,49,0,0.894,2.264547898547486,0.8032276708087611
1.5,251,21,279,0,0.916,2.541084699833584,0.8384523617792985
1.5,251,51,249,0,0.906,2.4192158472881027,0.817001150957786
1.5,251,71,229,1,0.904,2.406599304016877,0.8118299700755552
1.5,251,101,199,0,0.906,2.419702566280471,0.8172226782918063
1.5,251,150,150,0,0.904,2.3854584189485606,0.8023932359522866
1.5,251,201,99,0,0.91,2.453250925225551,0.7910616965284671
1.5,251,251,49,0,0.91,2.4369796922964246,0.791125192716355
1.5,252,21,279,0,0.9,2.1475431363126085,0.7438306617528281
1.5,252,51,249,0,0.902,2.1489928645086964,0.7440878150388451
1.5,252,71,229,1,0.92,2.348434573857788,0.8142870509920335
1.5,252,101,199,0,0.91,2.214517754821789,0.813512076151664
1.5,252,150,150,0,0.904,2.162819320215304,0.8094899017785719
1.5,252,201,99,0,0.924,2.407311521107539,0.8277032671421246
1.5,252,251,49,0,0.926,2.50863556272731,0.8226904832477211
1.5,253,21,279,0,0.884,2.248052159275573,0.8273832966478193
1.5,253,51,249,0,0.89,2.2959757788792947,0.8018738997247973
1.5,253,71,229,1,0.896,2.3300495057620143,0.7761176309836552
1.5,253,101,199,0,0.9,2.337096542449768,0.7528390154700253
1.5,253,150,150,0,0.89,2.295954113020707,0.8044454969040234
1.5,253,201,99,0,0.862,2.0314437154115703,0.7784809674712908
1.5,253,251,49,0,0.832,1.8834507094064517,0.7727312656041488
1.5,254,21,279,0,0.92,2.474183464666523,0.8413450651945328
1.5,254,51,249,0,0.918,2.440085386523975,0.7545336995519214
1.5,254,71,229,1,0.918,2.457081502524206,0.7900412388683042
1.5,254,101,199,0,0.918,2.4471519002308253,0.8331963139251809
1.5,254,150,150,0,0.916,2.410667677772679,0.8224905382784466
1.5,254,201,99,0,0.92,2.4472966997856185,0.8001792759221573
1.5,254,251,49,0,0.912,2.372626210079269,0.7849390376161386
1.5,255,21,279,0,0.886,2.1794649652805913,0.780060474522694
1.5,255,51,249,0,0.884,2.2106496648220473,0.8401910702621959
1.5,255,71,229,1,0.886,2.2253268503747976,0.8216501908575669
1.5,255,101,199,0,0.87,2.107951604692572,0.8250381357604115
1.5,255,150,150,0,0.852,2.0217424565186466,0.8108729546185768
1.5,255,201,99,0,0.872,2.1242704847871403,0.8215289176933191
1.5,255,251,49,0,0.842,1.915205948548226,0.8327021024539164
1.5,256,21,279,0,0.894,2.133933425507673,0.8839282485650205
1.5,256,51,249,0,0.906,2.2291155510796745,0.8186749916224964
1.5,256,71,229,1,0.914,2.276987962961944,0.7996717236016074
1.5,256,101,199,0,0.918,2.3326624383091574,0.7797154763736672
1.5,256,150,150,0,0.918,2.333492377397357,0.7777711403404268
1.5,256,201,99,0,0.926,2.4183677617776267,0.7980378717180427
1.5,256,251,49,0,0.926,2.3755786050636636,0.8096624384788393
1.5,257,21,279,0,0.884,2.3088150305839528,0.8133003052951377
1.5,257,51,249,0,0.882,2.236403943027707,0.7535983404700778
1.5,257,71,229,1,0.886,2.323014790419522,0.7695511626307114
1.5,257,101,199,0,0.886,2.3237003868897026,0.76749444237143
1.5,257,150,150,0,0.888,2.3470705188143905,0.7962559022818335
1.5,257,201,99,0,0.908,2.5077483349975336,0.8036988540953458
1.5,257,251,49,0,0.878,2.2128630021779507,0.8042709726000838
1.5,258,21,279,0,0.91,2.3763733173815877,0.8156364253105717
1.5,258,51,249,0,0.89,2.235793590462423,0.871300023488935
1.5,258,71,229,1,0.9,2.3322490976015953,0.8291841219002954
1.5,258,101,199,0,0.884,2.2119769348240625,0.8086436040682433
1.5,258,150,150,0,0.888,2.2198597024657474,0.7857032574663945
1.5,258,201,99,0,0.896,2.2768137923325646,0.8020530573205222
1.5,258,251,49,0,0.872,2.11456594949523,0.7939709816250674
1.5,259,21,279,0,0.892,2.252535198363506,0.8305671382433831
1.5,259,51,249,0,0.858,2.1023268505302224,0.7967386227118819
1.5,259,71,229,1,0.854,2.08151303052252,0.7783096823129132
1.5,259,101,199,0,0.852,2.0421886011447623,0.7758741768567305
1.5,259,150,150,0,0.866,2.18982098770723,0.764110254026521
1.5,259,201,99,0,0.868,2.2053931854185094,0.7600250559935501
1.5,259,251,49,0,0.776,1.653260518839043,0.7631511281432374
1.5,260,21,279,0,0.882,2.402016912510823,0.9504105015077998
1.5,260,51,249,0,0.874,2.2901844777691585,0.8726020256460033
1.5,260,71,229,1,0.88,2.3659089596267555,0.8846628834428688
1.5,260,101,199,0,0.86,2.1256234419021998,0.8722814657722078
1.5,260,150,150,0,0.854,2.1012354645579077,0.8540852696409714
1.5,260,201,99,0,0.87,2.2191392866090145,0.8726654922161263
1.5,260,251,49,0,0.832,2.0102520202373046,0.8703519303753922
1.5,261,21,279,0,0.914,2.3080908432043263,0.7830454073163102
1.5,261,51,249,0,0.9,2.193078323453708,0.7942689109021522
1.5,261,71,229,1,0.904,2.2213332114730457,0.8033910277016452
1.5,261,101,199,0,0.904,2.21764717408014,0.808769609742129
1.5,261,150,150,0,0.91,2.2707464036524025,0.8058761714542397
1.5,261,201,99,0,0.938,2.6347116376862734,0.7916163524329676
1.5,261,251,49,0,0.954,3.0100770259509457,0.7916364687197212
1.5,262,21,279,0,0.936,2.479944791696638,0.7543389976296204
1.5,262,51,249,0,0.95,2.6015163856556587,0.7982063983522137
1.5,262,71,229,1,0.958,2.7567013692533227,0.7831679789510559
1.5,262,101,199,0,0.958,2.8980706973649824,0.8073598672869666
1.5,262,150,150,0,0.968,3.111227640286863,0.7916787322808977
1.5,262,201,99,0,0.968,3.108020932155831,0.803233396906565
1.5,262,251,49,0,0.968,3.2456506952054682,0.8079730349832139
1.5,263,21,279,0,0.904,2.382606641891447,0.8517240173123788
1.5,263,51,249,0,0.892,2.2426330741875384,0.845028349135024
1.5,263,71,229,1,0.892,2.253871080016236,0.8330485136880299
1.5,263,101,199,0,0.898,2.25450212967374,0.8213597596534397
1.5,263,150,150,0,0.892,2.227341694624927,0.8316481569574908
1.5,263,201,99,0,0.872,2.0608198619889064,0.8474459967031506
1.5,263,251,49,0,0.872,2.080516984542832,0.8303045321089398
1.5,264,21,279,0,0.878,2.225807811217386,0.8334905922515298
1.5,264,51,249,0,0.878,2.2260380261165884,0.843133733310507
1.5,264,71,229,1,0.882,2.2653762410247245,0.8356574252223459
1.5,264,101,199,0,0.88,2.2667737403768324,0.8195038212517136
1.5,264,150,150,0,0.88,2.264267023435488,0.7742654901317876
1.5,264,201,99,0,0.884,2.2834321193793,0.773121851187492
1.5,264,251,49,0,0.884,2.286914435340244,0.7738446244671792
1.5,265,21,279,0,0.91,2.287591083577516,0.8648951703827149
1.5,265,51,249,0,0.902,2.2621218205245133,0.8297827366770408
1.5,265,71,229,1,0.904,2.269421924841417,0.8307987324025987
1.5,265,101,199,0,0.898,2.2293683094405434,0.8165094000229682
1.5,265,150,150,0,0.906,2.357466100613057,0.7685310327317353
1.5,265,201,99,0,0.902,2.2781644961546745,0.7907293719241788
1.5,265,251,49,0,0.886,2.145676507849166,0.7966566451200607
1.5,266,21,279,0,0.89,2.1426894554251206,0.7580857608024849
1.5,266,51,249,0,0.888,2.162681611600118,0.7834793963141239
1.5,266,71,229,1,0.9,2.2334415124324343,0.7713296900479288
1.5,266,101,199,0,0.894,2.16313397007995,0.7475369418339742
1.5,266,150,150,0,0.88,2.11240011469296,0.7723311371619087
1.5,266,201,99,0,0.83,1.774432468106418,0.7459426430039005
1.5,266,251,49,0,0.828,1.7559977602121244,0.7628837131180108
1.5,267,21,279,0,0.896,2.3809795865246404,0.6585799033109503
1.5,267,51,249,0,0.888,2.2327212299257493,0.7946572950861488
1.5,267,71,229,1,0.884,2.2914620580013696,0.8173053554107212
1.5,267,101,199,0,0.888,2.250125482454073,0.7976802259763044
1.5,267,150,150,0,0.888,2.286260473006583,0.8038377771246261
1.5,267,201,99,0,0.91,2.5401193727174314,0.8005795780100443
1.5,267,251,49,0,0.904,2.476949996202408,0.7994698208119435
1.5,268,21,279,0,0.928,2.630513248269483,0.6219137144522211
1.5,268,51,249,0,0.928,2.6873546910655732,0.7057518062440677
1.5,268,71,229,1,0.932,2.694493387500128,0.7028014972221054
1.5,268,101,199,0,0.932,2.697392600295904,0.7016031804306668
1.5,268,150,150,0,0.924,2.598046031306547,0.7426139027399964
1.5,268,201,99,0,0.922,2.6700311430053016,0.7758563573754393
1.5,268,251,49,0,0.916,2.4798261370280392,0.79118490999005
1.5,269,21,279,0,0.92,2.5808133983370887,0.7876149735757813
1.5,269,51,249,0,0.928,2.664135066830823,0.8051404002114957
1.5,269,71,229,1,0.93,2.6402097650338634,0.753655815303967
1.5,269,101,199,0,0.926,2.6351063578938274,0.775772512613008
1.5,269,150,150,0,0.932,2.654973080213387,0.7740215736090025
1.5,269,201,99,0,0.934,2.707582860022134,0.7802437283081743
1.5,269,251,49,0,0.928,2.64471940110949,0.7909038385695485
1.5,270,21,279,0,0.946,3.032437283997222,0.6689229334971175
1.5,270,51,249,0,0.944,2.9880664013225116,0.6985686295364005
1.5,270,71,229,1,0.942,2.9306332655672276,0.7015620802575131
1.5,270,101,199,0,0.95,2.920875876953414,0.7474956742502421
1.5,270,150,150,0,0.956,2.993877850919661,0.7404063897886212
1.5,270,201,99,0,0.956,2.979476137836832,0.747121093300329
1.5,270,251,49,0,0.956,2.9652265141024547,0.7535878399481782
1.5,271,21,279,0,0.88,2.1081432570448677,0.8361814782741906
1.5,271,51,249,0,0.878,2.1269758931040923,0.7893303319374092
1.5,271,71,229,1,0.876,2.098470388619891,0.8000428613027502
1.5,271,101,199,0,0.874,2.087789912001178,0.7943703430217517
1.5,271,150,150,0,0.874,2.079023545389717,0.8134687217826041
1.5,271,201,99,0,0.876,2.1096757055111275,0.8245430518781389
1.5,271,251,49,0,0.872,2.088344172744615,0.8323704316314594
1.5,272,21,279,0,0.882,2.300066042934669,0.7766024778696196
1.5,272,51,249,0,0.908,2.5101393816576745,0.8125961373835496
1.5,272,71,229,1,0.91,2.4931089693458444,0.7881763160798078
1.5,272,101,199,0,0.908,2.504981190125337,0.8049473104437173
1.5,272,150,150,0,0.92,2.6617969574450426,0.8272887509677231
1.5,272,201,99,0,0.822,1.8860727151026668,0.8338037516195401
1.5,272,251,49,0,0.896,2.429689298634798,0.822268044463449
1.5,273,21,279,0,0.876,2.0910479322890327,0.7766521516868959
1.5,273,51,249,0,0.87,2.0569060069503537,0.7919322123452468
1.5,273,71,229,1,0.872,2.0378342435942662,0.7785482266936815
1.5,273,101,199,0,0.884,2.1544151534273004,0.7938013034827734
1.5,273,150,150,0,0.88,2.1357885347343664,0.7887142532896058
1.5,273,201,99,0,0.872,2.039040713713042,0.7671164740198005
1.5,273,251,49,0,0.872,2.03908854491823,0.7666359550405648
1.5,274,21,279,0,0.922,2.4865293829111286,0.8204508609598308
1.5,274,51,249,0,0.912,2.4704060251003237,0.7393969525703178
1.5,274,71,229,1,0.914,2.4672321771365446,0.7454796216739279
1.5,274,101,199,0,0.892,2.1883546705952486,0.7495832696526021
1.5,274,150,150,0,0.908,2.4021544213874866,0.7406663091736627
1.5,274,201,99,0,0.922,2.5341902099559674,0.742605821598161
1.5,274,251,49,0,0.944,2.7462447864377744,0.7490746690946457
1.5,275,21,279,0,0.896,2.2831399576500324,0.8071009721816649
1.5,275,51,249,0,0.886,2.185850925040367,0.7145991761132486
1.5,275,71,229,1,0.89,2.2163549654298365,0.7343894930504768
1.5,275,101,199,0,0.902,2.406770689171303,0.7297477061307241
1.5,275,150,150,0,0.906,2.494759368230385,0.742504158346975
1.5,275,201,99,0,0.928,2.7399761439404173,0.7957807914989844
1.5,275,251,49,0,0.91,2.5199329276124227,0.7923184754139296
1.5,276,21,279,0,0.888,2.2447430601187297,0.8209937015020212
1.5,276,51,249,0,0.868,2.1936582255644645,0.8838104332339467
1.5,276,71,229,1,0.88,2.1971155735393464,0.8280206197169514
1.5,276,101,199,0,0.88,2.204475576664754,0.8394099149846334
1.5,276,150,150,0,0.892,2.3234569139277412,0.8609830783098026
1.5,276,201,99,0,0.92,2.639540917252358,0.8548168433073917
1.5,276,251,49,0,0.934,3.03267323691761,0.8512663007939666
1.5,277,21,279,0,0.896,2.259385788395467,0.6954129763255502
1.5,277,51,249,0,0.884,2.1519928765888494,0.7507575263207117
1.5,277,71,229,1,0.884,2.148202865599522,0.7557423693305997
1.5,277,101,199,0,0.868,2.1032708512702607,0.7929870598139938
1.5,277,150,150,0,0.856,2.015183669229441,0.7683426230641027
1.5,277,201,99,0,0.872,2.124135934512626,0.7800994320605265
1.5,277,251,49,0,0.868,2.0969610443495355,0.796854010105723
1.5,278,21,279,0,0.884,2.1881829350211572,0.8334084875506004
1.5,278,51,249,0,0.902,2.2810673301884155,0.8294350198273579
1.5,278,71,229,1,0.9,2.3409569615751153,0.8721245245219016
1.5,278,101,199,0,0.902,2.329612070342818,0.8495586949175906
1.5,278,150,150,0,0.896,2.2402125634775123,0.8209818286452081
1.5,278,201,99,0,0.88,2.1620069442766026,0.8041098693825875
1.5,278,251,49,0,0.792,1.620067592245644,0.7987016827278395
1.5,279,21,279,0,0.886,2.1992041028048432,0.831548515283528
1.5,279,51,249,0,0.884,2.1873946065744265,0.8286031454859382
1.5,279,71,229,1,0.874,2.0926699328393803,0.8418892488452298
1.5,279,101,199,0,0.874,2.144408633090469,0.7952551515530144
1.5,279,150,150,0,0.876,2.1279518486730753,0.774884338831222
1.5,279,201,99,0,0.878,2.170170719600682,0.7805016720913638
1.5,279,251,49,0,0.832,1.837709829225344,0.804748338146735
1.5,280,21,279,0,0.89,2.278940589732698,0.848952352784601
1.5,280,51,249,0,0.886,2.2173664904677355,0.8114010183965668
1.5,280,71,229,1,0.902,2.2514610082770976,0.7762320136877809
1.5,280,101,199,0,0.896,2.2402776011560235,0.7805922787601777
1.5,280,150,150,0,0.884,2.1941038376863067,0.7861347148702643
1.5,280,201,99,0,0.884,2.192969906280019,0.7814621772522202
1.5,280,251,49,0,0.89,2.2382539273890636,0.7947198741808332
1.5,281,21,279,0,0.898,2.430283690478708,0.8204108035581101
1.5,281,51,249,0,0.898,2.361097329480182,0.8317423789013733
1.5,281,71,229,1,0.9,2.3870060620299753,0.8620096272200994
1.5,281,101,199,0,0.892,2.2792802736301594,0.8146343454664138
1.5,281,150,150,0,0.932,2.861453149446073,0.8424518605530724
1.5,281,201,99,0,0.886,2.2442305862238,0.8252248518460529
1.5,281,251,49,0,0.886,2.250097281688211,0.8112983035428475
1.5,282,21,279,0,0.876,1.9574038792666575,0.7986844661647521
1.5,282,51,249,0,0.87,1.911264957020441,0.7970014428512384
1.5,282,71,229,1,0.87,1.8984447299442122,0.7929760674574383
1.5,282,101,199,0,0.87,1.9393704737072712,0.7838825166162158
1.5,282,150,150,0,0.9,2.173226485068951,0.7645237033270028
1.5,282,201,99,0,0.898,2.1459365928887943,0.8153272850825565
1.5,282,251,49,0,0.896,2.1638593660890875,0.8070397716916659
1.5,283,21,279,0,0.918,2.3583319988015337,0.7686864181609092
1.5,283,51,249,0,0.916,2.2915147134902627,0.8194767033858881
1.5,283,71,229,1,0.914,2.321342535827811,0.798091667363435
1.5,283,101,199,0,0.914,2.318238532670752,0.8004030882710232
1.5,283,150,150,0,0.916,2.293577264010971,0.8180535858379844
1.5,283,201,99,0,0.898,2.132419373875273,0.7969539554608988
1.5,283,251,49,0,0.868,1.9174735521296689,0.7955200911688173
1.5,284,21,279,0,0.86,2.1185435666276824,0.6846950897401104
1.5,284,51,249,0,0.92,2.392191324120105,0.774766531406715
1.5,284,71,229,1,0.908,2.2814463783676184,0.7529059635879115
1.5,284,101,199,0,0.918,2.3670266214440514,0.758791016542697
1.5,284,150,150,0,0.888,2.126915930982726,0.7784261874631663
1.5,284,201,99,0,0.88,2.107104111217496,0.7652716500996968
1.5,284,251,49,0,0.852,1.9138759211831935,0.7774409926151713
1.5,285,21,279,0,0.938,2.4398452777333643,0.8118396703562327
1.5,285,51,249,0,0.946,2.548857148211641,0.8228368528541805
1.5,285,71,229,1,0.944,2.5338184116654547,0.79742900614747
1.5,285,101,199,0,0.936,2.4423938396223037,0.8017353271284798
1.5,285,150,150,0,0.938,2.4870862435888523,0.7640435073326196
1.5,285,201,99,0,0.908,2.138454631337877,0.7862059518492698
1.5,285,251,49,0,0.948,2.6039096887241477,0.7999326303322141
1.5,286,21,279,0,0.902,2.3712072998390905,0.7881415636355997
1.5,286,51,249,0,0.902,2.3653952408892303,0.7942008975429842
1.5,286,71,229,1,0.9,2.3393590729926035,0.8400298193438971
1.5,286,101,199,0,0.896,2.293405360437322,0.8357531601307867
1.5,286,150,150,0,0.904,2.336713774777071,0.8244639462368685
1.5,286,201,99,0,0.898,2.263041805416531,0.8119640692749026
1.5,286,251,49,0,0.898,2.2747781303473156,0.8022399089178037
1.5,287,21,279,0,0.906,2.478675443261717,0.817329960198156
1.5,287,51,249,0,0.908,2.533558208699745,0.7890464933457292
1.5,287,71,229,1,0.91,2.539926616408369,0.8046388895080087
1.5,287,101,199,0,0.908,2.534608978324205,0.786518849490018
1.5,287,150,150,0,0.906,2.5194705998238334,0.7831056663979825
1.5,287,201,99,0,0.91,2.6164853374042156,0.768313235920362
1.5,287,251,49,0,0.886,2.2450994013543046,0.7756083579592883
1.5,288,21,279,0,0.898,2.246610025626402,0.7582373500461813
1.5,288,51,249,0,0.902,2.335329943655919,0.846500992170315
1.5,288,71,229,1,0.894,2.2808591773634594,0.8377141697321558
1.5,288,101,199,0,0.896,2.2788499737291446,0.8299832637405017
1.5,288,150,150,0,0.892,2.2745302306124278,0.8451523981069962
1.5,288,201,99,0,0.89,2.2082592960500276,0.8173415240007842
1.5,288,251,49,0,0.884,2.162579143657557,0.8004132089930833
1.5,289,21,279,0,0.894,2.1285106993846177,0.8039669562892873
1.5,289,51,249,0,0.884,2.0286097582305542,0.80590886604112
1.5,289,71,229,1,0.886,2.0634201303512714,0.809686181183339
1.5,289,101,199,0,0.886,2.0922567368495644,0.806296738194345
1.5,289,150,150,0,0.892,2.2341659952248545,0.8572800966328217
1.5,289,201,99,0,0.888,2.1576943275930742,0.844387067927737
1.5,289,251,49,0,0.9,2.294755829708145,0.8432683932352119
1.5,290,21,279,0,0.898,2.1974602832766283,0.8239738057410599
1.5,290,51,249,0,0.892,2.1168241791197007,0.7767615811369544
1.5,290,71,229,1,0.892,2.1109854957701173,0.7777345840303637
1.5,290,101,199,0,0.896,2.103756242869692,0.7499229857319439
1.5,290,150,150,0,0.892,2.0936196752401517,0.7691915714870551
1.5,290,201,99,0,0.888,2.0755506290006935,0.7945463494784755
1.5,290,251,49,0,0.898,2.1644927992609073,0.7899554694673065
1.5,291,21,279,0,0.898,2.2716417471169112,0.8004357865093158
1.5,291,51,249,0,0.902,2.274651428550379,0.8574700897679737
1.5,291,71,229,1,0.898,2.249733034314983,0.8493610852854688
1.5,291,101,199,0,0.904,2.2948240431781777,0.8116832103525065
1.5,291,150,150,0,0.892,2.226718681917162,0.8004499962458075
1.5,291,201,99,0,0.928,2.5517379274484004,0.7799160186524035
1.5,291,251,49,0,0.958,3.0027233688243196,0.8107622363630668
1.5,292,21,279,0,0.876,2.2710138469710457,0.810080060473881
1.5,292,51,249,0,0.886,2.3801169336716277,0.8328026589620802
1.5,292,71,229,1,0.892,2.4278427711105612,0.7996092153695992
1.5,292,101,199,0,0.894,2.4295089105498384,0.78374048534679
1.5,292,150,150,0,0.876,2.2609338575283937,0.8003676030582109
1.5,292,201,99,0,0.852,1.9814807713179774,0.80543526361257
1.5,292,251,49,0,0.91,2.6370177158549195,0.8000657368031218
1.5,293,21,279,0,0.906,2.3280404613651444,0.8226841424118808
1.5,293,51,249,0,0.906,2.3069510131552216,0.8188633542010664
1.5,293,71,229,1,0.92,2.456026871642776,0.8435080416847688
1.5,293,101,199,0,0.906,2.3056955107040102,0.8125908163893678
1.5,293,150,150,0,0.906,2.30844268872207,0.7990902530333922
1.5,293,201,99,0,0.908,2.315150988994547,0.7988868507845359
1.5,293,251,49,0,0.908,2.3254431223073415,0.7979191300604301
1.5,294,21,279,0,0.904,2.5291119839660197,0.7720034592589483
1.5,294,51,249,0,0.914,2.693843716767825,0.8670136610866604
1.5,294,71,229,1,0.91,2.6377743556486637,0.8447973947461979
1.5,294,101,199,0,0.924,2.852152613479705,0.8183675269240526
1.5,294,150,150,0,0.924,2.9347744441056363,0.8153267424096102
1.5,294,201,99,0,0.876,2.28321231877025,0.8072850798920063
1.5,294,251,49,0,0.842,1.9587916900524183,0.803632673151565
1.5,295,21,279,0,0.914,2.4488936080809327,0.8172736233976539
1.5,295,51,249,0,0.914,2.426544550600622,0.8421259898825217
1.5,295,71,229,1,0.918,2.4771683178253667,0.8335078963748612
1.5,295,101,199,0,0.902,2.4042219634647326,0.7870353711220026
1.5,295,150,150,0,0.906,2.3981578240584653,0.821966052736347
1.5,295,201,99,0,0.902,2.4016933693416536,0.8005760173720292
1.5,295,251,49,0,0.932,2.640532425557126,0.8007447044110843
1.5,296,21,279,0,0.896,2.4196705938186422,0.9222258015683357
1.5,296,51,249,0,0.892,2.387332342435445,0.8908799109325302
1.5,296,71,229,1,0.91,2.5917783118399393,0.877305407817091
1.5,296,101,199,0,0.92,2.682589237450922,0.8821315920338363
1.5,296,150,150,0,0.922,2.6826227107028,0.8591193563950597
1.5,296,201,99,0,0.906,2.525470473120419,0.8607277525714102
1.5,296,251,49,0,0.892,2.419410552840603,0.8561445239722449
1.5,297,21,279,0,0.932,2.7927022800971297,0.7941053335031448
1.5,297,51,249,0,0.942,2.9890544838608295,0.7804229583037972
1.5,297,71,229,1,0.944,3.0165782017459803,0.7982728626410404
1.5,297,101,199,0,0.944,2.9993263937200743,0.7964024834398761
1.5,297,150,150,0,0.946,3.062900560375106,0.8083811134845056
1.5,297,201,99,0,0.912,2.5829448609403083,0.8048168739736699
1.5,297,251,49,0,0.912,2.581597994672734,0.8042341124409462
1.5,298,21,279,0,0.862,2.3013451901958204,0.8271696429273352
1.5,298,51,249,0,0.876,2.395713929184538,0.7710790959991237
1.5,298,71,229,1,0.868,2.347629780559694,0.812165200890171
1.5,298,101,199,0,0.836,2.1409374647383936,0.8243765555713363
1.5,298,150,150,0,0.864,2.3080914992994486,0.8456757774262087
1.5,298,201,99,0,0.838,2.1537337824289073,0.8295164356882954
1.5,298,251,49,0,0.804,1.964400348728202,0.8200381063912784
1.5,299,21,279,0,0.924,2.510716287274863,0.7645086154361354
1.5,299,51,249,0,0.91,2.4081267258681,0.7733828767732821
1.5,299,71,229,1,0.926,2.5041072157986863,0.7882331133995056
1.5,299,101,199,0,0.906,2.3810238937717085,0.7876456389006253
1.5,299,150,150,0,0.912,2.4064841193033826,0.7783403570032579
1.5,299,201,99,0,0.928,2.5338286773104257,0.8086628586133164
1.5,299,251,49,0,0.928,2.543062823539146,0.8131222022561274
1.5,300,21,279,0,0.898,2.1462336311181707,0.8251110414638702
1.5,300,51,249,0,0.898,2.133602723876025,0.8499343187035513
1.5,300,71,229,1,0.906,2.2409758432991747,0.801088401627041
1.5,300,101,199,0,0.896,2.2017560194266834,0.7763746495260354
1.5,300,150,150,0,0.914,2.359837433703508,0.7609592609126996
1.5,300,201,99,0,0.918,2.379085347422053,0.771456525721336
1.5,300,251,49,0,0.946,2.9121445544665647,0.7868481642874677
1.5,301,21,279,0,0.924,2.683683481229454,0.9761175732783991
1.5,301,51,249,0,0.936,2.6401629315268274,0.876237696353496
1.5,301,71,229,1,0.942,2.6791855059761347,0.8659404680325805
1.5,301,101,199,0,0.942,2.6029894331205954,0.8605100227388625
1.5,301,150,150,0,0.95,2.761377649153879,0.8688202751127272
1.5,301,201,99,0,0.948,2.7867259827493487,0.8326429256321942
1.5,301,251,49,0,0.948,2.7785357786613205,0.8225769103602117
1.5,302,21,279,0,0.93,2.6286011247119707,0.8234895737895201
1.5,302,51,249,0,0.946,2.866361066756376,0.7452480031636862
1.5,302,71,229,1,0.918,2.3681651601097453,0.796250530492036
1.5,302,101,199,0,0.884,2.0865133612416082,0.7853882323293773
1.5,302,150,150,0,0.896,2.1499191171617733,0.7914364902776752
1.5,302,201,99,0,0.884,2.0884923721974404,0.7785097583580249
1.5,302,251,49,0,0.884,2.072308273575839,0.777605532634124
1.5,303,21,279,0,0.924,2.7100985715148864,0.5294773871184573
1.5,303,51,249,0,0.926,2.586507697670325,0.7087068924054118
1.5,303,71,229,1,0.922,2.5261998763730995,0.7671599189808722
1.5,303,101,199,0,0.93,2.5775712647191176,0.7745659032232597
1.5,303,150,150,0,0.956,2.824929906220197,0.780271907431712
1.5,303,201,99,0,0.946,2.705684613950509,0.7729927433717981
1.5,303,251,49,0,0.958,2.8903172219561584,0.789330161810072
1.5,304,21,279,0,0.926,2.303248193624511,0.7869723998388751
1.5,304,51,249,0,0.898,2.117669864496405,0.7520812490913092
1.5,304,71,229,1,0.916,2.260396075533987,0.7692618972951453
1.5,304,101,199,0,0.916,2.2430500779573794,0.7648706515526393
1.5,304,150,150,0,0.888,2.0191827128665905,0.7715116127132347
1.5,304,201,99,0,0.836,1.7352070837879139,0.8022193869570877
1.5,304,251,49,0,0.904,2.105025418662684,0.8009533467941286
1.5,305,21,279,0,0.864,2.1305902736144535,0.8199475037536039
1.5,305,51,249,0,0.862,2.054018674923651,0.7990424840926813
1.5,305,71,229,1,0.868,2.141714608247418,0.8409076679670262
1.5,305,101,199,0,0.896,2.4026613867959474,0.8444100484629322
1.5,305,150,150,0,0.898,2.4635727902431928,0.8295795409666835
1.5,305,201,99,0,0.898,2.485830919861801,0.8146562040103245
1.5,305,251,49,0,0.862,2.049326335122866,0.8349607527031597
1.5,306,21,279,0,0.896,2.1900715076451633,0.6589164772509261
1.5,306,51,249,0,0.91,2.2630077959106596,0.748191794057472
1.5,306,71,229,1,0.916,2.3023625799323435,0.7691577218880805
1.5,306,101,199,0,0.926,2.443416928113831,0.735176259108094
1.5,306,150,150,0,0.928,2.4524118684227507,0.7663327768913855
1.5,306,201,99,0,0.928,2.4253592564112867,0.7794920668303704
1.5,306,251,49,0,0.926,2.419756023235691,0.7710335435738728
1.5,307,21,279,0,0.894,2.2662716322486314,0.800077285171868
1.5,307,51,249,0,0.886,2.2265748536039784,0.7853717718606481
1.5,307,71,229,1,0.896,2.3185251475984123,0.8148665540906354
1.5,307,101,199,0,0.898,2.373226956838549,0.828234803358438
1.5,307,150,150,0,0.902,2.427819410498344,0.8347033736585819
1.5,307,201,99,0,0.948,2.9483882837765343,0.807351507069445
1.5,307,251,49,0,0.912,2.5677772841704045,0.8043984360179102
1.5,308,21,279,0,0.86,2.2064897101939276,0.8328099593499527
1.5,308,51,249,0,0.868,2.2533678825297896,0.8069054113754311
1.5,308,71,229,1,0.874,2.256471292370759,0.7783271434351771
1.5,308,101,199,0,0.876,2.2726548446238213,0.7573171475221182
1.5,308,150,150,0,0.882,2.4263871317981147,0.7424412124561784
1.5,308,201,99,0,0.814,1.848479557111508,0.7678156451866764
1.5,308,251,49,0,0.786,1.6962569633665598,0.7618632386289064
1.5,309,21,279,0,0.866,2.2580596597126155,0.9423746411179256
1.5,309,51,249,0,0.876,2.143092901665542,0.8178891075411292
1.5,309,71,229,1,0.876,2.132613566875274,0.7894138958146274
1.5,309,101,199,0,0.88,2.167281132711275,0.7844752085116967
1.5,309,150,150,0,0.882,2.192387080315873,0.7760609633784156
1.5,309,201,99,0,0.888,2.21386958613982,0.7758766947998369
1.5,309,251,49,0,0.962,3.535490247545412,0.7734667597158176
1.5,310,21,279,0,0.908,2.4291107422819795,0.8436879456270273
1.5,310,51,249,0,0.92,2.4811180300830595,0.7693905429261362
1.5,310,71,229,1,0.928,2.6775988030133733,0.7749932076675863
1.5,310,101,199,0,0.93,2.669395846846047,0.7918495138936007
1.5,310,150,150,0,0.936,2.826034744095137,0.7984779782029635
1.5,310,201,99,0,0.936,2.8760977290282446,0.7843971250135348
1.5,310,251,49,0,0.912,2.3885182564917313,0.7736339506305897
1.5,311,21,279,0,0.906,2.1814173685775726,0.7991895938991204
1.5,311,51,249,0,0.91,2.2152788321718817,0.8193149315371724
1.5,311,71,229,1,0.906,2.203768727164825,0.8301951878887327
1.5,311,101,199,0,0.916,2.2876791305115978,0.8233590041141492
1.5,311,150,150,0,0.908,2.227460320291709,0.7834622343835698
1.5,311,201,99,0,0.936,2.734178371600472,0.7853507882644716
1.5,311,251,49,0,0.93,2.613269317467499,0.7830722914958186
1.5,312,21,279,0,0.91,2.5252002077863023,0.8512041827284601
1.5,312,51,249,0,0.914,2.5324505151508565,0.8473728633074685
1.5,312,71,229,1,0.908,2.428189752170434,0.8234055187760564
1.5,312,101,199,0,0.904,2.3978967534133107,0.8041920252272355
1.5,312,150,150,0,0.904,2.4276677471611743,0.8385166406200818
1.5,312,201,99,0,0.862,2.0958161403920474,0.8333456461348484
1.5,312,251,49,0,0.906,2.4092995339238934,0.8168263164631472
1.5,313,21,279,0,0.898,2.5002099160238744,0.7475489517645522
1.5,313,51,249,0,0.89,2.433831154260142,0.7910215919247472
1.5,313,71,229,1,0.906,2.5014878949536667,0.8174772987315244
1.5,313,101,199,0,0.902,2.4932880977494496,0.807114705210277
1.5,313,150,150,0,0.914,2.5638296042335464,0.7831838632993567
1.5,313,201,99,0,0.912,2.544388770612359,0.7940677786196392
1.5,313,251,49,0,0.888,2.4029847682590075,0.7982925768332141
1.5,314,21,279,0,0.914,2.349873846507082,0.7507902252882378
1.5,314,51,249,0,0.9,2.222469520267984,0.7831800045311827
1.5,314,71,229,1,0.9,2.219453206015801,0.7888743107672926
1.5,314,101,199,0,0.898,2.2506733705459108,0.7297716191923064
1.5,314,150,150,0,0.876,2.091258603615456,0.7484661623212279
1.5,314,201,99,0,0.926,2.4764591696509233,0.7501204338115414
1.5,314,251,49,0,0.93,2.5082753440918713,0.7493631738066616
1.5,315,21,279,0,0.914,2.4168478036985754,0.652039845755376
1.5,315,51,249,0,0.904,2.2276437359285883,0.7523585162689851
1.5,315,71,229,1,0.91,2.283400246596905,0.7628925914002578
1.5,315,101,199,0,0.908,2.2462466968556223,0.7820146004913047
1.5,315,150,150,0,0.936,2.5411795212482664,0.7633748548917478
1.5,315,201,99,0,0.936,2.555571404991204,0.755926621013408
1.5,315,251,49,0,0.936,2.5810023833120224,0.7426950023698468
1.5,316,21,279,0,0.89,2.2818452507573204,0.6969205156226843
1.5,316,51,249,0,0.89,2.2777774672252686,0.7032000845305144
1.5,316,71,229,1,0.884,2.1938789726818304,0.7539594266271695
1.5,316,101,199,0,0.88,2.1709004453934733,0.7593147595361387
1.5,316,150,150,0,0.886,2.1971115457839994,0.7941717361405316
1.5,316,201,99,0,0.876,2.11740011785358,0.7973892600967062
1.5,316,251,49,0,0.874,2.1023800386557796,0.8025185449581078
1.5,317,21,279,0,0.892,2.279404203903514,0.8319835623578227
1.5,317,51,249,0,0.906,2.315950604652964,0.7869452228506314
1.5,317,71,229,1,0.906,2.385780806858692,0.8649137966486005
1.5,317,101,199,0,0.908,2.422748524662698,0.8435480947019299
1.5,317,150,150,0,0.908,2.436701584201441,0.830033355865827
1.5,317,201,99,0,0.906,2.3767014578620174,0.841352480642001
1.5,317,251,49,0,0.916,2.5297682151950247,0.8324367939019148
1.5,318,21,279,0,0.91,2.2253740809344973,0.7924135616952895
1.5,318,51,249,0,0.918,2.3753927055468074,0.7864796369987144
1.5,318,71,229,1,0.916,2.2336073627513313,0.8327093407567918
1.5,318,101,199,0,0.906,2.2140981068658854,0.8247361059693324
1.5,318,150,150,0,0.928,2.5641061193386876,0.8210609864533531
1.5,318,201,99,0,0.906,2.215519536584211,0.8006014629946439
1.5,318,251,49,0,0.932,2.5512266134292436,0.7969603525878004
1.5,319,21,279,0,0.908,2.6120119978077865,0.562134083161644
1.5,319,51,249,0,0.902,2.4647527105399076,0.6909454350683627
1.5,319,71,229,1,0.904,2.4792314584017876,0.7175704672233908
1.5,319,101,199,0,0.916,2.5263700202201695,0.7400309414138038
1.5,319,150,150,0,0.918,2.5586110921291474,0.7456101781597815
1.5,319,201,99,0,0.916,2.547794412285899,0.7576192215330443
1.5,319,251,49,0,0.926,2.8109289882425026,0.7471021644300846
1.5,320,21,279,0,0.86,2.1896192821575626,0.8753698564435018
1.5,320,51,249,0,0.86,2.2824836055162128,0.9233345421410966
1.5,320,71,229,1,0.854,2.1791717723995223,0.8901452446880992
1.5,320,101,199,0,0.858,2.14897917503906,0.8365523650304024
1.5,320,150,150,0,0.86,2.176108160675591,0.8288354829815958
1.5,320,201,99,0,0.874,2.347078152635806,0.8315494672414406
1.5,320,251,49,0,0.884,2.3771406434231226,0.821049385137079
1.5,321,21,279,0,0.89,2.176100640497739,0.8231918412041255
1.5,321,51,249,0,0.896,2.213587950370714,0.7852438564587765
1.5,321,71,229,1,0.896,2.2066726371468732,0.7889340891684447
1.5,321,101,199,0,0.892,2.1328182064417587,0.7965187750142726
1.5,321,150,150,0,0.882,2.05598766138348,0.7700238562973659
1.5,321,201,99,0,0.868,1.9510888866723477,0.7948772227437659
1.5,321,251,49,0,0.772,1.4726657999624135,0.799215775476006
1.5,322,21,279,0,0.93,2.488035244106796,0.8878049570966913
1.5,322,51,249,0,0.926,2.4884831318671075,0.8463373560728261
1.5,322,71,229,1,0.93,2.4799257134215495,0.8084942012087476
1.5,322,101,199,0,0.926,2.469028357586728,0.7887603666227586
1.5,322,150,150,0,0.938,2.5783283602744675,0.7705252011335366
1.5,322,201,99,0,0.936,2.577931363473922,0.7760004953429819
1.5,322,251,49,0,0.94,2.6077275471173342,0.7663377274876202
1.5,323,21,279,0,0.914,2.4569881927232746,0.8752897551383795
1.5,323,51,249,0,0.912,2.500417821448014,0.8049486882486276
1.5,323,71,229,1,0.902,2.4491434933488128,0.7898534331052162
1.5,323,101,199,0,0.892,2.2757420432396906,0.782321064845443
1.5,323,150,150,0,0.902,2.4163355387735748,0.8288349675923681
1.5,323,201,99,0,0.904,2.399906505913955,0.8369252114941188
1.5,323,251,49,0,0.916,2.551622252115951,0.8263880615858246
1.5,324,21,279,0,0.902,2.1376442572351624,0.7053580055447974
1.5,324,51,249,0,0.89,2.1059384436797437,0.7410270646348274
1.5,324,71,229,1,0.884,2.071535079948535,0.7731353906447886
1.5,324,101,199,0,0.892,2.147363007766885,0.7741368249805771
1.5,324,150,150,0,0.854,1.9381721118530904,0.7842039015864593
1.5,324,201,99,0,0.85,1.9130883439692226,0.8000615616751298
1.5,324,251,49,0,0.858,1.9384121653385087,0.805710911937977
1.5,325,21,279,0,0.94,2.639162771943559,0.7863058725218116
1.5,325,51,249,0,0.936,2.6053070285145132,0.7660484809837528
1.5,325,71,229,1,0.938,2.636883668122833,0.7825182386717321
1.5,325,101,199,0,0.94,2.659389534710763,0.7792391400047299
1.5,325,150,150,0,0.942,2.6893988923013574,0.759982751326989
1.5,325,201,99,0,0.936,2.5910550049449617,0.778224827894912
1.5,325,251,49,0,0.926,2.4801494681499947,0.7819038353325891
1.5,326,21,279,0,0.926,2.7768234549369137,0.6664697705910045
1.5,326,51,249,0,0.926,2.760644049384528,0.780077795513437
1.5,326,71,229,1,0.928,2.805126419520065,0.7871343171640025
1.5,326,101,199,0,0.926,2.792079395091795,0.8054139977295877
1.5,326,150,150,0,0.92,2.6608862525760877,0.8387337227086912
1.5,326,201,99,0,0.922,2.627014009093631,0.8070552716874133
1.5,326,251,49,0,0.912,2.5143957428986226,0.7978360419158861
1.5,327,21,279,0,0.892,2.353073657871206,0.8049770676544032
1.5,327,51,249,0,0.876,2.1611129227484573,0.816331621471404
1.5,327,71,229,1,0.886,2.2415853664671785,0.8483849239338599
1.5,327,101,199,0,0.88,2.146431239641398,0.861894850521274
1.5,327,150,150,0,0.862,2.048791551159011,0.8354972484583755
1.5,327,201,99,0,0.84,1.9490243570137833,0.806809196914495
1.5,327,251,49,0,0.866,2.040682715856896,0.816082278063278
1.5,328,21,279,0,0.92,2.770450444195562,0.4617149219156168
1.5,328,51,249,0,0.924,2.7412650408743207,0.6464726743419758
1.5,328,71,229,1,0.924,2.80418199685405,0.7014314577465589
1.5,328,101,199,0,0.926,2.82045836976429,0.6953792399194895
1.5,328,150,150,0,0.932,2.857667278395188,0.7640096273325963
1.5,328,201,99,0,0.936,2.9011482672680007,0.7784719237293007
1.5,328,251,49,0,0.906,2.440332148719979,0.7765805377218397
1.5,329,21,279,0,0.93,2.486181829972247,0.8218533084098042
1.5,329,51,249,0,0.928,2.5295934755809335,0.8595131149000508
1.5,329,71,229,1,0.934,2.6891286905950187,0.8767055776529585
1.5,329,101,199,0,0.928,2.58870869859162,0.8588028542479795
1.5,329,150,150,0,0.918,2.394883466808432,0.8656992632312469
1.5,329,201,99,0,0.918,2.398367406739849,0.8361138887865929
1.5,329,251,49,0,0.932,2.581244840010514,0.8392339649067627
1.5,330,21,279,0,0.864,2.1270392108498535,0.7843597661693337
1.5,330,51,249,0,0.876,2.232955810923694,0.789976509148293
1.5,330,71,229,1,0.866,2.136939909829317,0.7758124767875856
1.5,330,101,199,0,0.856,2.144614148672844,0.8298053579229228
1.5,330,150,150,0,0.906,2.488087374758638,0.8156092825714926
1.5,330,201,99,0,0.908,2.5001922633280813,0.8172668385255447
1.5,330,251,49,0,0.868,2.1393323140465452,0.8040253594368194
1.5,331,21,279,0,0.91,2.4440975221372976,0.8616728032387719
1.5,331,51,249,0,0.906,2.4857202351358483,0.7639080736254714
1.5,331,71,229,1,0.906,2.5410322883930814,0.7698057603459856
1.5,331,101,199,0,0.906,2.5151453416349683,0.7785621687870841
1.5,331,150,150,0,0.924,2.6768410090803516,0.7674030079924903
1.5,331,201,99,0,0.958,3.4095452101309727,0.7865189784681941
1.5,331,251,49,0,0.968,4.227060504989156,0.782672547749846
1.5,332,21,279,0,0.912,2.2791691521619346,0.7941437040260441
1.5,332,51,249,0,0.902,2.195468130794112,0.7760521755949641
1.5,332,71,229,1,0.904,2.2210759247301324,0.7768998000971907
1.5,332,101,199,0,0.904,2.22647827912457,0.7701576247886674
1.5,332,150,150,0,0.906,2.201131538503636,0.7854247075908971
1.5,332,201,99,0,0.874,2.0238270072447326,0.7865104791333077
1.5,332,251,49,0,0.866,1.9642100491485135,0.7802760786894917
1.5,333,21,279,0,0.9,2.425162757077789,0.8566148732047943
1.5,333,51,249,0,0.908,2.5411006168188965,0.8455463832072203
1.5,333,71,229,1,0.91,2.545119431382442,0.8437264795124103
1.5,333,101,199,0,0.908,2.5107065551675856,0.8268058072218172
1.5,333,150,150,0,0.93,2.7993377247753153,0.81431796833469
1.5,333,201,99,0,0.94,2.972570441959252,0.8155110492477315
1.5,333,251,49,0,0.93,2.808682523270045,0.8067689543691253
1.5,334,21,279,0,0.91,2.4459032353612966,0.7004751798133807
1.5,334,51,249,0,0.9,2.2825387079410104,0.7448671035879559
1.5,334,71,229,1,0.902,2.280911188389303,0.729062711507853
1.5,334,101,199,0,0.9,2.2730123425177355,0.7354191137472825
1.5,334,150,150,0,0.902,2.3709112139758792,0.7770358307578553
1.5,334,201,99,0,0.902,2.3288379275768074,0.7910676049571909
1.5,334,251,49,0,0.964,3.5005625917090857,0.7799704650256202
1.5,335,21,279,0,0.938,2.654004864380859,0.8320908533709881
1.5,335,51,249,0,0.94,2.7303993495901526,0.7855751283399884
1.5,335,71,229,1,0.94,2.697087174898755,0.8072387651097612
1.5,335,101,199,0,0.94,2.6982618086224655,0.8118123752416362
1.5,335,150,150,0,0.956,2.9533490053852827,0.8030347670322484
1.5,335,201,99,0,0.968,3.493392545984036,0.7933226689336321
1.5,335,251,49,0,0.972,3.6846777456932043,0.7929949298762989
1.5,336,21,279,0,0.854,2.0076614669712813,0.8460683565999157
1.5,336,51,249,0,0.852,1.9629608962146659,0.7981058717497959
1.5,336,71,229,1,0.868,2.0583953665794645,0.7969448020341978
1.5,336,101,199,0,0.852,1.9452846846910643,0.8039019427649956
1.5,336,150,150,0,0.85,1.939642562288507,0.8017470792786743
1.5,336,201,99,0,0.794,1.6357088405208584,0.8001997436635515
1.5,336,251,49,0,0.782,1.5634974689268188,0.8034640212466778
1.5,337,21,279,0,0.902,2.38903912066775,0.7650489913208974
1.5,337,51,249,0,0.896,2.3358670537421453,0.7807856930006949
1.5,337,71,229,1,0.892,2.3361005603724907,0.8007052093994568
1.5,337,101,199,0,0.898,2.3662776930116043,0.7885672327198633
1.5,337,150,150,0,0.896,2.335824232454156,0.7754415511138403
1.5,337,201,99,0,0.904,2.433734071599694,0.7593930950743437
1.5,337,251,49,0,0.93,2.8214057821946215,0.7650499908244438
1.5,338,21,279,0,0.912,2.5459767155307382,0.7668755605749512
1.5,338,51,249,0,0.912,2.569476847326421,0.7983920512640177
1.5,338,71,229,1,0.91,2.5537644132401893,0.8064938306377961
1.5,338,101,199,0,0.916,2.613424308297556,0.7927846077757473
1.5,338,150,150,0,0.896,2.4398389951079262,0.8038913822605329
1.5,338,201,99,0,0.894,2.4243964510109226,0.809558600412562
1.5,338,251,49,0,0.934,2.798166252325457,0.8089601863608382
1.5,339,21,279,0,0.91,2.42843804556623,0.898538921438177
1.5,339,51,249,0,0.916,2.4313170257613548,0.8485505391753938
1.5,339,71,229,1,0.916,2.4498763804286035,0.8486209670009611
1.5,339,101,199,0,0.916,2.4612112724823336,0.8507731682162161
1.5,339,150,150,0,0.916,2.4688543447955307,0.8178412370097874
1.5,339,201,99,0,0.92,2.503633586357662,0.8272435661101857
1.5,339,251,49,0,0.928,2.543771321269923,0.8380682328420908
1.5,340,21,279,0,0.91,2.3138719870355717,0.800702777364892
1.5,340,51,249,0,0.908,2.284317047087484,0.7995427850298856
1.5,340,71,229,1,0.904,2.2459853553102116,0.7549257168719588
1.5,340,101,199,0,0.91,2.3435699285965317,0.7865875748609168
1.5,340,150,150,0,0.91,2.3638766403695284,0.7926062467662992
1.5,340,201,99,0,0.91,2.3306122633628767,0.7827362689093581
1.5,340,251,49,0,0.926,2.558137491935582,0.7743335382372475
1.5,341,21,279,0,0.904,2.2999048922780423,0.7640251540640022
1.5,341,51,249,0,0.906,2.302139982766438,0.7466940151045051
1.5,341,71,229,1,0.904,2.273971998061816,0.7562311887090913
1.5,341,101,199,0,0.904,2.287453314264579,0.7631162206636263
1.5,341,150,150,0,0.904,2.2907760871999736,0.7594238702185258
1.5,341,201,99,0,0.904,2.2727003326904582,0.779356579822823
1.5,341,251,49,0,0.926,2.591107512767092,0.7791788345068065
1.5,342,21,279,0,0.9,2.1731385945646307,0.7861378985867484
1.5,342,51,249,0,0.914,2.240555240854617,0.8721802285703562
1.5,342,71,229,1,0.898,2.133364842884684,0.8396167704919978
1.5,342,101,199,0,0.902,2.192853926039875,0.8561378642992553
1.5,342,150,150,0,0.874,1.8735014229646367,0.8083745133563901
1.5,342,201,99,0,0.848,1.7537588249540244,0.7828169365466172
1.5,342,251,49,0,0.878,1.9062384730920476,0.7780182489945654
1.5,343,21,279,0,0.896,2.216510524478414,0.7852552967217878
1.5,343,51,249,0,0.886,2.2209994497490952,0.8729555570937577
1.5,343,71,229,1,0.898,2.305037542008622,0.8439488132616153
1.5,343,101,199,0,0.902,2.3159572423954633,0.8002129885124034
1.5,343,150,150,0,0.904,2.3479641677422576,0.8179363261174616
1.5,343,201,99,0,0.942,2.716605692981335,0.8190831801247863
1.5,343,251,49,0,0.852,1.8757406647668784,0.8349232125881797
1.5,344,21,279,0,0.886,2.180353869240879,0.6898000307798304
1.5,344,51,249,0,0.89,2.1875534416490874,0.7191594361063897
1.5,344,71,229,1,0.888,2.157261961343784,0.7479772167573306
1.5,344,101,199,0,0.894,2.1945131476526174,0.7325546987010126
1.5,344,150,150,0,0.898,2.214724726832754,0.7732896791532408
1.5,344,201,99,0,0.9,2.234348769432714,0.7612179598541426
1.5,344,251,49,0,0.932,2.610074557482751,0.778999769485374
1.5,345,21,279,0,0.904,2.332619734662902,0.6652291831422228
1.5,345,51,249,0,0.908,2.327127812631213,0.7998138448840062
1.5,345,71,229,1,0.906,2.317333607017355,0.8279436662303827
1.5,345,101,199,0,0.908,2.3478549876907024,0.8304742047166478
1.5,345,150,150,0,0.922,2.450031013715168,0.8156711978318684
1.5,345,201,99,0,0.898,2.2663868608778186,0.7969404818314038
1.5,345,251,49,0,0.956,2.981818118332669,0.789528263406023
1.5,346,21,279,0,0.924,2.457994069415501,0.7656851055219779
1.5,346,51,249,0,0.902,2.2598458730588953,0.8514876826980761
1.5,346,71,229,1,0.906,2.2350792112014353,0.8320909798831642
1.5,346,101,199,0,0.91,2.2969307488081596,0.8175980228625382
1.5,346,150,150,0,0.928,2.5754730528760246,0.8029654125307552
1.5,346,201,99,0,0.904,2.242108944756884,0.7948981048685327
1.5,346,251,49,0,0.878,2.02356286995413,0.7899680684595638
1.5,347,21,279,0,0.894,2.498413309121102,0.7770575284563862
1.5,347,51,249,0,0.894,2.4688262496022224,0.8231268775838041
1.5,347,71,229,1,0.894,2.4703567434630203,0.8144872388068849
1.5,347,101,199,0,0.894,2.4757562961567583,0.8053844649834654
1.5,347,150,150,0,0.894,2.4770086239190596,0.8032613191368407
1.5,347,201,99,0,0.908,2.6876332350532457,0.8076475211501317
1.5,347,251,49,0,0.854,2.152197007271358,0.8253998368334243
1.5,348,21,279,0,0.89,2.143671311809146,0.802349765212846
1.5,348,51,249,0,0.872,1.9637773991701006,0.7485979088675468
1.5,348,71,229,1,0.864,1.893091296371522,0.7990004000541037
1.5,348,101,199,0,0.856,1.858312469291077,0.7805374962881427
1.5,348,150,150,0,0.858,1.8690142916717891,0.7855704639150515
1.5,348,201,99,0,0.864,1.8979177043068993,0.7823708516735879
1.5,348,251,49,0,0.906,2.204252155093839,0.7816679290617342
1.5,349,21,279,0,0.902,2.3190187960326676,0.7999225072250857
1.5,349,51,249,0,0.896,2.262959882834666,0.8189626432938691
1.5,349,71,229,1,0.894,2.2203478331143294,0.8442503451326788
1.5,349,101,199,0,0.888,2.195104798144691,0.8168932352862154
1.5,349,150,150,0,0.908,2.3647955962794143,0.810357813954844
1.5,349,201,99,0,0.902,2.3369560481351583,0.7869112074108572
1.5,349,251,49,0,0.94,2.8204336188544312,0.7894271436586507
1.5,350,21,279,0,0.934,2.7120655006071113,0.7340392249933068
1.5,350,51,249,0,0.928,2.7113799572861845,0.8202936933521754
1.5,350,71,229,1,0.93,2.7291409243224605,0.8210534859342785
1.5,350,101,199,0,0.932,2.7196011457801395,0.79862333715443
1.5,350,150,150,0,0.932,2.7205150544275134,0.7868690674937893
1.5,350,201,99,0,0.932,2.725878391379026,0.7847083148923445
1.5,350,251,49,0,0.934,2.7711724090363536,0.799127708340664
1.5,351,21,279,0,0.896,2.4634814508876652,0.8741545068569069
1.5,351,51,249,0,0.882,2.3608939398635966,0.869518866254799
1.5,351,71,229,1,0.872,2.2937944750652206,0.8207861572320003
1.5,351,101,199,0,0.872,2.2924346349122025,0.8196406564001175
1.5,351,150,150,0,0.908,2.540418921622002,0.8044405168586051
1.5,351,201,99,0,0.85,2.099099118522192,0.7950082622743843
1.5,351,251,49,0,0.848,2.08469262819942,0.804575525233764
1.5,352,21,279,0,0.86,2.0627167492094487,0.7891921398085913
1.5,352,51,249,0,0.86,2.0359841469596986,0.7989488691336446
1.5,352,71,229,1,0.876,2.1521795089148816,0.8368780487783027
1.5,352,101,199,0,0.876,2.148098628859288,0.8098077773945956
1.5,352,150,150,0,0.886,2.225000090491933,0.8184476307896432
1.5,352,201,99,0,0.902,2.4366560318644597,0.8315605152522849
1.5,352,251,49,0,0.906,2.4788219242730287,0.8275478579530823
1.5,353,21,279,0,0.902,2.237282283924184,0.846213107290031
1.5,353,51,249,0,0.88,2.1091406634917105,0.777262412505444
1.5,353,71,229,1,0.896,2.2475768297495433,0.8033406268073596
1.5,353,101,199,0,0.88,2.08437391637951,0.7829273054210479
1.5,353,150,150,0,0.878,2.074669446217556,0.7879307900043366
1.5,353,201,99,0,0.862,1.954604979795549,0.7759652768889951
1.5,353,251,49,0,0.852,1.8817273273628063,0.7795729809455807
1.5,354,21,279,0,0.86,2.2772260550648453,0.7278527815620666
1.5,354,51,249,0,0.856,2.221837970178665,0.7684909718271571
1.5,354,71,229,1,0.858,2.262257128518519,0.7508487124681889
1.5,354,101,199,0,0.854,2.2608205510722095,0.7425956996942784
1.5,354,150,150,0,0.86,2.269456350110603,0.7513081684788583
1.5,354,201,99,0,0.874,2.308218519954852,0.7785646767373972
1.5,354,251,49,0,0.89,2.44400546658199,0.786981641871704
1.5,355,21,279,0,0.874,2.2621550274182547,0.6855025383392427
1.5,355,51,249,0,0.878,2.3588969083860554,0.7108674903415925
1.5,355,71,229,1,0.88,2.361880368658326,0.733107190817205
1.5,355,101,199,0,0.894,2.458995590814489,0.7536015342721172
1.5,355,150,150,0,0.914,2.659302237895707,0.799099084912467
1.5,355,201,99,0,0.93,2.9618561173978413,0.797310730180412
1.5,355,251,49,0,0.932,2.9954034167861012,0.8001050687187036
1.5,356,21,279,0,0.91,2.3788914816799616,0.6612110691504149
1.5,356,51,249,0,0.922,2.417825150107099,0.7285935272903208
1.5,356,71,229,1,0.92,2.4110396350856447,0.7334108257001581
1.5,356,101,199,0,0.916,2.3069883298438656,0.7614560040360508
1.5,356,150,150,0,0.908,2.275634099670847,0.7998860555321448
1.5,356,201,99,0,0.916,2.3223171294692873,0.7961857240014366
1.5,356,251,49,0,0.91,2.275216140216193,0.7950261477581363
1.5,357,21,279,0,0.848,2.0432826495578977,0.9356560998048408
1.5,357,51,249,0,0.852,1.9731015853511178,0.8550995373258873
1.5,357,71,229,1,0.864,2.041246151484459,0.8564551784391649
1.5,357,101,199,0,0.858,2.0224199100994054,0.8164534903326625
1.5,357,150,150,0,0.858,2.001207253588148,0.7993224209973852
1.5,357,201,99,0,0.842,1.9299169843905821,0.8057269198180048
1.5,357,251,49,0,0.926,2.5158723977559396,0.8135673673725535
1.5,358,21,279,0,0.896,2.4139879918035247,0.6765666163854558
1.5,358,51,249,0,0.908,2.3689726492495593,0.7596891662429816
1.5,358,71,229,1,0.908,2.380160174266284,0.755731944388948
1.5,358,101,199,0,0.896,2.294975238381458,0.7860726650600678
1.5,358,150,150,0,0.884,2.21019699636172,0.7818013521829482
1.5,358,201,99,0,0.892,2.254715191837683,0.8087152686715365
1.5,358,251,49,0,0.808,1.8012462139161216,0.7962046676188305
1.5,359,21,279,0,0.89,2.2950769849603603,0.6922802061172317
1.5,359,51,249,0,0.892,2.3270980199821323,0.7739810667189043
1.5,359,71,229,1,0.894,2.331276030878213,0.780376080080968
1.5,359,101,199,0,0.886,2.2670293426295856,0.7619676760848083
1.5,359,150,150,0,0.892,2.325522926716632,0.7573878791581251
1.5,359,201,99,0,0.916,2.5503740088319953,0.7756566976436436
1.5,359,251,49,0,0.942,2.88234350873876,0.7821873157894688
1.5,360,21,279,0,0.904,2.3988964812246314,0.839909567617844
1.5,360,51,249,0,0.912,2.4352651534942678,0.8457102846129637
1.5,360,71,229,1,0.906,2.4027240008181434,0.8174021966979131
1.5,360,101,199,0,0.912,2.4779046571993897,0.8086681922985107
1.5,360,150,150,0,0.916,2.546944003913879,0.8056571844867023
1.5,360,201,99,0,0.952,3.0516165538814617,0.7913949140141668
1.5,360,251,49,0,0.984,4.293202964842321,0.7861871927860239
1.5,361,21,279,0,0.888,2.2160593990928756,0.8139913675891257
1.5,361,51,249,0,0.888,2.215647645965673,0.8142672926570942
1.5,361,71,229,1,0.894,2.2371909090879925,0.8001249837273768
1.5,361,101,199,0,0.898,2.239511276398901,0.7816568814225581
1.5,361,150,150,0,0.872,2.0848121535599957,0.7804578882322978
1.5,361,201,99,0,0.898,2.2544977570204443,0.7615941933392206
1.5,361,251,49,0,0.934,2.6577408848736725,0.7632982332983552
1.5,362,21,279,0,0.904,2.4735286169294706,0.7680388716890334
1.5,362,51,249,0,0.904,2.4062916115026955,0.7836733819674401
1.5,362,71,229,1,0.904,2.4399024769911337,0.7897601002871454
1.5,362,101,199,0,0.904,2.438094357515088,0.8018491422741186
1.5,362,150,150,0,0.924,2.677242339327203,0.8027599493529879
1.5,362,201,99,0,0.954,2.9993437749143355,0.8117650265358447
1.5,362,251,49,0,0.954,3.0717919148790385,0.7991759787698652
1.5,363,21,279,0,0.876,2.033477644006881,0.724505844943657
1.5,363,51,249,0,0.876,2.011353515241427,0.738987285179982
1.5,363,71,229,1,0.864,1.9506890284194156,0.7280223284510356
1.5,363,101,199,0,0.872,1.9802361192472984,0.7395721740758405
1.5,363,150,150,0,0.872,1.9489410229608386,0.7834846623084322
1.5,363,201,99,0,0.838,1.7758621956173635,0.7706399663581218
1.5,363,251,49,0,0.838,1.771850292863582,0.7696265152316171
1.5,364,21,279,0,0.902,2.279606898943295,0.7542930197949095
1.5,364,51,249,0,0.918,2.3800656484860117,0.7683626701112909
1.5,364,71,229,1,0.926,2.463198467908544,0.785853266238964
1.5,364,101,199,0,0.914,2.3262659202540097,0.802882658189183
1.5,364,150,150,0,0.898,2.1501056499186006,0.7851740430531466
1.5,364,201,99,0,0.882,2.047412595042882,0.7702974813088923
1.5,364,251,49,0,0.876,1.9884491412449647,0.7730269187703072
1.5,365,21,279,0,0.876,2.4351228524168147,0.8345413153651126
1.5,365,51,249,0,0.878,2.41834043147315,0.7787637524872804
1.5,365,71,229,1,0.88,2.461690899277295,0.785525544243493
1.5,365,101,199,0,0.878,2.4413328582612652,0.8017995423417511
1.5,365,150,150,0,0.878,2.3541673979566595,0.7999186907039361
1.5,365,201,99,0,0.876,2.3573046983960815,0.7928684364852928
1.5,365,251,49,0,0.876,2.35924388531016,0.7884437073155939
1.5,366,21,279,0,0.914,2.3779604134315857,0.7768688579971811
1.5,366,51,249,0,0.92,2.40077631067295,0.8124829760595906
1.5,366,71,229,1,0.922,2.4527373524961633,0.8018609342741073
1.5,366,101,199,0,0.922,2.4277644398974534,0.8102028649568803
1.5,366,150,150,0,0.922,2.405928627441145,0.8185401320306913
1.5,366,201,99,0,0.952,2.691277851963528,0.8061033615944453
1.5,366,251,49,0,0.964,3.029914905024707,0.8087607252120368
1.5,367,21,279,0,0.926,2.760066253417409,0.928396833594103
1.5,367,51,249,0,0.918,2.564246016775308,0.8979135253966266
1.5,367,71,229,1,0.92,2.5535192752635405,0.8878194037871058
1.5,367,101,199,0,0.934,2.8162207690309704,0.8671109945888958
1.5,367,150,150,0,0.944,3.0947538005351087,0.861332994509564
1.5,367,201,99,0,0.956,3.5397409989583957,0.8539132159943633
1.5,367,251,49,0,0.962,3.694542324056301,0.8422939844378075
1.5,368,21,279,0,0.908,2.27634022117355,0.8609656000117244
1.5,368,51,249,0,0.906,2.2624872698302942,0.8813938193010478
1.5,368,71,229,1,0.902,2.2107372939100918,0.8500162189591841
1.5,368,101,199,0,0.896,2.188412105853253,0.840921324078864
1.5,368,150,150,0,0.916,2.3015091572162016,0.8208618548806697
1.5,368,201,99,0,0.936,2.5407388011161895,0.8179584424526812
1.5,368,251,49,0,0.968,3.4351776041956574,0.8107992347240697
1.5,369,21,279,0,0.93,2.4050787922369707,0.9310147495556562
1.5,369,51,249,0,0.888,2.1448988465159218,0.8300555407911712
1.5,369,71,229,1,0.88,2.105945934629852,0.7914901607920667
1.5,369,101,199,0,0.888,2.1609713039625023,0.8209014089704099
1.5,369,150,150,0,0.916,2.3308505957548795,0.8102289740060684
1.5,369,201,99,0,0.894,2.1555998795233835,0.7957274137028375
1.5,369,251,49,0,0.916,2.3892756724870767,0.7766108772488522
1.5,370,21,279,0,0.904,2.31192567248882,0.9028232973316423
1.5,370,51,249,0,0.882,2.120663963867627,0.875019749288702
1.5,370,71,229,1,0.864,2.0002749754311866,0.8643066099653145
1.5,370,101,199,0,0.868,2.023578410588341,0.8720319399202994
1.5,370,150,150,0,0.866,1.95314892811609,0.8481160892444004
1.5,370,201,99,0,0.882,2.097098599243865,0.8508136918511655
1.5,370,251,49,0,0.948,2.69708807932031,0.8395779500385264
1.5,371,21,279,0,0.908,2.0800646845115005,0.7919238100522477
1.5,371,51,249,0,0.914,2.223299426488422,0.7979731297985879
1.5,371,71,229,1,0.914,2.2419076179577413,0.7971007573662299
1.5,371,101,199,0,0.932,2.348693758473016,0.7917422517115966
1.5,371,150,150,0,0.932,2.3551502890321534,0.7885734227645529
1.5,371,201,99,0,0.936,2.398559788079477,0.7849811096201238
1.5,371,251,49,0,0.86,1.7886934971150545,0.7913942532387885
1.5,372,21,279,0,0.858,2.0434689668611954,0.818397187531548
1.5,372,51,249,0,0.882,2.1493399819841255,0.7743760870313134
1.5,372,71,229,1,0.878,2.1582670415278824,0.8044929371587313
1.5,372,101,199,0,0.878,2.152288307355827,0.803778022491298
1.5,372,150,150,0,0.898,2.3064903990125574,0.7944866968489428
1.5,372,201,99,0,0.912,2.469551648693816,0.7902814206268526
1.5,372,251,49,0,0.92,2.582393617544892,0.7729797968910617
1.5,373,21,279,0,0.87,2.0957587964165243,0.8096833779089176
1.5,373,51,249,0,0.858,2.0444539156741692,0.8489974138724918
1.5,373,71,229,1,0.858,2.042088846021953,0.8503834125681148
1.5,373,101,199,0,0.854,2.028992217209938,0.8565065226511429
1.5,373,150,150,0,0.844,1.9780270798880506,0.8459369034310609
1.5,373,201,99,0,0.842,1.9625939904645073,0.8503671746552475
1.5,373,251,49,0,0.83,1.8847957351209648,0.8286110077093398
1.5,374,21,279,0,0.922,2.5080927653225964,0.545162348470686
1.5,374,51,249,0,0.926,2.4227018360326698,0.7137792241282755
1.5,374,71,229,1,0.92,2.3853336265544858,0.7737806204382419
1.5,374,101,199,0,0.912,2.3328513140174953,0.7929266422327659
1.5,374,150,150,0,0.908,2.2697129637611235,0.808000428759818
1.5,374,201,99,0,0.924,2.446885647123909,0.8269539357686688
1.5,374,251,49,0,0.908,2.2798895748208663,0.8208238540770342
1.5,375,21,279,0,0.926,2.6069791312341697,0.7336222568434184
1.5,375,51,249,0,0.896,2.3713328355774395,0.7432519717223336
1.5,375,71,229,1,0.904,2.418685898111081,0.7648168669143566
1.5,375,101,199,0,0.912,2.465459106636086,0.7839718678668647
1.5,375,150,150,0,0.904,2.388095407277166,0.7998183291684667
1.5,375,201,99,0,0.902,2.382572426872576,0.8061245206668356
1.5,375,251,49,0,0.968,3.3079799839793798,0.8176225764327117
1.5,376,21,279,0,0.85,2.144908881330387,0.7714434148670682
1.5,376,51,249,0,0.842,2.108083147802313,0.7462957047725952
1.5,376,71,229,1,0.848,2.1309387967158826,0.782676100833227
1.5,376,101,199,0,0.85,2.144043190443585,0.7902583451973123
1.5,376,150,150,0,0.858,2.237470289359088,0.8009300021635934
1.5,376,201,99,0,0.848,2.1191213778455187,0.8060230769874973
1.5,376,251,49,0,0.858,2.2239191581290387,0.7966790960838966
1.5,377,21,279,0,0.882,2.240800836338323,0.7874907447041763
1.5,377,51,249,0,0.886,2.2720090241284883,0.7762217929859664
1.5,377,71,229,1,0.88,2.220947063531183,0.8271233054382854
1.5,377,101,199,0,0.88,2.220945521002125,0.8271238841786424
1.5,377,150,150,0,0.882,2.2672791076107295,0.792922653761769
1.5,377,201,99,0,0.858,2.0162043790581725,0.8012643530847461
1.5,377,251,49,0,0.778,1.6057880154284716,0.8031450627148623
1.5,378,21,279,0,0.864,2.183943024290991,0.8362709483673904
1.5,378,51,249,0,0.856,2.0990043321312006,0.8195258667080919
1.5,378,71,229,1,0.866,2.193447706560665,0.8388000205537267
1.5,378,101,199,0,0.898,2.435746137508335,0.8255639188427822
1.5,378,150,150,0,0.886,2.3425469759272555,0.8093791314821536
1.5,378,201,99,0,0.9,2.4681518432625844,0.8014614760650253
1.5,378,251,49,0,0.906,2.519818451053784,0.7851243955314027
1.5,379,21,279,0,0.884,2.1685096845606004,0.9281367974599531
1.5,379,51,249,0,0.89,2.140239467578614,0.8771110621047711
1.5,379,71,229,1,0.89,2.1809329759852583,0.8709183253346782
1.5,379,101,199,0,0.892,2.156419601192243,0.8601128248142577
1.5,379,150,150,0,0.912,2.337916639069518,0.8463584584856744
1.5,379,201,99,0,0.9,2.1678756940105472,0.8356742352789779
1.5,379,251,49,0,0.9,2.167575256738691,0.8360793822634134
1.5,380,21,279,0,0.896,2.355709669449085,0.7763977788147357
1.5,380,51,249,0,0.912,2.471864826076257,0.7193208542803966
1.5,380,71,229,1,0.906,2.454925843008229,0.7025067271136625
1.5,380,101,199,0,0.896,2.3224170353735967,0.7748060031724994
1.5,380,150,150,0,0.886,2.1864466308748716,0.7843139550418555
1.5,380,201,99,0,0.87,2.035064789318921,0.7975875814726248
1.5,380,251,49,0,0.894,2.3123738848293542,0.7921286280470103
1.5,381,21,279,0,0.904,2.3751338255506913,0.7892884853358805
1.5,381,51,249,0,0.9,2.3283018509193143,0.7903761048839055
1.5,381,71,229,1,0.902,2.3500226123410948,0.7706634159928322
1.5,381,101,199,0,0.904,2.36638533565336,0.7556375883077444
1.5,381,150,150,0,0.908,2.4688744179787645,0.746585943006729
1.5,381,201,99,0,0.906,2.4027622744641266,0.7827308686049537
1.5,381,251,49,0,0.908,2.4415073472552824,0.7703237835328719
1.5,382,21,279,0,0.91,2.384225730393612,0.7335045697952729
1.5,382,51,249,0,0.932,2.6238977281467015,0.739217662680121
1.5,382,71,229,1,0.916,2.479387673789699,0.7289000679999696
1.5,382,101,199,0,0.912,2.378016407248834,0.7710759287915089
1.5,382,150,150,0,0.91,2.3506539752693207,0.7727180861256239
1.5,382,201,99,0,0.932,2.5359628534185066,0.7780261255027802
1.5,382,251,49,0,0.93,2.4810059819125465,0.8015390275517138
1.5,383,21,279,0,0.872,2.1891830291077685,0.9224686249571771
1.5,383,51,249,0,0.872,2.082976707530315,0.8457155391078227
1.5,383,71,229,1,0.862,2.0903106706248673,0.8666016807080615
1.5,383,101,199,0,0.892,2.2384015294630846,0.8512768237599053
1.5,383,150,150,0,0.892,2.237351292003095,0.8537097125311613
1.5,383,201,99,0,0.896,2.313238323957447,0.8430624291719485
1.5,383,251,49,0,0.796,1.7282904730749507,0.8325519570160061
1.5,384,21,279,0,0.894,2.222612117923849,0.8113175519388502
1.5,384,51,249,0,0.876,2.1600901289558823,0.786006449371458
1.5,384,71,229,1,0.872,2.0986883580221094,0.7641239822714029
1.5,384,101,199,0,0.876,2.1386405652009626,0.756736021428757
1.5,384,150,150,0,0.87,2.0814013421025828,0.78929768917611
1.5,384,201,99,0,0.862,1.997708506189807,0.7866318080953979
1.5,384,251,49,0,0.788,1.664299226593288,0.7909801605975469
1.5,385,21,279,0,0.864,2.187895766274599,0.7732869082995827
1.5,385,51,249,0,0.854,2.097062200250588,0.7963084671417495
1.5,385,71,229,1,0.864,2.175538945694058,0.7863259026643838
1.5,385,101,199,0,0.86,2.1327335414693906,0.8119791448309115
1.5,385,150,150,0,0.864,2.1353036912065173,0.8051084926738039
1.5,385,201,99,0,0.842,1.9604727906204706,0.8006086241934589
1.5,385,251,49,0,0.804,1.7725420402449152,0.8100333406679568
1.5,386,21,279,0,0.912,2.4269049152651014,0.8834778809877574
1.5,386,51,249,0,0.922,2.5722447390570897,0.8146093722215866
1.5,386,71,229,1,0.916,2.5001180711333983,0.8241494887177001
1.5,386,101,199,0,0.916,2.5280863780052734,0.801323366982196
1.5,386,150,150,0,0.872,2.0831535826558247,0.8304088368236133
1.5,386,201,99,0,0.824,1.7217675016243803,0.8023576135237749
1.5,386,251,49,0,0.792,1.5710715258998968,0.8034028649741866
1.5,387,21,279,0,0.916,2.522162128256301,0.8279045314352589
1.5,387,51,249,0,0.912,2.4363206585348736,0.8395276848150911
1.5,387,71,229,1,0.912,2.4382255574513976,0.8481308054845924
1.5,387,101,199,0,0.916,2.471053486248106,0.8143129121743806
1.5,387,150,150,0,0.922,2.622954624796841,0.8261681988685597
1.5,387,201,99,0,0.92,2.587920605055282,0.8376895764406531
1.5,387,251,49,0,0.934,2.7192801136926477,0.83123382752135
1.5,388,21,279,0,0.89,2.1971985342273657,0.8338568366855738
1.5,388,51,249,0,0.886,2.1516744322305614,0.8105198179290628
1.5,388,71,229,1,0.89,2.18959888238885,0.8057124581061104
1.5,388,101,199,0,0.89,2.2104720746718804,0.7924522959049
1.5,388,150,150,0,0.896,2.311488131300862,0.7894479173625326
1.5,388,201,99,0,0.894,2.250398527672261,0.8175587891868092
1.5,388,251,49,0,0.846,1.8402256991083739,0.8161311305039137
1.5,389,21,279,0,0.92,2.4728562551040234,0.9100270664781039
1.5,389,51,249,0,0.912,2.2992665151239673,0.8855706128790103
1.5,389,71,229,1,0.882,2.15117355773814,0.8525990539718165
1.5,389,101,199,0,0.874,2.121168007115754,0.822221741166676
1.5,389,150,150,0,0.876,2.143507544329157,0.8261025629539921
1.5,389,201,99,0,0.876,2.130401797015116,0.8191520110206194
1.5,389,251,49,0,0.826,1.7043514253008345,0.8060717757637454
1.5,390,21,279,0,0.888,2.266853135191218,0.798462148776657
1.5,390,51,249,0,0.898,2.34125910533097,0.7888384635931668
1.5,390,71,229,1,0.896,2.3056244294446837,0.7778865360926568
1.5,390,101,199,0,0.888,2.279942952175299,0.7619367529760734
1.5,390,150,150,0,0.898,2.3174027211104704,0.772358797574118
1.5,390,201,99,0,0.832,1.9521750528508688,0.7797140900166772
1.5,390,251,49,0,0.824,1.9151348438225688,0.7925882316412773
1.5,391,21,279,0,0.878,2.271693659932826,0.6238149051867473
1.5,391,51,249,0,0.86,2.137836446217193,0.7649447798529201
1.5,391,71,229,1,0.852,2.0815774782312286,0.8202695907696204
1.5,391,101,199,0,0.85,2.0822911252173455,0.8126033741547773
1.5,391,150,150,0,0.866,2.1883520215993135,0.7881102278055754
1.5,391,201,99,0,0.886,2.3183925024032885,0.7720440242674058
1.5,391,251,49,0,0.896,2.395975285799625,0.7725937561307014
1.5,392,21,279,0,0.902,2.4558280540441237,0.8339150803593857
1.5,392,51,249,0,0.904,2.4657184851547953,0.815468647150471
1.5,392,71,229,1,0.904,2.4519104418483044,0.8220118137563245
1.5,392,101,199,0,0.902,2.458885003847724,0.8438792484885769
1.5,392,150,150,0,0.906,2.443720751476485,0.8052002780690417
1.5,392,201,99,0,0.91,2.513197037459494,0.8048962602468772
1.5,392,251,49,0,0.884,2.2002988666620378,0.8156078389293595
1.5,393,21,279,0,0.918,2.3944082636530206,0.7274702071911282
1.5,393,51,249,0,0.92,2.409985087964519,0.7306697148605008
1.5,393,71,229,1,0.916,2.3399477513359486,0.7765007697746452
1.5,393,101,199,0,0.914,2.319209871209408,0.7671051167391431
1.5,393,150,150,0,0.912,2.255690470857325,0.7873076501264586
1.5,393,201,99,0,0.918,2.382480132854651,0.769431069602315
1.5,393,251,49,0,0.96,2.9890998964151025,0.767822866931273
1.5,394,21,279,0,0.91,2.508511969263579,0.8532681899491269
1.5,394,51,249,0,0.896,2.4102778248300454,0.8457030533679781
1.5,394,71,229,1,0.902,2.4434013713642435,0.8084414850692451
1.5,394,101,199,0,0.91,2.475430368506478,0.8094052420910895
1.5,394,150,150,0,0.91,2.4657486415543315,0.8021969767137397
1.5,394,201,99,0,0.912,2.51333036389413,0.7682464972928509
1.5,394,251,49,0,0.922,2.584407405424139,0.78368210397916
1.5,395,21,279,0,0.894,2.540939520177537,0.7294887781072973
1.5,395,51,249,0,0.898,2.535306642512847,0.7433547628858047
1.5,395,71,229,1,0.912,2.667082626049675,0.7704788355676044
1.5,395,101,199,0,0.924,2.7430912865147086,0.7849099215347282
1.5,395,150,150,0,0.93,2.855507256884176,0.7809900369671594
1.5,395,201,99,0,0.93,2.865836647619982,0.7749795827533663
1.5,395,251,49,0,0.926,2.748039670934113,0.7762710083643877
1.5,396,21,279,0,0.924,2.565470260155997,0.8405990159399913
1.5,396,51,249,0,0.93,2.620496823741579,0.7874590792339293
1.5,396,71,229,1,0.928,2.6068694605477667,0.8105215142781723
1.5,396,101,199,0,0.93,2.62429290336166,0.7859624977848967
1.5,396,150,150,0,0.928,2.595263782965853,0.7973689335258192
1.5,396,201,99,0,0.93,2.5944999481352786,0.776490143482883
1.5,396,251,49,0,0.932,2.678055392656601,0.7646014249958305
1.5,397,21,279,0,0.912,2.565632308152025,0.8118939809991875
1.5,397,51,249,0,0.902,2.486518548374811,0.7987700773213048
1.5,397,71,229,1,0.886,2.3373839561093623,0.8131245814484002
1.5,397,101,199,0,0.91,2.5279718314973287,0.837058706364979
1.5,397,150,150,0,0.916,2.622187511948403,0.826921700666288
1.5,397,201,99,0,0.932,2.8123643669936325,0.8200491270645212
1.5,397,251,49,0,0.958,3.6827004650152095,0.8071636997076327
1.5,398,21,279,0,0.894,2.354422755943905,0.6529263303629336
1.5,398,51,249,0,0.884,2.209309743403537,0.7271740838557171
1.5,398,71,229,1,0.882,2.1919655937542113,0.735536658862261
1.5,398,101,199,0,0.886,2.2558460994474663,0.7583713355575482
1.5,398,150,150,0,0.908,2.44337631849597,0.7585327597606407
1.5,398,201,99,0,0.904,2.3903976313280286,0.7675377866242399
1.5,398,251,49,0,0.92,2.5754331259153367,0.7760326513717946
1.5,399,21,279,0,0.92,2.5665238171218783,0.86116363196885
1.5,399,51,249,0,0.91,2.446365064607134,0.8091666343646271
1.5,399,71,229,1,0.908,2.35496478900914,0.7991527724528319
1.5,399,101,199,0,0.91,2.4184711144495434,0.7902844855080918
1.5,399,150,150,0,0.94,2.8010171539027775,0.7878044758221577
1.5,399,201,99,0,0.944,2.951211588700902,0.7797328145367352
1.5,399,251,49,0,0.946,2.99567274228532,0.7915057100091085
1.5,400,21,279,0,0.918,2.506995028394146,0.6747189158029869
1.5,400,51,249,0,0.92,2.477889353551165,0.7643858349633375
1.5,400,71,229,1,0.92,2.457153019837459,0.8014958160831205
1.5,400,101,199,0,0.922,2.4756839261091756,0.8153356719058796
1.5,400,150,150,0,0.916,2.4075235706473275,0.8217211366719498
1.5,400,201,99,0,0.928,2.584397459482765,0.8272269998036552
1.5,400,251,49,0,0.926,2.5145884952941158,0.819692884411145
1.5,401,21,279,0,0.864,2.0259664340868864,0.7582648338718847
1.5,401,51,249,0,0.868,2.030562260233447,0.7783359396497553
1.5,401,71,229,1,0.848,1.973036284709563,0.7832163012530958
1.5,401,101,199,0,0.864,2.0343725173067515,0.7937125046255045
1.5,401,150,150,0,0.884,2.2162168680609664,0.8003105268299898
1.5,401,201,99,0,0.882,2.175951001409405,0.7923867526046209
1.5,401,251,49,0,0.888,2.2526888521545296,0.7786954259939234
1.5,402,21,279,0,0.91,2.343225768654895,0.6900468501593199
1.5,402,51,249,0,0.912,2.3286748431031548,0.7967833287382844
1.5,402,71,229,1,0.91,2.3059900047671333,0.798302547232388
1.5,402,101,199,0,0.91,2.281289874926417,0.7998689343961952
1.5,402,150,150,0,0.924,2.517757414154408,0.7948049783105028
1.5,402,201,99,0,0.932,2.5930533232195407,0.7959738774116366
1.5,402,251,49,0,0.954,2.9496673404099205,0.8003501228120233
1.5,403,21,279,0,0.896,2.396735840100932,0.813596355723867
1.5,403,51,249,0,0.904,2.5034838822750554,0.8408373427762356
1.5,403,71,229,1,0.924,2.6620912763970455,0.8159585253113444
1.5,403,101,199,0,0.92,2.612630151487492,0.7720790168341017
1.5,403,150,150,0,0.926,2.6763346391446605,0.7740210134878616
1.5,403,201,99,0,0.89,2.2721518605281044,0.7858023669635281
1.5,403,251,49,0,0.954,3.0630424578956825,0.7762754511842694
1.5,404,21,279,0,0.9,2.3570006953325566,0.9006855892269615
1.5,404,51,249,0,0.898,2.308467257544219,0.8418255665591908
1.5,404,71,229,1,0.904,2.3423862663437567,0.8002221114194062
1.5,404,101,199,0,0.898,2.321200913234146,0.8450511831572415
1.5,404,150,150,0,0.886,2.18905055922316,0.8191950335884527
1.5,404,201,99,0,0.884,2.168134004629727,0.8030093052357227
1.5,404,251,49,0,0.896,2.2850191452202453,0.7894692520819486
1.5,405,21,279,0,0.844,1.9294096702565842,0.7752709172806023
1.5,405,51,249,0,0.87,2.0709540019507484,0.8155074786105715
1.5,405,71,229,1,0.876,2.100623655755303,0.8221480272876291
1.5,405,101,199,0,0.862,2.014679359930804,0.8083102651938197
1.5,405,150,150,0,0.852,1.9616744493749116,0.8012378501333041
1.5,405,201,99,0,0.834,1.8906555318284155,0.8030336257147768
1.5,405,251,49,0,0.89,2.186312240134088,0.8098314381758309
1.5,406,21,279,0,0.932,2.4473320595401042,0.7797227393203043
1.5,406,51,249,0,0.934,2.5252401469898498,0.7641656073835288
1.5,406,71,229,1,0.94,2.6237389097339876,0.7908061717710086
1.5,406,101,199,0,0.92,2.3874985743418655,0.8283193716351547
1.5,406,150,150,0,0.956,2.779164770212191,0.8066591944681147
1.5,406,201,99,0,0.96,2.9194250525897556,0.8031667241358849
1.5,406,251,49,0,0.904,2.140115266014557,0.7943242103522286
1.5,407,21,279,0,0.9,2.2348086778020635,0.8209602602247004
1.5,407,51,249,0,0.902,2.2981182691132545,0.8904462418929316
1.5,407,71,229,1,0.902,2.2756341943564196,0.8743202521408324
1.5,407,101,199,0,0.906,2.3359670506457713,0.8773975261780823
1.5,407,150,150,0,0.912,2.3361337491788934,0.8507236886464383
1.5,407,201,99,0,0.878,2.0947859719969264,0.8362242298583763
1.5,407,251,49,0,0.848,1.8912560934888976,0.832630571579654
1.5,408,21,279,0,0.88,2.135937284482314,0.8207092688572062
1.5,408,51,249,0,0.86,2.083893116752259,0.7616139128836655
1.5,408,71,229,1,0.892,2.2605266744023753,0.7824095133094533
1.5,408,101,199,0,0.892,2.2478365027805145,0.8244871555414793
1.5,408,150,150,0,0.868,2.03564645428573,0.8211789523345525
1.5,408,201,99,0,0.928,2.655339433885031,0.8282961908266901
1.5,408,251,49,0,0.932,2.9457485577803677,0.8090817156676726
1.5,409,21,279,0,0.872,2.303454842960312,0.7701165136778924
1.5,409,51,249,0,0.878,2.3003247303102734,0.7416685429626715
1.5,409,71,229,1,0.876,2.2768740331642814,0.755345684695674
1.5,409,101,199,0,0.87,2.2187148899869635,0.7658481094212758
1.5,409,150,150,0,0.868,2.209664611290735,0.7752238339262333
1.5,409,201,99,0,0.882,2.3698868256059593,0.759938120850617
1.5,409,251,49,0,0.83,2.0348851209077212,0.7507763245825894
1.5,410,21,279,0,0.86,2.1150293544506025,0.8632360318397239
1.5,410,51,249,0,0.86,2.125881779727587,0.8495167247652128
1.5,410,71,229,1,0.87,2.1709772626985213,0.8379689884888366
1.5,410,101,199,0,0.864,2.150598892881484,0.7955679517981382
1.5,410,150,150,0,0.85,2.049977518943458,0.8367803026256301
1.5,410,201,99,0,0.886,2.247327851065287,0.8055260798697857
1.5,410,251,49,0,0.906,2.4135594870053696,0.8030263822073231
1.5,411,21,279,0,0.888,2.3532483004144416,0.8494012405131799
1.5,411,51,249,0,0.89,2.3725031451536975,0.7939526827885448
1.5,411,71,229,1,0.886,2.3585229183365506,0.8254293531642026
1.5,411,101,199,0,0.882,2.2429482102028007,0.8303973241810267
1.5,411,150,150,0,0.886,2.3639507567932907,0.8150423354865399
1.5,411,201,99,0,0.882,2.24607809776739,0.8251026468904067
1.5,411,251,49,0,0.932,2.783176062532507,0.8197576027995044
1.5,412,21,279,0,0.88,2.3487534884797974,0.7686578098705943
1.5,412,51,249,0,0.88,2.339982296552813,0.7712508095520375
1.5,412,71,229,1,0.89,2.4398860109613243,0.7706964801155953
1.5,412,101,199,0,0.892,2.4303805211996186,0.7499620575578708
1.5,412,150,150,0,0.896,2.543413704325385,0.760229042651554
1.5,412,201,99,0,0.898,2.559159829839527,0.7520703310558158
1.5,412,251,49,0,0.858,2.1472104591137566,0.7621400212809791
1.5,413,21,279,0,0.93,2.6803603258908977,0.7706054051036829
1.5,413,51,249,0,0.934,2.7571727399091928,0.7668567859368667
1.5,413,71,229,1,0.93,2.662767782494031,0.7853951364582549
1.5,413,101,199,0,0.928,2.6510609018940565,0.7908543292379595
1.5,413,150,150,0,0.932,2.7012596656870644,0.756902908909007
1.5,413,201,99,0,0.9,2.414898862339398,0.7539275560881604
1.5,413,251,49,0,0.902,2.40639958268741,0.7645150485696711
1.5,414,21,279,0,0.9,2.396461012059966,0.6308839665763961
1.5,414,51,249,0,0.9,2.320459494562986,0.6958521913136382
1.5,414,71,229,1,0.892,2.2910686241515523,0.7360157483976475
1.5,414,101,199,0,0.902,2.353248597523408,0.7182467613724566
1.5,414,150,150,0,0.896,2.3145892791749185,0.7371219834010193
1.5,414,201,99,0,0.886,2.2482915194887614,0.781547878834959
1.5,414,251,49,0,0.94,2.824273929338124,0.7846210032518804
1.5,415,21,279,0,0.88,2.2548967111986347,0.7306398040859063
1.5,415,51,249,0,0.878,2.2510438905869026,0.7545974507863189
1.5,415,71,229,1,0.882,2.323361842098625,0.7455044204598497
1.5,415,101,199,0,0.898,2.5347210072631476,0.7691151418802479
1.5,415,150,150,0,0.896,2.529600212659064,0.761842090178991
1.5,415,201,99,0,0.87,2.211784427787028,0.7723155464653055
1.5,415,251,49,0,0.868,2.1750946277887184,0.7619978641879274
1.5,416,21,279,0,0.892,2.2836649764955874,0.7968563377958012
1.5,416,51,249,0,0.89,2.3043609778180976,0.7523116846288009
1.5,416,71,229,1,0.888,2.2514231658106447,0.7918318693393988
1.5,416,101,199,0,0.888,2.25381851100297,0.7956948651591191
1.5,416,150,150,0,0.89,2.290131677492317,0.7779406586967383
1.5,416,201,99,0,0.892,2.3537071043730573,0.7673294036815428
1.5,416,251,49,0,0.87,2.0648977290561494,0.7674787574121709
1.5,417,21,279,0,0.886,2.170038576433241,0.7324297999702825
1.5,417,51,249,0,0.88,2.1189885251518845,0.7598348088361745
1.5,417,71,229,1,0.87,2.0468974150571224,0.7743001515217144
1.5,417,101,199,0,0.89,2.168108506456357,0.7743398309672112
1.5,417,150,150,0,0.912,2.4121602195847576,0.7986270428720361
1.5,417,201,99,0,0.89,2.1690618951617506,0.7698264315030554
1.5,417,251,49,0,0.84,1.822445125055318,0.7694721305326826
1.5,418,21,279,0,0.864,2.248506871042267,0.8824163241455524
1.5,418,51,249,0,0.862,2.2322563191512077,0.8793816949116007
1.5,418,71,229,1,0.85,2.090121634520254,0.8315995068894306
1.5,418,101,199,0,0.862,2.19037782078977,0.8329607874048658
1.5,418,150,150,0,0.864,2.2288180178873978,0.8348014122330518
1.5,418,201,99,0,0.916,2.6243541692542514,0.8196693079209658
1.5,418,251,49,0,0.854,2.1149241282595255,0.8204473981592167
1.5,419,21,279,0,0.85,2.0970059251688884,0.7921801323979325
1.5,419,51,249,0,0.848,2.106810127684912,0.8117439612386793
1.5,419,71,229,1,0.85,2.119255097189689,0.7926906030272397
1.5,419,101,199,0,0.848,2.0682714761280208,0.7753675814315197
1.5,419,150,150,0,0.838,2.004872694934103,0.7800239650239804
1.5,419,201,99,0,0.844,2.0259380781593914,0.7640225191456772
1.5,419,251,49,0,0.85,2.079460455983713,0.7706591010196212
1.5,420,21,279,0,0.908,2.4543489361182984,0.8766466323092124
1.5,420,51,249,0,0.912,2.4501290746501243,0.8414547685053798
1.5,420,71,229,1,0.914,2.466257233194034,0.8350963018984041
1.5,420,101,199,0,0.914,2.4694504933115495,0.8191268999111222
1.5,420,150,150,0,0.922,2.593981740038248,0.8146644914570295
1.5,420,201,99,0,0.892,2.2850141827961643,0.819014941749739
1.5,420,251,49,0,0.896,2.3142226844408618,0.8091626091482403
1.5,421,21,279,0,0.902,2.280830021107403,0.8958151290255153
1.5,421,51,249,0,0.914,2.3552954032879936,0.8658718163798342
1.5,421,71,229,1,0.918,2.4018036143514556,0.8476415778576363
1.5,421,101,199,0,0.936,2.5937073804266007,0.8448097956909358
1.5,421,150,150,0,0.93,2.5383291095133584,0.8175649106065008
1.5,421,201,99,0,0.918,2.4006962251174153,0.8006557063313473
1.5,421,251,49,0,0.968,3.0751943868272047,0.7896583814200359
1.5,422,21,279,0,0.822,1.8800599456721074,0.7091540204256189
1.5,422,51,249,0,0.812,1.816667566670241,0.7786175602388138
1.5,422,71,229,1,0.818,1.835082688856971,0.8283903902994623
1.5,422,101,199,0,0.816,1.8070697139864937,0.8472449895740984
1.5,422,150,150,0,0.806,1.764194222590068,0.8505563894129472
1.5,422,201,99,0,0.77,1.6192120069370834,0.8542080126453506
1.5,422,251,49,0,0.826,1.9027229062168434,0.8437849536380481
1.5,423,21,279,0,0.894,2.186828408035598,0.7539326126936424
1.5,423,51,249,0,0.896,2.215487004001203,0.8045087943227719
1.5,423,71,229,1,0.898,2.2155270070225423,0.7838624782179876
1.5,423,101,199,0,0.894,2.183545205641816,0.799996722827352
1.5,423,150,150,0,0.898,2.2251029547601813,0.7888380945084494
1.5,423,201,99,0,0.894,2.1485111466900664,0.7763226424584737
1.5,423,251,49,0,0.86,1.917226076092621,0.7819474007040809
1.5,424,21,279,0,0.926,2.445272000404012,0.7799347537273769
1.5,424,51,249,0,0.928,2.5286097708499167,0.8350642746726875
1.5,424,71,229,1,0.934,2.5987001399324514,0.8403820658647397
1.5,424,101,199,0,0.936,2.6560815762096612,0.7992905818358422
1.5,424,150,150,0,0.928,2.505958446842417,0.8164648882985139
1.5,424,201,99,0,0.928,2.479908206563709,0.8054688000965051
1.5,424,251,49,0,0.964,3.4035952113225085,0.8196558933075281
1.5,425,21,279,0,0.936,2.5612417581979807,0.7160237469274985
1.5,425,51,249,0,0.936,2.561696449619977,0.7119043296273461
1.5,425,71,229,1,0.93,2.5094516644328513,0.7182842278173515
1.5,425,101,199,0,0.926,2.4200432287923954,0.7424464314531068
1.5,425,150,150,0,0.9,2.2525492081938285,0.780441675168648
1.5,425,201,99,0,0.894,2.177382096391232,0.7752821023407089
1.5,425,251,49,0,0.886,2.0903105330616483,0.7804450857702736
1.5,426,21,279,0,0.912,2.459280378408338,0.7897109288453619
1.5,426,51,249,0,0.922,2.524248240875018,0.8539303442966241
1.5,426,71,229,1,0.916,2.4915217302677686,0.8100752846501396
1.5,426,101,199,0,0.932,2.643436884145253,0.8027762685789696
1.5,426,150,150,0,0.926,2.5877143317794253,0.7879919654727252
1.5,426,201,99,0,0.938,2.7773749255605162,0.7837870607928137
1.5,426,251,49,0,0.938,2.7317860411559978,0.8105268980392144
1.5,427,21,279,0,0.908,2.2986258259688874,0.8758775906263746
1.5,427,51,249,0,0.902,2.283553550690397,0.8846004219310104
1.5,427,71,229,1,0.908,2.292453494343945,0.8378953226034429
1.5,427,101,199,0,0.908,2.2513042777427916,0.8323269772428655
1.5,427,150,150,0,0.926,2.4746346674182123,0.8365007807423317
1.5,427,201,99,0,0.93,2.5283236643679077,0.8317345006532265
1.5,427,251,49,0,0.908,2.233606396367076,0.8374468105600414
1.5,428,21,279,0,0.928,2.474761372104529,0.8561424999815015
1.5,428,51,249,0,0.934,2.556007465333936,0.8178070392113629
1.5,428,71,229,1,0.936,2.576212731137971,0.8225723100756599
1.5,428,101,199,0,0.946,2.6834825572638428,0.7885451609077831
1.5,428,150,150,0,0.96,2.999603580785105,0.7816607045799244
1.5,428,201,99,0,0.93,2.574544694629576,0.7752335304303734
1.5,428,251,49,0,0.958,2.873399677902982,0.7833302635094272
1.5,429,21,279,0,0.912,2.4808479573039675,0.7858366138402255
1.5,429,51,249,0,0.908,2.4902304816621865,0.836780913420759
1.5,429,71,229,1,0.91,2.484695459938261,0.8106447706026925
1.5,429,101,199,0,0.924,2.5812402687092026,0.8183701795882179
1.5,429,150,150,0,0.922,2.546543722514403,0.8286106527278777
1.5,429,201,99,0,0.906,2.4308384918626205,0.8121736303848901
1.5,429,251,49,0,0.88,2.1867243353145054,0.8274824008538151
1.5,430,21,279,0,0.906,2.309668389348884,0.7808442575740524
1.5,430,51,249,0,0.904,2.29307785920584,0.7599005730811996
1.5,430,71,229,1,0.912,2.3786047130508163,0.7379233570904806
1.5,430,101,199,0,0.908,2.3860601793609866,0.7485050121234407
1.5,430,150,150,0,0.912,2.3743926614116355,0.7751220666983808
1.5,430,201,99,0,0.902,2.2805289250316663,0.7966454756649852
1.5,430,251,49,0,0.924,2.428288832294851,0.8085553550232144
1.5,431,21,279,0,0.934,2.5738224545666664,0.8395203171910036
1.5,431,51,249,0,0.94,2.600752468490113,0.836308725389832
1.5,431,71,229,1,0.938,2.6016257844333306,0.8410394490822504
1.5,431,101,199,0,0.944,2.6922226776958267,0.8288245548465085
1.5,431,150,150,0,0.916,2.457351750548436,0.8129966678851893
1.5,431,201,99,0,0.932,2.594172208140542,0.8040987636973892
1.5,431,251,49,0,0.922,2.5358120381790905,0.8087931683384466
1.5,432,21,279,0,0.888,2.102055915428011,0.7862622496789834
1.5,432,51,249,0,0.888,2.097906395827962,0.7886706870143237
1.5,432,71,229,1,0.902,2.2162681787680003,0.7484084538976568
1.5,432,101,199,0,0.902,2.2163708817067556,0.7483240661504694
1.5,432,150,150,0,0.894,2.15791502786457,0.7524717595755825
1.5,432,201,99,0,0.912,2.256811181379362,0.7588097041140316
1.5,432,251,49,0,0.816,1.7884477177947222,0.7675595265937406
1.5,433,21,279,0,0.872,2.2103989755747633,0.80280200807317
1.5,433,51,249,0,0.87,2.1957357424370674,0.7836986135578337
1.5,433,71,229,1,0.872,2.1956999088036913,0.7820765605562303
1.5,433,101,199,0,0.876,2.19948284775006,0.8202705572935441
1.5,433,150,150,0,0.872,2.2103284180160636,0.802919061486839
1.5,433,201,99,0,0.896,2.4677991086426507,0.7774538877517534
1.5,433,251,49,0,0.876,2.226213580444044,0.7749248562271623
1.5,434,21,279,0,0.914,2.2136407730327736,0.7595850061081333
1.5,434,51,249,0,0.91,2.1816043653774324,0.8111539431205632
1.5,434,71,229,1,0.912,2.2068591618818187,0.7991727326501001
1.5,434,101,199,0,0.914,2.252956423468872,0.8077986309939046
1.5,434,150,150,0,0.904,2.1842212279769444,0.831425868132894
1.5,434,201,99,0,0.922,2.3527151337310452,0.8482064858570098
1.5,434,251,49,0,0.968,3.566936400290002,0.8415880960810543
1.5,435,21,279,0,0.896,2.3106471759008964,0.8929760362806066
1.5,435,51,249,0,0.882,2.1091950708083704,0.8120750484630425
1.5,435,71,229,1,0.88,2.097879019844077,0.8078793156457358
1.5,435,101,199,0,0.878,2.0661831066762564,0.8012375741955351
1.5,435,150,150,0,0.862,1.953554243638409,0.8126115883103525
1.5,435,201,99,0,0.876,2.0566288627928944,0.8049407995250724
1.5,435,251,49,0,0.942,2.8481626015475925,0.8073536305816277
1.5,436,21,279,0,0.914,2.329564796024031,0.9100701380228918
1.5,436,51,249,0,0.904,2.243682540298152,0.8732286663108324
1.5,436,71,229,1,0.896,2.1857087503587582,0.8633568415304881
1.5,436,101,199,0,0.884,2.0777946781536816,0.8441068031492267
1.5,436,150,150,0,0.89,2.1136550364004814,0.8331063643404897
1.5,436,201,99,0,0.874,2.005139766842778,0.8304758936859287
1.5,436,251,49,0,0.966,2.9914643701650663,0.8289720965827639
1.5,437,21,279,0,0.912,2.491468801410791,0.908647034163394
1.5,437,51,249,0,0.928,2.5006017461756738,0.8452597618524361
1.5,437,71,229,1,0.928,2.4765065013646708,0.8294914730564239
1.5,437,101,199,0,0.916,2.350747036452087,0.8018430706281625
1.5,437,150,150,0,0.912,2.3384259760864934,0.7836719733813244
1.5,437,201,99,0,0.944,2.623091359771917,0.772780430829954
1.5,437,251,49,0,0.946,2.6494946887208197,0.7670750171439351
1.5,438,21,279,0,0.89,2.311045659538433,0.7288828387802555
1.5,438,51,249,0,0.908,2.4570345875267297,0.7956679133761819
1.5,438,71,229,1,0.906,2.435677669176772,0.8225960630949034
1.5,438,101,199,0,0.928,2.7051804159137873,0.8778997836243674
1.5,438,150,150,0,0.93,2.71662224625615,0.8467201900695737
1.5,438,201,99,0,0.964,3.274998372773425,0.8546825430405901
1.5,438,251,49,0,0.966,3.3850322478413633,0.8455182895410712
1.5,439,21,279,0,0.898,2.3171642414303553,0.8659134720067221
1.5,439,51,249,0,0.9,2.28461732292506,0.8103155381495759
1.5,439,71,229,1,0.902,2.3083007187766333,0.8106573112260086
1.5,439,101,199,0,0.91,2.4185071281303627,0.793558678750565
1.5,439,150,150,0,0.912,2.4381769432959217,0.8010897007658544
1.5,439,201,99,0,0.904,2.3527221502539013,0.8085832750585731
1.5,439,251,49,0,0.876,2.124458043365229,0.8197044287058078
1.5,440,21,279,0,0.91,2.3657826563300355,0.7277906051069043
1.5,440,51,249,0,0.916,2.4295375329567204,0.7396531840301626
1.5,440,71,229,1,0.912,2.387662108531327,0.7750469410101545
1.5,440,101,199,0,0.9,2.2878389399446606,0.8459036448669014
1.5,440,150,150,0,0.902,2.3338891033675053,0.8348066292056425
1.5,440,201,99,0,0.898,2.311875737100624,0.8279632776388395
1.5,440,251,49,0,0.898,2.3287064830755853,0.8181740938037823
1.5,441,21,279,0,0.882,2.3950424057385944,0.6739507780356456
1.5,441,51,249,0,0.854,2.173029988365021,0.7640973413861555
1.5,441,71,229,1,0.856,2.2191433245856307,0.7647870273992314
1.5,441,101,199,0,0.854,2.1730488242244266,0.7637291432281977
1.5,441,150,150,0,0.854,2.18259051749105,0.8018600254044804
1.5,441,201,99,0,0.854,2.1853066609894483,0.8005421635922243
1.5,441,251,49,0,0.836,2.005232661006145,0.7976695697304008
1.5,442,21,279,0,0.918,2.317926164177315,0.7753544746664665
1.5,442,51,249,0,0.91,2.231525778588055,0.7777291537189438
1.5,442,71,229,1,0.91,2.2472631254442685,0.792218471368749
1.5,442,101,199,0,0.882,2.0528695589129398,0.7993299210153093
1.5,442,150,150,0,0.902,2.202579122243326,0.7773115747271607
1.5,442,201,99,0,0.918,2.3559756769011324,0.778910260200387
1.5,442,251,49,0,0.902,2.2044030903807967,0.7750441275029554
1.5,443,21,279,0,0.918,2.4737934506992216,0.6965473452930611
1.5,443,51,249,0,0.922,2.575360489362505,0.6834300148400799
1.5,443,71,229,1,0.918,2.5183224004434037,0.708492494068685
1.5,443,101,199,0,0.91,2.3693677465374465,0.7385728494845684
1.5,443,150,150,0,0.896,2.2345108079977862,0.80068081605739
1.5,443,201,99,0,0.896,2.2500980997905797,0.7933726105820538
1.5,443,251,49,0,0.908,2.391257459991057,0.8100561199563968
1.5,444,21,279,0,0.898,2.358890474702328,0.6254285204900198
1.5,444,51,249,0,0.892,2.297259358309075,0.7424468802633443
1.5,444,71,229,1,0.886,2.216644492657616,0.755306555852644
1.5,444,101,199,0,0.892,2.2956195780001716,0.7471525893549904
1.5,444,150,150,0,0.882,2.1634058056784027,0.7561121667277614
1.5,444,201,99,0,0.878,2.158089892516271,0.7887008794564763
1.5,444,251,49,0,0.942,3.123590398280112,0.7937138813073936
1.5,445,21,279,0,0.88,2.261342585036281,0.827069733551784
1.5,445,51,249,0,0.874,2.242824985477706,0.8048216810710842
1.5,445,71,229,1,0.87,2.209640078608416,0.8170242240682822
1.5,445,101,199,0,0.872,2.224481893261858,0.8162446799650648
1.5,445,150,150,0,0.876,2.2545318544903545,0.8187800880215191
1.5,445,201,99,0,0.888,2.297125253736024,0.8279228661713834
1.5,445,251,49,0,0.944,2.93303174404145,0.8193498365805384
1.5,446,21,279,0,0.932,2.613714374210471,0.8215442513998168
1.5,446,51,249,0,0.938,2.6235884071883375,0.8357400392349379
1.5,446,71,229,1,0.936,2.619496080726093,0.8158384943594043
1.5,446,101,199,0,0.94,2.7353373436268713,0.8469448808073418
1.5,446,150,150,0,0.94,2.7132564984806047,0.8539697930019884
1.5,446,201,99,0,0.94,2.723084461954047,0.8508437960325029
1.5,446,251,49,0,0.964,3.256186899121877,0.8401702299784615
1.5,447,21,279,0,0.906,2.215388722305722,0.8342192334016548
1.5,447,51,249,0,0.896,2.135572122667007,0.7925109820749422
1.5,447,71,229,1,0.882,2.1058535883974137,0.8525587434531909
1.5,447,101,199,0,0.908,2.208622306524405,0.8064849221204736
1.5,447,150,150,0,0.91,2.2719165447589504,0.7999731906911102
1.5,447,201,99,0,0.91,2.3101631674920435,0.7950894354550749
1.5,447,251,49,0,0.932,2.5189997266100876,0.7827198959182333
1.5,448,21,279,0,0.922,2.434113726555982,0.8212227181264933
1.5,448,51,249,0,0.922,2.4408742437259643,0.8161181548728926
1.5,448,71,229,1,0.922,2.4440116299559795,0.8140357816456184
1.5,448,101,199,0,0.922,2.4229206188784973,0.8248505148511338
1.5,448,150,150,0,0.92,2.4201259411197094,0.8297499519050818
1.5,448,201,99,0,0.908,2.2590265958663096,0.8147291724917478
1.5,448,251,49,0,0.908,2.2786223876887934,0.8071764641641388
1.5,449,21,279,0,0.916,2.2617666079008876,0.7430484879857717
1.5,449,51,249,0,0.918,2.2812507556965826,0.7671026084875295
1.5,449,71,229,1,0.924,2.3177835804510067,0.7973694193278699
1.5,449,101,199,0,0.93,2.357432675683203,0.8213294493403057
1.5,449,150,150,0,0.9,2.091619421015491,0.8063479729457761
1.5,449,201,99,0,0.89,2.0074045042415523,0.8140624322415045
1.5,449,251,49,0,0.892,2.0628624456765494,0.809559725232849
1.5,450,21,279,0,0.9,2.3662325284984074,0.7213468239792059
1.5,450,51,249,0,0.894,2.359252537482021,0.8192615784892616
1.5,450,71,229,1,0.904,2.4569923507229596,0.8102305613806261
1.5,450,101,199,0,0.894,2.3631082015923153,0.8087678026454832
1.5,450,150,150,0,0.884,2.2361941085251207,0.798586266775396
1.5,450,201,99,0,0.914,2.498966686134213,0.7922299690746776
1.5,450,251,49,0,0.934,2.7589216051545544,0.7757593172106019
1.5,451,21,279,0,0.94,2.6689784899108044,0.893383494977644
1.5,451,51,249,0,0.932,2.588677305258804,0.7905943667461952
1.5,451,71,229,1,0.938,2.66002580180462,0.7678167689578216
1.5,451,101,199,0,0.94,2.6818008840208254,0.7766168151284195
1.5,451,150,150,0,0.942,2.7372173465021508,0.7859704892058353
1.5,451,201,99,0,0.926,2.4691510868571105,0.7993522681340526
1.5,451,251,49,0,0.946,2.7189109375486606,0.8124996965913265
1.5,452,21,279,0,0.946,2.6609354590119367,0.8960019761655603
1.5,452,51,249,0,0.948,2.660850148146742,0.8296926101102003
1.5,452,71,229,1,0.946,2.6486367996587767,0.8026579412037992
1.5,452,101,199,0,0.94,2.6378280089099673,0.7789402025526917
1.5,452,150,150,0,0.952,2.7015132529708925,0.7906863679751203
1.5,452,201,99,0,0.948,2.7080809934257175,0.7937690491249704
1.5,452,251,49,0,0.906,2.309647723597324,0.8067748965458607
1.5,453,21,279,0,0.878,2.19914419377723,0.7448555781129564
1.5,453,51,249,0,0.874,2.2439206067028326,0.6941341634343245
1.5,453,71,229,1,0.88,2.256296190958358,0.7309869745640535
1.5,453,101,199,0,0.876,2.2339579044445825,0.7206844605775845
1.5,453,150,150,0,0.878,2.1935895718042047,0.7510319742077879
1.5,453,201,99,0,0.898,2.401237051450341,0.7759156437532841
1.5,453,251,49,0,0.898,2.4020445895238702,0.7926432452496991
1.5,454,21,279,0,0.89,2.3610257982229776,0.7446233011101058
1.5,454,51,249,0,0.9,2.368901912314192,0.7887543127490675
1.5,454,71,229,1,0.884,2.3302933289042733,0.8491224530262279
1.5,454,101,199,0,0.896,2.3698516396428895,0.8319436785118561
1.5,454,150,150,0,0.896,2.3698880795589052,0.8352256113391354
1.5,454,201,99,0,0.904,2.467552090044699,0.8138445150307426
1.5,454,251,49,0,0.926,2.748846823623444,0.8481645976598092
1.5,455,21,279,0,0.908,2.385684765832235,0.712734651108576
1.5,455,51,249,0,0.896,2.2720203326569943,0.7709912185182175
1.5,455,71,229,1,0.888,2.2258605132913125,0.7924830232663834
1.5,455,101,199,0,0.894,2.270187254172463,0.8473171826051095
1.5,455,150,150,0,0.9,2.335230140663625,0.8225878461089935
1.5,455,201,99,0,0.91,2.4442468170057174,0.8117117391933405
1.5,455,251,49,0,0.948,3.032822884853874,0.8044236193685691
1.5,456,21,279,0,0.882,2.2884414843659195,0.7161157998995467
1.5,456,51,249,0,0.882,2.2381169155865055,0.7392744369330437
1.5,456,71,229,1,0.886,2.2922138983508495,0.8101946623097019
1.5,456,101,199,0,0.892,2.3503734393564155,0.7912522310598148
1.5,456,150,150,0,0.854,2.0818373997131605,0.8022272709090226
1.5,456,201,99,0,0.852,2.0779069596995763,0.8041564914339343
1.5,456,251,49,0,0.84,2.0137767946463976,0.8075595013519248
1.5,457,21,279,0,0.88,2.3542263552411176,0.6551385182203994
1.5,457,51,249,0,0.876,2.2268537085391307,0.7818695095777997
1.5,457,71,229,1,0.878,2.190186409270623,0.817493829206775
1.5,457,101,199,0,0.876,2.1919250646569965,0.8034347986716489
1.5,457,150,150,0,0.874,2.158559535355197,0.8228269484472922
1.5,457,201,99,0,0.906,2.4286198453479417,0.8140098808993368
1.5,457,251,49,0,0.91,2.5045006509525325,0.8200974418025847
1.5,458,21,279,0,0.92,2.624101136383398,0.7016805650226215
1.5,458,51,249,0,0.922,2.6464080838174158,0.6748027629104076
1.5,458,71,229,1,0.926,2.724255843853826,0.6930459469129049
1.5,458,101,199,0,0.908,2.4272520730341376,0.7530810116309252
1.5,458,150,150,0,0.902,2.3470129259524395,0.7799152431934889
1.5,458,201,99,0,0.946,3.1415192298325554,0.8171096732201077
1.5,458,251,49,0,0.96,3.532362080528476,0.8298518605400924
1.5,459,21,279,0,0.914,2.4267256790106186,0.835605088640786
1.5,459,51,249,0,0.914,2.446678506161887,0.7848653458414222
1.5,459,71,229,1,0.914,2.482612537091447,0.8112504651654633
1.5,459,101,199,0,0.91,2.3579760723500875,0.8155393233645029
1.5,459,150,150,0,0.914,2.4700694401025696,0.8102897643442639
1.5,459,201,99,0,0.914,2.4525176429058617,0.8207049918729897
1.5,459,251,49,0,0.87,2.1187578207548827,0.8300145732001514
1.5,460,21,279,0,0.932,2.5895805738528743,0.8196121765155892
1.5,460,51,249,0,0.938,2.6385033814240297,0.7802473571662666
1.5,460,71,229,1,0.94,2.664827564309091,0.766689880958287
1.5,460,101,199,0,0.94,2.6539325526542865,0.7787359222200594
1.5,460,150,150,0,0.954,3.0125139721207175,0.7749929199026362
1.5,460,201,99,0,0.94,2.649626687425704,0.7835450070922392
1.5,460,251,49,0,0.96,3.197528140285707,0.8007608775971778
1.5,461,21,279,0,0.938,2.6748052193576313,0.7438744453351025
1.5,461,51,249,0,0.902,2.4555317268426227,0.9210535686692806
1.5,461,71,229,1,0.912,2.4695675301082547,0.8960975300695514
1.5,461,101,199,0,0.912,2.4863558345608596,0.8807824924900172
1.5,461,150,150,0,0.918,2.495640429019854,0.8527127691377168
1.5,461,201,99,0,0.932,2.5404160659838975,0.8291947201075442
1.5,461,251,49,0,0.924,2.508300648872055,0.828758565133375
1.5,462,21,279,0,0.924,2.3971348640279766,0.7986272546950147
1.5,462,51,249,0,0.92,2.2881641534557753,0.7615058975715802
1.5,462,71,229,1,0.93,2.442485895749231,0.8024595493872648
1.5,462,101,199,0,0.916,2.255465895442612,0.7846606554084635
1.5,462,150,150,0,0.926,2.43669997623743,0.8117867746769846
1.5,462,201,99,0,0.93,2.4318683929977123,0.7996827066234645
1.5,462,251,49,0,0.94,2.6139945632097086,0.8185499716412836
1.5,463,21,279,0,0.912,2.616689054808419,0.8769355846928724
1.5,463,51,249,0,0.906,2.5894350495237757,0.8194960219566902
1.5,463,71,229,1,0.886,2.4705370626169034,0.7859865990226462
1.5,463,101,199,0,0.884,2.451529709992937,0.7827183729269108
1.5,463,150,150,0,0.876,2.2287316306749227,0.7712513086900544
1.5,463,201,99,0,0.876,2.1891888608808685,0.7746912779201992
1.5,463,251,49,0,0.876,2.223465683997839,0.7633808250820581
1.5,464,21,279,0,0.862,2.2236210691240617,0.6866762271742037
1.5,464,51,249,0,0.864,2.2800424859358235,0.6558547555191545
1.5,464,71,229,1,0.876,2.347663794848612,0.6859269169900449
1.5,464,101,199,0,0.884,2.4027728824514654,0.6955037587875034
1.5,464,150,150,0,0.884,2.371835700983922,0.7473020827200733
1.5,464,201,99,0,0.93,2.7583630339760212,0.7554302471767627
1.5,464,251,49,0,0.926,2.7296074143164435,0.7640022210651978
1.5,465,21,279,0,0.918,2.5376173518451246,0.9183441885252565
1.5,465,51,249,0,0.922,2.5351478251563795,0.8652086166047032
1.5,465,71,229,1,0.924,2.5587642165512845,0.8641785761496373
1.5,465,101,199,0,0.924,2.576140336050369,0.838012774013047
1.5,465,150,150,0,0.934,2.698877698069253,0.8415668206106598
1.5,465,201,99,0,0.942,2.8553377646929565,0.8315032347263009
1.5,465,251,49,0,0.942,2.843072018458924,0.8216645307495063
1.5,466,21,279,0,0.918,2.588734256759311,0.7847091405126894
1.5,466,51,249,0,0.912,2.53577812634124,0.815528283456695
1.5,466,71,229,1,0.912,2.4902188576128546,0.8220209286133545
1.5,466,101,199,0,0.894,2.333274384129291,0.8354379395304734
1.5,466,150,150,0,0.914,2.5446239021842536,0.8349393614676974
1.5,466,201,99,0,0.924,2.732656870709654,0.8101783406235784
1.5,466,251,49,0,0.924,2.732197079788265,0.8087593952276808
1.5,467,21,279,0,0.92,2.534372085611615,0.8339635685075047
1.5,467,51,249,0,0.928,2.6476479495115393,0.7702780564458648
1.5,467,71,229,1,0.93,2.6294304876055303,0.7864102148850763
1.5,467,101,199,0,0.93,2.6653896349918806,0.7725232505128886
1.5,467,150,150,0,0.932,2.700426846994768,0.7742416708160148
1.5,467,201,99,0,0.934,2.850413333468399,0.7774833002629982
1.5,467,251,49,0,0.934,2.8482218085880047,0.7783317326694561
1.5,468,21,279,0,0.908,2.4435338553555894,0.8335477793061681
1.5,468,51,249,0,0.918,2.4648924788138573,0.8125042175992091
1.5,468,71,229,1,0.896,2.355559221232783,0.8289094453377479
1.5,468,101,199,0,0.886,2.241022101326288,0.8177931319584238
1.5,468,150,150,0,0.894,2.302374572774309,0.824280509893101
1.5,468,201,99,0,0.844,1.9581460787104839,0.8086930905281328
1.5,468,251,49,0,0.808,1.6517017785728276,0.8106722784825711
1.5,469,21,279,0,0.932,2.7685089591653678,0.6266475051854973
1.5,469,51,249,0,0.952,2.98676439221551,0.7163858389571935
1.5,469,71,229,1,0.954,2.922892371602477,0.7836784584839007
1.5,469,101,199,0,0.956,3.025367586682365,0.7909206670990109
1.5,469,150,150,0,0.962,3.21125088000295,0.8051326069475357
1.5,469,201,99,0,0.966,3.304927582131028,0.8194451490483023
1.5,469,251,49,0,0.982,4.039384303812965,0.8237716263891333
1.5,470,21,279,0,0.938,2.432984498952187,0.8129510444206902
1.5,470,51,249,0,0.946,2.5438549867426614,0.786644404911152
1.5,470,71,229,1,0.94,2.5209047344776025,0.7699925063446115
1.5,470,101,199,0,0.944,2.526030770547497,0.7801720280008541
1.5,470,150,150,0,0.946,2.5426789571801582,0.8076410762215462
1.5,470,201,99,0,0.938,2.453694018549032,0.7980081979055181
1.5,470,251,49,0,0.91,2.2358813714863532,0.794707769423353
1.5,471,21,279,0,0.894,2.466384751063024,0.556665969940994
1.5,471,51,249,0,0.894,2.2751095443631675,0.6911560997210527
1.5,471,71,229,1,0.888,2.1928402706666055,0.7161634632478906
1.5,471,101,199,0,0.898,2.3415880552000585,0.7420785516879141
1.5,471,150,150,0,0.886,2.1084687554309802,0.774668333290109
1.5,471,201,99,0,0.888,2.1138341001991923,0.7938889623340745
1.5,471,251,49,0,0.884,2.080102452990009,0.7833797040957877
1.5,472,21,279,0,0.912,2.551226429363735,0.6350394471968407
1.5,472,51,249,0,0.914,2.524840532059407,0.6505216559594803
1.5,472,71,229,1,0.93,2.640702844197526,0.6567126045739546
1.5,472,101,199,0,0.93,2.5931271170788905,0.6785781371713278
1.5,472,150,150,0,0.938,2.6816188753043724,0.6886668425976663
1.5,472,201,99,0,0.934,2.5904473880759835,0.71644579885945
1.5,472,251,49,0,0.954,2.8492964428328746,0.7209415820888603
1.5,473,21,279,0,0.9,2.2125313514789586,0.7195196749866886
1.5,473,51,249,0,0.89,2.158616439316634,0.7965658620294837
1.5,473,71,229,1,0.894,2.164736663408331,0.7997248782642972
1.5,473,101,199,0,0.902,2.2163467418716247,0.8053302457349646
1.5,473,150,150,0,0.904,2.2556941055554076,0.8117363451373135
1.5,473,201,99,0,0.916,2.364082361959845,0.8075553824611487
1.5,473,251,49,0,0.918,2.321446422249167,0.7960771097535003
1.5,474,21,279,0,0.902,2.2463168016931303,0.7227521377157125
1.5,474,51,249,0,0.918,2.312637501188852,0.7755154708017337
1.5,474,71,229,1,0.916,2.301309537123828,0.7788924549574252
1.5,474,101,199,0,0.914,2.2832654448771055,0.7842975196401921
1.5,474,150,150,0,0.908,2.198355031735038,0.8101747600493332
1.5,474,201,99,0,0.908,2.197087716194539,0.8105666867007281
1.5,474,251,49,0,0.912,2.2266305812660394,0.8303233826536074
1.5,475,21,279,0,0.888,2.31839046233165,0.8327521082720505
1.5,475,51,249,0,0.89,2.33587760804839,0.7995642784628898
1.5,475,71,229,1,0.89,2.330536736883778,0.8096613033519761
1.5,475,101,199,0,0.894,2.443462803967235,0.854120514640609
1.5,475,150,150,0,0.9,2.472976868901037,0.839729829969238
1.5,475,201,99,0,0.922,2.7605035813067804,0.8354037590090037
1.5,475,251,49,0,0.95,3.256421414476191,0.8308749076279489
1.5,476,21,279,0,0.894,2.2720096317810685,0.8297666630345107
1.5,476,51,249,0,0.902,2.423552300025006,0.7301646275837571
1.5,476,71,229,1,0.9,2.382008019813713,0.7467774747437788
1.5,476,101,199,0,0.898,2.303256227518714,0.7866242822141188
1.5,476,150,150,0,0.898,2.2976370277085536,0.8057253265429358
1.5,476,201,99,0,0.898,2.292383420465973,0.8060543784500157
1.5,476,251,49,0,0.914,2.5844828903755044,0.7837360198884067
1.5,477,21,279,0,0.93,2.637269765208134,0.779988665640637
1.5,477,51,249,0,0.924,2.54596162373002,0.7709060733394502
1.5,477,71,229,1,0.928,2.5530382260896585,0.7880782096627584
1.5,477,101,199,0,0.932,2.6851277853061792,0.8033341310831448
1.5,477,150,150,0,0.932,2.6794496300379196,0.788031452068737
1.5,477,201,99,0,0.93,2.658002702191499,0.7791778939450423
1.5,477,251,49,0,0.918,2.439335528768636,0.7857354997938184
1.5,478,21,279,0,0.932,2.7331149340114633,0.7433083625713548
1.5,478,51,249,0,0.926,2.6574065067173396,0.7924731514391096
1.5,478,71,229,1,0.926,2.6261093820337456,0.8106869424738047
1.5,478,101,199,0,0.922,2.5644924397655564,0.8439380570221533
1.5,478,150,150,0,0.91,2.4092132808263185,0.8323445002726163
1.5,478,201,99,0,0.906,2.369759843287382,0.8308758203244254
1.5,478,251,49,0,0.906,2.3743132623963747,0.8268094644962137
1.5,479,21,279,0,0.912,2.3875087046352705,0.784324802560501
1.5,479,51,249,0,0.914,2.448965510521107,0.8100857340605154
1.5,479,71,229,1,0.926,2.512137024104395,0.7934189060177274
1.5,479,101,199,0,0.908,2.41932841349929,0.8087191172837982
1.5,479,150,150,0,0.924,2.5175886386088133,0.7850888863696664
1.5,479,201,99,0,0.906,2.325994036312238,0.7857342246552248
1.5,479,251,49,0,0.906,2.3277371536021443,0.7840071749602083
1.5,480,21,279,0,0.908,2.375131973433456,0.711281235694867
1.5,480,51,249,0,0.91,2.409186088772878,0.6985048388649102
1.5,480,71,229,1,0.906,2.3537675174897332,0.6974860535883219
1.5,480,101,199,0,0.908,2.2628059688141264,0.7838756111224532
1.5,480,150,150,0,0.914,2.373033446430168,0.7827772630788128
1.5,480,201,99,0,0.918,2.43518081466718,0.7973798201674624
1.5,480,251,49,0,0.918,2.5214354751880874,0.7886067140699592
1.5,481,21,279,0,0.87,2.2087171118375455,0.7781580025972175
1.5,481,51,249,0,0.856,2.139608442433484,0.7595551883252651
1.5,481,71,229,1,0.846,2.0524047168483723,0.7422737001766624
1.5,481,101,199,0,0.852,2.0778893471531017,0.7399641332254964
1.5,481,150,150,0,0.846,2.062005390694708,0.7475248143404886
1.5,481,201,99,0,0.866,2.180885718174893,0.7546636549317008
1.5,481,251,49,0,0.88,2.3112720998519944,0.7608751337721874
1.5,482,21,279,0,0.886,2.247333423576207,0.8275696680921262
1.5,482,51,249,0,0.902,2.3543966018040763,0.8184290010770456
1.5,482,71,229,1,0.896,2.3131301921778795,0.8159683663880289
1.5,482,101,199,0,0.882,2.2176206577321915,0.8327826600807372
1.5,482,150,150,0,0.878,2.1717522132277955,0.8111808429909705
1.5,482,201,99,0,0.882,2.184150731981992,0.8003227836226008
1.5,482,251,49,0,0.882,2.183261148140772,0.7994786395701386
1.5,483,21,279,0,0.918,2.6416181248185873,0.8637370648219251
1.5,483,51,249,0,0.93,2.7677881313869506,0.8936178052064118
1.5,483,71,229,1,0.916,2.6366290133940655,0.8533134427416349
1.5,483,101,199,0,0.906,2.5376001235239047,0.8206474992546542
1.5,483,150,150,0,0.92,2.6529899366133747,0.8237704465734104
1.5,483,201,99,0,0.93,2.7374972191016544,0.8176888274415189
1.5,483,251,49,0,0.93,2.7344251266685333,0.8154081566926304
1.5,484,21,279,0,0.902,2.250997502783812,0.8120552197349787
1.5,484,51,249,0,0.892,2.2729026604472296,0.7469896068382321
1.5,484,71,229,1,0.898,2.2892462825923805,0.7786125304135767
1.5,484,101,199,0,0.896,2.2991796497554837,0.7681224644852757
1.5,484,150,150,0,0.906,2.3050976545008943,0.8065533463171074
1.5,484,201,99,0,0.908,2.3594188890571712,0.8067981734537539
1.5,484,251,49,0,0.906,2.304491103173479,0.801425159496925
1.5,485,21,279,0,0.9,2.5167616487163826,0.9388131895200995
1.5,485,51,249,0,0.904,2.554292632124499,0.891540965728746
1.5,485,71,229,1,0.902,2.535825145369683,0.8740215766893948
1.5,485,101,199,0,0.906,2.5828328519204513,0.8935594680745389
1.5,485,150,150,0,0.908,2.626422270146871,0.8620878991574805
1.5,485,201,99,0,0.924,2.8035061093212987,0.8558345791617428
1.5,485,251,49,0,0.924,2.800562779665448,0.8535993082014428
1.5,486,21,279,0,0.86,2.087066226650173,0.8132203955445079
1.5,486,51,249,0,0.848,2.0091206452978603,0.805641209094251
1.5,486,71,229,1,0.854,2.028704213808999,0.8044238025426061
1.5,486,101,199,0,0.858,2.0452824918326296,0.8133526437546442
1.5,486,150,150,0,0.848,2.0006917921312,0.7990167679726699
1.5,486,201,99,0,0.864,2.113680095114435,0.802402224561599
1.5,486,251,49,0,0.864,2.1159946051581904,0.801611053798319
1.5,487,21,279,0,0.882,2.1875349958755037,0.7658355836306101
1.5,487,51,249,0,0.862,2.0118306512838755,0.8504791385007705
1.5,487,71,229,1,0.872,2.0777074195943896,0.8173304704158779
1.5,487,101,199,0,0.876,2.126913424526656,0.7822346559087741
1.5,487,150,150,0,0.86,2.0121117464576823,0.7845441631857546
1.5,487,201,99,0,0.874,2.1282592871774506,0.8011240912337442
1.5,487,251,49,0,0.912,2.4528945503792055,0.8050939885793909
1.5,488,21,279,0,0.922,2.1978052654788436,0.7952674327396003
1.5,488,51,249,0,0.924,2.211897903449914,0.8021262560323922
1.5,488,71,229,1,0.922,2.2215592275507294,0.7873979296001151
1.5,488,101,199,0,0.924,2.239599250470457,0.7814438950853946
1.5,488,150,150,0,0.936,2.386458424361569,0.7804587805144362
1.5,488,201,99,0,0.946,2.511445822079343,0.7862167705596933
1.5,488,251,49,0,0.956,2.821629999426432,0.7818459985341514
1.5,489,21,279,0,0.902,2.369869164533794,0.8010374759772114
1.5,489,51,249,0,0.902,2.3837213488001474,0.8038647292453953
1.5,489,71,229,1,0.902,2.3570775777279263,0.8148508762440207
1.5,489,101,199,0,0.898,2.302314240369446,0.7873033385746778
1.5,489,150,150,0,0.88,2.1614117736150065,0.7741877403732901
1.5,489,201,99,0,0.882,2.1631251248397407,0.777302570436867
1.5,489,251,49,0,0.878,2.14592574600368,0.7918828930130695
1.5,490,21,279,0,0.96,2.9601189056319783,0.7527546122509015
1.5,490,51,249,0,0.966,3.2512363550538077,0.837049983845487
1.5,490,71,229,1,0.968,3.270159707495549,0.8390455439767495
1.5,490,101,199,0,0.966,3.297053025213203,0.8712477124141587
1.5,490,150,150,0,0.968,3.35817573270218,0.8539244297317693
1.5,490,201,99,0,0.968,3.4177966552214665,0.862691559812233
1.5,490,251,49,0,0.974,3.530973096945609,0.8489095638227069
1.5,491,21,279,0,0.914,2.273203209667516,0.80692997293025
1.5,491,51,249,0,0.908,2.208101401110101,0.8236766396578786
1.5,491,71,229,1,0.904,2.165762187928391,0.8126764195639695
1.5,491,101,199,0,0.902,2.169031636305527,0.8045814587511746
1.5,491,150,150,0,0.888,2.105405362780921,0.7978317735498942
1.5,491,201,99,0,0.91,2.2439859996619322,0.827853320699183
1.5,491,251,49,0,0.976,3.8222248963574965,0.8393397581764234
1.5,492,21,279,0,0.864,2.232051379605713,0.8660337349820736
1.5,492,51,249,0,0.868,2.2818010392176915,0.8682071275592071
1.5,492,71,229,1,0.878,2.299418424010405,0.8479512530696757
1.5,492,101,199,0,0.878,2.290334984794096,0.843940546510219
1.5,492,150,150,0,0.86,2.1557411489624356,0.8385018001902631
1.5,492,201,99,0,0.858,2.1541799199859772,0.837713950971857
1.5,492,251,49,0,0.854,2.140350306344517,0.8305207233742995
1.5,493,21,279,0,0.868,2.1462526353725044,0.768428350492474
1.5,493,51,249,0,0.868,2.1456395185128905,0.7664300148705118
1.5,493,71,229,1,0.87,2.150920821495838,0.7608679460051944
1.5,493,101,199,0,0.876,2.2604018735367064,0.736106963345357
1.5,493,150,150,0,0.866,2.139722728003204,0.7454441731509348
1.5,493,201,99,0,0.87,2.1515002162504344,0.7717919038078854
1.5,493,251,49,0,0.908,2.511573904266238,0.7803658457003625
1.5,494,21,279,0,0.91,2.2405069126354182,0.8165953660914358
1.5,494,51,249,0,0.908,2.219637076878317,0.7880325265760296
1.5,494,71,229,1,0.908,2.214466344942294,0.7956383638481971
1.5,494,101,199,0,0.908,2.2233509963530813,0.7868502174687968
1.5,494,150,150,0,0.926,2.3933616092433,0.7775513814807209
1.5,494,201,99,0,0.95,2.675986885200802,0.7800240611141576
1.5,494,251,49,0,0.976,3.3680677608169027,0.7848693840522717
1.5,495,21,279,0,0.898,2.2523898198244874,0.8200573366528237
1.5,495,51,249,0,0.904,2.384884339685238,0.7753446584337856
1.5,495,71,229,1,0.914,2.457363233678591,0.8011851445008936
1.5,495,101,199,0,0.916,2.4837464979233483,0.8002070086358037
1.5,495,150,150,0,0.91,2.4558781347589154,0.7912402092316412
1.5,495,201,99,0,0.876,2.121659815581088,0.8026248212672871
1.5,495,251,49,0,0.856,2.007363149915682,0.7786609839814366
1.5,496,21,279,0,0.898,2.2527712215250886,0.59470089210568
1.5,496,51,249,0,0.88,2.051634141176948,0.7714463071766524
1.5,496,71,229,1,0.9,2.1723620242896393,0.7605517121270315
1.5,496,101,199,0,0.886,2.0834899062877867,0.7516076095778698
1.5,496,150,150,0,0.9,2.1698484387897343,0.7561412083501808
1.5,496,201,99,0,0.9,2.170441818053658,0.7571699238968367
1.5,496,251,49,0,0.836,1.7898409156503745,0.7447489888927801
1.5,497,21,279,0,0.91,2.498746144492439,0.6702238529909524
1.5,497,51,249,0,0.882,2.2361587859066194,0.7285752007376011
1.5,497,71,229,1,0.878,2.2031890329590382,0.7163060343749348
1.5,497,101,199,0,0.89,2.2707384826366206,0.7591831296604135
1.5,497,150,150,0,0.852,1.9879967491180646,0.8195964424072156
1.5,497,201,99,0,0.878,2.2208394285827078,0.8213851228711749
1.5,497,251,49,0,0.79,1.618747685730434,0.8311452808595446
1.5,498,21,279,0,0.922,2.7010201282833135,0.7354718888937
1.5,498,51,249,0,0.926,2.7139457053538836,0.745009730569233
1.5,498,71,229,1,0.932,2.730146187864725,0.7585431261671709
1.5,498,101,199,0,0.946,2.9954200490099776,0.7971934926562831
1.5,498,150,150,0,0.93,2.7185132147311,0.8022570341930725
1.5,498,201,99,0,0.93,2.7178989466973844,0.7798471734265677
1.5,498,251,49,0,0.946,3.0076401395489416,0.7776723420068891
1.5,499,21,279,0,0.894,2.2943360093811407,0.7397103654719636
1.5,499,51,249,0,0.904,2.3529241412057984,0.7845619820340851
1.5,499,71,229,1,0.904,2.3497748071170528,0.7839888842068451
1.5,499,101,199,0,0.932,2.6022223232286077,0.8038316977230284
1.5,499,150,150,0,0.898,2.3190343920402348,0.7824095725665207
1.5,499,201,99,0,0.898,2.3194678054004916,0.7831651191678819
1.5,499,251,49,0,0.926,2.47551262465902,0.7750351690090472
1.5,500,21,279,0,0.922,2.4115265417066185,0.837520597004841
1.5,500,51,249,0,0.922,2.379117761492492,0.7611748881890913
1.5,500,71,229,1,0.926,2.3992648975064,0.7620178325748223
1.5,500,101,199,0,0.922,2.354022818085589,0.7780251508531932
1.5,500,150,150,0,0.936,2.559825003293196,0.8160719548759076
1.5,500,201,99,0,0.956,2.853878488545009,0.8248274574194374
1.5,500,251,49,0,0.954,2.8661905262629963,0.8065464617239066
1.5,501,21,279,0,0.904,2.4880137122746566,0.654632851259221
1.5,501,51,249,0,0.898,2.4262591961998616,0.6981932890805223
1.5,501,71,229,1,0.89,2.3941049157239256,0.7109657174683505
1.5,501,101,199,0,0.888,2.388227621291979,0.7350032858598583
1.5,501,150,150,0,0.872,2.2259336095298714,0.7591210144291909
1.5,501,201,99,0,0.868,2.1895363926307265,0.7737529722073987
1.5,501,251,49,0,0.886,2.3253305250540426,0.770973062387614
1.5,502,21,279,0,0.89,2.188752931519741,0.7801606277814127
1.5,502,51,249,0,0.89,2.1872717780531525,0.7823813919506301
1.5,502,71,229,1,0.89,2.1908752562759437,0.7819849776654109
1.5,502,101,199,0,0.896,2.2394507350285,0.7644628105722384
1.5,502,150,150,0,0.888,2.1520894677202858,0.7506009808898315
1.5,502,201,99,0,0.856,1.9394878136580012,0.7595313805505137
1.5,502,251,49,0,0.866,1.9824482706803657,0.7896508756726395
1.5,503,21,279,0,0.898,2.2869000324875945,0.7274602054642653
1.5,503,51,249,0,0.906,2.3293135205353757,0.7451898226716612
1.5,503,71,229,1,0.902,2.2908725704465924,0.7764213783428473
1.5,503,101,199,0,0.91,2.4549766977868077,0.7886669505117948
1.5,503,150,150,0,0.906,2.4336827467845588,0.8177981308022374
1.5,503,201,99,0,0.894,2.1950816074806534,0.8047510054300179
1.5,503,251,49,0,0.902,2.2936721108975293,0.8231921269379507
1.5,504,21,279,0,0.886,2.207814191215305,0.721544957535947
1.5,504,51,249,0,0.874,2.184377997625623,0.899306627528404
1.5,504,71,229,1,0.876,2.1740779699555763,0.8832358610900554
1.5,504,101,199,0,0.886,2.1740074559424674,0.8536620365040033
1.5,504,150,150,0,0.872,2.0680491100920917,0.8671820205380069
1.5,504,201,99,0,0.862,1.9841482882756591,0.8452197673380811
1.5,504,251,49,0,0.894,2.2571634339543243,0.8382658275017589
1.5,505,21,279,0,0.916,2.47378239146332,0.7337933649488553
1.5,505,51,249,0,0.922,2.501153636123362,0.7480299482888216
1.5,505,71,229,1,0.926,2.4994128420301913,0.7795469115263937
1.5,505,101,199,0,0.926,2.512747865279846,0.7901526293150872
1.5,505,150,150,0,0.926,2.5398079510047205,0.7772411051341018
1.5,505,201,99,0,0.926,2.551784967382149,0.7689835898825251
1.5,505,251,49,0,0.9,2.2840053616968454,0.7639065094441858
1.5,506,21,279,0,0.856,2.0785034740957418,0.6624709168495581
1.5,506,51,249,0,0.87,2.1149152143064947,0.8022665983018065
1.5,506,71,229,1,0.868,2.1128494744144435,0.816244309925565
1.5,506,101,199,0,0.868,2.106454914271993,0.82139182455692
1.5,506,150,150,0,0.874,2.135401267797453,0.8351132814380066
1.5,506,201,99,0,0.886,2.2346274393345813,0.8348288739943648
1.5,506,251,49,0,0.894,2.2428402082359753,0.8250408455598676
1.5,507,21,279,0,0.888,2.1299572192721725,0.771764014066378
1.5,507,51,249,0,0.89,2.137737147576298,0.7645451594167655
1.5,507,71,229,1,0.892,2.1648647383525703,0.7668264416473932
1.5,507,101,199,0,0.882,2.089170498680643,0.7711923872494056
1.5,507,150,150,0,0.882,2.0745593170185934,0.7849168461248943
1.5,507,201,99,0,0.886,2.1200869397081146,0.7764505558208865
1.5,507,251,49,0,0.926,2.645159897103833,0.7682326480822395
1.5,508,21,279,0,0.9,2.3943171414716256,0.8181208685592212
1.5,508,51,249,0,0.898,2.3491179795810013,0.7735552692264823
1.5,508,71,229,1,0.902,2.4166968162920393,0.7954165017470104
1.5,508,101,199,0,0.904,2.4540196571210218,0.7803413568174244
1.5,508,150,150,0,0.888,2.2450350470873786,0.775480976948591
1.5,508,201,99,0,0.866,1.9657369271386291,0.7756338490435913
1.5,508,251,49,0,0.87,1.9822757182112722,0.7919693816833686
1.5,509,21,279,0,0.878,2.183580490231545,0.8312894536932814
1.5,509,51,249,0,0.906,2.284994516152421,0.7936100342581556
1.5,509,71,229,1,0.898,2.250490459349106,0.8084799264474779
1.5,509,101,199,0,0.876,2.1326252720348804,0.8136798569978033
1.5,509,150,150,0,0.912,2.3029942118319053,0.8126959658334052
1.5,509,201,99,0,0.874,2.1596069203228128,0.8233373411310412
1.5,509,251,49,0,0.874,2.1094784536598215,0.8150516777422315
1.5,510,21,279,0,0.896,2.3952124592626247,0.8395304954968728
1.5,510,51,249,0,0.89,2.347736497421178,0.880834991659456
1.5,510,71,229,1,0.886,2.3103378750593393,0.8678755711714009
1.5,510,101,199,0,0.87,2.1410111025652743,0.8517586275540862
1.5,510,150,150,0,0.86,2.1132880086005534,0.84010430732655
1.5,510,201,99,0,0.86,2.105563926717942,0.8342284935341576
1.5,510,251,49,0,0.872,2.1576098903051446,0.8277061191438914
1.5,511,21,279,0,0.906,2.520525645885602,0.8687563049467119
1.5,511,51,249,0,0.898,2.4172794825717654,0.8436620910347126
1.5,511,71,229,1,0.896,2.404720990510793,0.8314472122900746
1.5,511,101,199,0,0.886,2.3184840598834144,0.7971542775583825
1.5,511,150,150,0,0.888,2.315784846611613,0.7994606308629771
1.5,511,201,99,0,0.86,2.0701891659492886,0.7913776710840816
1.5,511,251,49,0,0.86,2.0557690268096622,0.800068282931694
1.5,512,21,279,0,0.892,2.2968398174873137,0.9193903231606789
1.5,512,51,249,0,0.884,2.227763405701898,0.825400555084754
1.5,512,71,229,1,0.902,2.27670248952938,0.8126164635875417
1.5,512,101,199,0,0.894,2.248573648202614,0.8026894348991116
1.5,512,150,150,0,0.9,2.2784735237923432,0.8205092683890168
1.5,512,201,99,0,0.866,2.1212790325436743,0.7965192009928979
1.5,512,251,49,0,0.928,2.62647302544412,0.7924257956514552
1.5,513,21,279,0,0.93,2.5838801964247207,0.9169293376238155
1.5,513,51,249,0,0.938,2.6566454522059657,0.8075254169824427
1.5,513,71,229,1,0.94,2.6625082479517297,0.80504714750381
1.5,513,101,199,0,0.942,2.6837218663147078,0.8318952035390357
1.5,513,150,150,0,0.938,2.6569703533194633,0.8073880115507647
1.5,513,201,99,0,0.946,2.767542923804962,0.7896595834356277
1.5,513,251,49,0,0.952,2.825119507243249,0.7979837046195697
1.5,514,21,279,0,0.876,2.1071999965193426,0.7223706011777539
1.5,514,51,249,0,0.884,2.143581612351641,0.7314846928388924
1.5,514,71,229,1,0.886,2.115805564833425,0.7891728010198015
1.5,514,101,199,0,0.888,2.156616974448002,0.7618878900287915
1.5,514,150,150,0,0.878,2.1085034743690914,0.7710347785570885
1.5,514,201,99,0,0.878,2.0970257610417273,0.7837311716541214
1.5,514,251,49,0,0.936,2.596432856553484,0.7683205625605952
1.5,515,21,279,0,0.864,2.0737622157541247,0.8799481537118317
1.5,515,51,249,0,0.858,2.0201767898516985,0.8767361519556853
1.5,515,71,229,1,0.848,1.9966923990292154,0.8489223507228408
1.5,515,101,199,0,0.836,1.9273271445563074,0.8087936935012399
1.5,515,150,150,0,0.838,1.93231221570227,0.8068430543054362
1.5,515,201,99,0,0.864,2.115429791414051,0.8126554991297636
1.5,515,251,49,0,0.86,2.107924983624518,0.7938242049462498
1.5,516,21,279,0,0.9,2.440000052040971,0.6684080852925646
1.5,516,51,249,0,0.88,2.2687120345682317,0.7712867683362142
1.5,516,71,229,1,0.878,2.2627449276881717,0.7739741094287846
1.5,516,101,199,0,0.876,2.261481812247143,0.7861825443208504
1.5,516,150,150,0,0.876,2.215493700046713,0.798086588007204
1.5,516,201,99,0,0.86,2.081321369708787,0.7914069925349473
1.5,516,251,49,0,0.84,1.9615221400716019,0.7985635283661434
1.5,517,21,279,0,0.848,1.914520508559358,0.77790321340315
1.5,517,51,249,0,0.854,1.942198657906458,0.7820628358440331
1.5,517,71,229,1,0.87,2.056724736174638,0.8186733641951782
1.5,517,101,199,0,0.896,2.220892905410474,0.8223802914997953
1.5,517,150,150,0,0.896,2.2331289667503893,0.8158466839346623
1.5,517,201,99,0,0.842,1.8748993926439323,0.8235536969228731
1.5,517,251,49,0,0.946,2.8549558739273033,0.8185750984883291
1.5,518,21,279,0,0.916,2.550030449590504,0.9273749495216821
1.5,518,51,249,0,0.918,2.578739731018085,0.8935656536380501
1.5,518,71,229,1,0.918,2.556439303227633,0.8972951568060267
1.5,518,101,199,0,0.93,2.623465389185567,0.8648093489657084
1.5,518,150,150,0,0.934,2.6697962823372428,0.8257048271662043
1.5,518,201,99,0,0.834,1.873556320808003,0.8315639209108776
1.5,518,251,49,0,0.894,2.2145927597142805,0.8245819223367775
1.5,519,21,279,0,0.878,2.263264411543509,0.6809133066871849
1.5,519,51,249,0,0.87,2.2165274187905926,0.7100176871072499
1.5,519,71,229,1,0.876,2.244098938582047,0.7511091955300877
1.5,519,101,199,0,0.88,2.281457505003863,0.7113732299183245
1.5,519,150,150,0,0.888,2.329472191075092,0.7461124972381465
1.5,519,201,99,0,0.924,2.6098982527409462,0.7640911976344907
1.5,519,251,49,0,0.944,2.8843020589539914,0.763530288644648
1.5,520,21,279,0,0.896,2.297625350121729,0.8695717712238156
1.5,520,51,249,0,0.92,2.473955684736995,0.8418302727731907
1.5,520,71,229,1,0.91,2.427542781803235,0.7790851936101584
1.5,520,101,199,0,0.938,2.7117468731392558,0.8529899632651258
1.5,520,150,150,0,0.934,2.6459223535110485,0.8361645045057355
1.5,520,201,99,0,0.94,2.695115049981671,0.8105696562852348
1.5,520,251,49,0,0.968,3.136902598695091,0.7967659091312025
1.5,521,21,279,0,0.902,2.4310885450790267,0.8232274653246842
1.5,521,51,249,0,0.904,2.4380649834883754,0.8420526313643267
1.5,521,71,229,1,0.904,2.4743828964899377,0.81722106306949
1.5,521,101,199,0,0.922,2.626930159702927,0.7903900751516841
1.5,521,150,150,0,0.944,2.781698929150311,0.7828384546099872
1.5,521,201,99,0,0.95,2.89985957164662,0.793846609319969
1.5,521,251,49,0,0.95,2.900174206037724,0.7940405606249031
1.5,522,21,279,0,0.91,2.361852344327061,0.8964382706150008
1.5,522,51,249,0,0.918,2.407112773511101,0.8226260814942802
1.5,522,71,229,1,0.918,2.453146834785789,0.807338297661617
1.5,522,101,199,0,0.916,2.460572628682042,0.8025322294160773
1.5,522,150,150,0,0.922,2.5039673516662377,0.7606680418296919
1.5,522,201,99,0,0.916,2.4173011296153057,0.7487235465584245
1.5,522,251,49,0,0.91,2.290279958903974,0.746737852237752
1.5,523,21,279,0,0.94,2.581549915235249,0.8262487843033616
1.5,523,51,249,0,0.942,2.5819223792260186,0.8318690048065305
1.5,523,71,229,1,0.936,2.561910279521477,0.8153254404259215
1.5,523,101,199,0,0.912,2.2407993670440156,0.8336083370873424
1.5,523,150,150,0,0.91,2.2437868959812897,0.8296117094899642
1.5,523,201,99,0,0.914,2.3052043419877,0.8193342004170765
1.5,523,251,49,0,0.854,1.7719545671455357,0.7957329144172297
1.5,524,21,279,0,0.882,2.4098133269309803,0.6351583475336163
1.5,524,51,249,0,0.878,2.3033068587061316,0.6770289509167196
1.5,524,71,229,1,0.892,2.402012850274809,0.665949998316704
1.5,524,101,199,0,0.876,2.2159354225560364,0.7714748953099161
1.5,524,150,150,0,0.876,2.2137391139909113,0.7738774466529026
1.5,524,201,99,0,0.906,2.4980946312521266,0.7850857172516799
1.5,524,251,49,0,0.864,2.1205871278330193,0.7953450978786618
1.5,525,21,279,0,0.91,2.5677466824862267,0.8155136341589837
1.5,525,51,249,0,0.918,2.6213304829906465,0.757801508411835
1.5,525,71,229,1,0.926,2.722532781755758,0.8128339636824122
1.5,525,101,199,0,0.916,2.6346222305029317,0.82032982871805
1.5,525,150,150,0,0.924,2.7182789170505424,0.8260307621798536
1.5,525,201,99,0,0.924,2.7186798764148987,0.8248040180587938
1.5,525,251,49,0,0.924,2.7356572758889106,0.8281751207883714
1.5,526,21,279,0,0.896,2.092052032363621,0.8132780079986396
1.5,526,51,249,0,0.898,2.098088360792279,0.8310127048128745
1.5,526,71,229,1,0.896,2.1148088090231285,0.8033884088165041
1.5,526,101,199,0,0.886,2.028674721833702,0.8275362580325399
1.5,526,150,150,0,0.88,1.9987443448205877,0.8255675693518075
1.5,526,201,99,0,0.892,2.0580807792430478,0.8279358152461382
1.5,526,251,49,0,0.956,3.0775343259549626,0.8258247545193292
1.5,527,21,279,0,0.906,2.366417014202001,0.8127242530481185
1.5,527,51,249,0,0.916,2.5071567778399975,0.8195201988680908
1.5,527,71,229,1,0.916,2.497443442485223,0.8119816014036119
1.5,527,101,199,0,0.916,2.5364202947025904,0.7967742887592509
1.5,527,150,150,0,0.926,2.643241357942963,0.7872817468878923
1.5,527,201,99,0,0.93,2.7264594825376456,0.7832231500713096
1.5,527,251,49,0,0.91,2.4766429032969226,0.7938992671721884
1.5,528,21,279,0,0.918,2.4370372211051303,0.8363760500846253
1.5,528,51,249,0,0.92,2.4489147196554013,0.8040525201165704
1.5,528,71,229,1,0.922,2.5090746180494743,0.83571855054112
1.5,528,101,199,0,0.912,2.3565773137436925,0.833770519137748
1.5,528,150,150,0,0.924,2.547897174718469,0.8222025484557922
1.5,528,201,99,0,0.926,2.5952725452574064,0.8102719506258026
1.5,528,251,49,0,0.968,3.315206017474134,0.7896730089739665
1.5,529,21,279,0,0.864,2.180643853787273,0.8005139254716293
1.5,529,51,249,0,0.87,2.229234923599427,0.7943171794323249
1.5,529,71,229,1,0.866,2.1893594377022128,0.8056225273404105
1.5,529,101,199,0,0.844,2.0979449214295984,0.7892064647761736
1.5,529,150,150,0,0.868,2.1989604018033835,0.7835886360449126
1.5,529,201,99,0,0.874,2.26996160259706,0.7720852966422932
1.5,529,251,49,0,0.86,2.1828529194652844,0.7778342727201311
1.5,530,21,279,0,0.918,2.421787365299896,0.6889359347847958
1.5,530,51,249,0,0.914,2.3209281918568925,0.849342963164427
1.5,530,71,229,1,0.92,2.3890479646692904,0.84284566185065
1.5,530,101,199,0,0.924,2.4104606783137736,0.8110368382943008
1.5,530,150,150,0,0.916,2.3518828060071155,0.8205671437164279
1.5,530,201,99,0,0.918,2.38788369222095,0.8287124948384547
1.5,530,251,49,0,0.93,2.4664109251201354,0.8145242763944928
1.5,531,21,279,0,0.916,2.5575105110369085,0.849892011566001
1.5,531,51,249,0,0.916,2.531371347392713,0.8235063297325046
1.5,531,71,229,1,0.916,2.524363349562981,0.8391179997903748
1.5,531,101,199,0,0.916,2.5276489401293456,0.828739234091848
1.5,531,150,150,0,0.908,2.4533191483109595,0.8081081333890149
1.5,531,201,99,0,0.908,2.4721331603860035,0.7999704882933617
1.5,531,251,49,0,0.924,2.6703377129357726,0.8052925948646628
1.5,532,21,279,0,0.866,2.222413373091778,0.8039869291097383
1.5,532,51,249,0,0.874,2.270535971784664,0.8155575274531421
1.5,532,71,229,1,0.874,2.3073362973021676,0.791608702849888
1.5,532,101,199,0,0.874,2.308581379235181,0.7858910530425319
1.5,532,150,150,0,0.912,2.555949706979985,0.7925503174899176
1.5,532,201,99,0,0.918,2.559053232915745,0.8101548182376515
1.5,532,251,49,0,0.96,3.1656519160307663,0.8005345302460638
1.5,533,21,279,0,0.912,2.5190246572462565,0.6972025444512241
1.5,533,51,249,0,0.904,2.4204539732308996,0.7157053117436056
1.5,533,71,229,1,0.902,2.391971121871307,0.7490323221283788
1.5,533,101,199,0,0.908,2.4559340731769628,0.7654993597851043
1.5,533,150,150,0,0.888,2.3053393224160788,0.7720579133740517
1.5,533,201,99,0,0.82,1.8085112730752584,0.7797021146044818
1.5,533,251,49,0,0.822,1.8167836576118166,0.7751089493407116
1.5,534,21,279,0,0.888,2.149639085261408,0.7728789305840661
1.5,534,51,249,0,0.896,2.267986614504178,0.7736905829130603
1.5,534,71,229,1,0.884,2.1100182408790915,0.7603418666395548
1.5,534,101,199,0,0.88,2.075120731851184,0.7596511790900675
1.5,534,150,150,0,0.872,2.0094075788909582,0.7763019896958794
1.5,534,201,99,0,0.832,1.746292231496954,0.796784823901355
1.5,534,251,49,0,0.8,1.6515510203350696,0.7951617930752006
1.5,535,21,279,0,0.906,2.6142699322915646,0.8691741408896383
1.5,535,51,249,0,0.926,2.688300981263076,0.8226256756619241
1.5,535,71,229,1,0.91,2.567472158350067,0.7616160159118563
1.5,535,101,199,0,0.926,2.712217141948124,0.7457639382145734
1.5,535,150,150,0,0.908,2.546960005283441,0.7674167139257664
1.5,535,201,99,0,0.892,2.4483078873915707,0.779991458191807
1.5,535,251,49,0,0.926,2.7909892541807713,0.7938120707036995
1.5,536,21,279,0,0.862,2.2679709831598416,0.79868026456342
1.5,536,51,249,0,0.862,2.271972337260193,0.8543753152402672
1.5,536,71,229,1,0.872,2.34161575993176,0.86092946482582
1.5,536,101,199,0,0.872,2.3594577956370237,0.8647022930481275
1.5,536,150,150,0,0.86,2.2546584242058825,0.8465811840534897
1.5,536,201,99,0,0.858,2.216488351611908,0.8255061336777738
1.5,536,251,49,0,0.862,2.2526824321822083,0.8290491735989428
1.5,537,21,279,0,0.904,2.3189557112909935,0.7515855924196977
1.5,537,51,249,0,0.9,2.2860160109938623,0.7280600001767901
1.5,537,71,229,1,0.914,2.357724013590725,0.7838478539315744
1.5,537,101,199,0,0.916,2.3645749392579845,0.8149753517470596
1.5,537,150,150,0,0.94,2.768241071566486,0.7994398743059197
1.5,537,201,99,0,0.942,2.837175270979651,0.7932812136139858
1.5,537,251,49,0,0.914,2.368274150020997,0.7781628518797684
1.5,538,21,279,0,0.922,2.5842221333295474,0.8904622909897405
1.5,538,51,249,0,0.918,2.5240042792658666,0.8649545059437121
1.5,538,71,229,1,0.92,2.5080804607973888,0.8487218848350473
1.5,538,101,199,0,0.924,2.512819337967559,0.8203475252165232
1.5,538,150,150,0,0.91,2.3264153008928767,0.800319690230774
1.5,538,201,99,0,0.904,2.2675319778978915,0.8032191185619487
1.5,538,251,49,0,0.864,2.022921539085875,0.8017777699353096
1.5,539,21,279,0,0.886,2.4384213125600422,0.8164968425909372
1.5,539,51,249,0,0.894,2.5662784576210687,0.9163854595914604
1.5,539,71,229,1,0.894,2.489136827704108,0.8708278820518514
1.5,539,101,199,0,0.894,2.4833936945392834,0.8725998288550083
1.5,539,150,150,0,0.906,2.701192594957374,0.8376304439594976
1.5,539,201,99,0,0.904,2.6443200052832943,0.8329834000279109
1.5,539,251,49,0,0.892,2.520230302753358,0.8134432559540516
1.5,540,21,279,0,0.896,2.391879256072798,0.6794557449777424
1.5,540,51,249,0,0.904,2.327061296722942,0.7753105763205095
1.5,540,71,229,1,0.888,2.1702002308643262,0.7608658740173831
1.5,540,101,199,0,0.908,2.3928593225280355,0.7462067482369675
1.5,540,150,150,0,0.914,2.4532850154335546,0.757357787683365
1.5,540,201,99,0,0.916,2.473583757330568,0.7726264603189796
1.5,540,251,49,0,0.936,2.798371462277098,0.7716046991436984
1.5,541,21,279,0,0.932,2.4795372910842772,0.9158231139461044
1.5,541,51,249,0,0.94,2.555885477204855,0.8925874798742652
1.5,541,71,229,1,0.954,2.6594138660991598,0.8039690954114229
1.5,541,101,199,0,0.954,2.661336133919862,0.8151373759360285
1.5,541,150,150,0,0.966,2.8385385780412364,0.8161781830435264
1.5,541,201,99,0,0.97,3.026207685563525,0.8331220473589954
1.5,541,251,49,0,0.97,3.06519581402195,0.8129994092434906
1.5,542,21,279,0,0.862,2.076149029608326,0.8085803200641726
1.5,542,51,249,0,0.868,2.1639636060648,0.8103092964231218
1.5,542,71,229,1,0.884,2.241722290299709,0.8011121047180638
1.5,542,101,199,0,0.884,2.2471668903933804,0.7990823177039565
1.5,542,150,150,0,0.862,2.071275991292451,0.8086151220732993
1.5,542,201,99,0,0.886,2.2664189917312587,0.8142675521983272
1.5,542,251,49,0,0.9,2.5038660306327887,0.7984838744494318
1.5,543,21,279,0,0.916,2.571696747253518,0.8604567205733423
1.5,543,51,249,0,0.898,2.3671759905438545,0.7690256601272784
1.5,543,71,229,1,0.878,2.2590369617860606,0.7729962129349356
1.5,543,101,199,0,0.886,2.2822893909830393,0.7511939386688362
1.5,543,150,150,0,0.894,2.3157246522489663,0.7688543380749717
1.5,543,201,99,0,0.906,2.5329340281912036,0.7837607423916634
1.5,543,251,49,0,0.94,2.8323054820265186,0.7904822045998053
1.5,544,21,279,0,0.906,2.302005710136471,0.7969696200470365
1.5,544,51,249,0,0.92,2.3700110049257948,0.8469656261137815
1.5,544,71,229,1,0.926,2.4307013364300873,0.8295315966701208
1.5,544,101,199,0,0.924,2.4290776495732875,0.8123144306914171
1.5,544,150,150,0,0.902,2.219215658791214,0.7948991085280256
1.5,544,201,99,0,0.902,2.2185225742128147,0.7909690887941292
1.5,544,251,49,0,0.894,2.1478872266047366,0.8095082967344011
1.5,545,21,279,0,0.854,2.21488935726551,0.7623594680822662
1.5,545,51,249,0,0.844,2.158017736696646,0.7670700847134599
1.5,545,71,229,1,0.84,2.0578583313213374,0.8531432285649294
1.5,545,101,199,0,0.822,1.9531065099249636,0.8426128317250052
1.5,545,150,150,0,0.812,1.8509117820608239,0.8214485118146913
1.5,545,201,99,0,0.798,1.7578592299645968,0.8244846709393248
1.5,545,251,49,0,0.75,1.5162216274163944,0.8122972104724071
1.5,546,21,279,0,0.934,2.7322781199373347,0.7262697463376118
1.5,546,51,249,0,0.94,2.7307585358279725,0.7903543727979002
1.5,546,71,229,1,0.94,2.737008516354533,0.78785693552951
1.5,546,101,199,0,0.94,2.7237752039832186,0.8133376837104904
1.5,546,150,150,0,0.942,2.778660581157229,0.8113274946960396
1.5,546,201,99,0,0.948,2.8723085101150128,0.799686128801603
1.5,546,251,49,0,0.948,2.850077760445446,0.795785345558883
1.5,547,21,279,0,0.926,2.7354579272149104,0.768069955384191
1.5,547,51,249,0,0.912,2.620374291274393,0.8952770115792109
1.5,547,71,229,1,0.91,2.609374065930525,0.8512108120798098
1.5,547,101,199,0,0.93,2.790722764620026,0.8317662036292685
1.5,547,150,150,0,0.938,2.867215846292644,0.8109100494936748
1.5,547,201,99,0,0.954,3.146802511585821,0.8101145529250017
1.5,547,251,49,0,0.954,3.1611797007928675,0.8143383498344314
1.5,548,21,279,0,0.904,2.499341832241666,0.8836734799841813
1.5,548,51,249,0,0.904,2.5276040300127796,0.9039203199086859
1.5,548,71,229,1,0.916,2.5957056975458035,0.8881083500200502
1.5,548,101,199,0,0.912,2.6231732014467894,0.912723712611967
1.5,548,150,150,0,0.94,2.9838347365982716,0.8801533218434368
1.5,548,201,99,0,0.93,2.7913555899025737,0.8501793722573581
1.5,548,251,49,0,0.936,2.8606536598169776,0.865392210249894
1.5,549,21,279,0,0.894,2.1949707589389438,0.666461557884062
1.5,549,51,249,0,0.894,2.22947168793302,0.7900723990175998
1.5,549,71,229,1,0.886,2.1893291398485144,0.7829852140007576
1.5,549,101,199,0,0.882,2.1704129255974083,0.7889457884204655
1.5,549,150,150,0,0.876,2.099411447085031,0.7683993826638132
1.5,549,201,99,0,0.878,2.1118671301725316,0.7720248752745345
1.5,549,251,49,0,0.922,2.4285663554712675,0.7831367492490867
1.5,550,21,279,0,0.914,2.4743746795815347,0.8803483369412246
1.5,550,51,249,0,0.92,2.4898944800715173,0.8417693250122522
1.5,550,71,229,1,0.916,2.446803833775669,0.8274040854780039
1.5,550,101,199,0,0.918,2.4609100039594023,0.8323705061597947
1.5,550,150,150,0,0.924,2.520731748636579,0.8197671537646414
1.5,550,201,99,0,0.95,3.094127819231133,0.8251377708105839
1.5,550,251,49,0,0.952,3.1402704030878503,0.8191828789570441
1.5,551,21,279,0,0.9,2.2234200159532485,0.6939867655521179
1.5,551,51,249,0,0.9,2.178524551895267,0.7178203148974401
1.5,551,71,229,1,0.9,2.185300446242831,0.7158084748909264
1.5,551,101,199,0,0.892,2.0836230759858516,0.7538113038875562
1.5,551,150,150,0,0.88,2.0202955156770788,0.800549197195744
1.5,551,201,99,0,0.93,2.4518890338035955,0.7884178841540058
1.5,551,251,49,0,0.926,2.3511668299706927,0.7874461538930345
1.5,552,21,279,0,0.936,2.5352566306399296,0.8377820391609215
1.5,552,51,249,0,0.94,2.555911699316391,0.8131436285047645
1.5,552,71,229,1,0.944,2.581872063268742,0.790219109796032
1.5,552,101,199,0,0.942,2.566390093665048,0.8038585514662744
1.5,552,150,150,0,0.938,2.45133256140226,0.7816859278617047
1.5,552,201,99,0,0.94,2.5227002266294796,0.7914882517842328
1.5,552,251,49,0,0.986,3.855039108504703,0.789506562934128
1.5,553,21,279,0,0.886,2.456093457117542,0.7379813619433351
1.5,553,51,249,0,0.888,2.4182828466796416,0.7860535358262685
1.5,553,71,229,1,0.896,2.4238113144047824,0.8237541976116537
1.5,553,101,199,0,0.888,2.4252410217712748,0.8078839512801006
1.5,553,150,150,0,0.888,2.4253864912158285,0.8061797632741643
1.5,553,201,99,0,0.88,2.3440217399381,0.8052030050608191
1.5,553,251,49,0,0.88,2.3263977065052135,0.7952673265505538
1.5,554,21,279,0,0.87,2.1169088801285114,0.8388074967466042
1.5,554,51,249,0,0.864,2.0507880614470513,0.831512727364863
1.5,554,71,229,1,0.862,2.054138618998655,0.851456992619914
1.5,554,101,199,0,0.874,2.1407544662639766,0.8130570880656053
1.5,554,150,150,0,0.876,2.1893651291921583,0.8189256173854906
1.5,554,201,99,0,0.912,2.4436784481855875,0.831970123708424
1.5,554,251,49,0,0.914,2.4641549906924083,0.8182979961674
1.5,555,21,279,0,0.938,2.561846299427151,0.8104602917074801
1.5,555,51,249,0,0.938,2.5513809335261475,0.810757850963059
1.5,555,71,229,1,0.938,2.5933211241118306,0.7882364448579373
1.5,555,101,199,0,0.92,2.4311258724108775,0.8221777853745623
1.5,555,150,150,0,0.918,2.4016787672143227,0.8152250275768514
1.5,555,201,99,0,0.942,2.599184893344683,0.8018025337719789
1.5,555,251,49,0,0.908,2.2938093478578767,0.7972214449761473
1.5,556,21,279,0,0.898,2.384752848587467,0.722004279314584
1.5,556,51,249,0,0.9,2.3411061933737494,0.8322430596302269
1.5,556,71,229,1,0.892,2.2978683904341075,0.8416075773226372
1.5,556,101,199,0,0.892,2.2804607097911256,0.8009589766310724
1.5,556,150,150,0,0.892,2.3028204716569607,0.806220573682866
1.5,556,201,99,0,0.892,2.2842048053261457,0.8003034091008387
1.5,556,251,49,0,0.894,2.314055585447846,0.8147922063601432
1.5,557,21,279,0,0.854,2.1489173934906978,0.8610046523262953
1.5,557,51,249,0,0.866,2.1883789538159766,0.7988309876670753
1.5,557,71,229,1,0.866,2.223739846830532,0.8093977964293149
1.5,557,101,199,0,0.868,2.234827694605683,0.8127782985294284
1.5,557,150,150,0,0.86,2.1232154082289654,0.8198560264233938
1.5,557,201,99,0,0.864,2.130257676931692,0.817573802574964
1.5,557,251,49,0,0.864,2.1847985950406303,0.7999808301886346
1.5,558,21,279,0,0.936,2.6150704350800487,0.8422634736892883
1.5,558,51,249,0,0.93,2.5265440946849758,0.8086113366213319
1.5,558,71,229,1,0.934,2.54116387541352,0.8018626043252286
1.5,558,101,199,0,0.936,2.6117827697401412,0.7980696588558119
1.5,558,150,150,0,0.936,2.63550151460051,0.7899799284544028
1.5,558,201,99,0,0.938,2.6647742743398295,0.7748447135347554
1.5,558,251,49,0,0.938,2.6651917550004596,0.7746298958193477
1.5,559,21,279,0,0.926,2.5157981148893147,0.8442255852913543
1.5,559,51,249,0,0.91,2.36240034791274,0.7953807001306988
1.5,559,71,229,1,0.908,2.3615565544394435,0.778210095386743
1.5,559,101,199,0,0.918,2.4484810531495484,0.8117188768688974
1.5,559,150,150,0,0.918,2.44328442983843,0.8088840410035866
1.5,559,201,99,0,0.948,2.836750207094613,0.8027471891092881
1.5,559,251,49,0,0.912,2.387012082715033,0.8121217792684774
1.5,560,21,279,0,0.918,2.3428217295079805,0.9010894532314507
1.5,560,51,249,0,0.928,2.3692908472955185,0.8459087153252277
1.5,560,71,229,1,0.934,2.384272764971028,0.7964872014659721
1.5,560,101,199,0,0.938,2.4786193269799144,0.8156625830157807
1.5,560,150,150,0,0.928,2.3619734009720545,0.8340077862132972
1.5,560,201,99,0,0.904,2.1208145001414453,0.8187220809460521
1.5,560,251,49,0,0.962,3.249164993794195,0.8238733494153415
1.5,561,21,279,0,0.886,2.256440077884438,0.7095187306469942
1.5,561,51,249,0,0.902,2.3101943063320047,0.7759800235508162
1.5,561,71,229,1,0.906,2.327409832923569,0.7681457386359408
1.5,561,101,199,0,0.904,2.312404167758412,0.7749694116926158
1.5,561,150,150,0,0.904,2.3517213949981817,0.807953544711475
1.5,561,201,99,0,0.892,2.248833913500814,0.8046471424836759
1.5,561,251,49,0,0.95,2.920982773999608,0.7986541506737822
1.5,562,21,279,0,0.884,2.3846335917630217,0.7989722028121606
1.5,562,51,249,0,0.88,2.337789236371079,0.7928995044054601
1.5,562,71,229,1,0.862,2.1204329701529576,0.8285533253839521
1.5,562,101,199,0,0.832,1.934821657534579,0.8029757638794436
1.5,562,150,150,0,0.828,1.9354608846452535,0.7704674326380487
1.5,562,201,99,0,0.81,1.8506753481833371,0.7946189664003616
1.5,562,251,49,0,0.81,1.8709689389621653,0.7832701762123172
1.5,563,21,279,0,0.896,2.5188375043956293,0.8326114382836752
1.5,563,51,249,0,0.9,2.5156997596949324,0.8150327705280836
1.5,563,71,229,1,0.9,2.5130366433055724,0.8250166098309186
1.5,563,101,199,0,0.9,2.50054185006116,0.8228960016705879
1.5,563,150,150,0,0.898,2.449783217830387,0.7957702750101853
1.5,563,201,99,0,0.9,2.516715949223305,0.8106859127896762
1.5,563,251,49,0,0.9,2.499626174827451,0.8224085504109903
1.5,564,21,279,0,0.91,2.4873248884729735,0.8366427794520677
1.5,564,51,249,0,0.914,2.532539511993602,0.8479582833669697
1.5,564,71,229,1,0.914,2.5372294849060864,0.8398179375673094
1.5,564,101,199,0,0.91,2.5050150954760055,0.8223829997138367
1.5,564,150,150,0,0.926,2.8090640199338477,0.7903626571560849
1.5,564,201,99,0,0.918,2.587918451086688,0.8037518541817067
1.5,564,251,49,0,0.936,2.932331398619658,0.79111670104869
1.5,565,21,279,0,0.896,2.276079338792504,0.7350326181752249
1.5,565,51,249,0,0.9,2.2955777577204968,0.7750459851139446
1.5,565,71,229,1,0.888,2.2861509059658274,0.820469141376982
1.5,565,101,199,0,0.88,2.24117916105342,0.7858198166189004
1.5,565,150,150,0,0.876,2.1616915177847784,0.7796704710030041
1.5,565,201,99,0,0.882,2.257859265605029,0.8028829095418643
1.5,565,251,49,0,0.854,2.0037508498886503,0.8045677887844181
1.5,566,21,279,0,0.902,2.3111926055936647,0.8424579022667557
1.5,566,51,249,0,0.888,2.170643993194003,0.7863776566739322
1.5,566,71,229,1,0.894,2.2823746282281343,0.7887237638445997
1.5,566,101,199,0,0.888,2.230904230393019,0.778716987085825
1.5,566,150,150,0,0.904,2.3379916374671934,0.7739988578790139
1.5,566,201,99,0,0.902,2.3377891053011712,0.7770490305233181
1.5,566,251,49,0,0.948,2.8248070957289686,0.7901971027790592
1.5,567,21,279,0,0.89,2.104694620213244,0.7426094804917687
1.5,567,51,249,0,0.892,2.1523547628068433,0.7290624484436048
1.5,567,71,229,1,0.884,2.105634367264659,0.7545218508829127
1.5,567,101,199,0,0.898,2.1782789970284266,0.792853728622494
1.5,567,150,150,0,0.878,2.0847045652942793,0.7880074388623648
1.5,567,201,99,0,0.856,1.890616425775898,0.7960585409666099
1.5,567,251,49,0,0.86,1.9110971457643495,0.7956493843626016
1.5,568,21,279,0,0.904,2.420886998378128,0.7732704135272411
1.5,568,51,249,0,0.904,2.391973573669373,0.7891210404018401
1.5,568,71,229,1,0.894,2.2891813248352975,0.7710937240098948
1.5,568,101,199,0,0.898,2.294528986193575,0.8073595544933295
1.5,568,150,150,0,0.89,2.2063662253532828,0.8115016403124402
1.5,568,201,99,0,0.886,2.169232811277301,0.7949403269472484
1.5,568,251,49,0,0.86,1.9968775105186956,0.8023962508197157
1.5,569,21,279,0,0.936,2.609799555904599,0.98
1.5,569,51,249,0,0.934,2.5926475319978746,0.8983646682242934
1.5,569,71,229,1,0.92,2.3637917396751846,0.8821932255665035
1.5,569,101,199,0,0.916,2.3374557626948738,0.8416455452896847
1.5,569,150,150,0,0.934,2.5466450362933557,0.8365264933199946
1.5,569,201,99,0,0.938,2.5868068430946587,0.8230127115643799
1.5,569,251,49,0,0.938,2.5941419319294337,0.820555177155179
1.5,570,21,279,0,0.884,2.162414783778959,0.7912599300241909
1.5,570,51,249,0,0.876,2.184625346376365,0.8028541810676213
1.5,570,71,229,1,0.88,2.214373115503373,0.8080437652524847
1.5,570,101,199,0,0.89,2.234346033405607,0.7538551029455333
1.5,570,150,150,0,0.882,2.1515936109623763,0.7870321953335968
1.5,570,201,99,0,0.884,2.171536000711701,0.7786164713308361
1.5,570,251,49,0,0.884,2.1632619499405537,0.7879278257412006
1.5,571,21,279,0,0.914,2.3385224750557656,0.7675852996078465
1.5,571,51,249,0,0.918,2.3664059097054615,0.7950937989510816
1.5,571,71,229,1,0.916,2.35700329582068,0.851014604963393
1.5,571,101,199,0,0.914,2.3509397234612073,0.8274001405447456
1.5,571,150,150,0,0.922,2.39749211821237,0.8236972025518258
1.5,571,201,99,0,0.936,2.75491834832515,0.823146143767229
1.5,571,251,49,0,0.936,2.7734787237648724,0.838391834609124
1.5,572,21,279,0,0.928,2.4720294335054978,0.7786915527240883
1.5,572,51,249,0,0.928,2.4647141402573816,0.7209283712379155
1.5,572,71,229,1,0.932,2.5101141384041012,0.7663831024104388
1.5,572,101,199,0,0.932,2.5277084973598063,0.7513794987443462
1.5,572,150,150,0,0.942,2.7469729644815106,0.762475757755446
1.5,572,201,99,0,0.93,2.4683813098470884,0.7597905066941186
1.5,572,251,49,0,0.95,2.8146948499811817,0.7843407384168054
1.5,573,21,279,0,0.9,2.3884225597376862,0.8533455636698913
1.5,573,51,249,0,0.9,2.3031443815656867,0.7965570136551015
1.5,573,71,229,1,0.896,2.2813219944468814,0.7824156034895365
1.5,573,101,199,0,0.874,2.1356999251606967,0.7708848577333914
1.5,573,150,150,0,0.808,1.809158323606076,0.8285529917744537
1.5,573,201,99,0,0.81,1.7884928607716104,0.8182992890492853
1.5,573,251,49,0,0.806,1.7732583620528328,0.8135647981058103
1.5,574,21,279,0,0.886,2.16686518789188,0.8061407158113987
1.5,574,51,249,0,0.888,2.2001568680452253,0.7211986099813789
1.5,574,71,229,1,0.894,2.239841476547814,0.7382544654587154
1.5,574,101,199,0,0.898,2.312280778736021,0.7533020185126567
1.5,574,150,150,0,0.898,2.3185512964390993,0.7541913078130182
1.5,574,201,99,0,0.912,2.473279088796774,0.7768954138455394
1.5,574,251,49,0,0.918,2.50066208700227,0.7784114494089263
1.5,575,21,279,0,0.92,2.492520650944558,0.8113408058429518
1.5,575,51,249,0,0.924,2.5374095160353645,0.7506557066806393
1.5,575,71,229,1,0.928,2.6023545912782664,0.74706991223256
1.5,575,101,199,0,0.928,2.6221935706523003,0.7808117640263498
1.5,575,150,150,0,0.93,2.6883926184306866,0.7942535087813305
1.5,575,201,99,0,0.892,2.319652256911822,0.7891049744407348
1.5,575,251,49,0,0.892,2.3188770307639452,0.7900983346910929
1.5,576,21,279,0,0.862,2.040416892214064,0.8656010854782592
1.5,576,51,249,0,0.872,2.080971114824097,0.833501836640889
1.5,576,71,229,1,0.886,2.1839055440677435,0.8072437998397068
1.5,576,101,199,0,0.884,2.1420106537263073,0.7907533659351783
1.5,576,150,150,0,0.888,2.223207165676685,0.785035531923518
1.5,576,201,99,0,0.886,2.2046266718687284,0.8063725931011909
1.5,576,251,49,0,0.776,1.6223579524420217,0.8192470320580918
1.5,577,21,279,0,0.918,2.539523574107487,0.7004918067415734
1.5,577,51,249,0,0.928,2.5859917407179953,0.7697654576684685
1.5,577,71,229,1,0.922,2.5415569437855674,0.7761591475889997
1.5,577,101,199,0,0.922,2.5235925919382094,0.7879676098240838
1.5,577,150,150,0,0.93,2.6121537760769233,0.7803030582709062
1.5,577,201,99,0,0.93,2.6023089032582685,0.7840119491682231
1.5,577,251,49,0,0.97,3.51366087957943,0.7863294088798389
1.5,578,21,279,0,0.888,2.238751593924155,0.6521716856247828
1.5,578,51,249,0,0.888,2.196804434655849,0.7874113127132987
1.5,578,71,229,1,0.898,2.387672641380095,0.7705301282754106
1.5,578,101,199,0,0.9,2.4114991638217966,0.7997218956182865
1.5,578,150,150,0,0.898,2.3849898118307773,0.7721356408943045
1.5,578,201,99,0,0.91,2.523868970438705,0.7814151477556371
1.5,578,251,49,0,0.932,2.804080027436933,0.8051782984906567
1.5,579,21,279,0,0.924,2.4999068518981926,0.8594643020381364
1.5,579,51,249,0,0.924,2.5173825399478793,0.7891968846608666
1.5,579,71,229,1,0.924,2.5124371371691905,0.7913697705909525
1.5,579,101,199,0,0.928,2.5463675990412766,0.7764922101547167
1.5,579,150,150,0,0.922,2.460823054503024,0.7861584329481569
1.5,579,201,99,0,0.952,2.8566061935275475,0.7963162007103523
1.5,579,251,49,0,0.948,2.831057289642685,0.8171159718958254
1.5,580,21,279,0,0.87,2.1150264831733216,0.8520916570471574
1.5,580,51,249,0,0.86,2.0377368433047036,0.8417964728473138
1.5,580,71,229,1,0.852,2.0124362570110903,0.8359004540279235
1.5,580,101,199,0,0.87,2.1044017638858095,0.8367063561614063
1.5,580,150,150,0,0.87,2.1038007070483227,0.8150374252246914
1.5,580,201,99,0,0.84,1.9268402751510936,0.8133558936310036
1.5,580,251,49,0,0.832,1.8799107723012733,0.7976097962827289
1.5,581,21,279,0,0.876,2.247380789840132,0.9069757281168297
1.5,581,51,249,0,0.894,2.247426469438408,0.8462279834401915
1.5,581,71,229,1,0.89,2.2119300689497914,0.8477717722985757
1.5,581,101,199,0,0.896,2.282820048616789,0.8056019319422024
1.5,581,150,150,0,0.906,2.348692725342957,0.81087309478374
1.5,581,201,99,0,0.908,2.3760823353990266,0.8023795224348631
1.5,581,251,49,0,0.904,2.3336722357273456,0.7940458498123739
1.5,582,21,279,0,0.93,2.506760093700547,0.7198941045525503
1.5,582,51,249,0,0.946,2.575454491860599,0.7935650394432816
1.5,582,71,229,1,0.948,2.585134354337579,0.8105586421733443
1.5,582,101,199,0,0.958,2.687999265120412,0.8227796263182318
1.5,582,150,150,0,0.948,2.591582851913124,0.7977594705303314
1.5,582,201,99,0,0.936,2.4979877864367865,0.7733436023893363
1.5,582,251,49,0,0.976,3.1147313523593914,0.7842573162019739
1.5,583,21,279,0,0.914,2.471032489238488,0.7325363239895224
1.5,583,51,249,0,0.912,2.3821949882462876,0.7900409124597642
1.5,583,71,229,1,0.91,2.37199720866816,0.7787167419256745
1.5,583,101,199,0,0.914,2.391929149470631,0.7941842384079558
1.5,583,150,150,0,0.918,2.410033818702093,0.8034088123007256
1.5,583,201,99,0,0.932,2.692315715603297,0.8127540076146508
1.5,583,251,49,0,0.966,3.310767405336423,0.8051112525231358
1.5,584,21,279,0,0.91,2.529035505436378,0.8192155869101758
1.5,584,51,249,0,0.912,2.5090084966130646,0.7722018981781361
1.5,584,71,229,1,0.912,2.5210293691023944,0.7815229672161055
1.5,584,101,199,0,0.906,2.4895647686172504,0.7899926839598294
1.5,584,150,150,0,0.912,2.522153150868462,0.7857196692639501
1.5,584,201,99,0,0.938,2.772252305328989,0.7933169779246356
1.5,584,251,49,0,0.944,2.866789142625854,0.7897776814617224
1.5,585,21,279,0,0.894,2.3391049917249793,0.91350722013468
1.5,585,51,249,0,0.892,2.2901979928640617,0.8775933657348592
1.5,585,71,229,1,0.894,2.3190692140751397,0.9018927621318048
1.5,585,101,199,0,0.89,2.268972188309661,0.8883163605052167
1.5,585,150,150,0,0.902,2.405947871531264,0.8834790671061259
1.5,585,201,99,0,0.896,2.35191752058418,0.870576181756526
1.5,585,251,49,0,0.916,2.5500438038564135,0.8624274952775705
1.5,586,21,279,0,0.882,2.110433095152025,0.857935606125541
1.5,586,51,249,0,0.882,2.106783483454283,0.8146382798488429
1.5,586,71,229,1,0.872,2.0048653505224876,0.8308448044504786
1.5,586,101,199,0,0.872,2.0014924767312943,0.8387503840780143
1.5,586,150,150,0,0.878,2.04122898560921,0.8177032847715999
1.5,586,201,99,0,0.88,2.068381800560358,0.8083948285014987
1.5,586,251,49,0,0.886,2.136456124753503,0.8056447426939631
1.5,587,21,279,0,0.904,2.458293176440964,0.6859778505073634
1.5,587,51,249,0,0.904,2.464022884233501,0.7385084262932589
1.5,587,71,229,1,0.902,2.444289947270034,0.751648116704962
1.5,587,101,199,0,0.91,2.5727580251048803,0.7334116094724744
1.5,587,150,150,0,0.928,2.850539577157858,0.7575372592445728
1.5,587,201,99,0,0.92,2.762301100654674,0.7577691592818583
1.5,587,251,49,0,0.924,2.783203670084084,0.7686125742778085
1.5,588,21,279,0,0.932,2.462451015362696,0.805261943363209
1.5,588,51,249,0,0.932,2.4265336297941773,0.8091828743250328
1.5,588,71,229,1,0.932,2.480427862252177,0.8085440894255786
1.5,588,101,199,0,0.92,2.2795559687576343,0.767365330433438
1.5,588,150,150,0,0.916,2.2076719854266256,0.7700611662002637
1.5,588,201,99,0,0.946,2.76730965368548,0.7664543424403593
1.5,588,251,49,0,0.95,2.8427948798917844,0.7541415876540466
1.5,589,21,279,0,0.884,2.309363818612768,0.8659530160358943
1.5,589,51,249,0,0.894,2.3402051553497483,0.8309484487760923
1.5,589,71,229,1,0.894,2.3318286365931344,0.8092543942790776
1.5,589,101,199,0,0.878,2.244156950709038,0.8162625535178419
1.5,589,150,150,0,0.888,2.2903642804553694,0.8342407225332055
1.5,589,201,99,0,0.874,2.2253380972122203,0.8251488850008076
1.5,589,251,49,0,0.908,2.486091916442139,0.8353787765828781
1.5,590,21,279,0,0.888,2.4485108222383056,0.5681075983022724
1.5,590,51,249,0,0.906,2.3743495921227344,0.740552341128915
1.5,590,71,229,1,0.912,2.3940878258386,0.7863167249742431
1.5,590,101,199,0,0.89,2.2177414891422615,0.7980634588338448
1.5,590,150,150,0,0.886,2.1885052487461025,0.8033368845765896
1.5,590,201,99,0,0.812,1.7976405626596863,0.8107694304216425
1.5,590,251,49,0,0.89,2.213132679073513,0.8064058046724575
1.5,591,21,279,0,0.866,2.167019938643307,0.907835997122103
1.5,591,51,249,0,0.884,2.1873833322129568,0.8459043357859855
1.5,591,71,229,1,0.896,2.2041360299876813,0.8200902823786784
1.5,591,101,199,0,0.892,2.1790543621073915,0.8142631712653688
1.5,591,150,150,0,0.88,2.1126159244659157,0.8096059728773191
1.5,591,201,99,0,0.878,2.096780356676987,0.8144871373720242
1.5,591,251,49,0,0.878,2.0911517926552685,0.8062367479538941
1.5,592,21,279,0,0.932,2.583491579173546,0.8088276961441851
1.5,592,51,249,0,0.924,2.534812779123199,0.7846360964946002
1.5,592,71,229,1,0.914,2.3523113588204123,0.7818143493189535
1.5,592,101,199,0,0.908,2.3072223817219695,0.8351374099493813
1.5,592,150,150,0,0.908,2.3053145283368712,0.8340197021541702
1.5,592,201,99,0,0.886,1.945503041348298,0.8351254999079901
1.5,592,251,49,0,0.896,2.083459602362709,0.8247413055316651
1.5,593,21,279,0,0.922,2.3913109763530365,0.8417054785576134
1.5,593,51,249,0,0.928,2.5057025240884148,0.8515320960951756
1.5,593,71,229,1,0.928,2.5099403153558986,0.8493600019835521
1.5,593,101,199,0,0.922,2.3794081052577063,0.8469342217784384
1.5,593,150,150,0,0.928,2.4922151171224276,0.831640769387473
1.5,593,201,99,0,0.954,3.0199350036444383,0.8243544026484342
1.5,593,251,49,0,0.924,2.449883732902669,0.8241169621675821
1.5,594,21,279,0,0.91,2.3415459155999834,0.7900527658614216
1.5,594,51,249,0,0.918,2.422962957434968,0.7818284510679944
1.5,594,71,229,1,0.908,2.3119790813885266,0.8018097423408657
1.5,594,101,199,0,0.918,2.426374941788809,0.7807007598836287
1.5,594,150,150,0,0.942,2.7369860662062417,0.7800128932276075
1.5,594,201,99,0,0.92,2.4956572005889033,0.7851379414750116
1.5,594,251,49,0,0.89,2.1784553199550083,0.7918456783414124
1.5,595,21,279,0,0.906,2.20682864111645,0.7927562140802288
1.5,595,51,249,0,0.902,2.1820900635631917,0.798161956389
1.5,595,71,229,1,0.906,2.209787616901731,0.7856509007947288
1.5,595,101,199,0,0.884,2.0667189929282195,0.7777644024506306
1.5,595,150,150,0,0.892,2.129098322985106,0.8268868517697787
1.5,595,201,99,0,0.906,2.197871456214033,0.8130392967217989
1.5,595,251,49,0,0.912,2.2463609651464114,0.8087756418158807
1.5,596,21,279,0,0.936,2.803765031678571,0.7915859843891873
1.5,596,51,249,0,0.936,2.8552855380186877,0.8038833541493876
1.5,596,71,229,1,0.94,2.893021815825107,0.7903876776631792
1.5,596,101,199,0,0.942,2.9196115567396137,0.7809320094075458
1.5,596,150,150,0,0.942,2.9219666555508086,0.78009655825538
1.5,596,201,99,0,0.912,2.488711039929186,0.7669770551901187
1.5,596,251,49,0,0.91,2.4789886786507918,0.7655231695028241
1.5,597,21,279,0,0.894,2.437795129885915,0.8520892491026285
1.5,597,51,249,0,0.894,2.400629091277954,0.8242587538977257
1.5,597,71,229,1,0.868,2.256886286110237,0.8372317051778478
1.5,597,101,199,0,0.87,2.2339724534876577,0.806623827235193
1.5,597,150,150,0,0.88,2.274852503241822,0.7920325852929467
1.5,597,201,99,0,0.88,2.2200395476247667,0.7801137926412176
1.5,597,251,49,0,0.85,2.0551694195858534,0.8061790264621341
1.5,598,21,279,0,0.89,2.3701346619857313,0.6937253178453866
1.5,598,51,249,0,0.87,2.179344322676095,0.7876848521272526
1.5,598,71,229,1,0.868,2.1718452339637198,0.7905269447754688
1.5,598,101,199,0,0.88,2.275151987254817,0.7592423978634679
1.5,598,150,150,0,0.852,2.054658557467801,0.7621505003754638
1.5,598,201,99,0,0.812,1.864066722147628,0.7893012082608868
1.5,598,251,49,0,0.814,1.8817821253857827,0.7816355981327059
1.5,599,21,279,0,0.888,2.2081337995111983,0.855477876746983
1.5,599,51,249,0,0.888,2.176623419812292,0.8869758443520018
1.5,599,71,229,1,0.89,2.2201513060850475,0.8497120922243488
1.5,599,101,199,0,0.89,2.222472103215277,0.8360378532726968
1.5,599,150,150,0,0.892,2.2552687779591842,0.8058735524686798
1.5,599,201,99,0,0.88,2.1416137913899567,0.8119840868612279
1.5,599,251,49,0,0.91,2.3970580693488257,0.8054692480874808
1.5,600,21,279,0,0.922,2.639754732707325,0.8431158735782188
1.5,600,51,249,0,0.926,2.686014108051226,0.857836552204612
1.5,600,71,229,1,0.92,2.5860079004749927,0.8115271667944073
1.5,600,101,199,0,0.922,2.6020118464773985,0.7762800379744945
1.5,600,150,150,0,0.928,2.699603147157356,0.7614271318190554
1.5,600,201,99,0,0.932,2.8587191076099137,0.7548391848294165
1.5,600,251,49,0,0.936,2.923446579043839,0.7690699018412511
1.5,601,21,279,0,0.894,2.2451801849935564,0.6961994862396373
1.5,601,51,249,0,0.894,2.2385802335485145,0.6982475041448988
1.5,601,71,229,1,0.918,2.409546842749892,0.6658550439914527
1.5,601,101,199,0,0.914,2.3801668028227683,0.6907183739615956
1.5,601,150,150,0,0.922,2.4884013083671004,0.7250465981295748
1.5,601,201,99,0,0.926,2.534414039009972,0.7360872347716716
1.5,601,251,49,0,0.922,2.489108956754319,0.7217563698813283
1.5,602,21,279,0,0.912,2.5719631878640827,0.7354091098562656
1.5,602,51,249,0,0.912,2.59228281019263,0.7064954994209457
1.5,602,71,229,1,0.912,2.5998959310169263,0.7656724678307273
1.5,602,101,199,0,0.916,2.608782719002692,0.7914187542150748
1.5,602,150,150,0,0.902,2.5229100199366608,0.8002987618974683
1.5,602,201,99,0,0.898,2.4358234296898407,0.7982673582551973
1.5,602,251,49,0,0.882,2.3156007438734028,0.7969859027080471
1.5,603,21,279,0,0.92,2.627860637351336,0.9055382970123447
1.5,603,51,249,0,0.906,2.444461107758747,0.847331853465744
1.5,603,71,229,1,0.91,2.512176618897168,0.8385837550970179
1.5,603,101,199,0,0.904,2.4182407717372,0.8295129645384443
1.5,603,150,150,0,0.91,2.451688852349143,0.8010860860590829
1.5,603,201,99,0,0.906,2.4384170032971264,0.8247152797513778
1.5,603,251,49,0,0.89,2.245500921255354,0.8234961098408986
1.5,604,21,279,0,0.902,2.34455937192089,0.6619855554793476
1.5,604,51,249,0,0.912,2.364487111686575,0.7585709094335424
1.5,604,71,229,1,0.926,2.512168579223043,0.8157359313555247
1.5,604,101,199,0,0.92,2.427349102000443,0.7840113073072814
1.5,604,150,150,0,0.932,2.6149409470675975,0.7736938188907323
1.5,604,201,99,0,0.928,2.571230817560125,0.7916426203760903
1.5,604,251,49,0,0.926,2.507154996766705,0.7927399437036307
1.5,605,21,279,0,0.91,2.4024980260347455,0.7562218147717887
1.5,605,51,249,0,0.904,2.3106504638677507,0.7889286003399754
1.5,605,71,229,1,0.892,2.189234921570669,0.7501511058454208
1.5,605,101,199,0,0.894,2.2060331623516376,0.7648438548081002
1.5,605,150,150,0,0.896,2.2267312297995496,0.789449460740472
1.5,605,201,99,0,0.908,2.388302809375312,0.7868822880948673
1.5,605,251,49,0,0.962,3.1133492524124184,0.8135208903974641
1.5,606,21,279,0,0.896,2.388733691358647,0.7406579744141888
1.5,606,51,249,0,0.898,2.419470746919736,0.7425358949859755
1.5,606,71,229,1,0.882,2.2209215270043514,0.7191350804510922
1.5,606,101,199,0,0.88,2.1574468641487927,0.7423958863973295
1.5,606,150,150,0,0.898,2.3896570655963973,0.7889084113158568
1.5,606,201,99,0,0.944,3.0084857820917184,0.7953535659064549
1.5,606,251,49,0,0.944,3.011617233306851,0.7981368373218213
1.5,607,21,279,0,0.87,2.2682096352317047,0.8334558401907828
1.5,607,51,249,0,0.888,2.389955664168948,0.7769310594049822
1.5,607,71,229,1,0.864,2.243142763463246,0.8076180366054287
1.5,607,101,199,0,0.876,2.315034034318164,0.7845950029735875
1.5,607,150,150,0,0.872,2.287718135576719,0.8035826324517046
1.5,607,201,99,0,0.872,2.276268700634726,0.8115506163206928
1.5,607,251,49,0,0.872,2.2955144359015347,0.7800929474136499
1.5,608,21,279,0,0.882,2.1136243826535446,0.8004583611876119
1.5,608,51,249,0,0.896,2.1682130510536575,0.8394115813959918
1.5,608,71,229,1,0.89,2.1514715718531123,0.8325523275179817
1.5,608,101,199,0,0.892,2.1801700984428423,0.8111194008779333
1.5,608,150,150,0,0.882,2.0746480038336412,0.7966150111726764
1.5,608,201,99,0,0.9,2.2819778064213354,0.7918900717282821
1.5,608,251,49,0,0.9,2.2795335898582314,0.7926372728381031
1.5,609,21,279,0,0.928,2.592908736411005,0.6846279877833856
1.5,609,51,249,0,0.932,2.614873822238942,0.7649685777218892
1.5,609,71,229,1,0.936,2.672114559995848,0.7599646547739092
1.5,609,101,199,0,0.932,2.6122421104389897,0.7688534718725533
1.5,609,150,150,0,0.914,2.393909061034852,0.7918543829393069
1.5,609,201,99,0,0.924,2.5847735196016473,0.792036839387032
1.5,609,251,49,0,0.924,2.575000811167247,0.7898481825047585
1.5,610,21,279,0,0.944,2.84893285270657,0.7223515917296118
1.5,610,51,249,0,0.952,2.9155796999100425,0.7502113616081888
1.5,610,71,229,1,0.958,2.902629197963692,0.7298540607750852
1.5,610,101,199,0,0.95,2.880854365256466,0.772107776277123
1.5,610,150,150,0,0.964,3.1536507633873745,0.7923732918544814
1.5,610,201,99,0,0.964,3.1484773987178825,0.7950039061588937
1.5,610,251,49,0,0.944,2.754748790957746,0.809677632788973
1.5,611,21,279,0,0.858,2.10871135588991,0.7812225060520174
1.5,611,51,249,0,0.858,2.0895620889910926,0.7186449661058625
1.5,611,71,229,1,0.864,2.171435550069177,0.7337348653122803
1.5,611,101,199,0,0.864,2.1857941514932833,0.7190389063119388
1.5,611,150,150,0,0.848,2.031651023147273,0.7425180028066318
1.5,611,201,99,0,0.85,2.057690307651307,0.7287286032943691
1.5,611,251,49,0,0.868,2.2207126314984453,0.7402716886110522
1.5,612,21,279,0,0.9,2.332773044979528,0.8446304719399585
1.5,612,51,249,0,0.9,2.3830891774819993,0.8392110765134791
1.5,612,71,229,1,0.9,2.3216490800523633,0.8311187906400263
1.5,612,101,199,0,0.9,2.321978203866487,0.8434522452873691
1.5,612,150,150,0,0.88,2.1486886759928603,0.8014681027236455
1.5,612,201,99,0,0.88,2.1377441156360777,0.8047242302907626
1.5,612,251,49,0,0.924,2.584244424550939,0.7990573238581121
1.5,613,21,279,0,0.858,2.102674102576903,0.8229422653611868
1.5,613,51,249,0,0.854,2.0759581882885234,0.8514156134430517
1.5,613,71,229,1,0.858,2.0915670015970087,0.8743834708022522
1.5,613,101,199,0,0.858,2.0862403523039483,0.8664777014708929
1.5,613,150,150,0,0.842,1.948140450253974,0.8396399213530266
1.5,613,201,99,0,0.852,2.0686307362000145,0.8312555283573647
1.5,613,251,49,0,0.86,2.1058771155733518,0.8259281086140656
1.5,614,21,279,0,0.9,2.1507532883731524,0.7087243144064035
1.5,614,51,249,0,0.91,2.1784118736193054,0.7434182632961678
1.5,614,71,229,1,0.908,2.1562977176849962,0.8037222284648664
1.5,614,101,199,0,0.912,2.2532127992536455,0.7974136684736555
1.5,614,150,150,0,0.908,2.1589983129136825,0.8074469343333233
1.5,614,201,99,0,0.928,2.462065770837863,0.8215494955120718
1.5,614,251,49,0,0.874,1.9898173596644755,0.8170802181075887
1.5,615,21,279,0,0.892,2.2399390366806693,0.7869995822588116
1.5,615,51,249,0,0.898,2.2981547157933186,0.7657365022912965
1.5,615,71,229,1,0.898,2.2989123968370166,0.7643687567149068
1.5,615,101,199,0,0.894,2.2496524707733347,0.7683490273763844
1.5,615,150,150,0,0.916,2.422588095134496,0.7834546392423842
1.5,615,201,99,0,0.886,2.1239633121104706,0.7629397360029271
1.5,615,251,49,0,0.848,1.839137213276114,0.7619570809108938
1.5,616,21,279,0,0.904,2.3753908144227953,0.8390004486110232
1.5,616,51,249,0,0.912,2.505191640352311,0.8449969158368531
1.5,616,71,229,1,0.904,2.374494535954549,0.8406776284901016
1.5,616,101,199,0,0.91,2.4233618096972025,0.8311762821947115
1.5,616,150,150,0,0.9,2.2722393767558824,0.8067818859885452
1.5,616,201,99,0,0.89,2.117256779510335,0.809464916689727
1.5,616,251,49,0,0.83,1.7707057642345876,0.8448778290096218
1.5,617,21,279,0,0.9,2.238237520387104,0.8811802645570632
1.5,617,51,249,0,0.908,2.2694880736874747,0.8267427773174508
1.5,617,71,229,1,0.906,2.2343017875644438,0.8117623194362128
1.5,617,101,199,0,0.912,2.3191135501875433,0.8002627935445514
1.5,617,150,150,0,0.914,2.338755732027159,0.8214188817819227
1.5,617,201,99,0,0.914,2.3716882434201287,0.8174973166763264
1.5,617,251,49,0,0.94,2.7380466115400344,0.8244881262964706
1.5,618,21,279,0,0.922,2.3373473858212255,0.6932975945676355
1.5,618,51,249,0,0.934,2.5660134967156036,0.7734486895646694
1.5,618,71,229,1,0.934,2.5202392943653016,0.7932573749161582
1.5,618,101,199,0,0.934,2.5994542557356484,0.8209047645486
1.5,618,150,150,0,0.932,2.578299422001006,0.8320548055672768
1.5,618,201,99,0,0.932,2.5874184187389355,0.8173827970838502
1.5,618,251,49,0,0.878,2.004714080167102,0.8164626570990353
1.5,619,21,279,0,0.906,2.4083862244154597,0.6826159536862235
1.5,619,51,249,0,0.904,2.3846899934297983,0.7026553848399801
1.5,619,71,229,1,0.904,2.347820360861896,0.7408489523063289
1.5,619,101,199,0,0.898,2.2949951089809217,0.7932334811372613
1.5,619,150,150,0,0.898,2.3063583947097124,0.7805522670450624
1.5,619,201,99,0,0.884,2.1576331121299908,0.7756596191168286
1.5,619,251,49,0,0.826,1.8556862840281283,0.7721770762769316
1.5,620,21,279,0,0.914,2.459155146752867,0.8074974777248433
1.5,620,51,249,0,0.906,2.392206995578872,0.7819297400014641
1.5,620,71,229,1,0.912,2.44743710731948,0.7765463427168078
1.5,620,101,199,0,0.918,2.4913737808880883,0.8020029267873241
1.5,620,150,150,0,0.918,2.489286414999914,0.7909187844764894
1.5,620,201,99,0,0.952,2.910823500888008,0.7904748995359324
1.5,620,251,49,0,0.844,1.9110303819821428,0.7809814480082115
1.5,621,21,279,0,0.918,2.387201733181384,0.6910059714149269
1.5,621,51,249,0,0.906,2.252727434351981,0.8458045713775149
1.5,621,71,229,1,0.9,2.215301357508689,0.8234973865960791
1.5,621,101,199,0,0.9,2.220583802276381,0.818836777079512
1.5,621,150,150,0,0.912,2.4293309147211692,0.8192817320509249
1.5,621,201,99,0,0.888,2.0317359824711825,0.8125663139548391
1.5,621,251,49,0,0.888,2.0290117953122486,0.8159336175555056
1.5,622,21,279,0,0.878,2.1248599731944187,0.7107240311969092
1.5,622,51,249,0,0.884,2.215160469027594,0.8369064203011336
1.5,622,71,229,1,0.884,2.22078204064452,0.8297269926395129
1.5,622,101,199,0,0.862,1.9475236041330335,0.7987035477640249
1.5,622,150,150,0,0.85,1.8833222283282567,0.808103113354709
1.5,622,201,99,0,0.85,1.8905387608977096,0.8052953001588387
1.5,622,251,49,0,0.898,2.3223117656980468,0.8207843354579083
1.5,623,21,279,0,0.902,2.4180851968490917,0.8557968469967946
1.5,623,51,249,0,0.91,2.4798897946798375,0.8758853509667118
1.5,623,71,229,1,0.908,2.462542016053134,0.8424986808847647
1.5,623,101,199,0,0.908,2.464538150639417,0.8419046935063784
1.5,623,150,150,0,0.908,2.4672819102012236,0.83066916920566
1.5,623,201,99,0,0.918,2.5744007696139644,0.8096131370392545
1.5,623,251,49,0,0.918,2.5649870905420324,0.7889340535524634
1.5,624,21,279,0,0.888,2.414591602830948,0.6080413825217196
1.5,624,51,249,0,0.874,2.2288523700528393,0.7751241603623222
1.5,624,71,229,1,0.87,2.2155043653130813,0.7558857039475154
1.5,624,101,199,0,0.874,2.226269916601193,0.7720002069901315
1.5,624,150,150,0,0.878,2.239275875808155,0.7895732415681902
1.5,624,201,99,0,0.9,2.411219921921509,0.8042021357820116
1.5,624,251,49,0,0.876,2.245053039689442,0.7972032705902239
1.5,625,21,279,0,0.898,2.4831519324936715,0.9085748365292052
1.5,625,51,249,0,0.912,2.5610344851418914,0.8726280315594637
1.5,625,71,229,1,0.912,2.564852097204039,0.8597853878409156
1.5,625,101,199,0,0.914,2.5927124418825307,0.8299463625770398
1.5,625,150,150,0,0.924,2.7873941241890154,0.8227248285903949
1.5,625,201,99,0,0.926,2.791251661667403,0.7869825105478834
1.5,625,251,49,0,0.934,2.868733415861635,0.7967262996084373
1.5,626,21,279,0,0.92,2.3152088075489603,0.7590255470425358
1.5,626,51,249,0,0.91,2.220960631399174,0.7819428381087271
1.5,626,71,229,1,0.906,2.2136936999114996,0.785049474952704
1.5,626,101,199,0,0.91,2.243234764929636,0.7641171459191419
1.5,626,150,150,0,0.904,2.199339260211592,0.7911994689619023
1.5,626,201,99,0,0.902,2.1719999224360826,0.7915115358952567
1.5,626,251,49,0,0.888,2.040866518319975,0.794096094282243
1.5,627,21,279,0,0.926,2.4199594424967716,0.6276315488995081
1.5,627,51,249,0,0.932,2.354751691891975,0.7778022303226023
1.5,627,71,229,1,0.934,2.355029480151545,0.7609630148008399
1.5,627,101,199,0,0.93,2.34809854581678,0.7805107593839952
1.5,627,150,150,0,0.932,2.3524718011600676,0.7679510276632673
1.5,627,201,99,0,0.912,2.2128780201936236,0.7970252765440191
1.5,627,251,49,0,0.888,2.033661632194811,0.815024205824601
1.5,628,21,279,0,0.886,2.415757189536567,0.8426587549169958
1.5,628,51,249,0,0.886,2.4262151528360443,0.829763545771196
1.5,628,71,229,1,0.886,2.4408053022160248,0.8237282644776793
1.5,628,101,199,0,0.876,2.2578995978228993,0.8093743182098612
1.5,628,150,150,0,0.882,2.344614129025188,0.8182808077726045
1.5,628,201,99,0,0.874,2.225762974152327,0.8073412468040725
1.5,628,251,49,0,0.874,2.1807487356209205,0.7892830010661114
1.5,629,21,279,0,0.882,2.475943827964006,0.8801569179849696
1.5,629,51,249,0,0.882,2.4467783177967735,0.8643984843305672
1.5,629,71,229,1,0.874,2.360000023982003,0.8435216579020742
1.5,629,101,199,0,0.876,2.3126523608003318,0.8030475810113695
1.5,629,150,150,0,0.88,2.2671106603237767,0.7751917407918048
1.5,629,201,99,0,0.88,2.257113758664415,0.7651871099120333
1.5,629,251,49,0,0.884,2.3305772877603745,0.7732058999517729
1.5,630,21,279,0,0.912,2.4196148407086167,0.7769976986431187
1.5,630,51,249,0,0.91,2.3638492831949525,0.7908467052987572
1.5,630,71,229,1,0.916,2.4319936212107685,0.768148843994673
1.5,630,101,199,0,0.924,2.5430741687986282,0.7722835675611383
1.5,630,150,150,0,0.936,2.673591266527794,0.7631102641438675
1.5,630,201,99,0,0.942,2.6571900662583094,0.7912741829844586
1.5,630,251,49,0,0.926,2.5687717361759095,0.77666343816823
1.5,631,21,279,0,0.874,2.3165600021446373,0.8294680702417813
1.5,631,51,249,0,0.884,2.3410545642471754,0.78288241618148
1.5,631,71,229,1,0.884,2.371789755432024,0.7815340418834819
1.5,631,101,199,0,0.862,2.2687245375465417,0.8549961955841907
1.5,631,150,150,0,0.874,2.295099696529885,0.8184647887273512
1.5,631,201,99,0,0.884,2.3995447343463345,0.8524890943019949
1.5,631,251,49,0,0.886,2.406743867668829,0.8506325809598463
1.5,632,21,279,0,0.88,2.246724483666324,0.7048059304213838
1.5,632,51,249,0,0.874,2.2252034658551065,0.6400991856400474
1.5,632,71,229,1,0.874,2.226638417055877,0.6394665564835587
1.5,632,101,199,0,0.904,2.418852998193677,0.6321667641832286
1.5,632,150,150,0,0.898,2.361221337850753,0.700755143752309
1.5,632,201,99,0,0.856,2.030986351041877,0.7029191054920506
1.5,632,251,49,0,0.882,2.231875830560249,0.7190834390712982
1.5,633,21,279,0,0.856,2.0061202966748137,0.7550298233615328
1.5,633,51,249,0,0.856,2.0072672754507908,0.801847231457281
1.5,633,71,229,1,0.858,1.9992297600549485,0.8351235654806607
1.5,633,101,199,0,0.846,1.8501660625758953,0.8195039925442347
1.5,633,150,150,0,0.846,1.8786629125853629,0.8078587254678633
1.5,633,201,99,0,0.836,1.753311746244443,0.8014083511176077
1.5,633,251,49,0,0.836,1.7300289258509247,0.7782191487602178
1.5,634,21,279,0,0.898,2.4056338321806843,0.7929752310886286
1.5,634,51,249,0,0.898,2.428329690697825,0.7543105482899506
1.5,634,71,229,1,0.898,2.4474555599719925,0.7768026463553409
1.5,634,101,199,0,0.902,2.4498508317690644,0.7602193330912834
1.5,634,150,150,0,0.912,2.5595608659076077,0.7670816642793447
1.5,634,201,99,0,0.914,2.592236168743266,0.7770708182975895
1.5,634,251,49,0,0.904,2.5470162210508804,0.8014250012889516
1.5,635,21,279,0,0.88,2.2796510597780717,0.7360701399803143
1.5,635,51,249,0,0.884,2.3463919981323054,0.7017526119735656
1.5,635,71,229,1,0.894,2.3502775812287697,0.7498708659196609
1.5,635,101,199,0,0.88,2.290436835019515,0.7484338405645562
1.5,635,150,150,0,0.892,2.3143209325705074,0.7730391075740796
1.5,635,201,99,0,0.894,2.3254137815853664,0.7995400039769933
1.5,635,251,49,0,0.908,2.4296736390053,0.8025127040766
1.5,636,21,279,0,0.89,2.185879871651604,0.7536419490819831
1.5,636,51,249,0,0.91,2.4117280330124937,0.8412512013135823
1.5,636,71,229,1,0.92,2.4975596307236847,0.8465282049397034
1.5,636,101,199,0,0.922,2.5247241813482355,0.8508863574702549
1.5,636,150,150,0,0.916,2.5113296356855113,0.8700592401746952
1.5,636,201,99,0,0.912,2.4744781227487866,0.8581819290198224
1.5,636,251,49,0,0.834,1.8789168531811309,0.8424957565355563
1.5,637,21,279,0,0.922,2.5206321795154216,0.8813791220358427
1.5,637,51,249,0,0.912,2.4272241751908603,0.9094818637884129
1.5,637,71,229,1,0.91,2.3366808451989174,0.8779022715944436
1.5,637,101,199,0,0.91,2.3463979079169803,0.8413148061125363
1.5,637,150,150,0,0.922,2.472974098300747,0.8175568236899915
1.5,637,201,99,0,0.922,2.4761075524534237,0.8146496386419654
1.5,637,251,49,0,0.918,2.4227369852280756,0.8011860445094913
1.5,638,21,279,0,0.852,2.077771278508073,0.8962336214562865
1.5,638,51,249,0,0.852,2.0126336517754484,0.8551988838553127
1.5,638,71,229,1,0.86,2.05284640643837,0.8376228290822011
1.5,638,101,199,0,0.852,2.004286698502753,0.8441995451386838
1.5,638,150,150,0,0.86,1.9811452902170652,0.817335802612476
1.5,638,201,99,0,0.864,2.110385774585646,0.8163510811800482
1.5,638,251,49,0,0.868,2.146241539883601,0.8307317589237452
1.5,639,21,279,0,0.858,1.9315486413894705,0.8362660241755968
1.5,639,51,249,0,0.862,1.9513421612900443,0.8060606598629554
1.5,639,71,229,1,0.864,1.9599971380508234,0.7932233587604011
1.5,639,101,199,0,0.862,1.9828448521872848,0.8191740502599171
1.5,639,150,150,0,0.86,1.960816482970566,0.8287829779644974
1.5,639,201,99,0,0.86,1.9604972069328406,0.8289228235830234
1.5,639,251,49,0,0.812,1.6885144938815275,0.8195170703066506
1.5,640,21,279,0,0.86,2.0365247358939285,0.7171993376107856
1.5,640,51,249,0,0.86,2.038820205599171,0.7738177865174618
1.5,640,71,229,1,0.856,2.0152285569904516,0.7849845588799809
1.5,640,101,199,0,0.864,2.0488711833140587,0.7874485950577231
1.5,640,150,150,0,0.87,2.075098866792764,0.7866047904384595
1.5,640,201,99,0,0.854,1.9725353208096166,0.7740169620843964
1.5,640,251,49,0,0.868,2.073583558420366,0.7751227534538422
1.5,641,21,279,0,0.848,2.1055057165398394,0.8593237047442892
1.5,641,51,249,0,0.854,2.061146146008826,0.7938177856075193
1.5,641,71,229,1,0.848,1.9670105912213391,0.783720258826049
1.5,641,101,199,0,0.832,1.9204816448099105,0.7935930937529709
1.5,641,150,150,0,0.836,1.9519530565073746,0.818236914393176
1.5,641,201,99,0,0.828,1.896405523085676,0.8117267330590813
1.5,641,251,49,0,0.832,1.8982545208857613,0.8238652798292193
1.5,642,21,279,0,0.856,2.17343672877896,0.8154942742505742
1.5,642,51,249,0,0.866,2.2707201180999887,0.7822567575963888
1.5,642,71,229,1,0.866,2.272530919670593,0.7685929848222518
1.5,642,101,199,0,0.862,2.2247718423368377,0.7986304830212123
1.5,642,150,150,0,0.844,2.086876486564687,0.7910640949975198
1.5,642,201,99,0,0.876,2.3480953362223107,0.7792171524473538
1.5,642,251,49,0,0.862,2.251468446059329,0.7752862848693569
1.5,643,21,279,0,0.924,2.464617514360892,0.7320069499969013
1.5,643,51,249,0,0.918,2.39189833640503,0.8533222510003613
1.5,643,71,229,1,0.93,2.556508807129949,0.8303933930568069
1.5,643,101,199,0,0.94,2.65904038553005,0.8054385946698607
1.5,643,150,150,0,0.942,2.791767244009329,0.8133214205089185
1.5,643,201,99,0,0.946,2.9311672378235167,0.8191447037732168
1.5,643,251,49,0,0.952,3.1114108725291634,0.8013022753253533
1.5,644,21,279,0,0.902,2.313118811109161,0.8695124364075357
1.5,644,51,249,0,0.908,2.342353444176977,0.846875195045905
1.5,644,71,229,1,0.916,2.4101606842396497,0.8290363808296913
1.5,644,101,199,0,0.914,2.3337088087358726,0.8220850942449178
1.5,644,150,150,0,0.914,2.332288712174878,0.8227504308949197
1.5,644,201,99,0,0.934,2.6345402633533515,0.8005729653615314
1.5,644,251,49,0,0.852,1.9027948344486367,0.808320919829152
1.5,645,21,279,0,0.902,2.4031474163116426,0.9379369348411478
1.5,645,51,249,0,0.896,2.337479889941759,0.8572257070265612
1.5,645,71,229,1,0.896,2.3399629685315695,0.8541165702942688
1.5,645,101,199,0,0.886,2.2594392482747416,0.8467510568853213
1.5,645,150,150,0,0.866,2.147511260123113,0.856422305810305
1.5,645,201,99,0,0.87,2.1778995803647554,0.8407274535036968
1.5,645,251,49,0,0.856,2.084291125980181,0.8306010015373508
1.5,646,21,279,0,0.922,2.3864365677133894,0.7747385313132173
1.5,646,51,249,0,0.922,2.3907517733091836,0.7949373055729465
1.5,646,71,229,1,0.918,2.312817397740805,0.7653721444621011
1.5,646,101,199,0,0.922,2.3852045543558718,0.7617942005757851
1.5,646,150,150,0,0.922,2.3978510442052374,0.7718574108266958
1.5,646,201,99,0,0.908,2.235916827923044,0.7802635399232802
1.5,646,251,49,0,0.856,1.9801049729908269,0.7797407557077571
1.5,647,21,279,0,0.918,2.497246484015167,0.7479668210435946
1.5,647,51,249,0,0.914,2.394165411670121,0.8230006936568122
1.5,647,71,229,1,0.914,2.4208364764138004,0.7983775573736032
1.5,647,101,199,0,0.918,2.4747843057569536,0.7991631187222513
1.5,647,150,150,0,0.922,2.5095203674765227,0.8082680787873829
1.5,647,201,99,0,0.92,2.4892145007952773,0.8147898599021587
1.5,647,251,49,0,0.942,2.9264803917449878,0.8152393098360388
1.5,648,21,279,0,0.884,2.270463921716353,0.7763833604034083
1.5,648,51,249,0,0.882,2.225102017806932,0.7836420897819258
1.5,648,71,229,1,0.882,2.2466402725835497,0.8090415098367241
1.5,648,101,199,0,0.88,2.233375290295921,0.8177304610872914
1.5,648,150,150,0,0.906,2.4207996904807114,0.8105611392525647
1.5,648,201,99,0,0.906,2.406722147994963,0.8149537351547365
1.5,648,251,49,0,0.906,2.3830395026810227,0.8223687954280149
1.5,649,21,279,0,0.942,2.857892602059946,0.6729426546055789
1.5,649,51,249,0,0.948,2.8738786536237817,0.7474254473707665
1.5,649,71,229,1,0.948,2.932847975289742,0.7629992144892384
1.5,649,101,199,0,0.948,2.94677460404468,0.763855130939326
1.5,649,150,150,0,0.954,3.093876568218638,0.7823474156626224
1.5,649,201,99,0,0.968,3.489436421780678,0.7977717817081474
1.5,649,251,49,0,0.968,3.4997212927493364,0.7851600218956923
1.5,650,21,279,0,0.93,2.531652373212984,0.7507571516945512
1.5,650,51,249,0,0.93,2.5392888693956306,0.7479984262424648
1.5,650,71,229,1,0.916,2.4348885130147164,0.7812744486886246
1.5,650,101,199,0,0.924,2.4844780935330033,0.8081210291028147
1.5,650,150,150,0,0.926,2.527205640257822,0.8104702212022098
1.5,650,201,99,0,0.93,2.556714136952658,0.7999364156831997
1.5,650,251,49,0,0.926,2.527995957334179,0.8049919900412859
1.5,651,21,279,0,0.896,2.4593709437741835,0.6547377664116901
1.5,651,51,249,0,0.896,2.3824790324898166,0.7821614086180272
1.5,651,71,229,1,0.878,2.2503045242249686,0.7639707096997336
1.5,651,101,199,0,0.902,2.407751734948791,0.7689073564440522
1.5,651,150,150,0,0.896,2.386488305553084,0.7800569731096889
1.5,651,201,99,0,0.828,1.8936093060991566,0.7753889685786709
1.5,651,251,49,0,0.782,1.6802464773082342,0.7710929575170463
1.5,652,21,279,0,0.902,2.3308082213628305,0.86460925648507
1.5,652,51,249,0,0.912,2.321999311486117,0.7774060746031478
1.5,652,71,229,1,0.908,2.3100984406320957,0.7680748375084795
1.5,652,101,199,0,0.916,2.352249707834154,0.8016074655500803
1.5,652,150,150,0,0.92,2.4782118419976076,0.824459620125165
1.5,652,201,99,0,0.932,2.623737416440559,0.816721825104818
1.5,652,251,49,0,0.93,2.5878518387022567,0.8070860038177959
1.5,653,21,279,0,0.908,2.423999551721939,0.7971305200134681
1.5,653,51,249,0,0.924,2.5345529081709746,0.7928878150471953
1.5,653,71,229,1,0.916,2.50892921366303,0.7653741206690015
1.5,653,101,199,0,0.908,2.399346050633076,0.7626747644031403
1.5,653,150,150,0,0.908,2.396450024767279,0.7608561316311818
1.5,653,201,99,0,0.882,2.1837788730360916,0.7623634220680253
1.5,653,251,49,0,0.908,2.4084641712514623,0.7780205421298364
1.5,654,21,279,0,0.922,2.5585350383124434,0.7516058977013931
1.5,654,51,249,0,0.922,2.53470390601043,0.7784988077963587
1.5,654,71,229,1,0.924,2.543273797421568,0.7623819473425436
1.5,654,101,199,0,0.922,2.5262330744896166,0.7826733458155243
1.5,654,150,150,0,0.928,2.6472598877479503,0.7863726735895272
1.5,654,201,99,0,0.956,2.9659106963509596,0.7887443523656489
1.5,654,251,49,0,0.932,2.666713878090692,0.7890652538893435
1.5,655,21,279,0,0.926,2.765490205025557,0.7269998226308286
1.5,655,51,249,0,0.928,2.748861181583683,0.7759973974926714
1.5,655,71,229,1,0.928,2.7318512800447654,0.7798714103037271
1.5,655,101,199,0,0.928,2.7336338756701415,0.780426170955337
1.5,655,150,150,0,0.93,2.784362984143828,0.7961847059427264
1.5,655,201,99,0,0.928,2.7642624068139647,0.7934595163830667
1.5,655,251,49,0,0.95,3.0507327126823687,0.8108927523015019
1.5,656,21,279,0,0.89,2.458986552124565,0.9444250800223317
1.5,656,51,249,0,0.888,2.3437255491854367,0.8926605817018636
1.5,656,71,229,1,0.892,2.3458229429852335,0.8689279376308142
1.5,656,101,199,0,0.88,2.2093676696324254,0.8367384345644622
1.5,656,150,150,0,0.878,2.188140823689798,0.8268710143483299
1.5,656,201,99,0,0.878,2.192170087663871,0.8265489652180514
1.5,656,251,49,0,0.914,2.4746983644077845,0.8289230802326867
1.5,657,21,279,0,0.884,2.276331635171574,0.8753729816171747
1.5,657,51,249,0,0.876,2.1939773313333437,0.8712646965569141
1.5,657,71,229,1,0.882,2.211320845948685,0.8385954205347961
1.5,657,101,199,0,0.886,2.273473044461782,0.834102463535572
1.5,657,150,150,0,0.886,2.2633067674182494,0.8291095702684718
1.5,657,201,99,0,0.904,2.5170103338322134,0.8047111649827252
1.5,657,251,49,0,0.91,2.5566293894103698,0.7880356767876601
1.5,658,21,279,0,0.902,2.4170571774578096,0.8164286395301917
1.5,658,51,249,0,0.9,2.412532781773035,0.8314298973784653
1.5,658,71,229,1,0.892,2.3580190820618556,0.7667259264507194
1.5,658,101,199,0,0.898,2.415018372655941,0.7669084153483523
1.5,658,150,150,0,0.894,2.3814259919289626,0.787469899864258
1.5,658,201,99,0,0.894,2.3681418246416763,0.7928478816855531
1.5,658,251,49,0,0.85,1.981527893255965,0.7886188770827007
1.5,659,21,279,0,0.896,2.3641605907952257,0.693044014942071
1.5,659,51,249,0,0.892,2.427173595849447,0.7671805220097343
1.5,659,71,229,1,0.898,2.485518323773188,0.781874211032383
1.5,659,101,199,0,0.902,2.4891619101806413,0.7743457719367064
1.5,659,150,150,0,0.9,2.4641663037874713,0.8033460198966534
1.5,659,201,99,0,0.862,2.160966136874609,0.7946191662415641
1.5,659,251,49,0,0.904,2.528687602894554,0.795129853069454
1.5,660,21,279,0,0.924,2.4298053324362883,0.905582920146822
1.5,660,51,249,0,0.918,2.3959600800133867,0.8669832174571639
1.5,660,71,229,1,0.91,2.2997843642741245,0.8470635818562963
1.5,660,101,199,0,0.912,2.3113283278252306,0.8495086168184581
1.5,660,150,150,0,0.92,2.517294497917755,0.8321329059674126
1.5,660,201,99,0,0.92,2.5135638941091476,0.8361754255880534
1.5,660,251,49,0,0.894,2.113430475947145,0.8404563391036962
1.5,661,21,279,0,0.87,2.11589979921494,0.8583350013863265
1.5,661,51,249,0,0.876,2.1423807885298,0.8305085930849787
1.5,661,71,229,1,0.878,2.1371563058818066,0.8043784197379364
1.5,661,101,199,0,0.884,2.19907723556451,0.7955291616345923
1.5,661,150,150,0,0.886,2.215565752998412,0.799765493391397
1.5,661,201,99,0,0.894,2.2390858872627186,0.80364731809668
1.5,661,251,49,0,0.934,2.804763489178712,0.7983372665256196
1.5,662,21,279,0,0.926,2.4975093739125396,0.7730313404044648
1.5,662,51,249,0,0.93,2.564077133067538,0.7025846731221929
1.5,662,71,229,1,0.93,2.5540755989935784,0.7402790341187402
1.5,662,101,199,0,0.922,2.457243017206409,0.762149498118897
1.5,662,150,150,0,0.922,2.4567952803764963,0.8357859041258783
1.5,662,201,99,0,0.924,2.471264314792588,0.8328673961083799
1.5,662,251,49,0,0.886,2.110045935755378,0.8211948073749504
1.5,663,21,279,0,0.88,1.9978199746109133,0.8683024727159164
1.5,663,51,249,0,0.896,2.0453961488315797,0.7881181877311129
1.5,663,71,229,1,0.888,1.988349639610526,0.7720452673080885
1.5,663,101,199,0,0.894,2.041212473101105,0.789552024832596
1.5,663,150,150,0,0.896,2.0383939079887163,0.7956071381838871
1.5,663,201,99,0,0.89,1.9981602453275102,0.8162685227558127
1.5,663,251,49,0,0.912,2.1957603731101174,0.8133548193073494
1.5,664,21,279,0,0.896,2.387746025880486,0.7596996619580564
1.5,664,51,249,0,0.882,2.3229059631687003,0.8195051088445569
1.5,664,71,229,1,0.88,2.275995313147434,0.8305234962796085
1.5,664,101,199,0,0.886,2.336076659293614,0.8267130764026587
1.5,664,150,150,0,0.91,2.515344706297741,0.81387999566642
1.5,664,201,99,0,0.878,2.294157024559595,0.8108326889380435
1.5,664,251,49,0,0.908,2.4745036448849276,0.8210882943870111
1.5,665,21,279,0,0.894,2.321253865727519,0.8312789635004868
1.5,665,51,249,0,0.9,2.3460211390062407,0.7662436996347242
1.5,665,71,229,1,0.9,2.3600833256040534,0.7555273485137584
1.5,665,101,199,0,0.904,2.3588283931002136,0.7782752687965048
1.5,665,150,150,0,0.896,2.3160651554208345,0.7893927324289179
1.5,665,201,99,0,0.906,2.408752720854948,0.8015520760722336
1.5,665,251,49,0,0.93,2.7711423503653347,0.8161949696061503
1.5,666,21,279,0,0.896,2.1656328333495103,0.8696072448512834
1.5,666,51,249,0,0.902,2.179302758657155,0.8470913881685066
1.5,666,71,229,1,0.926,2.328868594295008,0.8451251689820257
1.5,666,101,199,0,0.944,2.43402777363557,0.812795592146833
1.5,666,150,150,0,0.92,2.2827669875820664,0.804551877372268
1.5,666,201,99,0,0.882,1.9977043607838956,0.7855218000202475
1.5,666,251,49,0,0.948,2.525192689274105,0.7714901950359457
1.5,667,21,279,0,0.912,2.1348649880619512,0.8725432714812041
1.5,667,51,249,0,0.91,2.126985506559676,0.8661236054926105
1.5,667,71,229,1,0.906,2.096424920412049,0.8587966205259046
1.5,667,101,199,0,0.908,2.1210702898082534,0.8595645548601493
1.5,667,150,150,0,0.906,2.0804647992109158,0.8454707848805475
1.5,667,201,99,0,0.906,2.080294564346511,0.8455308471785041
1.5,667,251,49,0,0.944,2.334797376703654,0.8297169021074533
1.5,668,21,279,0,0.884,2.180469773631815,0.7597333436064759
1.5,668,51,249,0,0.892,2.259815167290959,0.7620038469464419
1.5,668,71,229,1,0.892,2.2544839295213754,0.7698710827260496
1.5,668,101,199,0,0.892,2.311783576867971,0.7623076892029008
1.5,668,150,150,0,0.892,2.3963483800242726,0.7796627609763096
1.5,668,201,99,0,0.88,2.084878121855386,0.7925121940213897
1.5,668,251,49,0,0.916,2.651972398511438,0.7891307956227431
1.5,669,21,279,0,0.944,2.615800221975992,0.695677607418096
1.5,669,51,249,0,0.928,2.374675317776652,0.7527086149557298
1.5,669,71,229,1,0.924,2.3125783521059566,0.799688263835775
1.5,669,101,199,0,0.922,2.2688426426972446,0.7984902363577161
1.5,669,150,150,0,0.922,2.291043978448097,0.8111063326421266
1.5,669,201,99,0,0.928,2.38482398775623,0.8094150905973077
1.5,669,251,49,0,0.926,2.3479479452757195,0.8025157814588804
1.5,670,21,279,0,0.864,2.1889688569580423,0.7315796362125985
1.5,670,51,249,0,0.854,2.1249137439819377,0.7045088997380311
1.5,670,71,229,1,0.852,2.09362286132953,0.7161354945334336
1.5,670,101,199,0,0.86,2.136063415677214,0.7265682794369804
1.5,670,150,150,0,0.862,2.1477312551158656,0.7649930510689531
1.5,670,201,99,0,0.858,2.123836340751964,0.7784453188411491
1.5,670,251,49,0,0.854,2.078678863272369,0.7700163889450972
1.5,671,21,279,0,0.926,2.4364643355423743,0.8022562183178134
1.5,671,51,249,0,0.928,2.468849569258559,0.8630190464084971
1.5,671,71,229,1,0.932,2.5455342692957,0.8270500388091468
1.5,671,101,199,0,0.932,2.5434893649640586,0.8123431297708121
1.5,671,150,150,0,0.936,2.596492655376078,0.803706871015828
1.5,671,201,99,0,0.956,2.8879148884270722,0.7891060259166258
1.5,671,251,49,0,0.938,2.6236724205214244,0.7853315398642553
1.5,672,21,279,0,0.91,2.5376493900239114,0.7537345255972314
1.5,672,51,249,0,0.89,2.3328058757028294,0.775454594054962
1.5,672,71,229,1,0.884,2.319157655140334,0.7940226226483609
1.5,672,101,199,0,0.894,2.3982559770606433,0.8060742823421512
1.5,672,150,150,0,0.922,2.5628939552792818,0.7971433506256353
1.5,672,201,99,0,0.924,2.5943744423290527,0.7904987318844197
1.5,672,251,49,0,0.924,2.6190949090025164,0.8072372354803008
1.5,673,21,279,0,0.928,2.4823434665485653,0.8317842754287895
1.5,673,51,249,0,0.92,2.344407274581636,0.7765476289822146
1.5,673,71,229,1,0.916,2.3472892051454983,0.8187454394860976
1.5,673,101,199,0,0.91,2.2986647721192695,0.8517609048990937
1.5,673,150,150,0,0.934,2.558994944848987,0.840647739954939
1.5,673,201,99,0,0.942,2.623650485041281,0.8188543376796988
1.5,673,251,49,0,0.86,1.8650235902279528,0.8159183462435046
1.5,674,21,279,0,0.92,2.6300269538005794,0.9578064310324576
1.5,674,51,249,0,0.928,2.5580750266098096,0.8628920275227683
1.5,674,71,229,1,0.928,2.565591672968671,0.8512976116791406
1.5,674,101,199,0,0.918,2.466506305278757,0.813014706025853
1.5,674,150,150,0,0.898,2.2248227365008173,0.8272740716870205
1.5,674,201,99,0,0.89,2.139188720119835,0.822356195524778
1.5,674,251,49,0,0.918,2.471147862877872,0.8160858465221614
1.5,675,21,279,0,0.91,2.2871754057420177,0.7190484333882766
1.5,675,51,249,0,0.916,2.3326032602928994,0.7528256433892473
1.5,675,71,229,1,0.916,2.3458282529230217,0.7587661124086175
1.5,675,101,199,0,0.912,2.301644947676904,0.8141393197991474
1.5,675,150,150,0,0.89,2.0690299901404487,0.8051491800841646
1.5,675,201,99,0,0.842,1.788867493018881,0.7976273855920277
1.5,675,251,49,0,0.926,2.455045490755515,0.8080817492633122
1.5,676,21,279,0,0.89,2.3931787997904426,0.8130232894297055
1.5,676,51,249,0,0.886,2.401467386961563,0.8333371435862552
1.5,676,71,229,1,0.892,2.418472813882688,0.8172799672586264
1.5,676,101,199,0,0.884,2.3879673437855797,0.8415323167416087
1.5,676,150,150,0,0.884,2.369056631976973,0.833527239270919
1.5,676,201,99,0,0.894,2.431820177236731,0.8129079656388376
1.5,676,251,49,0,0.9,2.4547481051382465,0.809615920816937
1.5,677,21,279,0,0.928,2.4130556594303525,0.8084312160162177
1.5,677,51,249,0,0.93,2.4319123162589578,0.8132661340303982
1.5,677,71,229,1,0.934,2.5971435404093834,0.8704365412768624
1.5,677,101,199,0,0.934,2.5410538953480555,0.848894744177154
1.5,677,150,150,0,0.926,2.3669598803339933,0.8263695722609224
1.5,677,201,99,0,0.922,2.3359498068817874,0.8200358694845994
1.5,677,251,49,0,0.948,2.6774584151607446,0.8273648730313572
1.5,678,21,279,0,0.902,2.311872999157432,0.866517367009368
1.5,678,51,249,0,0.902,2.3213899527961344,0.8529190531256544
1.5,678,71,229,1,0.9,2.263385502225522,0.8307683171149048
1.5,678,101,199,0,0.9,2.2625309944640426,0.8301482309812993
1.5,678,150,150,0,0.91,2.3144239723485263,0.8003250318641503
1.5,678,201,99,0,0.914,2.3771215146594815,0.7722638318196863
1.5,678,251,49,0,0.912,2.3462876563128185,0.7861738835323244
1.5,679,21,279,0,0.95,2.672907952897438,0.7470275039984509
1.5,679,51,249,0,0.944,2.575916431971305,0.7846892374614711
1.5,679,71,229,1,0.946,2.6280721381908925,0.7643300684611074
1.5,679,101,199,0,0.944,2.562211538483466,0.7936572718279163
1.5,679,150,150,0,0.948,2.661074070422802,0.7858831447710226
1.5,679,201,99,0,0.954,2.761860050905416,0.8174481397420834
1.5,679,251,49,0,0.92,2.312509257402492,0.8095176397027758
1.5,680,21,279,0,0.86,2.0577230452004467,0.7252111351338913
1.5,680,51,249,0,0.876,2.3108093054287315,0.8237071535821883
1.5,680,71,229,1,0.868,2.2551394131546285,0.7966972277635332
1.5,680,101,199,0,0.868,2.225694601427377,0.8006310103817338
1.5,680,150,150,0,0.876,2.3203153780166303,0.8176737725340161
1.5,680,201,99,0,0.884,2.3977368949450755,0.8131988512123789
1.5,680,251,49,0,0.91,2.7404729305193296,0.820426171930516
1.5,681,21,279,0,0.912,2.5377697382808537,0.7264119858699823
1.5,681,51,249,0,0.906,2.475925180949192,0.8353468338738665
1.5,681,71,229,1,0.906,2.4258736337292435,0.810400404858528
1.5,681,101,199,0,0.908,2.487642495458671,0.7990399798167134
1.5,681,150,150,0,0.91,2.5408859957267125,0.7944114720280492
1.5,681,201,99,0,0.946,2.7635777081017507,0.8288921968697384
1.5,681,251,49,0,0.946,2.8373323715395613,0.8215807410606482
1.5,682,21,279,0,0.894,2.4063276338205806,0.7257323550901964
1.5,682,51,249,0,0.89,2.320505525322038,0.8002603730233071
1.5,682,71,229,1,0.896,2.405026143148351,0.8017301978270788
1.5,682,101,199,0,0.89,2.318716626923945,0.7891102769128917
1.5,682,150,150,0,0.89,2.291368712098717,0.8262320397409499
1.5,682,201,99,0,0.88,2.235459211569203,0.8303991406352298
1.5,682,251,49,0,0.858,2.0350372808363186,0.8190954324492761
1.5,683,21,279,0,0.912,2.282379076015807,0.8048866363280254
1.5,683,51,249,0,0.912,2.2895242548556034,0.804089211985981
1.5,683,71,229,1,0.912,2.2989894787176977,0.7884919339284617
1.5,683,101,199,0,0.916,2.3326698050998305,0.7846772045314954
1.5,683,150,150,0,0.926,2.4809283124341523,0.7908266596782848
1.5,683,201,99,0,0.926,2.5678383509360336,0.7772610782836954
1.5,683,251,49,0,0.89,2.0950361985715196,0.7748873595949123
1.5,684,21,279,0,0.902,2.4613346779815055,0.910454676459387
1.5,684,51,249,0,0.912,2.5838298746353985,0.8047021012240426
1.5,684,71,229,1,0.926,2.74410155526116,0.8039915131709066
1.5,684,101,199,0,0.922,2.6346075842874517,0.7875693665863799
1.5,684,150,150,0,0.87,2.0856673579977696,0.7700663955115957
1.5,684,201,99,0,0.848,1.9145957275124093,0.8077938727542286
1.5,684,251,49,0,0.828,1.8328489324008115,0.8010797464191033
1.5,685,21,279,0,0.91,2.3942885689874394,0.7706725744144142
1.5,685,51,249,0,0.902,2.2926269347018398,0.7594670133426504
1.5,685,71,229,1,0.902,2.2988816575981184,0.7348799330088671
1.5,685,101,199,0,0.902,2.287021066200391,0.7594846192933238
1.5,685,150,150,0,0.904,2.3812402898504597,0.7862140007449457
1.5,685,201,99,0,0.908,2.389122670978743,0.7963905781480031
1.5,685,251,49,0,0.932,2.68473483010147,0.8003734474998154
1.5,686,21,279,0,0.878,2.1240537039853638,0.7268568852737913
1.5,686,51,249,0,0.88,2.1451738725041882,0.836256254096641
1.5,686,71,229,1,0.874,2.0802796630383162,0.8355223048922716
1.5,686,101,199,0,0.854,1.9709062162787474,0.8132831513487182
1.5,686,150,150,0,0.84,1.8939933462718876,0.7989835328326697
1.5,686,201,99,0,0.78,1.6200239924692414,0.7782824623016417
1.5,686,251,49,0,0.772,1.5708247342401982,0.785113893094317
1.5,687,21,279,0,0.846,2.023128585899918,0.795744984732049
1.5,687,51,249,0,0.862,2.1611830941050503,0.8607679505377034
1.5,687,71,229,1,0.842,1.9709704439709075,0.8345233265768471
1.5,687,101,199,0,0.82,1.8788301562314176,0.8447170548771508
1.5,687,150,150,0,0.872,2.2386462843787434,0.8292505603372008
1.5,687,201,99,0,0.804,1.79185228724078,0.8288166490946492
1.5,687,251,49,0,0.894,2.372281530003435,0.7932075016665638
1.5,688,21,279,0,0.886,2.2195341322778597,0.7939126562012512
1.5,688,51,249,0,0.88,2.1574494628530294,0.8362829161468986
1.5,688,71,229,1,0.89,2.2429772041029623,0.8302593085516135
1.5,688,101,199,0,0.892,2.255652589291529,0.8135984124378186
1.5,688,150,150,0,0.874,2.106786586948793,0.8161525145239408
1.5,688,201,99,0,0.85,1.9601646801061479,0.8093271725517003
1.5,688,251,49,0,0.862,2.0038504577856275,0.8059459694866605
1.5,689,21,279,0,0.878,2.3069070210170612,0.8254181273926329
1.5,689,51,249,0,0.872,2.2595543057377654,0.8442332743201351
1.5,689,71,229,1,0.854,2.1212164026710023,0.8462085758691724
1.5,689,101,199,0,0.854,2.118856141282434,0.7988643487439281
1.5,689,150,150,0,0.874,2.2600226790877094,0.8295209424983583
1.5,689,201,99,0,0.856,2.1962492071152253,0.8312049624658963
1.5,689,251,49,0,0.806,1.8890595017651004,0.8066002720573816
1.5,690,21,279,0,0.88,2.2777293185308083,0.831347589457351
1.5,690,51,249,0,0.888,2.3406037521634233,0.8667879650499268
1.5,690,71,229,1,0.884,2.289263656505352,0.862889728630509
1.5,690,101,199,0,0.862,2.0532556689751456,0.8285965456205975
1.5,690,150,150,0,0.878,2.255496994963843,0.8144339244545188
1.5,690,201,99,0,0.864,2.0794279969806255,0.8166338139684668
1.5,690,251,49,0,0.882,2.289573475220391,0.8175593280688228
1.5,691,21,279,0,0.902,2.4716856813481627,0.7196628164154291
1.5,691,51,249,0,0.906,2.4897170108613738,0.7102750922297796
1.5,691,71,229,1,0.904,2.5078890347807974,0.7417656719249667
1.5,691,101,199,0,0.912,2.5436080920512687,0.7763643757940397
1.5,691,150,150,0,0.916,2.5823649919569815,0.7969087177158072
1.5,691,201,99,0,0.914,2.542772278492084,0.8216577613360586
1.5,691,251,49,0,0.912,2.523085586148144,0.8283420069254399
1.5,692,21,279,0,0.9,2.5345955349999505,0.9559272664365522
1.5,692,51,249,0,0.882,2.136336027505725,0.8108856031893763
1.5,692,71,229,1,0.878,2.140111325998421,0.8310613432661482
1.5,692,101,199,0,0.876,2.111624164971874,0.8193305518642692
1.5,692,150,150,0,0.882,2.143482006970016,0.7991255530826618
1.5,692,201,99,0,0.91,2.421664230170243,0.8268653628332183
1.5,692,251,49,0,0.926,2.7033516830225426,0.8229141935386955
1.5,693,21,279,0,0.898,2.195814458479007,0.757872923293369
1.5,693,51,249,0,0.898,2.237036271849706,0.698535905414603
1.5,693,71,229,1,0.904,2.256962515481304,0.748122525164299
1.5,693,101,199,0,0.914,2.3335214402308995,0.806875153292893
1.5,693,150,150,0,0.916,2.3265619092106897,0.8521044172109571
1.5,693,201,99,0,0.914,2.309079902564868,0.8166732019051822
1.5,693,251,49,0,0.892,2.168035384035709,0.8186863988389016
1.5,694,21,279,0,0.922,2.6962885863190174,0.725695924425842
1.5,694,51,249,0,0.924,2.7000892945362893,0.6882022310624359
1.5,694,71,229,1,0.922,2.660561781312127,0.7142441034802456
1.5,694,101,199,0,0.922,2.7070335163137162,0.7198586750362853
1.5,694,150,150,0,0.922,2.6846417416609794,0.7229325438987942
1.5,694,201,99,0,0.888,2.2474366594973763,0.7311791211902031
1.5,694,251,49,0,0.922,2.701317079996461,0.7253866064684366
1.5,695,21,279,0,0.894,2.372014679611355,0.682374863704857
1.5,695,51,249,0,0.898,2.353032323901319,0.8071415772745633
1.5,695,71,229,1,0.898,2.3743161269052817,0.8057515828515508
1.5,695,101,199,0,0.894,2.310829947640912,0.7719898258616333
1.5,695,150,150,0,0.872,2.0450532399348105,0.7653010164501364
1.5,695,201,99,0,0.874,2.058598130364443,0.7724039279096141
1.5,695,251,49,0,0.878,2.1082690025550246,0.7987311140358778
1.5,696,21,279,0,0.916,2.2127964618739697,0.7235008140265372
1.5,696,51,249,0,0.924,2.3590009606840896,0.7300888973733541
1.5,696,71,229,1,0.916,2.225243120015379,0.7325891421337368
1.5,696,101,199,0,0.914,2.1870053980729924,0.7525566115845539
1.5,696,150,150,0,0.916,2.2505753473714685,0.7522945471189815
1.5,696,201,99,0,0.886,1.9240795841807181,0.7589126811274499
1.5,696,251,49,0,0.898,2.036976011192629,0.7650656454656747
1.5,697,21,279,0,0.87,2.2211992743829483,0.785888887642859
1.5,697,51,249,0,0.86,2.193446541178043,0.8218842836504913
1.5,697,71,229,1,0.858,2.1288529698760477,0.7794462144926624
1.5,697,101,199,0,0.856,2.1036846009261843,0.7686960488993204
1.5,697,150,150,0,0.856,2.093299722857513,0.7720239849104444
1.5,697,201,99,0,0.862,2.123124237837518,0.7883966425845249
1.5,697,251,49,0,0.912,2.7106696594126087,0.7814820643587713
1.5,698,21,279,0,0.92,2.4865106193239153,0.8018822468571761
1.5,698,51,249,0,0.924,2.4771520045238495,0.8402433243271428
1.5,698,71,229,1,0.924,2.4770729952589243,0.8402966550970254
1.5,698,101,199,0,0.924,2.602457802238584,0.8258602714316595
1.5,698,150,150,0,0.944,2.8204356613113415,0.8023466084570565
1.5,698,201,99,0,0.946,2.8499866003050913,0.8039879091364349
1.5,698,251,49,0,0.954,2.9563105621401435,0.8108373198497488
1.5,699,21,279,0,0.894,2.413751178607102,0.7741805304715892
1.5,699,51,249,0,0.898,2.4062773697826483,0.828031600931791
1.5,699,71,229,1,0.898,2.3900036348228793,0.8336699301890692
1.5,699,101,199,0,0.898,2.3898635177032617,0.8370393587388598
1.5,699,150,150,0,0.9,2.434548643054399,0.8018900571223112
1.5,699,201,99,0,0.9,2.4389613126347793,0.7853039736464477
1.5,699,251,49,0,0.964,3.306260028431621,0.7933602135707688
1.5,700,21,279,0,0.892,2.4008160515963657,0.879374402244578
1.5,700,51,249,0,0.896,2.3731372941148785,0.845221768821403
1.5,700,71,229,1,0.894,2.3565577837167155,0.8334808476620259
1.5,700,101,199,0,0.9,2.4129735319027406,0.8129542485219112
1.5,700,150,150,0,0.902,2.428641753279642,0.8145693710669429
1.5,700,201,99,0,0.912,2.4991939831421672,0.7882981491268131
1.5,700,251,49,0,0.914,2.573358833400401,0.7816603779595612
1.5,701,21,279,0,0.906,2.302170286973072,0.7968172723171467
1.5,701,51,249,0,0.906,2.304150865090708,0.8055174757731096
1.5,701,71,229,1,0.906,2.3027426082829137,0.7812824974728519
1.5,701,101,199,0,0.906,2.3015575205943226,0.7942035618786873
1.5,701,150,150,0,0.906,2.3035369381740503,0.8027766542960649
1.5,701,201,99,0,0.922,2.4685820610173477,0.8309150279659567
1.5,701,251,49,0,0.946,2.993309004514008,0.8040910938037203
1.5,702,21,279,0,0.93,2.355606209372945,0.7303056260628678
1.5,702,51,249,0,0.93,2.3490704307772865,0.7426226583052886
1.5,702,71,229,1,0.936,2.5056806959027225,0.7419954477692006
1.5,702,101,199,0,0.936,2.5013026018081335,0.7396988278495747
1.5,702,150,150,0,0.94,2.545780206303274,0.7590701463321685
1.5,702,201,99,0,0.95,2.6427336514000856,0.7700657523022922
1.5,702,251,49,0,0.926,2.4396907882905605,0.7928940403388105
1.5,703,21,279,0,0.87,2.1130499179850655,0.8528755528346671
1.5,703,51,249,0,0.88,2.1703455675131536,0.8145148918971885
1.5,703,71,229,1,0.872,2.1274804799480713,0.8467996009545732
1.5,703,101,199,0,0.88,2.1849858393515253,0.808315902914874
1.5,703,150,150,0,0.904,2.366955431262879,0.7849223168671647
1.5,703,201,99,0,0.906,2.369568031989845,0.7754580734906403
1.5,703,251,49,0,0.938,2.719675990406053,0.7903301302622759
1.5,704,21,279,0,0.918,2.742670785396173,0.7854906937938029
1.5,704,51,249,0,0.912,2.687579105066501,0.7920104474426258
1.5,704,71,229,1,0.902,2.570145631821782,0.777226641023193
1.5,704,101,199,0,0.88,2.459643169761806,0.8498492608670813
1.5,704,150,150,0,0.886,2.4641342646772655,0.8160194731409346
1.5,704,201,99,0,0.912,2.6940395592621518,0.801595643976028
1.5,704,251,49,0,0.918,2.7492733190188345,0.802302652307575
1.5,705,21,279,0,0.878,2.2095305708740933,0.654242343480052
1.5,705,51,249,0,0.872,2.2122876933744493,0.8038974858225848
1.5,705,71,229,1,0.882,2.322028258757823,0.8362459414763955
1.5,705,101,199,0,0.876,2.2605511594096863,0.8159841290776598
1.5,705,150,150,0,0.896,2.4139943670738537,0.8031527227630757
1.5,705,201,99,0,0.918,2.7137894822430635,0.8153855116102912
1.5,705,251,49,0,0.918,2.7202671692755347,0.8194430188959078
1.5,706,21,279,0,0.904,2.113174551997484,0.8491816737178501
1.5,706,51,249,0,0.904,2.089430396362405,0.836463371758911
1.5,706,71,229,1,0.908,2.170585577074115,0.8140114717077253
1.5,706,101,199,0,0.91,2.177621192711478,0.7959163151514214
1.5,706,150,150,0,0.91,2.192447155857075,0.8141765293810206
1.5,706,201,99,0,0.912,2.250583522097906,0.8136858142759513
1.5,706,251,49,0,0.906,2.1170740081005253,0.8168501431312397
1.5,707,21,279,0,0.902,2.222340662802309,0.6498244973783021
1.5,707,51,249,0,0.906,2.2313939228226336,0.7447600216572327
1.5,707,71,229,1,0.91,2.318122901736245,0.786600419830773
1.5,707,101,199,0,0.928,2.4079989435353535,0.7782291338344127
1.5,707,150,150,0,0.918,2.3467737808499147,0.8043351429869876
1.5,707,201,99,0,0.94,2.6532879880583904,0.8130383248387933
1.5,707,251,49,0,0.93,2.497601918623515,0.8059080824368378
1.5,708,21,279,0,0.856,2.0113034276911828,0.7453712127000505
1.5,708,51,249,0,0.874,2.237688965219736,0.8684417842883715
1.5,708,71,229,1,0.868,2.1323131405501754,0.8263252558490677
1.5,708,101,199,0,0.858,2.028671485697327,0.8070976111484711
1.5,708,150,150,0,0.866,2.0683606036509725,0.8341374650272299
1.5,708,201,99,0,0.872,2.1592402352785354,0.8437012978557308
1.5,708,251,49,0,0.866,2.0783697655710958,0.8407057911197501
1.5,709,21,279,0,0.886,2.1808034689093265,0.8127949637813567
1.5,709,51,249,0,0.882,2.14974337072285,0.7941621805607024
1.5,709,71,229,1,0.876,2.0923205496917756,0.8007814811412366
1.5,709,101,199,0,0.886,2.162586949884576,0.8103288947681048
1.5,709,150,150,0,0.886,2.1662684408243202,0.8027019953790898
1.5,709,201,99,0,0.884,2.1543812175088553,0.8236067812764557
1.5,709,251,49,0,0.856,1.9639655466253578,0.8347166850164457
1.5,710,21,279,0,0.862,2.026913864056566,0.9004302432907639
1.5,710,51,249,0,0.864,1.9513276870652705,0.8317696037555754
1.5,710,71,229,1,0.86,1.9230433732126175,0.7933963821138784
1.5,710,101,199,0,0.866,1.9619991257357956,0.8081435295993152
1.5,710,150,150,0,0.86,1.9517558954539158,0.7949979985624224
1.5,710,201,99,0,0.864,1.9565505216095422,0.8003333717122753
1.5,710,251,49,0,0.898,2.3868579172657247,0.7948368236322126
1.5,711,21,279,0,0.876,2.2110144928363726,0.6314082241913931
1.5,711,51,249,0,0.89,2.1701951813226548,0.7211833874408157
1.5,711,71,229,1,0.892,2.1890225157108536,0.7064265989872104
1.5,711,101,199,0,0.904,2.2881134088815624,0.7633100607662148
1.5,711,150,150,0,0.894,2.089544577031479,0.7858414570652045
1.5,711,201,99,0,0.882,2.0162625052661576,0.7906635781663257
1.5,711,251,49,0,0.882,2.015476497228454,0.795546768494554
1.5,712,21,279,0,0.926,2.3641907724903515,0.8992102324560359
1.5,712,51,249,0,0.918,2.308995058276345,0.7999736913181562
1.5,712,71,229,1,0.914,2.2664257594707937,0.7916531908686463
1.5,712,101,199,0,0.918,2.298408125430269,0.7733707925974147
1.5,712,150,150,0,0.922,2.3314301405787954,0.7867163403461495
1.5,712,201,99,0,0.926,2.402820881766558,0.7852913418253197
1.5,712,251,49,0,0.94,2.7967813420590337,0.789407049086167
1.5,713,21,279,0,0.918,2.466858413650178,0.937856534456267
1.5,713,51,249,0,0.898,2.298212576062244,0.8604260115271838
1.5,713,71,229,1,0.92,2.472830636741544,0.8872472050699337
1.5,713,101,199,0,0.902,2.31274316846852,0.8635993520692251
1.5,713,150,150,0,0.884,2.1674204169959657,0.84881590756609
1.5,713,201,99,0,0.912,2.401725675582243,0.8416567494974897
1.5,713,251,49,0,0.962,3.1846990244468367,0.8356633151561288
1.5,714,21,279,0,0.886,2.427293704837134,0.6908922919270455
1.5,714,51,249,0,0.882,2.4217185660327103,0.7752440329597724
1.5,714,71,229,1,0.872,2.37838045313147,0.8120671738141743
1.5,714,101,199,0,0.878,2.388518725673747,0.803164956242717
1.5,714,150,150,0,0.864,2.251203943257103,0.7912507973017364
1.5,714,201,99,0,0.87,2.2783881860573425,0.7768498250220491
1.5,714,251,49,0,0.846,2.0804832802521056,0.7863881901756477
1.5,715,21,279,0,0.904,2.314254920876331,0.680979449038526
1.5,715,51,249,0,0.896,2.1935178924893433,0.7349503643327376
1.5,715,71,229,1,0.9,2.2434796439445743,0.718868000424178
1.5,715,101,199,0,0.9,2.2475205697018876,0.7112341637486284
1.5,715,150,150,0,0.902,2.2708760699496118,0.7435938553289
1.5,715,201,99,0,0.89,2.1522709578500288,0.7524129589135258
1.5,715,251,49,0,0.92,2.5399818359916138,0.7791940719760377
1.5,716,21,279,0,0.894,2.3637747206911004,0.7597272228427034
1.5,716,51,249,0,0.908,2.4039244988654374,0.8381878745740796
1.5,716,71,229,1,0.904,2.403486726339517,0.7971490569686979
1.5,716,101,199,0,0.914,2.52215474777085,0.7891184230469425
1.5,716,150,150,0,0.91,2.476405223463458,0.7707057785066619
1.5,716,201,99,0,0.914,2.5308689908870137,0.7820103874857689
1.5,716,251,49,0,0.89,2.3236943661534193,0.7765814674450416
1.5,717,21,279,0,0.898,2.2642894639547486,0.7445281973008157
1.5,717,51,249,0,0.892,2.237954229591591,0.7872730887432168
1.5,717,71,229,1,0.89,2.1784283141103766,0.8067812185082073
1.5,717,101,199,0,0.836,1.8747246549628966,0.7873456166157501
1.5,717,150,150,0,0.868,2.018126045476243,0.7946869020446476
1.5,717,201,99,0,0.886,2.1131692405755915,0.7708875648033509
1.5,717,251,49,0,0.906,2.3593778632715177,0.7900830162100504
1.5,718,21,279,0,0.94,2.6536155732557063,0.8244276359229519
1.5,718,51,249,0,0.942,2.7066520469437245,0.7885076488761655
1.5,718,71,229,1,0.942,2.7169817211062135,0.7605527932817824
1.5,718,101,199,0,0.942,2.8154082311177873,0.7749530308872585
1.5,718,150,150,0,0.942,2.7348110694672556,0.7899732430777006
1.5,718,201,99,0,0.928,2.532594838336298,0.7682552456338497
1.5,718,251,49,0,0.942,2.6656372841130818,0.7795766280272259
1.5,719,21,279,0,0.904,2.2835635875085183,0.8426828270390411
1.5,719,51,249,0,0.902,2.3348313538417695,0.8135079447870806
1.5,719,71,229,1,0.912,2.355915470467434,0.8492747424614746
1.5,719,101,199,0,0.904,2.3194946422029434,0.8188100495164454
1.5,719,150,150,0,0.896,2.203773564453249,0.8146799033961803
1.5,719,201,99,0,0.888,2.101001016649112,0.8103264716584603
1.5,719,251,49,0,0.928,2.4730790606620694,0.8060176413121047
1.5,720,21,279,0,0.898,2.2651246623021533,0.863004045892941
1.5,720,51,249,0,0.908,2.3785213888712975,0.7998813409193484
1.5,720,71,229,1,0.898,2.321420012540337,0.7592762452906381
1.5,720,101,199,0,0.914,2.4524938378121313,0.8067974463870555
1.5,720,150,150,0,0.918,2.524982136583432,0.7857224911459594
1.5,720,201,99,0,0.878,2.0743933179062624,0.7990873656358229
1.5,720,251,49,0,0.926,2.569640968675574,0.806626126560683
1.5,721,21,279,0,0.922,2.2378331672503746,0.7901871883974795
1.5,721,51,249,0,0.908,2.117200419008245,0.8503955679263658
1.5,721,71,229,1,0.902,2.0766605540537246,0.8608673559372655
1.5,721,101,199,0,0.904,2.093201331514889,0.8700033166235916
1.5,721,150,150,0,0.948,2.737235761677376,0.8510805489121149
1.5,721,201,99,0,0.948,2.7360982038066077,0.824556432370472
1.5,721,251,49,0,0.98,3.3591741132140203,0.8258013910159803
1.5,722,21,279,0,0.876,2.1115020596831298,0.7738467009128924
1.5,722,51,249,0,0.876,2.11196813617729,0.7725913088251034
1.5,722,71,229,1,0.878,2.08170510498613,0.8058081976081916
1.5,722,101,199,0,0.892,2.178684933037299,0.8030109071508889
1.5,722,150,150,0,0.876,2.076743943879573,0.7928580762510353
1.5,722,201,99,0,0.894,2.187513315198105,0.7819741551873315
1.5,722,251,49,0,0.932,2.5424986893602313,0.7916940853140642
1.5,723,21,279,0,0.884,2.1475545648821956,0.687102503923123
1.5,723,51,249,0,0.872,2.0376062416975653,0.7201521112960005
1.5,723,71,229,1,0.88,2.0963489770866373,0.755072864856202
1.5,723,101,199,0,0.88,2.0830791554945725,0.742821929661998
1.5,723,150,150,0,0.902,2.3397955423094454,0.7700233883781958
1.5,723,201,99,0,0.928,2.830007510851766,0.7883295128292909
1.5,723,251,49,0,0.894,2.210815295607659,0.7893645037755251
1.5,724,21,279,0,0.9,2.1783271920896996,0.7998708731668032
1.5,724,51,249,0,0.878,2.1360613124446775,0.7371212752241131
1.5,724,71,229,1,0.882,2.1522170314102733,0.7431743701349408
1.5,724,101,199,0,0.88,2.142743346458524,0.756174904911653
1.5,724,150,150,0,0.902,2.221895109713254,0.7803855490382116
1.5,724,201,99,0,0.922,2.374288653161519,0.7849596844209946
1.5,724,251,49,0,0.902,2.2083115899505703,0.7891310217673198
1.5,725,21,279,0,0.884,2.051912974383372,0.8017669100524618
1.5,725,51,249,0,0.88,2.0230541206065262,0.8028509600311494
1.5,725,71,229,1,0.904,2.1768403865854236,0.7974990173677259
1.5,725,101,199,0,0.91,2.2059477066132684,0.7843597135914321
1.5,725,150,150,0,0.89,2.0941791212419765,0.7812594330237357
1.5,725,201,99,0,0.894,2.1210196741062335,0.7680616942443161
1.5,725,251,49,0,0.916,2.301437730468114,0.7844618522936443
1.5,726,21,279,0,0.89,2.200630063410063,0.7486343783922716
1.5,726,51,249,0,0.904,2.2381718936329777,0.8412761106086989
1.5,726,71,229,1,0.896,2.19243517494284,0.8301926806801685
1.5,726,101,199,0,0.898,2.1880598245041676,0.8259512383717623
1.5,726,150,150,0,0.896,2.2074769246413184,0.7915670894626048
1.5,726,201,99,0,0.86,1.9978680382987164,0.7817137452362372
1.5,726,251,49,0,0.914,2.3395605067914875,0.7926842483944666
1.5,727,21,279,0,0.878,2.0986531430023936,0.8249781569992196
1.5,727,51,249,0,0.878,2.123935936105569,0.8503156596778909
1.5,727,71,229,1,0.882,2.145818978862827,0.8715229116716189
1.5,727,101,199,0,0.878,2.1212196564052364,0.8394715857802965
1.5,727,150,150,0,0.872,2.052371734405884,0.8293396915746587
1.5,727,201,99,0,0.856,1.8762308727075514,0.8249191405937307
1.5,727,251,49,0,0.89,2.193444058240405,0.8209711428222695
1.5,728,21,279,0,0.876,2.267301864496451,0.8438576217354932
1.5,728,51,249,0,0.868,2.1882701435517258,0.8011204006790361
1.5,728,71,229,1,0.868,2.185237035815907,0.7987540712523274
1.5,728,101,199,0,0.868,2.1938544837892815,0.8142814203476272
1.5,728,150,150,0,0.87,2.2080309587698466,0.8176825934809044
1.5,728,201,99,0,0.868,2.200054178735488,0.8151842310091441
1.5,728,251,49,0,0.892,2.419944619086305,0.7897552072056521
1.5,729,21,279,0,0.88,2.3001024769525773,0.7914346074322766
1.5,729,51,249,0,0.878,2.2965551229710615,0.7962723688676279
1.5,729,71,229,1,0.874,2.2279719369954134,0.7943899859419764
1.5,729,101,199,0,0.868,2.2056859922012353,0.7907729208890882
1.5,729,150,150,0,0.87,2.2077184331980524,0.7855752307795437
1.5,729,201,99,0,0.828,1.934481253642355,0.7636206128589349
1.5,729,251,49,0,0.814,1.8348384254257766,0.7760498021816007
1.5,730,21,279,0,0.914,2.491850235047678,0.8337450967789711
1.5,730,51,249,0,0.92,2.5200066320288035,0.7657531680006896
1.5,730,71,229,1,0.92,2.5434843135268994,0.7626332390871993
1.5,730,101,199,0,0.924,2.6190845773784597,0.7836852417982834
1.5,730,150,150,0,0.924,2.6699164658267733,0.7633738513981124
1.5,730,201,99,0,0.92,2.5690707199328444,0.7536692338154626
1.5,730,251,49,0,0.92,2.5109105368575877,0.7800964196749993
1.5,731,21,279,0,0.92,2.426191608830488,0.7092210714826856
1.5,731,51,249,0,0.926,2.4074171035178824,0.762818897130227
1.5,731,71,229,1,0.922,2.3564566927343433,0.7584265669412669
1.5,731,101,199,0,0.926,2.3839493454717675,0.7770551195726862
1.5,731,150,150,0,0.924,2.371256570317714,0.7858678949980105
1.5,731,201,99,0,0.926,2.4376644991749536,0.7878877661296853
1.5,731,251,49,0,0.942,2.7437736290945405,0.7898146140194816
1.5,732,21,279,0,0.856,2.093737847426002,0.7377679207251177
1.5,732,51,249,0,0.856,2.0860912217020777,0.8035195375181297
1.5,732,71,229,1,0.874,2.15120564957783,0.8033098202220347
1.5,732,101,199,0,0.876,2.161708129107272,0.7950775686280355
1.5,732,150,150,0,0.872,2.149780253186268,0.8044196584414852
1.5,732,201,99,0,0.892,2.3560667711585292,0.7903345649951857
1.5,732,251,49,0,0.888,2.310479949395615,0.7949135267016801
1.5,733,21,279,0,0.882,2.3340658378477257,0.6217113131773097
1.5,733,51,249,0,0.876,2.2148173715473183,0.7359757585950697
1.5,733,71,229,1,0.876,2.196066532948952,0.714337301062886
1.5,733,101,199,0,0.874,2.1529330375416884,0.7401717303649852
1.5,733,150,150,0,0.896,2.334427619116708,0.7951528730368419
1.5,733,201,99,0,0.888,2.2810701983089574,0.7887650382210469
1.5,733,251,49,0,0.844,1.9164324645935094,0.8070741456919112
1.5,734,21,279,0,0.874,2.342634873682932,0.9018619735855606
1.5,734,51,249,0,0.898,2.418094098907398,0.8308598789901793
1.5,734,71,229,1,0.886,2.3312679837802706,0.838010897089569
1.5,734,101,199,0,0.882,2.3188882497267507,0.8285133714616335
1.5,734,150,150,0,0.884,2.2962420007523536,0.8095737791461827
1.5,734,201,99,0,0.85,2.140038988927715,0.8022064314998673
1.5,734,251,49,0,0.892,2.338835466064182,0.7967935901720961
1.5,735,21,279,0,0.912,2.4495907721566503,0.8702766240979748
1.5,735,51,249,0,0.912,2.4236158272546326,0.8407461282542146
1.5,735,71,229,1,0.922,2.5493767330625325,0.8142838880849433
1.5,735,101,199,0,0.902,2.2994490802716947,0.82997819976441
1.5,735,150,150,0,0.91,2.3952310786429445,0.8329219970706563
1.5,735,201,99,0,0.926,2.6879251189919233,0.8165391828883248
1.5,735,251,49,0,0.936,3.0574370621715383,0.8242841209341562
1.5,736,21,279,0,0.87,2.2843954703725187,0.7323696348919192
1.5,736,51,249,0,0.878,2.4095702550300064,0.7203283829228305
1.5,736,71,229,1,0.882,2.4525736181556104,0.7519033146014121
1.5,736,101,199,0,0.884,2.438245829044437,0.7640315918384782
1.5,736,150,150,0,0.838,2.1342951791252798,0.7585671180292913
1.5,736,201,99,0,0.844,2.1568694667136925,0.7719109897439477
1.5,736,251,49,0,0.794,1.8916047294343776,0.7788418844860293
1.5,737,21,279,0,0.894,2.161859581403557,0.7630523670712244
1.5,737,51,249,0,0.888,2.1210200835903312,0.8482495706588151
1.5,737,71,229,1,0.89,2.15825583381904,0.8202649812649502
1.5,737,101,199,0,0.886,2.111173937220922,0.7905246663789237
1.5,737,150,150,0,0.892,2.140339405088691,0.7747142713777492
1.5,737,201,99,0,0.882,2.0944248261242153,0.7930157939160156
1.5,737,251,49,0,0.9,2.200604738398857,0.7912272291880912
1.5,738,21,279,0,0.922,2.623722161633551,0.8465337527727121
1.5,738,51,249,0,0.914,2.5561352949527207,0.8140912680066128
1.5,738,71,229,1,0.91,2.476454160660578,0.8067365118023837
1.5,738,101,199,0,0.91,2.490966729045831,0.7975721486982121
1.5,738,150,150,0,0.912,2.520632157135502,0.7788372347894355
1.5,738,201,99,0,0.918,2.588242775631199,0.7929044547132093
1.5,738,251,49,0,0.916,2.5584063014424756,0.7964844495749009
1.5,739,21,279,0,0.878,2.0557231522848336,0.8176301936998094
1.5,739,51,249,0,0.884,2.083063135834667,0.8068902611261465
1.5,739,71,229,1,0.888,2.1543300928888804,0.7786210482147325
1.5,739,101,199,0,0.89,2.1864828172178887,0.7860853079625921
1.5,739,150,150,0,0.886,2.172982254583902,0.7913251993163408
1.5,739,201,99,0,0.886,2.143607590453887,0.7847148174468814
1.5,739,251,49,0,0.768,1.4916288306023515,0.8014858171719079
1.5,740,21,279,0,0.916,2.5115072792943907,0.8916798653729368
1.5,740,51,249,0,0.898,2.252900347089769,0.8415230564489119
1.5,740,71,229,1,0.878,2.129900720543222,0.8692734502142588
1.5,740,101,199,0,0.876,2.1545716849616783,0.8405613442508131
1.5,740,150,150,0,0.914,2.4249082238562374,0.8046008510897543
1.5,740,201,99,0,0.904,2.3365227190473297,0.8039624458917657
1.5,740,251,49,0,0.93,2.7103594697248954,0.8220219749633719
1.5,741,21,279,0,0.884,2.246579605795123,0.9130975162510696
1.5,741,51,249,0,0.884,2.233118936596534,0.8667965938841029
1.5,741,71,229,1,0.892,2.2476066563366603,0.8017995642712082
1.5,741,101,199,0,0.892,2.2930708032160383,0.7775630170657797
1.5,741,150,150,0,0.89,2.244544924629595,0.7913421221249787
1.5,741,201,99,0,0.894,2.304306134868457,0.7836177388195347
1.5,741,251,49,0,0.892,2.281831171405439,0.7746674496349814
1.5,742,21,279,0,0.93,2.5516201048944396,0.7561487730666754
1.5,742,51,249,0,0.936,2.602987834233114,0.7847648801041193
1.5,742,71,229,1,0.948,2.6804709319032924,0.8107499453226338
1.5,742,101,199,0,0.942,2.6142911084300158,0.798519973944355
1.5,742,150,150,0,0.948,2.7068443312883628,0.7933225422581063
1.5,742,201,99,0,0.96,3.2945341133056143,0.8059360704875334
1.5,742,251,49,0,0.948,2.8174331637838677,0.8088943046164357
1.5,743,21,279,0,0.916,2.4987756409836983,0.7499503058591428
1.5,743,51,249,0,0.914,2.4191579186588292,0.8102381232189241
1.5,743,71,229,1,0.918,2.5218205877087687,0.8320687042369397
1.5,743,101,199,0,0.918,2.49519638645819,0.796834620143306
1.5,743,150,150,0,0.924,2.627190883077309,0.7957449463527765
1.5,743,201,99,0,0.926,2.7355571244013324,0.7743418012675722
1.5,743,251,49,0,0.952,3.1279639180159915,0.765721499262128
1.5,744,21,279,0,0.936,2.611073312169444,0.8482290284586793
1.5,744,51,249,0,0.908,2.371072763556067,0.8217423537487868
1.5,744,71,229,1,0.908,2.3632654656399716,0.8255274282470828
1.5,744,101,199,0,0.906,2.3266203217327566,0.803501504301773
1.5,744,150,150,0,0.9,2.272412242159881,0.7956040596452245
1.5,744,201,99,0,0.878,2.0641704465360875,0.7781044608467598
1.5,744,251,49,0,0.892,2.175843301132006,0.791886391945625
1.5,745,21,279,0,0.924,2.5997006664264934,0.9360828871611614
1.5,745,51,249,0,0.93,2.4752268507748507,0.8112991005580444
1.5,745,71,229,1,0.92,2.361178331588217,0.7961494708608052
1.5,745,101,199,0,0.904,2.196928214822649,0.7776399635939437
1.5,745,150,150,0,0.924,2.4536159837828166,0.7993456732627847
1.5,745,201,99,0,0.936,2.555147309111219,0.8126148808805677
1.5,745,251,49,0,0.932,2.505913422856868,0.8059031524986546
1.5,746,21,279,0,0.876,2.01832939108116,0.8238344944785685
1.5,746,51,249,0,0.856,1.921463541100794,0.7994936780519908
1.5,746,71,229,1,0.864,1.9798874338838974,0.7807013069619507
1.5,746,101,199,0,0.876,2.058293041309147,0.8422577183946596
1.5,746,150,150,0,0.852,1.8988533353786887,0.8277012996836768
1.5,746,201,99,0,0.834,1.81760407820492,0.8419033613222469
1.5,746,251,49,0,0.836,1.814933601255296,0.8255405831165745
1.5,747,21,279,0,0.938,2.651295474130108,0.7027567618160374
1.5,747,51,249,0,0.928,2.55498664577194,0.780572096088832
1.5,747,71,229,1,0.93,2.5704665897387495,0.7690796265554648
1.5,747,101,199,0,0.928,2.5649714925783904,0.7600673844553153
1.5,747,150,150,0,0.94,2.7612175470376523,0.7218235163195057
1.5,747,201,99,0,0.938,2.6840849840828906,0.7497002040800863
1.5,747,251,49,0,0.942,2.858094974835768,0.7697069174892986
1.5,748,21,279,0,0.906,2.571811196899087,0.971211657757068
1.5,748,51,249,0,0.906,2.549252033971742,0.9156151749893272
1.5,748,71,229,1,0.912,2.554298020271124,0.8912464556938535
1.5,748,101,199,0,0.912,2.5553400498308747,0.8651769394766275
1.5,748,150,150,0,0.918,2.5882052300966114,0.8413408110180493
1.5,748,201,99,0,0.902,2.4673609538756636,0.8374421432654512
1.5,748,251,49,0,0.902,2.4288852001061465,0.8356173782280611
1.5,749,21,279,0,0.916,2.4478869956529565,0.8313395238678174
1.5,749,51,249,0,0.926,2.565945807157397,0.830223793259198
1.5,749,71,229,1,0.934,2.638516091567173,0.8246438675010148
1.5,749,101,199,0,0.94,2.823751902867587,0.8302885590953347
1.5,749,150,150,0,0.926,2.5737522147681684,0.8110617171528137
1.5,749,201,99,0,0.91,2.3687697972139348,0.7804608648453867
1.5,749,251,49,0,0.912,2.3778700620106283,0.776007267843617
1.5,750,21,279,0,0.906,2.3162619077886784,0.8190915262781777
1.5,750,51,249,0,0.914,2.447899134807888,0.8355827764644468
1.5,750,71,229,1,0.914,2.443670408146166,0.866253436085192
1.5,750,101,199,0,0.918,2.4703089589324883,0.8693355907567727
1.5,750,150,150,0,0.916,2.5022498602215992,0.8281031117528755
1.5,750,201,99,0,0.92,2.5796044712737523,0.8117838540760289
1.5,750,251,49,0,0.922,2.614233537424938,0.8125959167303926
1.5,751,21,279,0,0.884,2.1141169291200765,0.682931709050736
1.5,751,51,249,0,0.89,2.1496078105347043,0.7566984550497549
1.5,751,71,229,1,0.894,2.1373608221877443,0.8196187073458011
1.5,751,101,199,0,0.89,2.169414031155879,0.7819911388219886
1.5,751,150,150,0,0.896,2.189877661219103,0.81185451404849
1.5,751,201,99,0,0.886,2.0870927938260513,0.8057413421132887
1.5,751,251,49,0,0.89,2.1149493044510392,0.7948984266224846
1.5,752,21,279,0,0.908,2.2423925625480416,0.8361131484974335
1.5,752,51,249,0,0.912,2.2995631191794783,0.7073968381585944
1.5,752,71,229,1,0.92,2.3639256731159177,0.7158770713429105
1.5,752,101,199,0,0.912,2.304746461526354,0.7307211133944926
1.5,752,150,150,0,0.918,2.313480489135031,0.7891962604303978
1.5,752,201,99,0,0.928,2.603993031795212,0.7665333320507716
1.5,752,251,49,0,0.91,2.1781668047691256,0.7643407223646125
1.5,753,21,279,0,0.902,2.4607734249264475,0.6620190278092426
1.5,753,51,249,0,0.902,2.364165830327008,0.7763900714598001
1.5,753,71,229,1,0.904,2.3704536538598875,0.7697582861919787
1.5,753,101,199,0,0.904,2.376170979987592,0.7708183651511579
1.5,753,150,150,0,0.922,2.565270057665064,0.7897819915964885
1.5,753,201,99,0,0.898,2.29849587955453,0.7829865431761095
1.5,753,251,49,0,0.962,3.099487265234464,0.7791461585404444
1.5,754,21,279,0,0.89,2.3735708627907925,0.8168183326110668
1.5,754,51,249,0,0.874,2.3004347745556295,0.8874712362272853
1.5,754,71,229,1,0.874,2.235320757998736,0.861161983845524
1.5,754,101,199,0,0.872,2.2195617596716066,0.8685866393046459
1.5,754,150,150,0,0.882,2.271131384155601,0.8226378810758377
1.5,754,201,99,0,0.882,2.243098974921585,0.8073913622118506
1.5,754,251,49,0,0.848,1.9565802786566706,0.8026711481819319
1.5,755,21,279,0,0.888,2.260690262543677,0.7939170570341098
1.5,755,51,249,0,0.88,2.2337945127235073,0.8213708316320417
1.5,755,71,229,1,0.88,2.238437179065464,0.841084507147348
1.5,755,101,199,0,0.882,2.253770659547033,0.8417343515112055
1.5,755,150,150,0,0.88,2.2433226582189127,0.8211286828486352
1.5,755,201,99,0,0.886,2.2505225131333515,0.8072456125232036
1.5,755,251,49,0,0.88,2.228375012629682,0.818824608955014
1.5,756,21,279,0,0.928,2.6197679450858224,0.8016532481642958
1.5,756,51,249,0,0.922,2.610681065089143,0.8482276486521295
1.5,756,71,229,1,0.916,2.433618224913129,0.8015479528936513
1.5,756,101,199,0,0.912,2.401073547487954,0.810725471177862
1.5,756,150,150,0,0.916,2.5023044736877975,0.8088033403932968
1.5,756,201,99,0,0.912,2.419502604127606,0.807212001135975
1.5,756,251,49,0,0.964,3.2845432587219885,0.8179871406627947
1.5,757,21,279,0,0.876,2.24327981710192,0.9143135559516146
1.5,757,51,249,0,0.888,2.2442965809599884,0.8609506330134729
1.5,757,71,229,1,0.888,2.2290724480035355,0.815394904754826
1.5,757,101,199,0,0.886,2.2182021809066064,0.8276545410844846
1.5,757,150,150,0,0.886,2.2033228070581616,0.8172014249646757
1.5,757,201,99,0,0.89,2.2420197305219687,0.8206851034503875
1.5,757,251,49,0,0.904,2.369204650394345,0.8040228172709477
1.5,758,21,279,0,0.908,2.339494899745716,0.7748629316456331
1.5,758,51,249,0,0.892,2.282479187333149,0.8357153439988961
1.5,758,71,229,1,0.9,2.31706011836213,0.803849951064795
1.5,758,101,199,0,0.908,2.3288387880423778,0.7736922966151883
1.5,758,150,150,0,0.908,2.3159299148080743,0.7781323797552167
1.5,758,201,99,0,0.922,2.603872295777144,0.8100607291582844
1.5,758,251,49,0,0.906,2.369856903550314,0.8138436221344705
1.5,759,21,279,0,0.9,2.425115576449195,0.8408436549989746
1.5,759,51,249,0,0.904,2.518524092234904,0.7978327872978205
1.5,759,71,229,1,0.904,2.528454024021317,0.7930216858108635
1.5,759,101,199,0,0.918,2.764487420198169,0.7735850373059727
1.5,759,150,150,0,0.918,2.7636785364284577,0.7781795513158656
1.5,759,201,99,0,0.908,2.5921752451640394,0.7966676280986335
1.5,759,251,49,0,0.902,2.4937663592767136,0.7892480260046072
1.5,760,21,279,0,0.876,2.2369051490863017,0.7813906769847213
1.5,760,51,249,0,0.876,2.209331855443688,0.8211438375065162
1.5,760,71,229,1,0.868,2.099446994037028,0.8286981373752276
1.5,760,101,199,0,0.848,1.8805864701792538,0.8273598937132928
1.5,760,150,150,0,0.858,1.9295198657191523,0.7853305179778239
1.5,760,201,99,0,0.864,2.0355857720256343,0.7884987326511358
1.5,760,251,49,0,0.836,1.8176381484070407,0.778198963761061
1.5,761,21,279,0,0.954,2.6558348171414883,0.7579454053859149
1.5,761,51,249,0,0.96,2.7143018162917314,0.763815669533126
1.5,761,71,229,1,0.96,2.7125434323390163,0.7677971926251332
1.5,761,101,199,0,0.952,2.6531987658627405,0.7707991333829334
1.5,761,150,150,0,0.95,2.5974730361239335,0.7872404434400669
1.5,761,201,99,0,0.938,2.3255482887353356,0.7873791853013254
1.5,761,251,49,0,0.892,1.9655255043315099,0.7913689436915926
1.5,762,21,279,0,0.894,2.3821182110648196,0.7908027304429084
1.5,762,51,249,0,0.882,2.218232985050597,0.7651381966559708
1.5,762,71,229,1,0.874,2.1969338263347007,0.7753000334242331
1.5,762,101,199,0,0.876,2.2755029922700873,0.8403556420219712
1.5,762,150,150,0,0.888,2.373276649184033,0.8552706550033031
1.5,762,201,99,0,0.892,2.4049305060844817,0.8378774004827527
1.5,762,251,49,0,0.896,2.4696747832440407,0.8160499402106253
1.5,763,21,279,0,0.93,2.535920793415333,0.6910967934884665
1.5,763,51,249,0,0.938,2.645728975607026,0.7178176126350431
1.5,763,71,229,1,0.94,2.735424579480401,0.7379267727864257
1.5,763,101,199,0,0.93,2.5482988339851254,0.8137755589986461
1.5,763,150,150,0,0.914,2.3250189993079746,0.797487762084362
1.5,763,201,99,0,0.912,2.312355991379407,0.8267366210916111
1.5,763,251,49,0,0.924,2.416136055433014,0.823511241794561
1.5,764,21,279,0,0.888,2.239047454960243,0.7699762248931454
1.5,764,51,249,0,0.888,2.248953306791519,0.7997224343468533
1.5,764,71,229,1,0.888,2.228725302547048,0.7882893764031786
1.5,764,101,199,0,0.868,2.0697440758528023,0.8250027238548063
1.5,764,150,150,0,0.874,2.145041696976769,0.8122825075044385
1.5,764,201,99,0,0.886,2.191099829940306,0.8016463546106055
1.5,764,251,49,0,0.898,2.3591667463888797,0.7998481772681554
1.5,765,21,279,0,0.914,2.312614534720944,0.777619174635278
1.5,765,51,249,0,0.91,2.3064938701570474,0.7729367153948105
1.5,765,71,229,1,0.91,2.301781387274816,0.7693794035440187
1.5,765,101,199,0,0.906,2.2700808930137164,0.7588957736644907
1.5,765,150,150,0,0.922,2.4247441434551504,0.7677813773280728
1.5,765,201,99,0,0.906,2.2084548986831125,0.7947806143924637
1.5,765,251,49,0,0.962,3.124223545040308,0.7919824753210732
1.5,766,21,279,0,0.884,2.3560020635495404,0.5731867223343579
1.5,766,51,249,0,0.884,2.261280568648028,0.7069056773481905
1.5,766,71,229,1,0.868,2.0701335941678534,0.7533153766215759
1.5,766,101,199,0,0.87,2.0707383830194375,0.7958454965285742
1.5,766,150,150,0,0.87,2.1327433479646607,0.8284443183687227
1.5,766,201,99,0,0.906,2.4414442004464063,0.8159417669777669
1.5,766,251,49,0,0.944,3.044802633141863,0.8068494442149897
1.5,767,21,279,0,0.884,2.0858667304004084,0.8531773445301761
1.5,767,51,249,0,0.868,2.054767351150382,0.7535023024575354
1.5,767,71,229,1,0.884,2.085008114957305,0.8073247600356955
1.5,767,101,199,0,0.864,2.020913622018467,0.768815918057822
1.5,767,150,150,0,0.916,2.266553229934081,0.782468474513314
1.5,767,201,99,0,0.86,1.9828082384150223,0.7847035581605768
1.5,767,251,49,0,0.836,1.839165128123811,0.7848988302302695
1.5,768,21,279,0,0.896,2.263341492076621,0.7102998565213677
1.5,768,51,249,0,0.886,2.269798626521581,0.6538515292761088
1.5,768,71,229,1,0.894,2.272021983470822,0.687346176408488
1.5,768,101,199,0,0.908,2.330282322973002,0.7506537584088949
1.5,768,150,150,0,0.908,2.360059984786523,0.7786683798491597
1.5,768,201,99,0,0.92,2.514510908617015,0.7797958092654405
1.5,768,251,49,0,0.946,2.80199702303713,0.7977613128493591
1.5,769,21,279,0,0.89,2.11887793854727,0.8462034946784993
1.5,769,51,249,0,0.882,2.003602659195009,0.8315375687869837
1.5,769,71,229,1,0.886,2.0615503337071086,0.8250499253687076
1.5,769,101,199,0,0.89,2.1071367098124387,0.7769652461862775
1.5,769,150,150,0,0.888,2.0759767227335804,0.7868365282042444
1.5,769,201,99,0,0.888,2.0651511558209124,0.7942022064089901
1.5,769,251,49,0,0.916,2.350397048100581,0.7915513707056747
1.5,770,21,279,0,0.906,2.4787093336427577,0.8155388398131405
1.5,770,51,249,0,0.894,2.4824917343241353,0.747851350964291
1.5,770,71,229,1,0.888,2.4155260060899963,0.7542428340885482
1.5,770,101,199,0,0.886,2.3669687731126086,0.7626369417986683
1.5,770,150,150,0,0.88,2.184486502095732,0.7649574622160369
1.5,770,201,99,0,0.836,1.8590976981458462,0.7683787370698436
1.5,770,251,49,0,0.828,1.7896735734551468,0.7915371225048675
1.5,771,21,279,0,0.906,2.449072321206935,0.899238419980365
1.5,771,51,249,0,0.91,2.427677493561647,0.82440667778777
1.5,771,71,229,1,0.912,2.458243678711863,0.8386741366152304
1.5,771,101,199,0,0.914,2.5368734124922523,0.827204645959532
1.5,771,150,150,0,0.912,2.4863490434030884,0.8456066867403423
1.5,771,201,99,0,0.908,2.4268836044072066,0.827704129663119
1.5,771,251,49,0,0.918,2.6160374501103942,0.8146102558095931
1.5,772,21,279,0,0.852,2.1158660477575877,0.7194856989583511
1.5,772,51,249,0,0.886,2.374077454102419,0.830069133014477
1.5,772,71,229,1,0.868,2.2953020280273475,0.8104240151945322
1.5,772,101,199,0,0.892,2.405553459127622,0.8099366191974999
1.5,772,150,150,0,0.858,2.2034703538742324,0.7979653872107609
1.5,772,201,99,0,0.854,2.1455993095499797,0.7854360014666156
1.5,772,251,49,0,0.882,2.3251258887021184,0.791652933464522
1.5,773,21,279,0,0.924,2.543033400689224,0.8200572900036265
1.5,773,51,249,0,0.924,2.554794893247784,0.7828016262095168
1.5,773,71,229,1,0.922,2.5369723858960103,0.7937481198952268
1.5,773,101,199,0,0.922,2.534927324017916,0.7876152171448921
1.5,773,150,150,0,0.922,2.5368863083259368,0.7934749990049047
1.5,773,201,99,0,0.91,2.2752401792989327,0.7967546042087725
1.5,773,251,49,0,0.858,1.8097346528917333,0.7911000217551021
1.5,774,21,279,0,0.938,2.4639706672863806,0.841494702093572
1.5,774,51,249,0,0.928,2.4483662095743868,0.7632392920489217
1.5,774,71,229,1,0.926,2.37979929991912,0.7912760784532117
1.5,774,101,199,0,0.92,2.3942171130063676,0.762967981228092
1.5,774,150,150,0,0.918,2.3221140425884066,0.7376968653712372
1.5,774,201,99,0,0.916,2.2788677366571632,0.7707904810674892
1.5,774,251,49,0,0.92,2.39124839302045,0.7708669883651715
1.5,775,21,279,0,0.92,2.294126361599259,0.7818211261150053
1.5,775,51,249,0,0.918,2.2884052293976134,0.7656544578715033
1.5,775,71,229,1,0.92,2.294073450886426,0.7697139027001223
1.5,775,101,199,0,0.928,2.34932929702407,0.7922203691438264
1.5,775,150,150,0,0.934,2.45219735771187,0.8184797900216625
1.5,775,201,99,0,0.886,2.112222339715068,0.8135967654691745
1.5,775,251,49,0,0.888,2.1158913092451366,0.8089884804227502
1.5,776,21,279,0,0.858,2.142031782032199,0.7384043517275203
1.5,776,51,249,0,0.864,2.203266738218068,0.7674077150616067
1.5,776,71,229,1,0.864,2.1412058911509426,0.7982610123722892
1.5,776,101,199,0,0.892,2.335109167897962,0.804410292563402
1.5,776,150,150,0,0.866,2.140118913121027,0.8027881690725779
1.5,776,201,99,0,0.86,2.1556193162197714,0.7856084500314294
1.5,776,251,49,0,0.894,2.367281577125448,0.7996643168268178
1.5,777,21,279,0,0.88,2.206859915671292,0.8596418459977668
1.5,777,51,249,0,0.902,2.338969027924242,0.8548419460094736
1.5,777,71,229,1,0.904,2.341281040711672,0.8507398436416324
1.5,777,101,199,0,0.882,2.160432550501434,0.8289361000067172
1.5,777,150,150,0,0.912,2.4984297794604298,0.8512658840432874
1.5,777,201,99,0,0.92,2.570544514642722,0.8488519833096587
1.5,777,251,49,0,0.918,2.5342573161144335,0.830485515315626
1.5,778,21,279,0,0.908,2.5530034653961797,0.7551617259364077
1.5,778,51,249,0,0.908,2.4930846186533335,0.8297336762170638
1.5,778,71,229,1,0.912,2.528654946555988,0.822427048525043
1.5,778,101,199,0,0.902,2.344282265738544,0.8422808892399701
1.5,778,150,150,0,0.918,2.6679135805120877,0.8460687615888874
1.5,778,201,99,0,0.904,2.447578882435788,0.8246094938530218
1.5,778,251,49,0,0.884,2.129998373053888,0.8211460714787436
1.5,779,21,279,0,0.894,2.1807535704587333,0.7600854711988324
1.5,779,51,249,0,0.896,2.197405351597885,0.7887559637691918
1.5,779,71,229,1,0.904,2.2242731281301507,0.8139231431065457
1.5,779,101,199,0,0.89,2.165654397697497,0.8117652445956882
1.5,779,150,150,0,0.898,2.205702185532579,0.8243775486568669
1.5,779,201,99,0,0.904,2.2536160501266442,0.8103437159459868
1.5,779,251,49,0,0.928,2.4748511749447744,0.7985440749151228
1.5,780,21,279,0,0.88,2.1112671143075006,0.889397487649441
1.5,780,51,249,0,0.86,1.9683345071999188,0.7893676907974595
1.5,780,71,229,1,0.86,1.9876955326861407,0.7777797099903955
1.5,780,101,199,0,0.836,1.8664732796239596,0.7650100189385537
1.5,780,150,150,0,0.844,1.913665268543888,0.7736405293942932
1.5,780,201,99,0,0.86,1.972465670812976,0.7846039615609711
1.5,780,251,49,0,0.836,1.8569151808267028,0.8043634408569222
1.5,781,21,279,0,0.944,2.7444278188359386,0.7093895571495419
1.5,781,51,249,0,0.932,2.6569098571886927,0.7285339470702771
1.5,781,71,229,1,0.916,2.548014694114758,0.7632452417097558
1.5,781,101,199,0,0.932,2.6452102773888098,0.7483966564320891
1.5,781,150,150,0,0.916,2.549466709237081,0.7689656401787679
1.5,781,201,99,0,0.916,2.5400943659534225,0.7674653659820361
1.5,781,251,49,0,0.914,2.502855126921935,0.7839688512294245
1.5,782,21,279,0,0.888,2.0623651042240465,0.8593586138042706
1.5,782,51,249,0,0.906,2.2364542744376767,0.9141180178412863
1.5,782,71,229,1,0.89,2.0848182699142264,0.891756752291462
1.5,782,101,199,0,0.886,2.01494852526955,0.8704879761481825
1.5,782,150,150,0,0.872,1.9495916853605109,0.8367962275158878
1.5,782,201,99,0,0.826,1.6012143349799521,0.8323452248549406
1.5,782,251,49,0,0.84,1.7165154319341447,0.830884915335872
1.5,783,21,279,0,0.936,2.3644649392351367,0.8032840585820294
1.5,783,51,249,0,0.944,2.4156993797241757,0.7665584244470881
1.5,783,71,229,1,0.944,2.42577660435855,0.7903413257002281
1.5,783,101,199,0,0.94,2.3870230689736722,0.8124027241890796
1.5,783,150,150,0,0.944,2.446777917803912,0.7935449393289085
1.5,783,201,99,0,0.946,2.5173314025856754,0.7928551914398918
1.5,783,251,49,0,0.958,3.0892139660747966,0.8059433320915663
1.5,784,21,279,0,0.91,2.399184850599291,0.8055999860524509
1.5,784,51,249,0,0.91,2.4044497291058318,0.810166112626208
1.5,784,71,229,1,0.912,2.406016973225016,0.8034211443020073
1.5,784,101,199,0,0.916,2.4678190431721716,0.8247954605632098
1.5,784,150,150,0,0.918,2.5144455525345157,0.8364344788885472
1.5,784,201,99,0,0.932,2.6808591866029055,0.8227191420454375
1.5,784,251,49,0,0.932,2.6826951190957398,0.811821535188367
1.5,785,21,279,0,0.926,2.737033031422866,0.9076642216406738
1.5,785,51,249,0,0.926,2.6891136504659165,0.8697616499790123
1.5,785,71,229,1,0.928,2.6303168164103274,0.8197722971705517
1.5,785,101,199,0,0.928,2.6784164737504015,0.8031991584026145
1.5,785,150,150,0,0.928,2.6120412611004116,0.786211714075511
1.5,785,201,99,0,0.92,2.4071802655747834,0.7765524158998438
1.5,785,251,49,0,0.92,2.4180060816936795,0.7796755365097057
1.5,786,21,279,0,0.908,2.29501487884229,0.8054845173867745
1.5,786,51,249,0,0.918,2.3934916757581943,0.8533215899532375
1.5,786,71,229,1,0.926,2.422877339415738,0.8458843497622286
1.5,786,101,199,0,0.918,2.3759352587075253,0.8322190461191242
1.5,786,150,150,0,0.928,2.516466714113774,0.8071478234208364
1.5,786,201,99,0,0.94,2.718554459061229,0.8193149715062137
1.5,786,251,49,0,0.958,3.097875598962436,0.8192814789755267
1.5,787,21,279,0,0.912,2.2723652475477243,0.790714814686287
1.5,787,51,249,0,0.912,2.269725670060893,0.7835454125822446
1.5,787,71,229,1,0.912,2.3594566934746894,0.7653918572946289
1.5,787,101,199,0,0.912,2.3594552473953514,0.765269732673538
1.5,787,150,150,0,0.912,2.354456480213467,0.7859122801084504
1.5,787,201,99,0,0.914,2.344705410933063,0.794112816328321
1.5,787,251,49,0,0.904,2.1873859855784406,0.7868913007867804
1.5,788,21,279,0,0.84,1.9870659982115328,0.87150640825901
1.5,788,51,249,0,0.856,2.06039225092413,0.7458367490176104
1.5,788,71,229,1,0.852,2.0553984490754784,0.7515648345443383
1.5,788,101,199,0,0.852,2.0607899362689315,0.7513266362139975
1.5,788,150,150,0,0.862,2.1256993772186514,0.7534215700952896
1.5,788,201,99,0,0.852,2.0580422363889808,0.7774287417256219
1.5,788,251,49,0,0.858,2.0933343913160805,0.777928555416084
1.5,789,21,279,0,0.942,2.5747662362077444,0.7468669604373559
1.5,789,51,249,0,0.942,2.6573782295670663,0.7007943902599707
1.5,789,71,229,1,0.946,2.7155635526866275,0.7132147243721915
1.5,789,101,199,0,0.948,2.6941697059030365,0.7411662651810942
1.5,789,150,150,0,0.948,2.727086552563812,0.7501860368250738
1.5,789,201,99,0,0.96,2.9222140560076526,0.7674487653323961
1.5,789,251,49,0,0.96,2.9927951126434347,0.769855777584467
1.5,790,21,279,0,0.896,2.2620919189978985,0.756727522090922
1.5,790,51,249,0,0.896,2.263961133770338,0.7599532166368607
1.5,790,71,229,1,0.896,2.2524029769152456,0.8119045204582598
1.5,790,101,199,0,0.9,2.2904250461377456,0.7955094783764521
1.5,790,150,150,0,0.914,2.3755824959663188,0.7879637612223471
1.5,790,201,99,0,0.9,2.2961358530099787,0.801578564685299
1.5,790,251,49,0,0.932,2.5663135166835467,0.7983080158022178
1.5,791,21,279,0,0.896,2.1316607149362654,0.831559082775873
1.5,791,51,249,0,0.9,2.307954757821355,0.7159118371569477
1.5,791,71,229,1,0.892,2.1655632826552256,0.7669592373341282
1.5,791,101,199,0,0.898,2.2208011560440553,0.7698092220807109
1.5,791,150,150,0,0.904,2.2721291023778427,0.7586528177852799
1.5,791,201,99,0,0.898,2.2188887455190933,0.7687912618216158
1.5,791,251,49,0,0.9,2.2706181316380927,0.7845296005420227
1.5,792,21,279,0,0.902,2.2937382857135438,0.7463686894761481
1.5,792,51,249,0,0.902,2.315008981574748,0.7942492660550987
1.5,792,71,229,1,0.906,2.330133321540382,0.7615883658040177
1.5,792,101,199,0,0.916,2.4055933452794447,0.7874965801557385
1.5,792,150,150,0,0.906,2.3292935595656936,0.7697002074114311
1.5,792,201,99,0,0.886,2.150546716670319,0.7706804747998827
1.5,792,251,49,0,0.898,2.2461146100852294,0.7842760061218226
1.5,793,21,279,0,0.904,2.251097047019868,0.7592431254825764
1.5,793,51,249,0,0.916,2.3559574050636916,0.8020847255423516
1.5,793,71,229,1,0.916,2.3776186953977057,0.8133846800192899
1.5,793,101,199,0,0.894,2.168158577326083,0.8247497352052027
1.5,793,150,150,0,0.89,2.129179627365382,0.7967847315041074
1.5,793,201,99,0,0.886,2.094852129855576,0.8007123861561423
1.5,793,251,49,0,0.88,2.0492893158706846,0.789509699870033
1.5,794,21,279,0,0.904,2.108217856191695,0.8018461879407894
1.5,794,51,249,0,0.904,2.096634482420841,0.8102672988952594
1.5,794,71,229,1,0.904,2.0919997990997627,0.8091857830845978
1.5,794,101,199,0,0.908,2.206610936170913,0.8171241323282246
1.5,794,150,150,0,0.902,2.0695170961953937,0.8039135915616619
1.5,794,201,99,0,0.9,2.043418526601806,0.7977394884943187
1.5,794,251,49,0,0.894,1.9953980473058217,0.7862260448311791
1.5,795,21,279,0,0.884,2.2497340027153347,0.6820875819982036
1.5,795,51,249,0,0.884,2.255668002190645,0.7212509390755374
1.5,795,71,229,1,0.884,2.254621451597939,0.7262473475569178
1.5,795,101,199,0,0.888,2.3001896252346867,0.7566536425205946
1.5,795,150,150,0,0.888,2.3194164617841238,0.7907067221389327
1.5,795,201,99,0,0.892,2.3366581188639084,0.7834466206875343
1.5,795,251,49,0,0.94,2.872773735534128,0.7873851046335647
1.5,796,21,279,0,0.9,2.4201296926451383,0.7341125174960057
1.5,796,51,249,0,0.912,2.461204338348012,0.795017649706881
1.5,796,71,229,1,0.914,2.48307176882474,0.7636841104307174
1.5,796,101,199,0,0.894,2.3537236175233045,0.765220540202131
1.5,796,150,150,0,0.94,2.8170639076303354,0.7693998108400143
1.5,796,201,99,0,0.948,2.9870748644636875,0.7739704731769949
1.5,796,251,49,0,0.946,2.905578326499538,0.7633812787480826
1.5,797,21,279,0,0.9,2.2423618501003957,0.7851126425999053
1.5,797,51,249,0,0.89,2.1576331099887276,0.8110351668157356
1.5,797,71,229,1,0.88,2.091862708091189,0.835245058733818
1.5,797,101,199,0,0.882,2.088819865236813,0.8249638360131439
1.5,797,150,150,0,0.906,2.302857665660858,0.8015102800515143
1.5,797,201,99,0,0.854,1.870388393727416,0.7951702126279893
1.5,797,251,49,0,0.852,1.8708386271123691,0.7828111976344685
1.5,798,21,279,0,0.912,2.5263884728744532,0.9445955645941251
1.5,798,51,249,0,0.896,2.2622598298510592,0.8687528661342808
1.5,798,71,229,1,0.896,2.263315305040976,0.8530338403942859
1.5,798,101,199,0,0.894,2.2347991658317494,0.8319989053575766
1.5,798,150,150,0,0.89,2.168205597130326,0.8098191212504201
1.5,798,201,99,0,0.898,2.297752190108801,0.8107241164033919
1.5,798,251,49,0,0.9,2.3103471311681023,0.8226673389786423
1.5,799,21,279,0,0.88,2.2075876152603104,0.7451425982871159
1.5,799,51,249,0,0.882,2.2313725035625946,0.7558458156289016
1.5,799,71,229,1,0.862,2.0842172655703055,0.7903124483814415
1.5,799,101,199,0,0.884,2.2448614098970348,0.7615448500777607
1.5,799,150,150,0,0.884,2.2452655697587827,0.7620040736979874
1.5,799,201,99,0,0.886,2.2619832963947757,0.7464534675048785
1.5,799,251,49,0,0.842,1.88933033788319,0.7445328974508765
1.5,800,21,279,0,0.906,2.5359145921670945,0.8204393460127827
1.5,800,51,249,0,0.904,2.549873415512445,0.8464639221831848
1.5,800,71,229,1,0.91,2.5923242219245544,0.8554350311692283
1.5,800,101,199,0,0.902,2.43961137813482,0.8154184504576076
1.5,800,150,150,0,0.892,2.348250080697772,0.8037010421349102
1.5,800,201,99,0,0.83,1.8928063361082432,0.8070096266367345
1.5,800,251,49,0,0.828,1.87115388192815,0.8167934121801032
1.5,801,21,279,0,0.886,2.2661853880153013,0.7811046220700911
1.5,801,51,249,0,0.886,2.3014898538217032,0.7581323564561069
1.5,801,71,229,1,0.898,2.425381108898572,0.7483622727982888
1.5,801,101,199,0,0.88,2.261968940754789,0.7367137723940166
1.5,801,150,150,0,0.88,2.262620409146201,0.7472608280099229
1.5,801,201,99,0,0.866,2.1354727164029406,0.7701831659089589
1.5,801,251,49,0,0.88,2.263113783668163,0.7535639153163899
1.5,802,21,279,0,0.868,1.9603478716608975,0.8062495483565248
1.5,802,51,249,0,0.868,1.9696283689189487,0.760841794388072
1.5,802,71,229,1,0.866,1.9707298714651253,0.745835200012056
1.5,802,101,199,0,0.866,1.970811797132501,0.7443933633031139
1.5,802,150,150,0,0.876,2.032766868534537,0.7786376347510179
1.5,802,201,99,0,0.854,1.899858652842323,0.787876381589881
1.5,802,251,49,0,0.844,1.8303710832523188,0.7884926958118676
1.5,803,21,279,0,0.864,2.088808976416468,0.6563880502171746
1.5,803,51,249,0,0.872,2.1138172922090854,0.73295581934242
1.5,803,71,229,1,0.872,2.110868276933856,0.7368681559670378
1.5,803,101,199,0,0.878,2.1456464928087473,0.7257540677508727
1.5,803,150,150,0,0.878,2.181305097850137,0.7134399671266226
1.5,803,201,99,0,0.876,2.1410808105963017,0.7228395592465588
1.5,803,251,49,0,0.88,2.1638680613379724,0.7375162229254981
1.5,804,21,279,0,0.928,2.7508055242950133,0.8295699686660893
1.5,804,51,249,0,0.924,2.710509303705601,0.8463914670053423
1.5,804,71,229,1,0.926,2.7543338774475643,0.8345106436785275
1.5,804,101,199,0,0.926,2.6863751929736424,0.821569784898487
1.5,804,150,150,0,0.954,3.191261391841383,0.8012126237221224
1.5,804,201,99,0,0.964,3.2822959058190664,0.8088369606805326
1.5,804,251,49,0,0.982,4.027006110149877,0.8097895759952093
1.5,805,21,279,0,0.894,2.200132161896422,0.7498056849494286
1.5,805,51,249,0,0.89,2.18838859760607,0.7552214179251128
1.5,805,71,229,1,0.894,2.1595832797111307,0.7837057410514193
1.5,805,101,199,0,0.898,2.186433842268635,0.8111393399978148
1.5,805,150,150,0,0.882,2.110366734742873,0.8191634758251372
1.5,805,201,99,0,0.878,2.088761187483692,0.7934138217126949
1.5,805,251,49,0,0.864,1.9757594070442528,0.7928203625115133
1.5,806,21,279,0,0.912,2.3118454499128656,0.766822244948242
1.5,806,51,249,0,0.918,2.340511678666219,0.781703697510082
1.5,806,71,229,1,0.918,2.336945290082448,0.7798441464369008
1.5,806,101,199,0,0.922,2.4209458049227677,0.7943490371589169
1.5,806,150,150,0,0.922,2.418070235022774,0.8113439147016621
1.5,806,201,99,0,0.9,2.1606652145822527,0.8171961652471325
1.5,806,251,49,0,0.918,2.3328026614953434,0.803818113827644
1.5,807,21,279,0,0.922,2.4362164267806974,0.883434652878423
1.5,807,51,249,0,0.926,2.454969308518477,0.8102627453092194
1.5,807,71,229,1,0.924,2.430375885319304,0.7967780371075264
1.5,807,101,199,0,0.926,2.4798954082200946,0.8290529496930711
1.5,807,150,150,0,0.93,2.5560094754708467,0.8343919732774346
1.5,807,201,99,0,0.93,2.5649990036022956,0.8227289472934274
1.5,807,251,49,0,0.932,2.571266685686579,0.8282675151116344
1.5,808,21,279,0,0.918,2.513843505178909,0.7670760707134326
1.5,808,51,249,0,0.91,2.3591728898892805,0.764655540686501
1.5,808,71,229,1,0.91,2.3594795974997096,0.7631730383629223
1.5,808,101,199,0,0.912,2.4456857956574005,0.7918148130625574
1.5,808,150,150,0,0.912,2.469352608113161,0.7831700793222969
1.5,808,201,99,0,0.908,2.315923583850361,0.7659519351878805
1.5,808,251,49,0,0.91,2.336640039536013,0.773437297074406
1.5,809,21,279,0,0.93,2.4989006693757787,0.8496358358883347
1.5,809,51,249,0,0.936,2.617427554711984,0.8430230634084451
1.5,809,71,229,1,0.936,2.58007690129661,0.8220075802334954
1.5,809,101,199,0,0.936,2.580517890911419,0.8218605041089765
1.5,809,150,150,0,0.932,2.5081152917973717,0.8230933293762019
1.5,809,201,99,0,0.934,2.5372346502594656,0.8297237480286721
1.5,809,251,49,0,0.926,2.4167447229963255,0.8466163676474888
1.5,810,21,279,0,0.902,2.302819360589774,0.7389599328691404
1.5,810,51,249,0,0.906,2.3159957030725336,0.7909238533713101
1.5,810,71,229,1,0.906,2.336122429754955,0.7757640538463698
1.5,810,101,199,0,0.906,2.3377855777103225,0.7752479188071846
1.5,810,150,150,0,0.9,2.264317001755843,0.7983826835261226
1.5,810,201,99,0,0.9,2.251474308612822,0.8130687234165985
1.5,810,251,49,0,0.9,2.235274903593033,0.8063930304832903
1.5,811,21,279,0,0.938,2.6869808905031,0.7900598932504087
1.5,811,51,249,0,0.932,2.6480424735829295,0.8307540470588973
1.5,811,71,229,1,0.934,2.7107062797406707,0.8281941550257864
1.5,811,101,199,0,0.934,2.7097984117503895,0.8296654243451985
1.5,811,150,150,0,0.942,2.809286392330286,0.7960060045255598
1.5,811,201,99,0,0.942,2.8151031768749406,0.7893066688276438
1.5,811,251,49,0,0.96,3.1642007619721886,0.7830648492290597
1.5,812,21,279,0,0.888,2.324224014691328,0.8424451793190676
1.5,812,51,249,0,0.89,2.378895013388269,0.84361255212694
1.5,812,71,229,1,0.89,2.4322047011568886,0.8225879987212765
1.5,812,101,199,0,0.894,2.437679577498425,0.7983631618446019
1.5,812,150,150,0,0.918,2.72964872601383,0.7994036153816618
1.5,812,201,99,0,0.938,3.1180265526534705,0.810365485051124
1.5,812,251,49,0,0.958,3.2759690015565104,0.812648986875452
1.5,813,21,279,0,0.842,1.922731231186587,0.774171965384777
1.5,813,51,249,0,0.848,1.9324939385274438,0.77707480853626
1.5,813,71,229,1,0.85,1.9570045480055127,0.8000452056274703
1.5,813,101,199,0,0.86,2.0138825059980725,0.7849091624011402
1.5,813,150,150,0,0.838,1.8835079200851388,0.7594728657303979
1.5,813,201,99,0,0.824,1.8301323184898566,0.7639073286413188
1.5,813,251,49,0,0.848,1.9452477980482326,0.7591388073617845
1.5,814,21,279,0,0.88,2.1401431697163766,0.925770746026362
1.5,814,51,249,0,0.89,2.1311111424998597,0.8746160689620838
1.5,814,71,229,1,0.886,2.039153588685767,0.8233959539909993
1.5,814,101,199,0,0.894,2.0888096377908725,0.7849193231613241
1.5,814,150,150,0,0.896,2.0885172282635325,0.784226732487387
1.5,814,201,99,0,0.916,2.301967802383885,0.7983558771125482
1.5,814,251,49,0,0.904,2.1831981157256104,0.7954694789769956
1.5,815,21,279,0,0.884,2.1827322095353874,0.8297634081784824
1.5,815,51,249,0,0.884,2.1826593207480234,0.8298024534834905
1.5,815,71,229,1,0.882,2.1400547073449787,0.8057024762303434
1.5,815,101,199,0,0.88,2.136750045755641,0.8227671844046239
1.5,815,150,150,0,0.868,2.0344837259616866,0.8184800097959097
1.5,815,201,99,0,0.832,1.772601406844293,0.8071754014092035
1.5,815,251,49,0,0.832,1.774188931209901,0.8087386693888987
1.5,816,21,279,0,0.928,2.5452866696095007,0.9073156571397494
1.5,816,51,249,0,0.936,2.6178822667051795,0.8486441995614656
1.5,816,71,229,1,0.934,2.5971408972173977,0.8620708703358726
1.5,816,101,199,0,0.936,2.61822999179058,0.8483631315967549
1.5,816,150,150,0,0.94,2.680130495732284,0.8231446804145321
1.5,816,201,99,0,0.934,2.5596052931092146,0.8373787453299919
1.5,816,251,49,0,0.938,2.654194187230168,0.8193259719353898
1.5,817,21,279,0,0.878,2.354419731125409,0.6844893699893614
1.5,817,51,249,0,0.878,2.377313455960442,0.7967530476366288
1.5,817,71,229,1,0.888,2.410171484591693,0.7754282173300251
1.5,817,101,199,0,0.89,2.41051841448456,0.7680131519608161
1.5,817,150,150,0,0.87,2.241061742690803,0.7997027718668649
1.5,817,201,99,0,0.872,2.3387308349842444,0.8098383171046853
1.5,817,251,49,0,0.906,2.6167920065227537,0.7955971604722646
1.5,818,21,279,0,0.884,2.205608411347693,0.8075862823219915
1.5,818,51,249,0,0.868,2.096030698165475,0.8172315924621751
1.5,818,71,229,1,0.87,2.124854514315866,0.8033174677896244
1.5,818,101,199,0,0.848,1.9890014551950062,0.7982788429906282
1.5,818,150,150,0,0.848,1.9901040107098016,0.8071258373377077
1.5,818,201,99,0,0.886,2.2725534531183507,0.8255531274643859
1.5,818,251,49,0,0.906,2.5385638740105745,0.814620644161593
1.5,819,21,279,0,0.92,2.2896054926217912,0.7200426613148666
1.5,819,51,249,0,0.912,2.196544515755712,0.7533628260472077
1.5,819,71,229,1,0.906,2.116904032127685,0.7594276866999606
1.5,819,101,199,0,0.904,2.111382422013537,0.7789368707808993
1.5,819,150,150,0,0.908,2.142332384714804,0.7519284120096855
1.5,819,201,99,0,0.908,2.140310950987699,0.7537269838760204
1.5,819,251,49,0,0.932,2.5172048092363304,0.730890010738609
1.5,820,21,279,0,0.902,2.552632238425195,0.6059307306653525
1.5,820,51,249,0,0.892,2.481112866294628,0.7196688801536596
1.5,820,71,229,1,0.892,2.500678486477974,0.7513709990129687
1.5,820,101,199,0,0.896,2.527473666606565,0.7421775609390138
1.5,820,150,150,0,0.908,2.6676015339925514,0.7858113478861717
1.5,820,201,99,0,0.932,2.8484435267388264,0.7778030773576377
1.5,820,251,49,0,0.964,3.6035459418924134,0.7861517480309071
1.5,821,21,279,0,0.898,2.2819544265177902,0.7248482274681528
1.5,821,51,249,0,0.894,2.285750086697382,0.7522030781010727
1.5,821,71,229,1,0.9,2.2833869342113693,0.7701933011271327
1.5,821,101,199,0,0.902,2.295443672710554,0.7790874832023669
1.5,821,150,150,0,0.896,2.268840490367621,0.7755328534387862
1.5,821,201,99,0,0.882,2.1599691100500493,0.7864446742346387
1.5,821,251,49,0,0.896,2.241139477068008,0.8045026450519782
1.5,822,21,279,0,0.932,2.7695577407660377,0.77163897705032
1.5,822,51,249,0,0.93,2.766238266425322,0.7938239675727929
1.5,822,71,229,1,0.93,2.7577505772939603,0.7732308696336277
1.5,822,101,199,0,0.934,2.7907400279649193,0.7545629526779126
1.5,822,150,150,0,0.942,2.9491407351210945,0.7482591915816382
1.5,822,201,99,0,0.954,3.230866244787886,0.7758009734014919
1.5,822,251,49,0,0.936,2.843523908953038,0.780755791260281
1.5,823,21,279,0,0.908,2.3990421982179932,0.8031466513917249
1.5,823,51,249,0,0.912,2.3562868631652307,0.7513236449864938
1.5,823,71,229,1,0.918,2.479564283251474,0.7907597381761161
1.5,823,101,199,0,0.902,2.2812755972720615,0.7850389337094986
1.5,823,150,150,0,0.91,2.363710048525474,0.7790130881109834
1.5,823,201,99,0,0.896,2.2153840259788162,0.7954982027622681
1.5,823,251,49,0,0.916,2.4592242883341124,0.7952663511953045
1.5,824,21,279,0,0.9,2.5595788382640334,0.8900890570099586
1.5,824,51,249,0,0.9,2.4815805778461537,0.8414986057705973
1.5,824,71,229,1,0.898,2.4637638001405078,0.8230028540212286
1.5,824,101,199,0,0.87,2.267441190085607,0.8069412464858453
1.5,824,150,150,0,0.87,2.234223799809445,0.8253853216226263
1.5,824,201,99,0,0.87,2.2244917951354775,0.8308378932185794
1.5,824,251,49,0,0.87,2.2603399888064004,0.8108626850349729
1.5,825,21,279,0,0.892,2.295912206329017,0.7641808763550474
1.5,825,51,249,0,0.886,2.2850885707869186,0.7808807121389343
1.5,825,71,229,1,0.91,2.417861350073095,0.7988155351284171
1.5,825,101,199,0,0.906,2.4196353949527323,0.8203650433422897
1.5,825,150,150,0,0.864,2.078146121108704,0.8072645933293978
1.5,825,201,99,0,0.866,2.08323911736091,0.7909747283889335
1.5,825,251,49,0,0.866,2.081707964696628,0.7962696063386335
1.5,826,21,279,0,0.87,2.0991759453621737,0.7983522298386087
1.5,826,51,249,0,0.87,2.100538164232087,0.7976598518456876
1.5,826,71,229,1,0.86,2.0771534267130827,0.7907454803255104
1.5,826,101,199,0,0.862,2.07379008070099,0.8113025637263513
1.5,826,150,150,0,0.858,2.0306500088678296,0.836538459567207
1.5,826,201,99,0,0.868,2.1525706924955195,0.8217059454498101
1.5,826,251,49,0,0.87,2.129237029184005,0.8052233336122098
1.5,827,21,279,0,0.872,2.1561559483655226,0.8558030898450911
1.5,827,51,249,0,0.884,2.224913440398288,0.8205923637498188
1.5,827,71,229,1,0.886,2.2391928366618647,0.805768524855341
1.5,827,101,199,0,0.888,2.249965596157904,0.811879435357695
1.5,827,150,150,0,0.896,2.31996888956555,0.7902677607751142
1.5,827,201,99,0,0.904,2.3843056421531847,0.7981388505866894
1.5,827,251,49,0,0.896,2.3174309572761707,0.7911985385166346
1.5,828,21,279,0,0.924,2.6165766711883105,0.6449317292216887
1.5,828,51,249,0,0.912,2.4180517438738196,0.7901589478148163
1.5,828,71,229,1,0.914,2.442255675053887,0.7894206917856891
1.5,828,101,199,0,0.914,2.42376118421255,0.7710735163237922
1.5,828,150,150,0,0.922,2.553171458270963,0.7845695765038403
1.5,828,201,99,0,0.928,2.602788622779125,0.7743015291002813
1.5,828,251,49,0,0.938,2.746145659584692,0.7743774514577118
1.5,829,21,279,0,0.908,2.214544334771125,0.7352523920168917
1.5,829,51,249,0,0.912,2.3096751240684417,0.809563512451594
1.5,829,71,229,1,0.916,2.329389255149783,0.7716504227826133
1.5,829,101,199,0,0.912,2.2845361027017694,0.7926793517147198
1.5,829,150,150,0,0.926,2.5263992180936703,0.806976864340265
1.5,829,201,99,0,0.928,2.5809118621945992,0.8060317788713336
1.5,829,251,49,0,0.914,2.336113109707546,0.8022397015296048
1.5,830,21,279,0,0.914,2.6132731588265696,0.8063506095882419
1.5,830,51,249,0,0.896,2.500254939945351,0.8857521066549893
1.5,830,71,229,1,0.902,2.5384613390805817,0.8694507945061964
1.5,830,101,199,0,0.9,2.522987833843482,0.8381902057339887
1.5,830,150,150,0,0.914,2.6038524476952394,0.8267750314085732
1.5,830,201,99,0,0.914,2.6453932545867143,0.788129960585107
1.5,830,251,49,0,0.928,2.8691781700764634,0.7741286142030547
1.5,831,21,279,0,0.858,2.09859134777757,0.7724116870300656
1.5,831,51,249,0,0.864,2.08603635766059,0.8230911354363589
1.5,831,71,229,1,0.854,2.0517099215803882,0.7990528268655062
1.5,831,101,199,0,0.868,2.1397977129165358,0.7882557016532049
1.5,831,150,150,0,0.88,2.323796469267185,0.8210685450988985
1.5,831,201,99,0,0.854,2.0442169287462284,0.8162131227308985
1.5,831,251,49,0,0.838,1.953224675471393,0.8184938793846893
1.5,832,21,279,0,0.912,2.4036265046202545,0.8720441117810399
1.5,832,51,249,0,0.924,2.466183561646569,0.8349176116063335
1.5,832,71,229,1,0.912,2.394017721792607,0.8778209803822508
1.5,832,101,199,0,0.92,2.4362629646809593,0.8525808255730501
1.5,832,150,150,0,0.916,2.413311984009527,0.833025742298319
1.5,832,201,99,0,0.922,2.4359300023278383,0.8193764421174863
1.5,832,251,49,0,0.932,2.5796871844383076,0.8200992306493523
1.5,833,21,279,0,0.91,2.5562300723496163,0.7097711957824404
1.5,833,51,249,0,0.89,2.443427796317137,0.7826829215336758
1.5,833,71,229,1,0.89,2.4548659669476582,0.7753851405020502
1.5,833,101,199,0,0.89,2.456479932259717,0.774353820027449
1.5,833,150,150,0,0.872,2.2693656630568135,0.7749977898439777
1.5,833,201,99,0,0.872,2.2491230251120613,0.7862227032693373
1.5,833,251,49,0,0.79,1.7273780907177971,0.8025309510013138
1.5,834,21,279,0,0.888,2.2730258559064076,0.8097106269105679
1.5,834,51,249,0,0.884,2.2415143941570776,0.8025918792800872
1.5,834,71,229,1,0.878,2.1414776192911784,0.8371875168374329
1.5,834,101,199,0,0.88,2.182893505107174,0.825381720631613
1.5,834,150,150,0,0.88,2.2283801629335573,0.807701924241583
1.5,834,201,99,0,0.894,2.340504930364374,0.7836484795779592
1.5,834,251,49,0,0.93,2.6591749611853728,0.7925557633855081
1.5,835,21,279,0,0.902,2.6804857847502426,0.7306481095122825
1.5,835,51,249,0,0.926,2.862659408125362,0.77543641268132
1.5,835,71,229,1,0.928,2.9172490612592923,0.774629775784555
1.5,835,101,199,0,0.936,3.1482469087684666,0.7993099003621513
1.5,835,150,150,0,0.926,2.8788323208685935,0.784483303145014
1.5,835,201,99,0,0.904,2.639475189179464,0.7812763019437241
1.5,835,251,49,0,0.904,2.6328059834363486,0.7796844002426271
1.5,836,21,279,0,0.892,2.17849581231139,0.8501765430160988
1.5,836,51,249,0,0.886,2.1056985379324744,0.7929681242496122
1.5,836,71,229,1,0.878,2.0505345171730625,0.7800923213980138
1.5,836,101,199,0,0.876,2.068345970953778,0.8194628010496956
1.5,836,150,150,0,0.882,2.1088640375829626,0.8139085325623275
1.5,836,201,99,0,0.884,2.0800396253513442,0.7997446322396212
1.5,836,251,49,0,0.826,1.7851682780935014,0.8109312842138992
1.5,837,21,279,0,0.886,2.2332953532905866,0.7952294885824126
1.5,837,51,249,0,0.882,2.228316779460782,0.8309330122037899
1.5,837,71,229,1,0.876,2.157388729016593,0.7795748233720432
1.5,837,101,199,0,0.896,2.316358385351035,0.8116959068439588
1.5,837,150,150,0,0.888,2.2655693522324483,0.7782068668890572
1.5,837,201,99,0,0.912,2.4676368474824146,0.7941018502737708
1.5,837,251,49,0,0.904,2.4028965259677344,0.7872845381837102
1.5,838,21,279,0,0.924,2.455329190781078,0.7890404012306396
1.5,838,51,249,0,0.92,2.483022904445532,0.7409265970738959
1.5,838,71,229,1,0.918,2.484802250333784,0.7291033584735959
1.5,838,101,199,0,0.93,2.5944121218385883,0.7635872853986492
1.5,838,150,150,0,0.92,2.4802840684360508,0.7550969380892312
1.5,838,201,99,0,0.916,2.393621810339644,0.7674165173823284
1.5,838,251,49,0,0.924,2.4762769340540243,0.7712000512117594
1.5,839,21,279,0,0.91,2.3738168733631118,0.8572239414905763
1.5,839,51,249,0,0.916,2.44569559476075,0.7898219424174712
1.5,839,71,229,1,0.918,2.4633701730637405,0.7641041853656492
1.5,839,101,199,0,0.916,2.4492467207530035,0.7879452090524698
1.5,839,150,150,0,0.91,2.2708083053407986,0.7966102318208845
1.5,839,201,99,0,0.894,2.211484232045724,0.8155770228549812
1.5,839,251,49,0,0.914,2.398836800861177,0.8147283193678069
1.5,840,21,279,0,0.902,2.441136582586706,0.6796464711384305
1.5,840,51,249,0,0.886,2.327230230796722,0.7664113303763321
1.5,840,71,229,1,0.896,2.459357243789038,0.7718328480741757
1.5,840,101,199,0,0.888,2.3898707682251663,0.7931959157537763
1.5,840,150,150,0,0.918,2.6477548185944797,0.7810415206785074
1.5,840,201,99,0,0.914,2.6500419966271473,0.7966959026815437
1.5,840,251,49,0,0.914,2.6503480044317564,0.799024414221374
1.5,841,21,279,0,0.902,2.6780666319145077,0.6009790616096599
1.5,841,51,249,0,0.9,2.469984371329331,0.7765344933571443
1.5,841,71,229,1,0.892,2.4517761880357694,0.8271347863723938
1.5,841,101,199,0,0.896,2.49052778855398,0.8140873297154773
1.5,841,150,150,0,0.914,2.732504229536958,0.8183207857398109
1.5,841,201,99,0,0.896,2.515471931908464,0.8090715907604028
1.5,841,251,49,0,0.918,2.8671085663317744,0.7978282775351515
1.5,842,21,279,0,0.888,2.345664364752061,0.8023177378872184
1.5,842,51,249,0,0.896,2.405863893463759,0.7557802613881015
1.5,842,71,229,1,0.898,2.4203025625036307,0.7679616952577577
1.5,842,101,199,0,0.882,2.3170335356304093,0.7954221515371941
1.5,842,150,150,0,0.894,2.3669456654478203,0.780329019263429
1.5,842,201,99,0,0.864,2.1048141708516286,0.7875916538460805
1.5,842,251,49,0,0.914,2.5668368417707703,0.7987881242814429
1.5,843,21,279,0,0.872,2.092498759246012,0.8534329150529303
1.5,843,51,249,0,0.87,2.0700943561951655,0.8098079298331974
1.5,843,71,229,1,0.868,2.0676500366441286,0.7915521825487116
1.5,843,101,199,0,0.872,2.070221276623289,0.7868964859383701
1.5,843,150,150,0,0.868,2.0714068459943125,0.7930675807548362
1.5,843,201,99,0,0.872,2.072934563376934,0.7795786888315565
1.5,843,251,49,0,0.856,1.9161033207017992,0.7853240120545448
1.5,844,21,279,0,0.894,2.114651845695971,0.8354890245345601
1.5,844,51,249,0,0.9,2.146791698107591,0.7959018743820546
1.5,844,71,229,1,0.904,2.172115330164685,0.7909525620876866
1.5,844,101,199,0,0.898,2.1436766562976852,0.8140118327665419
1.5,844,150,150,0,0.904,2.173738485858405,0.7895673465496817
1.5,844,201,99,0,0.906,2.2186621635911523,0.7476526133836311
1.5,844,251,49,0,0.916,2.3398853246411098,0.7501299685067166
1.5,845,21,279,0,0.916,2.325304866208034,0.629081497301025
1.5,845,51,249,0,0.908,2.212387820728023,0.7788567638303653
1.5,845,71,229,1,0.91,2.2838308847032502,0.7693350594944359
1.5,845,101,199,0,0.92,2.451806330540406,0.7740258593709627
1.5,845,150,150,0,0.926,2.4769037485933576,0.7669006671355675
1.5,845,201,99,0,0.92,2.4560135806058514,0.7767173830959683
1.5,845,251,49,0,0.922,2.459773148687818,0.7755315792234607
1.5,846,21,279,0,0.914,2.383815462258327,0.6626921824272342
1.5,846,51,249,0,0.916,2.324827981954687,0.7334498211343915
1.5,846,71,229,1,0.916,2.339354644991075,0.8080543769550755
1.5,846,101,199,0,0.92,2.4040237946567062,0.789873307769782
1.5,846,150,150,0,0.904,2.211357430447582,0.7782533132111598
1.5,846,201,99,0,0.924,2.448493938399003,0.7939606850816947
1.5,846,251,49,0,0.956,2.847684103020946,0.8057274368833822
1.5,847,21,279,0,0.9,2.3290538123090396,0.784052326067223
1.5,847,51,249,0,0.892,2.3004893023375073,0.7358069959361224
1.5,847,71,229,1,0.896,2.328393870885149,0.7167109604086506
1.5,847,101,199,0,0.874,2.1595045901761507,0.7112146210051108
1.5,847,150,150,0,0.892,2.3026164994405156,0.7271668658293349
1.5,847,201,99,0,0.876,2.1620074684130106,0.761315695275328
1.5,847,251,49,0,0.898,2.341596348471474,0.7576000588866489
1.5,848,21,279,0,0.922,2.5068291814960832,0.7973568236585649
1.5,848,51,249,0,0.922,2.5021317658798727,0.8330027747225853
1.5,848,71,229,1,0.928,2.5496099424156298,0.8030001299692567
1.5,848,101,199,0,0.928,2.5476166233943034,0.7824915488343513
1.5,848,150,150,0,0.924,2.5406384056412263,0.7998947345283388
1.5,848,201,99,0,0.924,2.4732680722010127,0.7778789688116657
1.5,848,251,49,0,0.932,2.5892795388074745,0.7791457788265748
1.5,849,21,279,0,0.852,1.9364132806498453,0.8455384769165387
1.5,849,51,249,0,0.85,1.940496980220855,0.8420950078053757
1.5,849,71,229,1,0.84,1.873942892898122,0.7993667463726244
1.5,849,101,199,0,0.844,1.8897028600097487,0.8238460112719239
1.5,849,150,150,0,0.834,1.8605554959645405,0.7960858242938119
1.5,849,201,99,0,0.846,1.8954086102562382,0.8010054601392951
1.5,849,251,49,0,0.83,1.818501456232962,0.8003518134507968
1.5,850,21,279,0,0.86,1.9137514954383736,0.764631489357283
1.5,850,51,249,0,0.882,2.0306919659086473,0.7192169725069965
1.5,850,71,229,1,0.878,1.97260668713136,0.744119826791689
1.5,850,101,199,0,0.834,1.8174194530975902,0.7519388667972737
1.5,850,150,150,0,0.822,1.7543022196189704,0.7758551366789633
1.5,850,201,99,0,0.802,1.7092544585237532,0.7826583232784746
1.5,850,251,49,0,0.838,1.8321607333575893,0.7938211004754954
1.5,851,21,279,0,0.876,2.1487689804612637,0.7986708656561083
1.5,851,51,249,0,0.874,2.1417279134211387,0.8366680758561892
1.5,851,71,229,1,0.87,2.1448297731529165,0.8577922028035614
1.5,851,101,199,0,0.88,2.1784738792748004,0.8589916205145888
1.5,851,150,150,0,0.866,2.1179494982418046,0.8540746964530679
1.5,851,201,99,0,0.858,2.057477339418535,0.8430044269379737
1.5,851,251,49,0,0.834,1.900262075132521,0.8373135809370901
1.5,852,21,279,0,0.908,2.4674811275206414,0.8968783342903742
1.5,852,51,249,0,0.914,2.401437026055265,0.8336789078901958
1.5,852,71,229,1,0.93,2.562064081291222,0.8349252981023068
1.5,852,101,199,0,0.934,2.6141458667389013,0.8538212156389359
1.5,852,150,150,0,0.95,2.9158983993326304,0.8340141792499799
1.5,852,201,99,0,0.93,2.5650689914156426,0.8397674033326114
1.5,852,251,49,0,0.954,2.9583920990111356,0.8216180425195925
1.5,853,21,279,0,0.892,2.6734856474829423,0.5050878995462947
1.5,853,51,249,0,0.892,2.4626890352544324,0.7016257354822288
1.5,853,71,229,1,0.892,2.46485357208186,0.7379989273273383
1.5,853,101,199,0,0.886,2.4013703514649443,0.776463806538193
1.5,853,150,150,0,0.882,2.3672806730652733,0.7895016339636705
1.5,853,201,99,0,0.882,2.343902593010728,0.7983785396338507
1.5,853,251,49,0,0.844,1.984516724076249,0.7895111691166641
1.5,854,21,279,0,0.906,2.3824495409262965,0.7613920411041867
1.5,854,51,249,0,0.902,2.370028452175908,0.7987695784575712
1.5,854,71,229,1,0.914,2.4094165308006565,0.7825799387849828
1.5,854,101,199,0,0.898,2.3008364148855067,0.777262788961867
1.5,854,150,150,0,0.902,2.365917826906581,0.7981904419563001
1.5,854,201,99,0,0.904,2.370984514248961,0.7989040592864196
1.5,854,251,49,0,0.912,2.410612654031608,0.8044070751347708
1.5,855,21,279,0,0.896,2.1783481999520844,0.8801152232120558
1.5,855,51,249,0,0.896,2.1793148745637545,0.8099900834823076
1.5,855,71,229,1,0.886,2.083775297511041,0.8112289134073234
1.5,855,101,199,0,0.894,2.1325807383205837,0.8392316577772957
1.5,855,150,150,0,0.896,2.182027911475525,0.8112404481883307
1.5,855,201,99,0,0.902,2.215446139964543,0.7999343394222657
1.5,855,251,49,0,0.854,1.8746339460434165,0.7901047921694923
1.5,856,21,279,0,0.912,2.4465126708500264,0.8697754231042899
1.5,856,51,249,0,0.91,2.394031517216952,0.8093924162736783
1.5,856,71,229,1,0.904,2.3161109744649213,0.7557946589559732
1.5,856,101,199,0,0.904,2.3136925302427933,0.7497136806267167
1.5,856,150,150,0,0.882,2.2200788152697988,0.7349676642288168
1.5,856,201,99,0,0.86,2.0488451726710517,0.7530963681687122
1.5,856,251,49,0,0.848,1.9804398512038057,0.7635147796317382
1.5,857,21,279,0,0.906,2.49357615176743,0.9229134992638132
1.5,857,51,249,0,0.888,2.3024938168566327,0.8541750577057664
1.5,857,71,229,1,0.888,2.299977076149538,0.8383417778786935
1.5,857,101,199,0,0.872,2.156079266364528,0.813423787730446
1.5,857,150,150,0,0.874,2.159429077299597,0.8043551627611207
1.5,857,201,99,0,0.876,2.213199368405571,0.793737821953252
1.5,857,251,49,0,0.858,2.0614494001682533,0.778456637380527
1.5,858,21,279,0,0.9,2.101990234327025,0.79696422691832
1.5,858,51,249,0,0.894,2.0496537951973464,0.8197338471802188
1.5,858,71,229,1,0.904,2.12459245008213,0.7859604491213698
1.5,858,101,199,0,0.904,2.1475303574782885,0.8204716766175653
1.5,858,150,150,0,0.91,2.1778990714888025,0.810398806854264
1.5,858,201,99,0,0.898,2.1000560705795834,0.7976448357191042
1.5,858,251,49,0,0.834,1.767440038068477,0.7955579704532338
1.5,859,21,279,0,0.89,2.228229120996536,0.6146000214321286
1.5,859,51,249,0,0.882,2.21128163698168,0.769121261695485
1.5,859,71,229,1,0.878,2.165798351040613,0.776180356217087
1.5,859,101,199,0,0.858,2.075751825454135,0.8174321931847752
1.5,859,150,150,0,0.81,1.74393998238986,0.7898058616820656
1.5,859,201,99,0,0.848,1.9786942026507144,0.7947383499086412
1.5,859,251,49,0,0.866,2.109694648725184,0.7938768687855043
1.5,860,21,279,0,0.886,2.1462423386189076,0.7805206566861498
1.5,860,51,249,0,0.884,2.1316356484229817,0.7684637011012295
1.5,860,71,229,1,0.884,2.135191300941861,0.8286353721532541
1.5,860,101,199,0,0.892,2.1532313695350513,0.8170449113534594
1.5,860,150,150,0,0.872,2.070547998132186,0.8223626885393773
1.5,860,201,99,0,0.894,2.1853489108228397,0.7957761894149157
1.5,860,251,49,0,0.872,2.0423671266913317,0.8010925315705729
1.5,861,21,279,0,0.9,2.2238801826354875,0.7905587099196372
1.5,861,51,249,0,0.892,2.1427475151631326,0.8356588365191453
1.5,861,71,229,1,0.89,2.1965366101084616,0.8695061188363528
1.5,861,101,199,0,0.892,2.1603373593520874,0.8375088526969785
1.5,861,150,150,0,0.892,2.1344447263093733,0.8275594841660158
1.5,861,201,99,0,0.89,2.1256420211708447,0.8228626420958214
1.5,861,251,49,0,0.894,2.151980323152108,0.8208303556307036
1.5,862,21,279,0,0.894,2.2797714557795903,0.7077580432896126
1.5,862,51,249,0,0.896,2.2662367023461893,0.75403089795305
1.5,862,71,229,1,0.886,2.114061119630286,0.7799734302848543
1.5,862,101,199,0,0.894,2.21091149377958,0.8103793142256565
1.5,862,150,150,0,0.88,2.1204201816640946,0.8193604251098402
1.5,862,201,99,0,0.876,2.0425928888383185,0.8294043433375201
1.5,862,251,49,0,0.874,2.003286454389577,0.8157899404320957
1.5,863,21,279,0,0.93,2.6846086645216873,0.7005218655429963
1.5,863,51,249,0,0.932,3.0266226508738403,0.863540816085171
1.5,863,71,229,1,0.926,2.7934397753006865,0.8318530816474232
1.5,863,101,199,0,0.926,2.6776868471594537,0.8082161657833062
1.5,863,150,150,0,0.924,2.667047600936281,0.8052271726103243
1.5,863,201,99,0,0.926,2.881015551743365,0.8067919500906224
1.5,863,251,49,0,0.878,2.1265845258886906,0.7885838390024106
1.5,864,21,279,0,0.904,2.192134770072643,0.781450964776223
1.5,864,51,249,0,0.892,2.1190668340178873,0.8053930611662736
1.5,864,71,229,1,0.892,2.117770776201635,0.8111627303452413
1.5,864,101,199,0,0.884,2.078510664374409,0.8082301615753968
1.5,864,150,150,0,0.91,2.248739610629631,0.8212024288841251
1.5,864,201,99,0,0.89,2.1156454428360805,0.8205053643034232
1.5,864,251,49,0,0.864,1.9440301652085643,0.8317938625167842
1.5,865,21,279,0,0.912,2.4456735336740762,0.684952585448265
1.5,865,51,249,0,0.912,2.4053607346939243,0.7518255454170202
1.5,865,71,229,1,0.914,2.4363551213737957,0.7431442201469461
1.5,865,101,199,0,0.918,2.463858800751577,0.7424797118732949
1.5,865,150,150,0,0.93,2.6416882327335625,0.7862005371604843
1.5,865,201,99,0,0.946,2.917168100842615,0.7830494116511644
1.5,865,251,49,0,0.974,3.7278420065735083,0.755294959693649
1.5,866,21,279,0,0.91,2.5392835016758264,0.6951345424522576
1.5,866,51,249,0,0.91,2.537267677116529,0.7105676904295855
1.5,866,71,229,1,0.914,2.540472578614948,0.7392169492123885
1.5,866,101,199,0,0.924,2.598084361622822,0.726083570833722
1.5,866,150,150,0,0.92,2.571575416221626,0.7498663810743748
1.5,866,201,99,0,0.924,2.5538277244016743,0.7669113790737779
1.5,866,251,49,0,0.92,2.546310494250455,0.774478274386732
1.5,867,21,279,0,0.882,2.4075627029130144,0.6811914413501018
1.5,867,51,249,0,0.892,2.418358454541168,0.7425333836136762
1.5,867,71,229,1,0.892,2.478264288693612,0.8089580405809746
1.5,867,101,199,0,0.894,2.477353348032081,0.8012746702535564
1.5,867,150,150,0,0.896,2.576217129585928,0.8316943496455184
1.5,867,201,99,0,0.898,2.5866212943570157,0.8260035037474661
1.5,867,251,49,0,0.898,2.6005900396759856,0.8183879878524529
1.5,868,21,279,0,0.884,2.1732126102074494,0.8301787317930351
1.5,868,51,249,0,0.888,2.1787410363459982,0.7685185513199362
1.5,868,71,229,1,0.88,2.134792309925469,0.819342247962384
1.5,868,101,199,0,0.87,2.1092010065237714,0.8500704754888052
1.5,868,150,150,0,0.878,2.1305454765687273,0.8243837394593195
1.5,868,201,99,0,0.874,2.1136656018567685,0.8275509361556838
1.5,868,251,49,0,0.884,2.1479453549413856,0.8082345727988872
1.5,869,21,279,0,0.912,2.457610270823273,0.7901662046940405
1.5,869,51,249,0,0.91,2.4900910914448597,0.8455627319316215
1.5,869,71,229,1,0.914,2.577240658395375,0.8536834689399023
1.5,869,101,199,0,0.916,2.6234196010746857,0.8920966185677736
1.5,869,150,150,0,0.904,2.4441638451777155,0.8604921530850473
1.5,869,201,99,0,0.83,1.9576318764153928,0.8385138405160512
1.5,869,251,49,0,0.788,1.782861404102132,0.8207973761072959
1.5,870,21,279,0,0.884,2.3934937026097787,0.7885334318811417
1.5,870,51,249,0,0.884,2.353529068708765,0.7660201527429311
1.5,870,71,229,1,0.876,2.2350574686002487,0.8035352374575663
1.5,870,101,199,0,0.876,2.236763666874131,0.8029836826760047
1.5,870,150,150,0,0.876,2.184620806509457,0.8186745119806831
1.5,870,201,99,0,0.884,2.38618554370982,0.7981247255434074
1.5,870,251,49,0,0.896,2.4597372835273115,0.795981062815033
1.5,871,21,279,0,0.878,2.081125661375074,0.8191735839363106
1.5,871,51,249,0,0.878,2.0882509212915337,0.8145701334358585
1.5,871,71,229,1,0.88,2.1409960475929086,0.8137349446167873
1.5,871,101,199,0,0.88,2.13030255849042,0.8067282871178133
1.5,871,150,150,0,0.862,1.9961398637025336,0.8152718906342477
1.5,871,201,99,0,0.866,1.989881910261866,0.7837990972309807
1.5,871,251,49,0,0.866,1.9903642833712594,0.7857462514245537
1.5,872,21,279,0,0.924,2.555570177261633,0.9047663816844806
1.5,872,51,249,0,0.918,2.54305294859298,0.7928554772195289
1.5,872,71,229,1,0.918,2.5724461003946866,0.7797350262618848
1.5,872,101,199,0,0.918,2.554566304959362,0.7877076466686874
1.5,872,150,150,0,0.896,2.361771034911635,0.7592049913042678
1.5,872,201,99,0,0.91,2.521674102409909,0.7499747384960634
1.5,872,251,49,0,0.888,2.2788540513049584,0.7686073709058857
1.5,873,21,279,0,0.904,2.288056997584006,0.7415623805931847
1.5,873,51,249,0,0.898,2.1778950807416715,0.799760387471967
1.5,873,71,229,1,0.902,2.1820848653616856,0.7707511477805948
1.5,873,101,199,0,0.902,2.185363935959299,0.773331812582601
1.5,873,150,150,0,0.876,2.024705129167107,0.7768582664332326
1.5,873,201,99,0,0.904,2.2432856396581613,0.7586880708239911
1.5,873,251,49,0,0.904,2.2669536733313773,0.7579539884332743
1.5,874,21,279,0,0.928,2.6220364938908287,0.7543819202510267
1.5,874,51,249,0,0.936,2.747402121958392,0.7933707989084512
1.5,874,71,229,1,0.938,2.7805886874856003,0.7823696245054715
1.5,874,101,199,0,0.938,2.771622684009934,0.8047550784772027
1.5,874,150,150,0,0.946,2.924465324939668,0.7997880537091369
1.5,874,201,99,0,0.938,2.7835852376020895,0.794952214305421
1.5,874,251,49,0,0.938,2.776729708747206,0.8005642198598709
1.5,875,21,279,0,0.916,2.244488523307137,0.872148006847469
1.5,875,51,249,0,0.904,2.193789262249371,0.802737375208213
1.5,875,71,229,1,0.904,2.2213166398439608,0.8223392717810437
1.5,875,101,199,0,0.904,2.1955546376170414,0.8018933900981123
1.5,875,150,150,0,0.886,1.9815341267406148,0.7934007048750494
1.5,875,201,99,0,0.886,1.9970694477865134,0.8064056034708155
1.5,875,251,49,0,0.886,1.9958479581858064,0.80539339424566
1.5,876,21,279,0,0.88,2.038448300988982,0.755999205686746
1.5,876,51,249,0,0.876,2.0591084337368106,0.7731827770273899
1.5,876,71,229,1,0.896,2.1613520701319597,0.7698676249757261
1.5,876,101,199,0,0.876,1.9918648951273898,0.7547361234757187
1.5,876,150,150,0,0.872,2.019278230787153,0.778038841680957
1.5,876,201,99,0,0.826,1.7748273319018222,0.779272633248962
1.5,876,251,49,0,0.774,1.588720124517954,0.7703040988082195
1.5,877,21,279,0,0.91,2.188981463285208,0.8745318188204224
1.5,877,51,249,0,0.91,2.1985023909035535,0.8615973059189648
1.5,877,71,229,1,0.908,2.233563135045346,0.8875027043598587
1.5,877,101,199,0,0.908,2.189890960168029,0.8468571605579964
1.5,877,150,150,0,0.906,2.175009183537819,0.8354120034480065
1.5,877,201,99,0,0.906,2.1865061976878444,0.8207145574242161
1.5,877,251,49,0,0.924,2.4315593587897864,0.8210519983905438
1.5,878,21,279,0,0.914,2.358876462813482,0.7153629160401382
1.5,878,51,249,0,0.916,2.3315588026751475,0.8285516455842297
1.5,878,71,229,1,0.918,2.3541750796217773,0.8222914822540272
1.5,878,101,199,0,0.918,2.385555952231649,0.8103501150625009
1.5,878,150,150,0,0.914,2.3365234846011917,0.7861424829205208
1.5,878,201,99,0,0.92,2.4372975984827865,0.7808251717461334
1.5,878,251,49,0,0.914,2.3526840300660843,0.7856799148110614
1.5,879,21,279,0,0.888,2.299658447808968,0.6984032105357993
1.5,879,51,249,0,0.912,2.464459232517272,0.804138301416245
1.5,879,71,229,1,0.902,2.3809232025840115,0.813091705640451
1.5,879,101,199,0,0.866,2.1095453068515626,0.7786774262715768
1.5,879,150,150,0,0.864,2.1001915632023436,0.786309324725953
1.5,879,201,99,0,0.842,1.9493174627453183,0.7950630836797693
1.5,879,251,49,0,0.906,2.3983046178508993,0.7797517304606099
1.5,880,21,279,0,0.834,2.0907140935071378,0.6481253797393609
1.5,880,51,249,0,0.848,2.158012773525958,0.7000712222130981
1.5,880,71,229,1,0.856,2.247135434413003,0.7039819196214389
1.5,880,101,199,0,0.832,2.016543011341874,0.7446379592586045
1.5,880,150,150,0,0.83,1.9764148751268908,0.7711185009767778
1.5,880,201,99,0,0.858,2.1665992267949226,0.7991893890073968
1.5,880,251,49,0,0.884,2.4781003676233944,0.812521363871535
1.5,881,21,279,0,0.882,2.18337448262984,0.7383594394937791
1.5,881,51,249,0,0.884,2.1891237776487515,0.8386356416475144
1.5,881,71,229,1,0.868,2.110754741327688,0.8073086989706514
1.5,881,101,199,0,0.866,2.0749188181503566,0.8105212650523254
1.5,881,150,150,0,0.868,2.1157949548477406,0.7979854808245908
1.5,881,201,99,0,0.838,1.825506642452539,0.7980364768130014
1.5,881,251,49,0,0.84,1.8664222864790414,0.7979503289197598
1.5,882,21,279,0,0.906,2.4115196860021544,0.7447172704873467
1.5,882,51,249,0,0.918,2.487016669314289,0.802424604109704
1.5,882,71,229,1,0.914,2.454268472690992,0.7770235437770814
1.5,882,101,199,0,0.906,2.364287805203573,0.7582551818926189
1.5,882,150,150,0,0.904,2.3584952706981084,0.7735396332866891
1.5,882,201,99,0,0.912,2.451707922897895,0.7750621660041571
1.5,882,251,49,0,0.94,3.057300574348275,0.7691006512500268
1.5,883,21,279,0,0.948,2.6156319429666555,0.6132012583847111
1.5,883,51,249,0,0.948,2.5469875839595244,0.7139297425844
1.5,883,71,229,1,0.936,2.35854563339971,0.8019546230176552
1.5,883,101,199,0,0.936,2.384333883104218,0.7939514429204998
1.5,883,150,150,0,0.94,2.4542605999341154,0.8066332983332797
1.5,883,201,99,0,0.944,2.4944049305098144,0.798393471171394
1.5,883,251,49,0,0.946,2.5018784986759326,0.8058728356282087
1.5,884,21,279,0,0.896,2.3729574093345507,0.8245444568741016
1.5,884,51,249,0,0.89,2.341251538105563,0.8498368263657943
1.5,884,71,229,1,0.89,2.3433472291299684,0.8412741601326776
1.5,884,101,199,0,0.876,2.224233013292529,0.7898243080226252
1.5,884,150,150,0,0.884,2.2822352002788096,0.8048353691085638
1.5,884,201,99,0,0.896,2.3957264283170487,0.8057631395921437
1.5,884,251,49,0,0.812,1.8041184607316236,0.799549689527577
1.5,885,21,279,0,0.892,2.079587924550903,0.7593546844589597
1.5,885,51,249,0,0.88,2.045007351832278,0.8099062883236919
1.5,885,71,229,1,0.874,2.010456310188608,0.8427067626493816
1.5,885,101,199,0,0.854,1.8457112103264017,0.8356625961819375
1.5,885,150,150,0,0.838,1.7707685304746128,0.8214347965125912
1.5,885,201,99,0,0.892,2.0897090392751507,0.8077272876306097
1.5,885,251,49,0,0.902,2.151797745150101,0.8022374878589573
1.5,886,21,279,0,0.874,2.1836636807909535,0.7698807306419391
1.5,886,51,249,0,0.88,2.176720836454909,0.85335581622564
1.5,886,71,229,1,0.876,2.15622840909637,0.8485523209353784
1.5,886,101,199,0,0.872,2.124641603598822,0.8494327800658048
1.5,886,150,150,0,0.88,2.17175899287783,0.8246720831972641
1.5,886,201,99,0,0.846,1.9191654043849922,0.8063916986895935
1.5,886,251,49,0,0.838,1.8485930574743878,0.8138119566519499
1.5,887,21,279,0,0.87,2.0323180682677737,0.8005190956559178
1.5,887,51,249,0,0.888,2.162333354434281,0.7677224106201175
1.5,887,71,229,1,0.884,2.1214974259750092,0.7845418297620855
1.5,887,101,199,0,0.928,2.432995206286331,0.8049482235139692
1.5,887,150,150,0,0.94,2.61185910704897,0.7984360505948949
1.5,887,201,99,0,0.946,2.769473604884309,0.7930433568844258
1.5,887,251,49,0,0.928,2.4521764472791263,0.7984516782937254
1.5,888,21,279,0,0.876,2.22213758181457,0.852591368141236
1.5,888,51,249,0,0.876,2.1441105512492777,0.8134771819703854
1.5,888,71,229,1,0.868,2.1048379587273165,0.8259192609495798
1.5,888,101,199,0,0.874,2.1494198153647734,0.817558208097941
1.5,888,150,150,0,0.876,2.1461989448310925,0.8150789515502015
1.5,888,201,99,0,0.874,2.14827586103148,0.816676393808774
1.5,888,251,49,0,0.872,2.1337345552349642,0.8055817080124913
1.5,889,21,279,0,0.886,2.1982422216767272,0.887373716424638
1.5,889,51,249,0,0.888,2.1273624431600857,0.8234571745670083
1.5,889,71,229,1,0.89,2.1341035114860207,0.7890542896736987
1.5,889,101,199,0,0.898,2.2375144398801927,0.7724699307820655
1.5,889,150,150,0,0.884,2.118963543054955,0.7794733854092217
1.5,889,201,99,0,0.884,2.104232303781838,0.7802999701367547
1.5,889,251,49,0,0.882,2.074824981801864,0.7885479701142776
1.5,890,21,279,0,0.9,2.286145578194465,0.6513818588168365
1.5,890,51,249,0,0.868,1.9909993077992059,0.7662338973052756
1.5,890,71,229,1,0.876,2.0664794586111164,0.778078581200841
1.5,890,101,199,0,0.868,1.9861369537526115,0.7679807515851451
1.5,890,150,150,0,0.876,2.0777610993783084,0.7673024395188787
1.5,890,201,99,0,0.892,2.1751305237909233,0.7780265908369148
1.5,890,251,49,0,0.832,1.8094794377430128,0.7841893183389405
1.5,891,21,279,0,0.848,2.028837813735526,0.7439920640980071
1.5,891,51,249,0,0.854,2.0878154947820597,0.7466375933371366
1.5,891,71,229,1,0.852,2.0532787403017325,0.7618429975280879
1.5,891,101,199,0,0.85,2.0203893096547962,0.7558485111202146
1.5,891,150,150,0,0.854,2.0588629387482413,0.7546857279670617
1.5,891,201,99,0,0.866,2.149112892479943,0.7626051435372833
1.5,891,251,49,0,0.836,1.9436955478509452,0.7598615458124783
1.5,892,21,279,0,0.934,2.497400440841314,0.8743861467048109
1.5,892,51,249,0,0.936,2.4940993703685934,0.8662124773160514
1.5,892,71,229,1,0.934,2.488115046527919,0.8707640583038181
1.5,892,101,199,0,0.936,2.50803886973175,0.8635931874696179
1.5,892,150,150,0,0.944,2.6808696302083517,0.8485638430191283
1.5,892,201,99,0,0.962,2.916131157993851,0.8403917786978697
1.5,892,251,49,0,0.952,2.7678130683162725,0.8333925273103633
1.5,893,21,279,0,0.906,2.3445539098510486,0.9105898029735633
1.5,893,51,249,0,0.92,2.4415238802842514,0.8832601377308763
1.5,893,71,229,1,0.904,2.2455102940593044,0.8951852222359762
1.5,893,101,199,0,0.902,2.2295846727481385,0.889692979565819
1.5,893,150,150,0,0.904,2.215962731754496,0.8732326524779289
1.5,893,201,99,0,0.928,2.588801999073526,0.8720867829009024
1.5,893,251,49,0,0.902,2.196938457401833,0.8498328879160009
1.5,894,21,279,0,0.912,2.329278303705725,0.7922877902939622
1.5,894,51,249,0,0.908,2.3689984931545585,0.82259823081469
1.5,894,71,229,1,0.924,2.4580177907012013,0.8196186668350827
1.5,894,101,199,0,0.916,2.4033246540032773,0.8053113582650012
1.5,894,150,150,0,0.912,2.3222124181280503,0.7709644082292221
1.5,894,201,99,0,0.93,2.561232046397421,0.7920625529600541
1.5,894,251,49,0,0.964,3.2198434918641254,0.7883175478374925
1.5,895,21,279,0,0.896,2.5442697538200254,0.8816840145924915
1.5,895,51,249,0,0.902,2.5124960928899345,0.8441606194637642
1.5,895,71,229,1,0.904,2.5515600895068706,0.8235175574631014
1.5,895,101,199,0,0.904,2.562536978853005,0.817778147539272
1.5,895,150,150,0,0.906,2.5696802216479133,0.7846826958975992
1.5,895,201,99,0,0.91,2.609674429333574,0.7934355797525292
1.5,895,251,49,0,0.91,2.608154788024821,0.7942127116308163
1.5,896,21,279,0,0.884,2.219458716609277,0.8078409422828517
1.5,896,51,249,0,0.888,2.228356657127644,0.7882392122754197
1.5,896,71,229,1,0.892,2.284204311242449,0.805049335809528
1.5,896,101,199,0,0.892,2.282189743373482,0.7919096460992314
1.5,896,150,150,0,0.866,2.041445070524455,0.7970011656471364
1.5,896,201,99,0,0.848,1.9616477978217617,0.7940220920142103
1.5,896,251,49,0,0.846,1.9455552354207732,0.8032164638297647
1.5,897,21,279,0,0.924,2.2963009373539913,0.7650993968666943
1.5,897,51,249,0,0.922,2.3051928018779213,0.7884473993964107
1.5,897,71,229,1,0.922,2.3320795642465355,0.7913269598172343
1.5,897,101,199,0,0.908,2.1888029851391666,0.7956124180736465
1.5,897,150,150,0,0.926,2.384464564494771,0.8058463851837218
1.5,897,201,99,0,0.922,2.343890099921258,0.799828002385855
1.5,897,251,49,0,0.922,2.333056584014134,0.7920330452021356
1.5,898,21,279,0,0.912,2.448384713746855,0.7215059996059985
1.5,898,51,249,0,0.93,2.614376194764678,0.8017388834395159
1.5,898,71,229,1,0.936,2.7244228286942724,0.7728276853278638
1.5,898,101,199,0,0.936,2.7563769440000105,0.775765052995758
1.5,898,150,150,0,0.93,2.6256284286928167,0.7529062636644931
1.5,898,201,99,0,0.928,2.6194980874940854,0.7516458265503083
1.5,898,251,49,0,0.948,2.9772302103624564,0.7595376613778588
1.5,899,21,279,0,0.878,2.1740506709182346,0.8243335289883564
1.5,899,51,249,0,0.872,2.149893958758594,0.7491904645797537
1.5,899,71,229,1,0.874,2.171117344702442,0.722341085144659
1.5,899,101,199,0,0.882,2.2372205497501207,0.7141623848042014
1.5,899,150,150,0,0.896,2.3686388352220296,0.7608257413069249
1.5,899,201,99,0,0.864,2.080283421659496,0.7468790589308488
1.5,899,251,49,0,0.85,1.9495112732122173,0.7550957801192191
1.5,900,21,279,0,0.922,2.4931674803786676,0.7964164796526656
1.5,900,51,249,0,0.928,2.5147654402029964,0.7928379233741844
1.5,900,71,229,1,0.918,2.4457363504141263,0.8059892872527834
1.5,900,101,199,0,0.932,2.5554202409821816,0.7837429264172848
1.5,900,150,150,0,0.914,2.4294703879941317,0.7638919979493404
1.5,900,201,99,0,0.908,2.324904773814134,0.7463916807189216
1.5,900,251,49,0,0.906,2.322161347363541,0.7576169094495999
1.5,901,21,279,0,0.914,2.383542181888095,0.9025876120267319
1.5,901,51,249,0,0.918,2.3606266631609083,0.8197602155341923
1.5,901,71,229,1,0.914,2.332489606900192,0.8072870586395057
1.5,901,101,199,0,0.92,2.393467405579229,0.7808494010856127
1.5,901,150,150,0,0.92,2.4297641592427937,0.7690278523306409
1.5,901,201,99,0,0.918,2.33667511462437,0.7763895320720613
1.5,901,251,49,0,0.92,2.400322459322026,0.8018561702301895
1.5,902,21,279,0,0.916,2.413758711940796,0.6698517418423722
1.5,902,51,249,0,0.91,2.3301435350841793,0.7117078650134968
1.5,902,71,229,1,0.896,2.249672591371331,0.667551800989174
1.5,902,101,199,0,0.918,2.4470780217754076,0.6808262467454875
1.5,902,150,150,0,0.928,2.5853418271680546,0.7224018370253489
1.5,902,201,99,0,0.932,2.6297120810903976,0.743482562044221
1.5,902,251,49,0,0.93,2.607403823277395,0.7625692572859791
1.5,903,21,279,0,0.89,2.202505584468335,0.8057604789258899
1.5,903,51,249,0,0.892,2.239825041024442,0.7934773369391508
1.5,903,71,229,1,0.886,2.1881331088722353,0.8449791527417272
1.5,903,101,199,0,0.882,2.1665291669062747,0.8317402488026916
1.5,903,150,150,0,0.884,2.172122616943989,0.8158243999124795
1.5,903,201,99,0,0.874,2.0607163039863075,0.8044651624122526
1.5,903,251,49,0,0.852,1.9306873951211867,0.7996760949579669
1.5,904,21,279,0,0.922,2.5620065295628,0.65882204456812
1.5,904,51,249,0,0.916,2.4552029250525416,0.7554954836953718
1.5,904,71,229,1,0.918,2.499042133200023,0.8017481227061483
1.5,904,101,199,0,0.92,2.5066313845592787,0.8026276122162129
1.5,904,150,150,0,0.914,2.4090026718624995,0.7983880952202547
1.5,904,201,99,0,0.912,2.3956456050483337,0.8022737853526773
1.5,904,251,49,0,0.95,3.1295011299189714,0.8038535740246114
1.5,905,21,279,0,0.916,2.355397966883761,0.8968465821380941
1.5,905,51,249,0,0.934,2.407597487056798,0.7699309861152596
1.5,905,71,229,1,0.934,2.3963953155955324,0.7419888724015266
1.5,905,101,199,0,0.934,2.389560352464344,0.7273733528796885
1.5,905,150,150,0,0.912,2.21861592228087,0.7838626506963157
1.5,905,201,99,0,0.912,2.1861779760282607,0.7922706061927756
1.5,905,251,49,0,0.884,2.0673241847145722,0.7891384555028265
1.5,906,21,279,0,0.904,2.415051129226485,0.7936306409496628
1.5,906,51,249,0,0.908,2.502832778354086,0.7854046539830984
1.5,906,71,229,1,0.918,2.576144486913598,0.7612435304348161
1.5,906,101,199,0,0.922,2.6415408354983767,0.7429559845476226
1.5,906,150,150,0,0.922,2.606879021658432,0.7599914119783004
1.5,906,201,99,0,0.928,2.623557854745589,0.7804918620237327
1.5,906,251,49,0,0.948,3.1225415377415526,0.7890503190908827
1.5,907,21,279,0,0.922,2.367207732899458,0.6954462186003926
1.5,907,51,249,0,0.924,2.3613151364461964,0.7566129539246543
1.5,907,71,229,1,0.92,2.3251231796560816,0.7721362184665221
1.5,907,101,199,0,0.918,2.323167884619889,0.7583334530758957
1.5,907,150,150,0,0.924,2.3647713251918367,0.7495753138292275
1.5,907,201,99,0,0.936,2.614823642047872,0.7499104813676908
1.5,907,251,49,0,0.926,2.4203263380844424,0.7455914114215246
1.5,908,21,279,0,0.904,2.581495619639511,0.5571402133742178
1.5,908,51,249,0,0.916,2.5531938672301537,0.6727294993183027
1.5,908,71,229,1,0.912,2.5269763080243712,0.6823140161278447
1.5,908,101,199,0,0.922,2.667355066684729,0.6434166334647253
1.5,908,150,150,0,0.92,2.660407262620808,0.7198005076035784
1.5,908,201,99,0,0.94,2.8746572003869217,0.7376649040791111
1.5,908,251,49,0,0.88,2.252669657712546,0.7626786734854112
1.5,909,21,279,0,0.968,2.7992295129845086,0.7868142775153051
1.5,909,51,249,0,0.968,2.8048675942839383,0.7861735319423099
1.5,909,71,229,1,0.968,2.8093703099315617,0.7698225135274004
1.5,909,101,199,0,0.968,2.7878212032700693,0.7440988645248281
1.5,909,150,150,0,0.968,3.02960616812758,0.7523633639788838
1.5,909,201,99,0,0.97,3.050455172841795,0.7754160852229345
1.5,909,251,49,0,0.962,2.7058388594283374,0.7633053426178296
1.5,910,21,279,0,0.924,2.435002663880112,0.8096061114165545
1.5,910,51,249,0,0.9,2.2161198706004117,0.7912394696562809
1.5,910,71,229,1,0.9,2.2142238231654,0.797864633387255
1.5,910,101,199,0,0.914,2.3413273335807663,0.7960024438601063
1.5,910,150,150,0,0.934,2.54930784081275,0.8383762129885823
1.5,910,201,99,0,0.91,2.2506591490915087,0.8230413348887748
1.5,910,251,49,0,0.98,3.984706261006218,0.8154165926518908
1.5,911,21,279,0,0.916,2.4291656524572325,0.7783954160386729
1.5,911,51,249,0,0.918,2.4489559672629237,0.7560443557127976
1.5,911,71,229,1,0.918,2.4760778153278773,0.7544118629346107
1.5,911,101,199,0,0.924,2.5192516009913573,0.748761001635026
1.5,911,150,150,0,0.934,2.647323399779236,0.740220425846636
1.5,911,201,99,0,0.944,2.774259369081763,0.7352144266733488
1.5,911,251,49,0,0.948,2.8261348942594258,0.7427066208351102
1.5,912,21,279,0,0.88,2.202197949083429,0.822045940872748
1.5,912,51,249,0,0.884,2.2459051642479335,0.7578146268052689
1.5,912,71,229,1,0.9,2.3147126222039924,0.7512584412609183
1.5,912,101,199,0,0.9,2.326554090596794,0.7425189732727485
1.5,912,150,150,0,0.872,2.1511583295704684,0.7539237646425824
1.5,912,201,99,0,0.882,2.2660624665214835,0.738465768377006
1.5,912,251,49,0,0.9,2.316084277608723,0.7498002377881888
1.5,913,21,279,0,0.928,2.4857669752160936,0.7762724679071346
1.5,913,51,249,0,0.928,2.550476877153862,0.8400970385006752
1.5,913,71,229,1,0.926,2.5299468463954025,0.8575749509784858
1.5,913,101,199,0,0.912,2.3816870138167276,0.8357637783841767
1.5,913,150,150,0,0.912,2.3977380115883933,0.8272785018865455
1.5,913,201,99,0,0.894,2.1919052557347323,0.7863893249976107
1.5,913,251,49,0,0.902,2.221016100574525,0.7784445126017528
1.5,914,21,279,0,0.894,2.3290727668745244,0.6781465491368359
1.5,914,51,249,0,0.868,2.159836377909638,0.7997291595523358
1.5,914,71,229,1,0.874,2.206957812783986,0.769932144909909
1.5,914,101,199,0,0.866,2.1325931447286886,0.7954416884877725
1.5,914,150,150,0,0.87,2.16922889037576,0.7938561771019451
1.5,914,201,99,0,0.87,2.1754405415178586,0.7899915336563366
1.5,914,251,49,0,0.826,1.8599346889564308,0.7957773114395679
1.5,915,21,279,0,0.874,2.1309871057061103,0.826622795687788
1.5,915,51,249,0,0.89,2.25920262545061,0.8138398100579334
1.5,915,71,229,1,0.894,2.3190078821334645,0.7826315908290749
1.5,915,101,199,0,0.89,2.2582413396870757,0.7905271431600291
1.5,915,150,150,0,0.884,2.240732385743775,0.777132494419943
1.5,915,201,99,0,0.88,2.1532278696107356,0.77582258441687
1.5,915,251,49,0,0.934,2.6217032564494303,0.776640692585347
1.5,916,21,279,0,0.912,2.4013757008364074,0.9017860275132333
1.5,916,51,249,0,0.928,2.456092116003762,0.8042662323602717
1.5,916,71,229,1,0.932,2.521851234815371,0.8061971776248522
1.5,916,101,199,0,0.938,2.589133715222343,0.7858333356279484
1.5,916,150,150,0,0.932,2.51943454264862,0.8041486827152518
1.5,916,201,99,0,0.89,2.166188203406782,0.8030307606089425
1.5,916,251,49,0,0.932,2.514792579215262,0.8000447370128794
1.5,917,21,279,0,0.906,2.388785393118164,0.9047196506846077
1.5,917,51,249,0,0.896,2.274341995892795,0.8865503530784677
1.5,917,71,229,1,0.874,2.141424511353912,0.8736926339122983
1.5,917,101,199,0,0.876,2.172089797340007,0.8481453586949105
1.5,917,150,150,0,0.848,1.9056061773048323,0.8394757966139913
1.5,917,201,99,0,0.856,2.0141300668756754,0.8377634879287287
1.5,917,251,49,0,0.856,2.025445975528514,0.8463273626182851
1.5,918,21,279,0,0.886,2.1962669848094984,0.7726671024398658
1.5,918,51,249,0,0.894,2.315081130290125,0.721231962387729
1.5,918,71,229,1,0.896,2.2786640565722065,0.7636549397232523
1.5,918,101,199,0,0.894,2.306309085316232,0.7311994005758292
1.5,918,150,150,0,0.88,2.143634785492311,0.7335777968961037
1.5,918,201,99,0,0.87,2.0625578087876812,0.7513875158702022
1.5,918,251,49,0,0.914,2.3783648575260457,0.78814436084999
1.5,919,21,279,0,0.924,2.573949972018878,0.8015735368630376
1.5,919,51,249,0,0.926,2.623593106704752,0.7663228083632172
1.5,919,71,229,1,0.924,2.608876465617136,0.7692504491694105
1.5,919,101,199,0,0.924,2.6005890879636664,0.7843056202365324
1.5,919,150,150,0,0.924,2.6485759011777326,0.792837108886615
1.5,919,201,99,0,0.924,2.569542908371228,0.8043905098098361
1.5,919,251,49,0,0.924,2.6274272710167135,0.8051309813369316
1.5,920,21,279,0,0.862,2.0784685343495144,0.6785516698997069
1.5,920,51,249,0,0.862,2.0528949688660605,0.7270501408665444
1.5,920,71,229,1,0.866,2.152557300075236,0.7204447236043393
1.5,920,101,199,0,0.87,2.1440753899307055,0.7419418945151534
1.5,920,150,150,0,0.858,2.009059506182029,0.7383436010607053
1.5,920,201,99,0,0.826,1.7830501775337821,0.7678459361237073
1.5,920,251,49,0,0.828,1.7970336447816369,0.7727550155049899
1.5,921,21,279,0,0.842,2.142910160359447,0.8602520948531448
1.5,921,51,249,0,0.836,2.0740842197125833,0.8219991700362866
1.5,921,71,229,1,0.842,2.1437930034232093,0.8226728533846469
1.5,921,101,199,0,0.842,2.122494272811973,0.8381989474170412
1.5,921,150,150,0,0.85,2.2088637198604246,0.8163832769703303
1.5,921,201,99,0,0.85,2.178439275995905,0.7969507676974691
1.5,921,251,49,0,0.894,2.473775181411506,0.8156073507630819
1.5,922,21,279,0,0.926,2.596301377727133,0.7778545092205014
1.5,922,51,249,0,0.924,2.6199784186297785,0.7956916039283158
1.5,922,71,229,1,0.922,2.522545376157653,0.7827522508592294
1.5,922,101,199,0,0.922,2.494284873056411,0.7945490773200568
1.5,922,150,150,0,0.93,2.688887749760252,0.7918403541204697
1.5,922,201,99,0,0.936,2.770720032883218,0.8037269649043413
1.5,922,251,49,0,0.936,2.777831433370762,0.7954853529731157
1.5,923,21,279,0,0.904,2.260576706321953,0.8604711478775864
1.5,923,51,249,0,0.908,2.3145411026517912,0.8240964677563067
1.5,923,71,229,1,0.908,2.326895825087977,0.7961544945306765
1.5,923,101,199,0,0.9,2.239638585260788,0.7747055562368705
1.5,923,150,150,0,0.906,2.2735215049831456,0.786596111243069
1.5,923,201,99,0,0.908,2.3645461672610835,0.7896026638369803
1.5,923,251,49,0,0.908,2.365480730659005,0.7917439371666305
1.5,924,21,279,0,0.944,2.8059426602292588,0.6472266884827813
1.5,924,51,249,0,0.938,2.796926333332395,0.8109196440104866
1.5,924,71,229,1,0.94,2.830344985593649,0.801287177697802
1.5,924,101,199,0,0.95,3.04645450182484,0.7693065729731297
1.5,924,150,150,0,0.962,3.3972445445345056,0.7927544677653766
1.5,924,201,99,0,0.962,3.396363835591055,0.7917178366187507
1.5,924,251,49,0,0.96,3.3983092596797007,0.7940084090090201
1.5,925,21,279,0,0.888,2.187211325600692,0.8398748574895099
1.5,925,51,249,0,0.884,2.1207992532114694,0.8043561595637593
1.5,925,71,229,1,0.878,2.080454626323893,0.8049436728435935
1.5,925,101,199,0,0.868,2.0064854201244158,0.7825503058032021
1.5,925,150,150,0,0.886,2.124270457098566,0.7810789277794072
1.5,925,201,99,0,0.9,2.249862788983832,0.7876776111194441
1.5,925,251,49,0,0.89,2.182172394177157,0.7861816976466319
1.5,926,21,279,0,0.884,2.368927404708884,0.8836779588780717
1.5,926,51,249,0,0.874,2.311668931699355,0.7892963327749217
1.5,926,71,229,1,0.878,2.3215070014471486,0.7732425331890779
1.5,926,101,199,0,0.878,2.326370970495109,0.7707551630761741
1.5,926,150,150,0,0.898,2.464482705084218,0.7780293785681219
1.5,926,201,99,0,0.866,2.2622634259932437,0.7693501443876
1.5,926,251,49,0,0.864,2.241190512629098,0.7777418011594457
1.5,927,21,279,0,0.922,2.3295120483244536,0.7733418484148328
1.5,927,51,249,0,0.92,2.2947400096057726,0.7935964617258525
1.5,927,71,229,1,0.918,2.2637143604685406,0.7639848397079273
1.5,927,101,199,0,0.918,2.2032657658264037,0.7402068396064215
1.5,927,150,150,0,0.922,2.3376479906080707,0.7708452699935454
1.5,927,201,99,0,0.904,2.07902621407374,0.8205292541710194
1.5,927,251,49,0,0.892,1.97542580246092,0.8305458086934326
1.5,928,21,279,0,0.892,2.263090770214592,0.675894545204011
1.5,928,51,249,0,0.892,2.2651891498105807,0.7183596482159789
1.5,928,71,229,1,0.888,2.1953727135008405,0.7273618491079468
1.5,928,101,199,0,0.88,2.104125506253853,0.7516751774656913
1.5,928,150,150,0,0.892,2.2370301307971716,0.7711702094810888
1.5,928,201,99,0,0.892,2.249010881279807,0.7671031995527028
1.5,928,251,49,0,0.882,2.128587855576222,0.7685879447866437
1.5,929,21,279,0,0.9,2.180531356998352,0.7855697899748539
1.5,929,51,249,0,0.886,2.0957334059931645,0.8130667724124993
1.5,929,71,229,1,0.89,2.1145064047937656,0.8193009573001775
1.5,929,101,199,0,0.908,2.2263386776542573,0.8059754089625626
1.5,929,150,150,0,0.912,2.235244960599607,0.813842469200911
1.5,929,201,99,0,0.872,1.9781097458033385,0.8054523470134071
1.5,929,251,49,0,0.862,1.885521516275826,0.8000988114577479
1.5,930,21,279,0,0.912,2.471297197777035,0.8756666277158187
1.5,930,51,249,0,0.912,2.4722732922468205,0.8773607360198049
1.5,930,71,229,1,0.91,2.450787440210532,0.8423291459533707
1.5,930,101,199,0,0.914,2.488426134501631,0.8245190824467009
1.5,930,150,150,0,0.916,2.52312326080019,0.8441553083764599
1.5,930,201,99,0,0.95,2.9404861328088057,0.8331610905974829
1.5,930,251,49,0,0.952,2.963996406748148,0.8260934555045513
1.5,931,21,279,0,0.94,2.675708902067753,0.7746300616933529
1.5,931,51,249,0,0.936,2.599849547879725,0.7673765990904471
1.5,931,71,229,1,0.934,2.5897336881415622,0.7747980847929617
1.5,931,101,199,0,0.924,2.400693391170233,0.7961618579676132
1.5,931,150,150,0,0.924,2.375848189995856,0.7852049372872945
1.5,931,201,99,0,0.924,2.388604505273577,0.78124154756611
1.5,931,251,49,0,0.924,2.3990676528664294,0.7970672403570259
1.5,932,21,279,0,0.89,2.363077412381035,0.8931437007469734
1.5,932,51,249,0,0.9,2.402565720079543,0.8368469603083829
1.5,932,71,229,1,0.89,2.358079348900811,0.7967455534515643
1.5,932,101,199,0,0.896,2.357875346609695,0.8139556235220189
1.5,932,150,150,0,0.822,2.018163770825195,0.8334654154667808
1.5,932,201,99,0,0.8,1.9052443161901038,0.8245140034919822
1.5,932,251,49,0,0.778,1.7301592554384124,0.8109800272608236
1.5,933,21,279,0,0.93,2.3856342228291885,0.6732281554886362
1.5,933,51,249,0,0.916,2.266143345762226,0.7041432056262671
1.5,933,71,229,1,0.912,2.2195274923251946,0.7681805012297598
1.5,933,101,199,0,0.926,2.3353610850125435,0.764914297753391
1.5,933,150,150,0,0.906,2.106045786425467,0.825699884910341
1.5,933,201,99,0,0.91,2.1503331222768995,0.8170741348528103
1.5,933,251,49,0,0.908,2.1387673224711823,0.8122736192313949
1.5,934,21,279,0,0.914,2.261452406851264,0.6504545922039555
1.5,934,51,249,0,0.916,2.2153023532339566,0.7404562495648166
1.5,934,71,229,1,0.92,2.253540070121692,0.7591987291665141
1.5,934,101,199,0,0.926,2.2219862791327687,0.7884045277531003
1.5,934,150,150,0,0.924,2.246549716823345,0.8191657470234114
1.5,934,201,99,0,0.938,2.373604497098351,0.8185931391750427
1.5,934,251,49,0,0.938,2.467339490918069,0.8084502293470609
1.5,935,21,279,0,0.918,2.4752332715473613,0.6208397490664463
1.5,935,51,249,0,0.926,2.298891190173641,0.7736139509212656
1.5,935,71,229,1,0.91,2.2214858234787576,0.8144817818803473
1.5,935,101,199,0,0.91,2.2184435724961493,0.8031727040481642
1.5,935,150,150,0,0.91,2.2449360772705913,0.8162309447522457
1.5,935,201,99,0,0.93,2.458929840039501,0.8290020220006291
1.5,935,251,49,0,0.872,1.9382105846998048,0.8227538156602954
1.5,936,21,279,0,0.932,2.5214473455974593,0.8179532510088408
1.5,936,51,249,0,0.932,2.5357961426520195,0.8139072066141619
1.5,936,71,229,1,0.936,2.607861350041866,0.7966040053682872
1.5,936,101,199,0,0.934,2.6287470498160883,0.7663214364241647
1.5,936,150,150,0,0.92,2.450510127441533,0.7540401844468987
1.5,936,201,99,0,0.88,2.0833134356944036,0.7759804739338572
1.5,936,251,49,0,0.892,2.1314594575389227,0.7927171144520179
1.5,937,21,279,0,0.876,2.10389676960435,0.8406027088592686
1.5,937,51,249,0,0.878,2.1308430297756185,0.8295154486541283
1.5,937,71,229,1,0.876,2.112169253575322,0.8376414264456294
1.5,937,101,199,0,0.874,2.078905654173666,0.8371347520307845
1.5,937,150,150,0,0.88,2.129785266990879,0.8116798694791172
1.5,937,201,99,0,0.88,2.1075000422451877,0.8156178949403874
1.5,937,251,49,0,0.87,2.0178180623736517,0.8117151132184494
1.5,938,21,279,0,0.874,2.1013967507264413,0.7531001129357202
1.5,938,51,249,0,0.886,2.233440093304121,0.7262428360931009
1.5,938,71,229,1,0.902,2.327222044877758,0.747661015855377
1.5,938,101,199,0,0.918,2.604321958429641,0.7737795632742231
1.5,938,150,150,0,0.884,2.1552888103760623,0.8036085334594537
1.5,938,201,99,0,0.886,2.1693913847960578,0.8067008639735083
1.5,938,251,49,0,0.888,2.2214286184341776,0.8243030089282666
1.5,939,21,279,0,0.886,2.3478680806917174,0.7858757319575396
1.5,939,51,249,0,0.886,2.3195662079485357,0.8214301866153921
1.5,939,71,229,1,0.898,2.3892438503768223,0.8340392091275338
1.5,939,101,199,0,0.898,2.4256413828006362,0.799802383407672
1.5,939,150,150,0,0.898,2.4281984578932687,0.7775060393143016
1.5,939,201,99,0,0.898,2.4233396065057473,0.7900168743284468
1.5,939,251,49,0,0.922,2.7112466468986933,0.7938097976830205
1.5,940,21,279,0,0.902,2.4340833989851127,0.794906909939933
1.5,940,51,249,0,0.906,2.479662642573509,0.7217476371428361
1.5,940,71,229,1,0.91,2.505790780303835,0.7482837658384308
1.5,940,101,199,0,0.884,2.285425844416088,0.7504271716837512
1.5,940,150,150,0,0.912,2.588376254697789,0.7604988457762323
1.5,940,201,99,0,0.91,2.577425853416007,0.7565765962537696
1.5,940,251,49,0,0.934,2.8584590877903464,0.7566512875136097
1.5,941,21,279,0,0.922,2.5678502096717923,0.6616347799661121
1.5,941,51,249,0,0.922,2.5861061788665296,0.7692828610971447
1.5,941,71,229,1,0.922,2.5786555920906555,0.7674727857993474
1.5,941,101,199,0,0.906,2.385480526932118,0.7706633099483025
1.5,941,150,150,0,0.904,2.352839428759854,0.78980153337647
1.5,941,201,99,0,0.896,2.2657988411573515,0.7980065951275637
1.5,941,251,49,0,0.87,2.045369923935733,0.7793283946616143
1.5,942,21,279,0,0.92,2.4230922506022887,0.8128347498162111
1.5,942,51,249,0,0.906,2.2592560301474567,0.8546776533780034
1.5,942,71,229,1,0.9,2.2642746117060346,0.8789163454311445
1.5,942,101,199,0,0.922,2.5553888651023637,0.8565279689616498
1.5,942,150,150,0,0.938,2.7913088187463257,0.8432972343803871
1.5,942,201,99,0,0.898,2.2589503894869485,0.8007183008168511
1.5,942,251,49,0,0.964,3.1339542625092807,0.7970975689764305
1.5,943,21,279,0,0.892,2.2284963536861015,0.695742365995902
1.5,943,51,249,0,0.894,2.2778337827794357,0.8044568741976279
1.5,943,71,229,1,0.896,2.30974629903365,0.8193608035121753
1.5,943,101,199,0,0.884,2.157514035175471,0.7951674999976583
1.5,943,150,150,0,0.876,2.0272712396242887,0.8101472886329962
1.5,943,201,99,0,0.89,2.2343266080839004,0.8060519843250038
1.5,943,251,49,0,0.896,2.31004192434903,0.8106939810440215
1.5,944,21,279,0,0.91,2.52582658494616,0.7491065895779235
1.5,944,51,249,0,0.908,2.4782643362372565,0.803949496931039
1.5,944,71,229,1,0.914,2.5263337804671817,0.7897698701947226
1.5,944,101,199,0,0.906,2.4172183881315696,0.7991769771068283
1.5,944,150,150,0,0.906,2.4283216113643213,0.7934548807780161
1.5,944,201,99,0,0.846,1.9337313789924373,0.8018984901724955
1.5,944,251,49,0,0.838,1.8956761911208584,0.788717526513817
1.5,945,21,279,0,0.892,2.5027629494353816,0.5718510605580419
1.5,945,51,249,0,0.892,2.326518227021962,0.7006731636117657
1.5,945,71,229,1,0.896,2.360680341229222,0.7413675089332906
1.5,945,101,199,0,0.896,2.3576595098078634,0.7582071923390107
1.5,945,150,150,0,0.902,2.4898032792370106,0.759260869912302
1.5,945,201,99,0,0.92,2.595116627963894,0.7862623136827783
1.5,945,251,49,0,0.922,2.6116867420176435,0.7841394440411499
1.5,946,21,279,0,0.89,2.3086492042414664,0.6821035422227514
1.5,946,51,249,0,0.912,2.4662487163447504,0.7337504691528142
1.5,946,71,229,1,0.914,2.463555913304175,0.7512936317224691
1.5,946,101,199,0,0.906,2.3657730051364534,0.7690363789925725
1.5,946,150,150,0,0.914,2.453213856636496,0.7604757349085483
1.5,946,201,99,0,0.89,2.18642502359356,0.7622451881125282
1.5,946,251,49,0,0.936,2.6993656251210725,0.7663017858125315
1.5,947,21,279,0,0.932,2.6814598474576004,0.6751020785183561
1.5,947,51,249,0,0.936,2.669068924437382,0.7169531575650402
1.5,947,71,229,1,0.934,2.5801038057467767,0.750287145415877
1.5,947,101,199,0,0.926,2.519576560267352,0.7541172836420834
1.5,947,150,150,0,0.934,2.5504292047008614,0.765438905855154
1.5,947,201,99,0,0.93,2.5177799379462016,0.7658088987252517
1.5,947,251,49,0,0.934,2.5675657051423544,0.7716147807434282
1.5,948,21,279,0,0.916,2.4912870911615426,0.6584982163113985
1.5,948,51,249,0,0.916,2.52344472112093,0.7564993369055498
1.5,948,71,229,1,0.918,2.537137891249163,0.7389864069199936
1.5,948,101,199,0,0.92,2.491188232622495,0.7071052631850174
1.5,948,150,150,0,0.932,2.625297146177836,0.7861563490941413
1.5,948,201,99,0,0.912,2.5151066259657817,0.8017616316367064
1.5,948,251,49,0,0.942,2.7895228026268186,0.8026925644865173
1.5,949,21,279,0,0.882,2.2356475695262312,0.8120649928150098
1.5,949,51,249,0,0.888,2.270725090964552,0.8041910633017918
1.5,949,71,229,1,0.896,2.3098478651827223,0.8190413862326824
1.5,949,101,199,0,0.902,2.383506639381128,0.8223903338195725
1.5,949,150,150,0,0.888,2.286665968060823,0.8350385345169585
1.5,949,201,99,0,0.892,2.3032319069878375,0.8270670866915311
1.5,949,251,49,0,0.924,2.7642979804308485,0.8244279717171216
1.5,950,21,279,0,0.874,1.9881941357888244,0.7940155719001597
1.5,950,51,249,0,0.884,2.0914109094252624,0.807102894669928
1.5,950,71,229,1,0.882,2.096003816646034,0.8010360210005327
1.5,950,101,199,0,0.882,2.1103525234281313,0.7818797002401443
1.5,950,150,150,0,0.888,2.1733243631920014,0.7874178518590651
1.5,950,201,99,0,0.86,1.8882109735011186,0.7821138988791787
1.5,950,251,49,0,0.888,2.1785790263343765,0.7912413085233362
1.5,951,21,279,0,0.91,2.3533374780501553,0.8388899540520133
1.5,951,51,249,0,0.912,2.346101461952194,0.8008308444736961
1.5,951,71,229,1,0.92,2.4287738851016822,0.8077744227964809
1.5,951,101,199,0,0.916,2.4034672405045083,0.799379098176011
1.5,951,150,150,0,0.92,2.41019556382928,0.7943000540807159
1.5,951,201,99,0,0.83,1.8247792988112705,0.816939193072037
1.5,951,251,49,0,0.802,1.72427370790141,0.8198912841822709
1.5,952,21,279,0,0.932,2.498043335856872,0.8484986665361035
1.5,952,51,249,0,0.93,2.407744215069213,0.8678127230951063
1.5,952,71,229,1,0.924,2.368214524517103,0.8510729426832804
1.5,952,101,199,0,0.926,2.394660992562519,0.8453351007894296
1.5,952,150,150,0,0.936,2.5168707759390334,0.8063524496193188
1.5,952,201,99,0,0.924,2.4146786700388327,0.8011194753187205
1.5,952,251,49,0,0.902,2.2155037633723293,0.7963398606134634
1.5,953,21,279,0,0.904,2.241546618362556,0.8851856477788715
1.5,953,51,249,0,0.908,2.278879596733036,0.8245909574166094
1.5,953,71,229,1,0.896,2.1757652606261413,0.8147547963549887
1.5,953,101,199,0,0.89,2.1039288352169785,0.8141310662860043
1.5,953,150,150,0,0.882,2.0445196787209907,0.8363535855281556
1.5,953,201,99,0,0.906,2.270036423708805,0.8255242312528817
1.5,953,251,49,0,0.89,2.16166885363357,0.8285832062289528
1.5,954,21,279,0,0.886,2.1011807158484364,0.8331950196696978
1.5,954,51,249,0,0.888,2.1092046422916413,0.8454459199586173
1.5,954,71,229,1,0.886,2.102346188659073,0.8324884432639607
1.5,954,101,199,0,0.888,2.1294617858217393,0.8161313678016804
1.5,954,150,150,0,0.91,2.324638777749093,0.8186574655343629
1.5,954,201,99,0,0.922,2.412482718737912,0.8112766465954317
1.5,954,251,49,0,0.938,2.6047428675289264,0.8103268219888359
1.5,955,21,279,0,0.93,2.6619118519280045,0.8401104918752629
1.5,955,51,249,0,0.928,2.626945117806809,0.8013344398402554
1.5,955,71,229,1,0.93,2.6343114765449793,0.8400041155617253
1.5,955,101,199,0,0.934,2.694461704056835,0.8233571499891117
1.5,955,150,150,0,0.944,2.819101894285317,0.7810845438914488
1.5,955,201,99,0,0.956,3.0450525291842814,0.7962786200586913
1.5,955,251,49,0,0.954,3.0429185422953933,0.8036770979779959
1.5,956,21,279,0,0.88,2.2089587026337374,0.8092848019610116
1.5,956,51,249,0,0.888,2.2569356604277955,0.7444106653989734
1.5,956,71,229,1,0.868,2.095742242497393,0.7455978364809818
1.5,956,101,199,0,0.868,2.086956076059396,0.7490473498100598
1.5,956,150,150,0,0.868,2.0712143416158852,0.7486284442660887
1.5,956,201,99,0,0.896,2.343283047079246,0.7695148291215732
1.5,956,251,49,0,0.854,1.9737368797802557,0.763967814048684
1.5,957,21,279,0,0.926,2.4873371199351144,0.8444703169353409
1.5,957,51,249,0,0.912,2.432949602974213,0.8037159893242093
1.5,957,71,229,1,0.92,2.4713668394508677,0.8026324066122832
1.5,957,101,199,0,0.918,2.476727360629764,0.7885544770267658
1.5,957,150,150,0,0.904,2.295409438364911,0.802494091431361
1.5,957,201,99,0,0.938,2.5950755884411283,0.8176322026942474
1.5,957,251,49,0,0.966,3.219422730658667,0.8043298506442518
1.5,958,21,279,0,0.906,2.5515865558508,0.8435053223382372
1.5,958,51,249,0,0.902,2.5357778646829128,0.7835265665610599
1.5,958,71,229,1,0.904,2.4754151837662137,0.8417104010155964
1.5,958,101,199,0,0.902,2.4639100342241336,0.808796110797166
1.5,958,150,150,0,0.88,2.2015184766016,0.7789288807389019
1.5,958,201,99,0,0.874,2.1901634425401717,0.7623273858992774
1.5,958,251,49,0,0.828,1.85509990711464,0.7799841718729685
1.5,959,21,279,0,0.896,2.451226898007899,0.6552325611687165
1.5,959,51,249,0,0.882,2.333868656994223,0.7403794189817102
1.5,959,71,229,1,0.906,2.425105803748944,0.7545678450331634
1.5,959,101,199,0,0.906,2.4761908731727647,0.8059541059656944
1.5,959,150,150,0,0.9,2.433938947865232,0.7995272834912177
1.5,959,201,99,0,0.894,2.3428664696202115,0.8253853292196501
1.5,959,251,49,0,0.902,2.4213170695263853,0.8207402517499903
1.5,960,21,279,0,0.898,2.325406429547194,0.8992736589076552
1.5,960,51,249,0,0.904,2.3265132067889893,0.8677215198441858
1.5,960,71,229,1,0.906,2.334902289025486,0.8616230983412805
1.5,960,101,199,0,0.912,2.3434700088608036,0.818876481422701
1.5,960,150,150,0,0.928,2.6213142203783426,0.8095426379468419
1.5,960,201,99,0,0.928,2.582842629204648,0.7944429033213872
1.5,960,251,49,0,0.928,2.56994547589071,0.803351273639426
1.5,961,21,279,0,0.886,2.3705159797457784,0.9309866465302603
1.5,961,51,249,0,0.888,2.343098486010904,0.8672360531371952
1.5,961,71,229,1,0.892,2.3492593705794356,0.8642762186546813
1.5,961,101,199,0,0.912,2.4522841234066557,0.8453233815698228
1.5,961,150,150,0,0.91,2.4893720702497912,0.8197930454447182
1.5,961,201,99,0,0.924,2.6760555363766154,0.821692131259761
1.5,961,251,49,0,0.91,2.4586291021713276,0.80257214078443
1.5,962,21,279,0,0.9,2.2528446763360472,0.6650290492383529
1.5,962,51,249,0,0.888,2.143615431366925,0.7867701980956052
1.5,962,71,229,1,0.898,2.307136249397705,0.7906988577746256
1.5,962,101,199,0,0.886,2.1438042375218265,0.7781807750005701
1.5,962,150,150,0,0.902,2.3089903248101904,0.7742500044568902
1.5,962,201,99,0,0.884,2.1141664120516404,0.7719722017562498
1.5,962,251,49,0,0.866,1.9843131769115814,0.7753221012279556
1.5,963,21,279,0,0.942,2.6137850648014718,0.7904667835203776
1.5,963,51,249,0,0.93,2.535791004287971,0.764862340457584
1.5,963,71,229,1,0.938,2.6404328950528955,0.7657281124041562
1.5,963,101,199,0,0.95,2.7769954983783913,0.7455628348618673
1.5,963,150,150,0,0.952,2.8227707694296797,0.7563484125113714
1.5,963,201,99,0,0.952,2.836567739186451,0.7709084761942564
1.5,963,251,49,0,0.908,2.3575138662896906,0.788781827134157
1.5,964,21,279,0,0.892,2.1630739976756637,0.8085589201818195
1.5,964,51,249,0,0.888,2.1297065949592837,0.8261437667509463
1.5,964,71,229,1,0.876,2.073674196041792,0.8495742025374435
1.5,964,101,199,0,0.88,2.1170306963013807,0.8469876330642095
1.5,964,150,150,0,0.894,2.199336526748123,0.8179327159192824
1.5,964,201,99,0,0.888,2.1514320595048257,0.8274886156968677
1.5,964,251,49,0,0.942,2.601574698121927,0.8389583532546848
1.5,965,21,279,0,0.916,2.4444096631770798,0.7971275275928587
1.5,965,51,249,0,0.912,2.4250927961696305,0.8016799927385855
1.5,965,71,229,1,0.914,2.4470128059273435,0.8068749417562365
1.5,965,101,199,0,0.918,2.4510971575890035,0.831571718225017
1.5,965,150,150,0,0.93,2.5355859398655594,0.8075175321572108
1.5,965,201,99,0,0.94,2.6327349312854023,0.8081093545192585
1.5,965,251,49,0,0.964,3.240135607092291,0.7983615754404993
1.5,966,21,279,0,0.904,2.1967585145670263,0.703125204051977
1.5,966,51,249,0,0.892,2.1197633653774974,0.810836605993274
1.5,966,71,229,1,0.898,2.1638038033377605,0.7815685605141823
1.5,966,101,199,0,0.898,2.145976558609991,0.7897786972849034
1.5,966,150,150,0,0.888,2.086192866051646,0.7759815546837943
1.5,966,201,99,0,0.914,2.324029427911789,0.7504647120429973
1.5,966,251,49,0,0.878,2.0400846702757667,0.7602106914225867
1.5,967,21,279,0,0.868,2.2257421900432703,0.7759159630202624
1.5,967,51,249,0,0.876,2.2218050132669918,0.7578023075343772
1.5,967,71,229,1,0.866,2.195247763077592,0.776228878436985
1.5,967,101,199,0,0.868,2.213523286991991,0.805884858094521
1.5,967,150,150,0,0.87,2.214665577911936,0.8078400752346444
1.5,967,201,99,0,0.832,1.9424305579601724,0.7948139094563389
1.5,967,251,49,0,0.838,2.027976308055504,0.797838346147549
1.5,968,21,279,0,0.882,2.248467977975343,0.844880148242518
1.5,968,51,249,0,0.878,2.213838978016929,0.8312291941290566
1.5,968,71,229,1,0.878,2.219666674069933,0.8284142695573746
1.5,968,101,199,0,0.878,2.238382922973174,0.8221408401611332
1.5,968,150,150,0,0.878,2.2265579228437504,0.826519474843704
1.5,968,201,99,0,0.878,2.2441246441640263,0.8263822868448759
1.5,968,251,49,0,0.94,2.7263365026582504,0.8006417568704068
1.5,969,21,279,0,0.9,2.324584474523388,0.7305014531032382
1.5,969,51,249,0,0.9,2.267920394600559,0.7942174544261311
1.5,969,71,229,1,0.9,2.3026921378399736,0.7747185198643458
1.5,969,101,199,0,0.904,2.3219395796696998,0.7752323173097655
1.5,969,150,150,0,0.908,2.388315578599295,0.763689664671138
1.5,969,201,99,0,0.918,2.5437035946287536,0.7560042755765906
1.5,969,251,49,0,0.942,2.8666216459403633,0.7738321226544382
1.5,970,21,279,0,0.928,2.5965571343240867,0.7684413154922364
1.5,970,51,249,0,0.924,2.5012200777121323,0.7281829034869597
1.5,970,71,229,1,0.922,2.4533935948395427,0.7473530723456036
1.5,970,101,199,0,0.914,2.339599256897145,0.8144340047384523
1.5,970,150,150,0,0.922,2.527745883078541,0.7985670526264184
1.5,970,201,99,0,0.926,2.581382561840037,0.8342547734157557
1.5,970,251,49,0,0.928,2.6375111628573578,0.8204804993025417
1.5,971,21,279,0,0.882,2.1415076229629646,0.8016923997730807
1.5,971,51,249,0,0.892,2.231179740774154,0.8258074196978341
1.5,971,71,229,1,0.888,2.2149134868234315,0.8167884845509651
1.5,971,101,199,0,0.882,2.1385752807672245,0.8030864268744211
1.5,971,150,150,0,0.876,2.09217282385793,0.8139048673817909
1.5,971,201,99,0,0.864,2.026509203167326,0.8160345948297628
1.5,971,251,49,0,0.856,1.9849649780605103,0.8179052969834208
1.5,972,21,279,0,0.856,2.244542339681214,0.7869795898330911
1.5,972,51,249,0,0.862,2.2835627199120325,0.7596929445406135
1.5,972,71,229,1,0.856,2.1879515872037647,0.7655498064184272
1.5,972,101,199,0,0.854,2.1749492673734823,0.7919091947884626
1.5,972,150,150,0,0.85,2.1786246802553224,0.8233427457571121
1.5,972,201,99,0,0.854,2.2102882925161667,0.8068767924841622
1.5,972,251,49,0,0.944,3.393264013983041,0.7985345495043434
1.5,973,21,279,0,0.878,2.149054527633286,0.8527693881917136
1.5,973,51,249,0,0.862,2.0314988039494564,0.8158758776374748
1.5,973,71,229,1,0.848,1.9878420974400128,0.7853744885305258
1.5,973,101,199,0,0.86,2.02409829451217,0.7864522220375498
1.5,973,150,150,0,0.882,2.175174451664236,0.7936561630911507
1.5,973,201,99,0,0.9,2.3424565227549956,0.8041493013527634
1.5,973,251,49,0,0.876,2.1543922515209775,0.815246027754577
1.5,974,21,279,0,0.916,2.520339518169651,0.6921890867940103
1.5,974,51,249,0,0.902,2.1585234915651528,0.7857967019768648
1.5,974,71,229,1,0.898,2.100376425669083,0.8059482808634826
1.5,974,101,199,0,0.894,2.094874979259008,0.7931054800501481
1.5,974,150,150,0,0.866,1.9497211197359439,0.796928001372013
1.5,974,201,99,0,0.892,2.076872690179599,0.8000595561628261
1.5,974,251,49,0,0.912,2.276587088323794,0.8092640629509497
1.5,975,21,279,0,0.93,2.6076054471165007,0.7726914236331931
1.5,975,51,249,0,0.93,2.620205550925565,0.7887559671697275
1.5,975,71,229,1,0.928,2.638589778807592,0.7226799063177987
1.5,975,101,199,0,0.938,2.6979569190770545,0.7447326191041944
1.5,975,150,150,0,0.942,2.8592298489999193,0.7767047824233677
1.5,975,201,99,0,0.958,3.1143179445090605,0.7859987541309121
1.5,975,251,49,0,0.958,3.156240622495214,0.7846112718341776
1.5,976,21,279,0,0.938,2.7049468148981557,0.9398769200772863
1.5,976,51,249,0,0.936,2.5680033163676175,0.8593989668869775
1.5,976,71,229,1,0.938,2.638606127931159,0.8122140506155855
1.5,976,101,199,0,0.938,2.657751452457645,0.8033665455759759
1.5,976,150,150,0,0.938,2.7222257558084384,0.8154448334097951
1.5,976,201,99,0,0.94,2.7265947294479567,0.8091980217891548
1.5,976,251,49,0,0.94,2.7215948216012036,0.8036923552476555
1.5,977,21,279,0,0.872,2.144282801895339,0.6570221360534861
1.5,977,51,249,0,0.868,2.0195454508865214,0.6768812430797669
1.5,977,71,229,1,0.868,2.0186805313887795,0.6777386866619722
1.5,977,101,199,0,0.902,2.336697324317842,0.7133158494005071
1.5,977,150,150,0,0.914,2.383959768485191,0.7531027031091936
1.5,977,201,99,0,0.914,2.3726942305804775,0.7562084300636006
1.5,977,251,49,0,0.908,2.3158653155203006,0.7720888145803344
1.5,978,21,279,0,0.894,2.1764782473441984,0.8417419453866817
1.5,978,51,249,0,0.902,2.232209626166504,0.7673004124176895
1.5,978,71,229,1,0.896,2.2078694655575237,0.7537172196652336
1.5,978,101,199,0,0.896,2.229804194560418,0.8077042511048683
1.5,978,150,150,0,0.896,2.2248764092659195,0.7952371577239188
1.5,978,201,99,0,0.896,2.224067414866661,0.7932158717334132
1.5,978,251,49,0,0.928,2.679571350176107,0.7842388103700924
1.5,979,21,279,0,0.91,2.3183140701855414,0.8261930638600858
1.5,979,51,249,0,0.916,2.421162610948518,0.7649202945078232
1.5,979,71,229,1,0.916,2.3926670885295436,0.7826164319605541
1.5,979,101,199,0,0.91,2.3295946437436252,0.8028623844591258
1.5,979,150,150,0,0.912,2.34483526813781,0.7718938171462169
1.5,979,201,99,0,0.906,2.2815581898453985,0.7790124816202646
1.5,979,251,49,0,0.904,2.2229189671858167,0.7893620952473019
1.5,980,21,279,0,0.92,2.307239927518688,0.7843598124782148
1.5,980,51,249,0,0.924,2.3704187486248443,0.7854355358583471
1.5,980,71,229,1,0.924,2.3783957830474995,0.781278657914263
1.5,980,101,199,0,0.918,2.2963304434302483,0.7863780119122061
1.5,980,150,150,0,0.924,2.3625016897094118,0.7895334318013131
1.5,980,201,99,0,0.946,2.6825708430103283,0.7908209254837666
1.5,980,251,49,0,0.94,2.6491388969055087,0.816219379072242
1.5,981,21,279,0,0.942,2.7174392399338587,0.7904820500251386
1.5,981,51,249,0,0.938,2.63221984050776,0.7889496454923253
1.5,981,71,229,1,0.922,2.478155357509062,0.7692548605453368
1.5,981,101,199,0,0.896,2.195809506387554,0.7786220813757236
1.5,981,150,150,0,0.882,2.1393389906609337,0.7687863374103001
1.5,981,201,99,0,0.904,2.333717746952577,0.8014596478506569
1.5,981,251,49,0,0.988,3.898769225862096,0.8081464069783417
1.5,982,21,279,0,0.872,2.158069263851161,0.7996267268998569
1.5,982,51,249,0,0.886,2.238665367064781,0.839992989108849
1.5,982,71,229,1,0.89,2.2872684287838356,0.8141226378364146
1.5,982,101,199,0,0.872,2.163141234061479,0.8114566532051987
1.5,982,150,150,0,0.852,1.9734867351412846,0.7878486487137507
1.5,982,201,99,0,0.852,1.987903345333598,0.7980772327141448
1.5,982,251,49,0,0.852,1.9901902470803388,0.7963305628336984
1.5,983,21,279,0,0.932,2.921985400809274,0.9652491418853268
1.5,983,51,249,0,0.912,2.5445253797352954,0.8815571213444287
1.5,983,71,229,1,0.906,2.4762033672083836,0.8532090610798394
1.5,983,101,199,0,0.914,2.47485382366487,0.8303113366041042
1.5,983,150,150,0,0.928,2.646386768515334,0.8473486896479555
1.5,983,201,99,0,0.892,2.3326902366846842,0.8340615171781126
1.5,983,251,49,0,0.924,2.6259122364414065,0.8294127738499267
1.5,984,21,279,0,0.912,2.26633947854521,0.7748123280429652
1.5,984,51,249,0,0.912,2.349471542423448,0.8128362730655267
1.5,984,71,229,1,0.9,2.2109547774016103,0.8228333763828157
1.5,984,101,199,0,0.884,2.053768426600849,0.827296858226192
1.5,984,150,150,0,0.906,2.243385739911465,0.8082688436760667
1.5,984,201,99,0,0.922,2.443173139266346,0.8089191123489495
1.5,984,251,49,0,0.904,2.2318488104966065,0.8134616539676865
1.5,985,21,279,0,0.87,2.1258220244301143,0.8879743466447879
1.5,985,51,249,0,0.856,2.058067011637662,0.7339375934087319
1.5,985,71,229,1,0.854,2.04391638400717,0.7394159309493589
1.5,985,101,199,0,0.854,2.103672534639347,0.7470262899821308
1.5,985,150,150,0,0.864,2.110498604941126,0.7770084662326638
1.5,985,201,99,0,0.864,2.1252823053454972,0.7809029064755062
1.5,985,251,49,0,0.796,1.7108389616379127,0.777045931511654
1.5,986,21,279,0,0.914,2.4229363820237113,0.8284732581620625
1.5,986,51,249,0,0.916,2.4858378033873896,0.7682017581710568
1.5,986,71,229,1,0.918,2.479732195442657,0.81066365975279
1.5,986,101,199,0,0.918,2.4937547864388403,0.8050355182405834
1.5,986,150,150,0,0.916,2.465016375829486,0.7994098318381968
1.5,986,201,99,0,0.93,2.6250474143081948,0.7815647407561969
1.5,986,251,49,0,0.978,3.8612017633977382,0.787802310025209
1.5,987,21,279,0,0.896,2.233346807905111,0.7904337450181765
1.5,987,51,249,0,0.892,2.192779761763447,0.7877579413685671
1.5,987,71,229,1,0.898,2.2610461924966896,0.7919024779100629
1.5,987,101,199,0,0.9,2.2814234841199035,0.7801837536381081
1.5,987,150,150,0,0.892,2.1865875933393992,0.7916779985144399
1.5,987,201,99,0,0.904,2.324581208083756,0.799800497951262
1.5,987,251,49,0,0.906,2.338565792508435,0.8121881639954232
1.5,988,21,279,0,0.878,2.2451698307534484,0.7221491743647052
1.5,988,51,249,0,0.89,2.295820842969161,0.7598087536007037
1.5,988,71,229,1,0.888,2.2979622322370385,0.7656675750793562
1.5,988,101,199,0,0.89,2.2983339902558453,0.7546000066366731
1.5,988,150,150,0,0.888,2.286051996684299,0.7798763171727141
1.5,988,201,99,0,0.922,2.694919271001104,0.7905618179322295
1.5,988,251,49,0,0.928,2.874237961776974,0.7957806205373527
1.5,989,21,279,0,0.9,2.2919308334238186,0.7570744766457982
1.5,989,51,249,0,0.916,2.4352305805343577,0.8079429415599222
1.5,989,71,229,1,0.898,2.2775305855573396,0.7695840589644019
1.5,989,101,199,0,0.894,2.188623893229641,0.7654260243313906
1.5,989,150,150,0,0.904,2.2413246948797276,0.796149249595742
1.5,989,201,99,0,0.918,2.4408082355340306,0.7993695530180204
1.5,989,251,49,0,0.918,2.4418506706085363,0.801670031146887
1.5,990,21,279,0,0.886,2.3832464104999116,0.7471381430604963
1.5,990,51,249,0,0.884,2.3814784822648845,0.7147672815986906
1.5,990,71,229,1,0.876,2.2737178160818714,0.7459977329754728
1.5,990,101,199,0,0.888,2.3996660928739626,0.8061612429725321
1.5,990,150,150,0,0.864,2.2758955342739453,0.8131812953208495
1.5,990,201,99,0,0.902,2.459259405103525,0.7963216366038951
1.5,990,251,49,0,0.92,2.6588850314349632,0.7807409180443645
1.5,991,21,279,0,0.906,2.303829097925106,0.7002792774594064
1.5,991,51,249,0,0.9,2.2239617513329186,0.7678086309468435
1.5,991,71,229,1,0.898,2.2069933829379207,0.8135553635166596
1.5,991,101,199,0,0.91,2.364002572441608,0.8513630342955154
1.5,991,150,150,0,0.92,2.5102792034605845,0.8370443326684294
1.5,991,201,99,0,0.938,2.6694139889438016,0.8276190183135574
1.5,991,251,49,0,0.864,1.9384807038501022,0.8095993405981459
1.5,992,21,279,0,0.886,2.0638504435554466,0.783695964034164
1.5,992,51,249,0,0.88,2.041742932121416,0.8200657288401795
1.5,992,71,229,1,0.882,2.0409329555117797,0.8181320727941458
1.5,992,101,199,0,0.884,2.041204104608183,0.8154765584529241
1.5,992,150,150,0,0.88,2.0538842674472826,0.7988482426557825
1.5,992,201,99,0,0.88,2.0425359757504506,0.82737901183893
1.5,992,251,49,0,0.892,2.190150462413135,0.8214950755823541
1.5,993,21,279,0,0.926,2.66641526478788,0.8261873144185272
1.5,993,51,249,0,0.916,2.642323370703122,0.8429182939360387
1.5,993,71,229,1,0.928,2.7120902681196313,0.8286265974232636
1.5,993,101,199,0,0.922,2.665251093632559,0.8444962305297357
1.5,993,150,150,0,0.928,2.738763286198811,0.7917011078300723
1.5,993,201,99,0,0.934,2.8917543673354387,0.7737444579078258
1.5,993,251,49,0,0.948,3.137621895428543,0.7842026715086624
1.5,994,21,279,0,0.914,2.390438759002267,0.8400431231912618
1.5,994,51,249,0,0.9,2.3082067935802004,0.8074844295110405
1.5,994,71,229,1,0.906,2.3499597912444194,0.7808457461820324
1.5,994,101,199,0,0.902,2.3378712787734472,0.788091815271722
1.5,994,150,150,0,0.906,2.3458026171426236,0.8055847481881467
1.5,994,201,99,0,0.906,2.354226968708407,0.8190397960988486
1.5,994,251,49,0,0.906,2.3527885875043006,0.8169703640664203
1.5,995,21,279,0,0.904,2.6699308064017133,0.770501993240104
1.5,995,51,249,0,0.906,2.7006864463855207,0.7729573024712634
1.5,995,71,229,1,0.914,2.776004418370827,0.7942225125701321
1.5,995,101,199,0,0.914,2.786795215137926,0.7663784497315292
1.5,995,150,150,0,0.926,2.8662914251659584,0.7943090626831074
1.5,995,201,99,0,0.914,2.7651348319638336,0.7838260331739578
1.5,995,251,49,0,0.898,2.5477856876365577,0.7870597601035119
1.5,996,21,279,0,0.894,2.203589445062583,0.7006955126581744
1.5,996,51,249,0,0.904,2.376717067043021,0.7655247728939746
1.5,996,71,229,1,0.904,2.3586724035492277,0.7723141186676341
1.5,996,101,199,0,0.892,2.1924696742326724,0.8089239246300877
1.5,996,150,150,0,0.884,2.1552492563756087,0.8552005992253173
1.5,996,201,99,0,0.906,2.3088498645000697,0.8370858772452545
1.5,996,251,49,0,0.866,1.947996456237486,0.8352306967580004
1.5,997,21,279,0,0.9,2.414002119757035,0.7862495773070403
1.5,997,51,249,0,0.906,2.4116981060230502,0.8208521691352729
1.5,997,71,229,1,0.904,2.3884655408368287,0.8405949081080564
1.5,997,101,199,0,0.924,2.532542862468461,0.8201109458485568
1.5,997,150,150,0,0.904,2.409994913502256,0.8302058280288132
1.5,997,201,99,0,0.88,2.2245010766337177,0.8238018161000957
1.5,997,251,49,0,0.87,2.14228889776845,0.8177426882475787
1.5,998,21,279,0,0.884,2.516801180244872,0.9478712251271585
1.5,998,51,249,0,0.892,2.4286479909288414,0.882551669899793
1.5,998,71,229,1,0.892,2.413221010095307,0.8745258928120676
1.5,998,101,199,0,0.91,2.6066996610535322,0.8645846039973536
1.5,998,150,150,0,0.92,2.7004551119041826,0.8505215675231729
1.5,998,201,99,0,0.92,2.7072490059172205,0.8241115481237652
1.5,998,251,49,0,0.918,2.676903381894753,0.8136159791703269
1.5,999,21,279,0,0.926,2.3662730906879457,0.8203068922679785
1.5,999,51,249,0,0.922,2.3800443293243867,0.8024540306618717
1.5,999,71,229,1,0.924,2.421829659714137,0.7683049783974981
1.5,999,101,199,0,0.926,2.4088104777250563,0.8222226934562888
1.5,999,150,150,0,0.926,2.393438514353764,0.8169880103136049
1.5,999,201,99,0,0.93,2.4181069823775125,0.7941622950987646
1.5,999,251,49,0,0.932,2.4575150170458464,0.8196466996577405
